attachment_id,issue_key,filename,file_type,size_kb,uploaded_by,upload_date
ATT-00001,ERP-4435,document_1.csv,csv,1629,user0016,2025-12-06
ATT-00002,ECOM-2367,document_2.jpg,jpg,4027,user0022,2026-02-21
ATT-00003,PORTAL-3654,document_3.png,png,1713,user0041,2025-10-23
ATT-00004,CRM-30,document_4.xlsx,xlsx,2974,user0032,2026-03-15
ATT-00005,SEC-3489,document_5.docx,docx,1352,user0005,2026-08-01
ATT-00006,BI-3998,document_6.csv,csv,1322,user0041,2026-07-03
ATT-00007,BANK-2836,document_7.xlsx,xlsx,3739,user0049,2026-03-31
ATT-00008,DATA-2857,document_8.pdf,pdf,1707,user0042,2026-01-10
ATT-00009,PORTAL-2121,document_9.png,png,3354,user0009,2026-07-09
ATT-00010,PORTAL-4270,document_10.csv,csv,2726,user0047,2026-01-05
ATT-00011,CLOUD-4012,document_11.pdf,pdf,3737,user0036,2026-07-25
ATT-00012,CRM-2875,document_12.png,png,2318,user0015,2026-03-11
ATT-00013,BANK-1650,document_13.docx,docx,153,user0024,2026-09-07
ATT-00014,PORTAL-1770,document_14.csv,csv,4945,user0024,2026-01-24
ATT-00015,DATA-3430,document_15.pdf,pdf,574,user0013,2026-05-13
ATT-00016,CRM-294,document_16.png,png,2702,user0039,2026-01-17
ATT-00017,PORTAL-616,document_17.jpg,jpg,2844,user0043,2026-01-26
ATT-00018,BANK-2552,document_18.png,png,531,user0006,2026-05-09
ATT-00019,BI-1391,document_19.pdf,pdf,3625,user0039,2026-03-04
ATT-00020,MOB-2980,document_20.csv,csv,3498,user0029,2025-10-25
ATT-00021,BANK-1639,document_21.jpg,jpg,396,user0032,2026-08-17
ATT-00022,ERP-4119,document_22.csv,csv,3702,user0050,2026-05-07
ATT-00023,DATA-2023,document_23.docx,docx,513,user0015,2026-09-01
ATT-00024,ECOM-4095,document_24.docx,docx,3638,user0011,2025-12-11
ATT-00025,BI-4486,document_25.csv,csv,4250,user0030,2026-07-21
ATT-00026,BANK-4125,document_26.csv,csv,1181,user0011,2026-04-06
ATT-00027,CRM-4487,document_27.csv,csv,2049,user0046,2025-10-09
ATT-00028,ERP-1207,document_28.pdf,pdf,3976,user0028,2026-02-18
ATT-00029,PORTAL-3355,document_29.xlsx,xlsx,1436,user0038,2026-02-24
ATT-00030,SEC-2325,document_30.pdf,pdf,4110,user0017,2026-06-11
ATT-00031,CLOUD-1049,document_31.png,png,4441,user0044,2026-03-07
ATT-00032,ECOM-1552,document_32.pdf,pdf,1304,user0018,2026-01-16
ATT-00033,SEC-2872,document_33.xlsx,xlsx,1736,user0011,2025-11-12
ATT-00034,DATA-3758,document_34.png,png,1640,user0027,2026-07-22
ATT-00035,SEC-1428,document_35.xlsx,xlsx,4919,user0007,2026-06-29
ATT-00036,CLOUD-2925,document_36.docx,docx,3061,user0020,2026-06-13
ATT-00037,CRM-2172,document_37.pdf,pdf,4724,user0030,2026-07-01
ATT-00038,CRM-3958,document_38.docx,docx,2249,user0040,2025-10-08
ATT-00039,MOB-810,document_39.csv,csv,710,user0027,2026-01-30
ATT-00040,CRM-1489,document_40.pdf,pdf,2231,user0041,2026-08-24
ATT-00041,BI-3511,document_41.csv,csv,1602,user0020,2026-08-08
ATT-00042,PORTAL-4911,document_42.xlsx,xlsx,2735,user0004,2025-12-28
ATT-00043,SEC-414,document_43.xlsx,xlsx,764,user0007,2025-09-19
ATT-00044,MOB-1431,document_44.jpg,jpg,2950,user0007,2026-08-25
ATT-00045,ERP-1207,document_45.pdf,pdf,2188,user0038,2026-06-10
ATT-00046,ERP-4923,document_46.jpg,jpg,3541,user0020,2026-08-01
ATT-00047,CRM-419,document_47.pdf,pdf,3035,user0050,2025-11-22
ATT-00048,MOB-366,document_48.xlsx,xlsx,519,user0009,2026-05-13
ATT-00049,CLOUD-261,document_49.png,png,1220,user0048,2026-07-09
ATT-00050,BI-2562,document_50.png,png,2483,user0014,2025-10-08
ATT-00051,CRM-1697,document_51.docx,docx,1400,user0031,2026-04-16
ATT-00052,ECOM-1369,document_52.pdf,pdf,3929,user0011,2026-03-11
ATT-00053,ERP-2198,document_53.pdf,pdf,4615,user0026,2026-06-18
ATT-00054,CLOUD-2045,document_54.png,png,4991,user0005,2025-10-10
ATT-00055,BI-1337,document_55.png,png,4545,user0039,2026-03-03
ATT-00056,MOB-2253,document_56.docx,docx,4918,user0043,2026-04-15
ATT-00057,ECOM-1020,document_57.jpg,jpg,277,user0009,2026-04-13
ATT-00058,BANK-879,document_58.docx,docx,908,user0024,2025-11-29
ATT-00059,ERP-4523,document_59.pdf,pdf,2795,user0040,2026-02-27
ATT-00060,CLOUD-3261,document_60.pdf,pdf,605,user0042,2026-04-25
ATT-00061,BANK-2859,document_61.docx,docx,1919,user0022,2025-11-28
ATT-00062,BI-3942,document_62.xlsx,xlsx,4988,user0019,2025-12-11
ATT-00063,ECOM-2008,document_63.docx,docx,2959,user0028,2026-07-06
ATT-00064,CLOUD-1005,document_64.csv,csv,4497,user0002,2026-02-20
ATT-00065,DATA-3536,document_65.pdf,pdf,3665,user0013,2026-07-19
ATT-00066,CRM-1997,document_66.pdf,pdf,3848,user0048,2026-01-02
ATT-00067,MOB-1253,document_67.pdf,pdf,3399,user0032,2026-01-15
ATT-00068,SEC-100,document_68.docx,docx,3764,user0023,2026-04-07
ATT-00069,MOB-2372,document_69.pdf,pdf,1310,user0046,2026-05-03
ATT-00070,MOB-1456,document_70.png,png,171,user0013,2026-03-01
ATT-00071,SEC-4868,document_71.jpg,jpg,3578,user0048,2026-02-16
ATT-00072,SEC-418,document_72.xlsx,xlsx,3153,user0013,2026-05-22
ATT-00073,BI-2158,document_73.csv,csv,2944,user0039,2026-06-29
ATT-00074,PORTAL-2904,document_74.jpg,jpg,4550,user0029,2026-04-15
ATT-00075,PORTAL-1246,document_75.pdf,pdf,597,user0007,2026-04-21
ATT-00076,SEC-1631,document_76.pdf,pdf,2768,user0009,2025-12-31
ATT-00077,CRM-2491,document_77.jpg,jpg,554,user0030,2026-07-17
ATT-00078,BANK-3324,document_78.jpg,jpg,3584,user0036,2026-08-22
ATT-00079,DATA-4692,document_79.png,png,3156,user0045,2025-12-10
ATT-00080,MOB-1276,document_80.docx,docx,380,user0043,2026-04-19
ATT-00081,ECOM-538,document_81.csv,csv,2664,user0022,2026-05-30
ATT-00082,BANK-3265,document_82.jpg,jpg,3347,user0006,2026-08-24
ATT-00083,BI-2068,document_83.csv,csv,4082,user0021,2026-02-01
ATT-00084,DATA-2581,document_84.docx,docx,2203,user0022,2026-08-09
ATT-00085,MOB-4920,document_85.csv,csv,4518,user0015,2026-01-26
ATT-00086,ERP-4833,document_86.xlsx,xlsx,4226,user0010,2025-12-17
ATT-00087,DATA-4975,document_87.csv,csv,452,user0034,2026-07-11
ATT-00088,MOB-3169,document_88.jpg,jpg,4477,user0022,2025-10-27
ATT-00089,ECOM-448,document_89.pdf,pdf,2049,user0025,2026-05-26
ATT-00090,CRM-3796,document_90.pdf,pdf,1839,user0004,2025-12-01
ATT-00091,CLOUD-3261,document_91.pdf,pdf,3147,user0044,2026-01-11
ATT-00092,CLOUD-887,document_92.jpg,jpg,1166,user0016,2026-07-30
ATT-00093,BI-3510,document_93.xlsx,xlsx,2134,user0015,2026-04-14
ATT-00094,PORTAL-3538,document_94.png,png,4298,user0037,2025-11-08
ATT-00095,BANK-2317,document_95.docx,docx,2539,user0004,2026-05-28
ATT-00096,ERP-1179,document_96.png,png,2155,user0001,2026-02-08
ATT-00097,ECOM-2011,document_97.png,png,1961,user0048,2026-07-04
ATT-00098,MOB-1253,document_98.jpg,jpg,1499,user0032,2026-09-04
ATT-00099,PORTAL-2715,document_99.jpg,jpg,3218,user0006,2026-06-06
ATT-00100,MOB-1157,document_100.jpg,jpg,3925,user0040,2026-09-02
ATT-00101,DATA-2886,document_101.csv,csv,1797,user0047,2025-09-28
ATT-00102,ERP-1955,document_102.jpg,jpg,910,user0032,2026-06-11
ATT-00103,BI-68,document_103.docx,docx,3317,user0024,2026-03-24
ATT-00104,BI-2171,document_104.jpg,jpg,2815,user0013,2025-12-23
ATT-00105,ERP-258,document_105.jpg,jpg,1457,user0047,2026-01-31
ATT-00106,BI-1159,document_106.pdf,pdf,2670,user0026,2026-03-20
ATT-00107,DATA-3312,document_107.docx,docx,3675,user0040,2025-11-24
ATT-00108,ERP-4085,document_108.jpg,jpg,344,user0007,2026-06-11
ATT-00109,SEC-1248,document_109.pdf,pdf,878,user0013,2025-12-08
ATT-00110,ERP-664,document_110.jpg,jpg,4889,user0035,2026-03-27
ATT-00111,BANK-3597,document_111.png,png,819,user0023,2026-03-04
ATT-00112,PORTAL-347,document_112.pdf,pdf,320,user0020,2026-02-14
ATT-00113,ERP-2169,document_113.png,png,3051,user0024,2026-05-04
ATT-00114,MOB-3685,document_114.png,png,2663,user0042,2026-04-11
ATT-00115,BANK-927,document_115.jpg,jpg,4532,user0037,2025-11-04
ATT-00116,MOB-1286,document_116.xlsx,xlsx,767,user0012,2026-03-23
ATT-00117,PORTAL-2909,document_117.docx,docx,4090,user0009,2026-03-31
ATT-00118,SEC-3543,document_118.docx,docx,220,user0020,2026-02-08
ATT-00119,DATA-712,document_119.pdf,pdf,468,user0006,2026-06-26
ATT-00120,SEC-3723,document_120.jpg,jpg,1337,user0050,2025-10-05
ATT-00121,DATA-922,document_121.xlsx,xlsx,397,user0024,2026-07-28
ATT-00122,BANK-74,document_122.csv,csv,3089,user0023,2026-04-18
ATT-00123,DATA-950,document_123.xlsx,xlsx,289,user0001,2025-10-29
ATT-00124,PORTAL-1936,document_124.jpg,jpg,1493,user0041,2026-01-10
ATT-00125,BANK-1086,document_125.docx,docx,1086,user0024,2026-07-25
ATT-00126,SEC-4506,document_126.xlsx,xlsx,1517,user0033,2026-05-14
ATT-00127,CRM-4888,document_127.pdf,pdf,437,user0027,2026-06-10
ATT-00128,BI-3842,document_128.png,png,578,user0024,2026-06-08
ATT-00129,CLOUD-3483,document_129.xlsx,xlsx,1533,user0050,2026-04-04
ATT-00130,ERP-4224,document_130.xlsx,xlsx,704,user0032,2026-06-11
ATT-00131,PORTAL-391,document_131.csv,csv,1583,user0042,2025-11-03
ATT-00132,CRM-4667,document_132.docx,docx,2008,user0041,2025-11-17
ATT-00133,ECOM-4705,document_133.xlsx,xlsx,4817,user0005,2026-06-27
ATT-00134,CRM-1659,document_134.docx,docx,2523,user0017,2025-10-04
ATT-00135,CRM-4243,document_135.jpg,jpg,3942,user0033,2025-09-14
ATT-00136,SEC-954,document_136.jpg,jpg,3661,user0029,2026-05-31
ATT-00137,PORTAL-2227,document_137.xlsx,xlsx,1441,user0042,2026-08-26
ATT-00138,CRM-1643,document_138.docx,docx,4908,user0009,2026-05-18
ATT-00139,BANK-3179,document_139.docx,docx,3599,user0005,2026-08-26
ATT-00140,MOB-815,document_140.xlsx,xlsx,3879,user0038,2026-01-28
ATT-00141,BANK-280,document_141.pdf,pdf,4584,user0037,2026-02-13
ATT-00142,SEC-1321,document_142.csv,csv,4930,user0011,2026-07-23
ATT-00143,ECOM-3338,document_143.xlsx,xlsx,3830,user0014,2026-03-07
ATT-00144,SEC-4816,document_144.png,png,4894,user0011,2026-01-16
ATT-00145,SEC-3315,document_145.jpg,jpg,4625,user0024,2026-04-19
ATT-00146,CLOUD-4830,document_146.pdf,pdf,1535,user0016,2025-12-02
ATT-00147,BANK-3223,document_147.xlsx,xlsx,2142,user0047,2025-09-21
ATT-00148,PORTAL-4295,document_148.jpg,jpg,909,user0017,2025-12-22
ATT-00149,CLOUD-1683,document_149.png,png,3083,user0041,2025-10-23
ATT-00150,CLOUD-2967,document_150.png,png,1612,user0013,2026-01-03
ATT-00151,BANK-190,document_151.pdf,pdf,803,user0016,2025-12-23
ATT-00152,ECOM-3083,document_152.pdf,pdf,375,user0027,2026-08-04
ATT-00153,BI-2701,document_153.xlsx,xlsx,1988,user0015,2026-02-21
ATT-00154,CLOUD-3762,document_154.pdf,pdf,2014,user0032,2026-08-20
ATT-00155,BANK-2787,document_155.jpg,jpg,357,user0011,2026-07-04
ATT-00156,SEC-4412,document_156.png,png,4549,user0038,2026-07-13
ATT-00157,MOB-1802,document_157.xlsx,xlsx,4568,user0011,2025-10-01
ATT-00158,ERP-2619,document_158.pdf,pdf,4385,user0017,2025-11-19
ATT-00159,BANK-914,document_159.jpg,jpg,169,user0050,2026-02-26
ATT-00160,DATA-3212,document_160.jpg,jpg,4180,user0041,2026-09-02
ATT-00161,ECOM-2024,document_161.docx,docx,1530,user0041,2025-12-21
ATT-00162,BI-3551,document_162.docx,docx,874,user0028,2026-03-29
ATT-00163,BANK-245,document_163.csv,csv,3479,user0025,2026-07-31
ATT-00164,ERP-3366,document_164.png,png,2849,user0040,2026-04-30
ATT-00165,PORTAL-4209,document_165.png,png,4716,user0011,2026-03-26
ATT-00166,BANK-2648,document_166.docx,docx,1080,user0042,2026-02-10
ATT-00167,BANK-2146,document_167.csv,csv,969,user0017,2026-08-26
ATT-00168,ERP-4372,document_168.png,png,598,user0004,2025-09-15
ATT-00169,BI-1873,document_169.pdf,pdf,1436,user0049,2025-12-11
ATT-00170,CRM-4811,document_170.csv,csv,2956,user0016,2026-07-20
ATT-00171,MOB-747,document_171.jpg,jpg,4698,user0026,2025-11-29
ATT-00172,DATA-2287,document_172.jpg,jpg,2618,user0015,2025-11-17
ATT-00173,ECOM-4807,document_173.xlsx,xlsx,1833,user0036,2026-05-28
ATT-00174,CRM-2557,document_174.xlsx,xlsx,136,user0024,2025-09-14
ATT-00175,ECOM-4738,document_175.xlsx,xlsx,594,user0025,2026-09-01
ATT-00176,CRM-3958,document_176.jpg,jpg,1878,user0050,2025-11-21
ATT-00177,CRM-2203,document_177.csv,csv,4014,user0019,2025-12-03
ATT-00178,ERP-4016,document_178.csv,csv,4968,user0019,2025-09-27
ATT-00179,SEC-2650,document_179.docx,docx,4921,user0015,2025-12-02
ATT-00180,PORTAL-2527,document_180.png,png,2006,user0019,2025-09-21
ATT-00181,DATA-2794,document_181.docx,docx,2079,user0007,2026-08-02
ATT-00182,BI-2230,document_182.pdf,pdf,1843,user0042,2025-11-23
ATT-00183,CLOUD-4849,document_183.xlsx,xlsx,1189,user0037,2025-12-03
ATT-00184,PORTAL-997,document_184.csv,csv,3165,user0027,2025-10-07
ATT-00185,BI-638,document_185.docx,docx,654,user0014,2026-08-25
ATT-00186,ERP-4405,document_186.docx,docx,4085,user0009,2026-05-19
ATT-00187,BI-1669,document_187.pdf,pdf,4665,user0026,2025-11-14
ATT-00188,SEC-127,document_188.pdf,pdf,4451,user0033,2026-05-23
ATT-00189,DATA-761,document_189.docx,docx,1777,user0040,2026-03-28
ATT-00190,MOB-3631,document_190.jpg,jpg,409,user0008,2026-02-03
ATT-00191,PORTAL-519,document_191.jpg,jpg,165,user0040,2026-01-21
ATT-00192,MOB-1660,document_192.pdf,pdf,1826,user0004,2026-04-28
ATT-00193,DATA-3146,document_193.pdf,pdf,3343,user0026,2026-02-27
ATT-00194,SEC-226,document_194.png,png,1346,user0041,2026-05-01
ATT-00195,BI-3966,document_195.xlsx,xlsx,4938,user0001,2026-02-17
ATT-00196,CRM-2557,document_196.docx,docx,4430,user0039,2026-04-10
ATT-00197,ECOM-2575,document_197.pdf,pdf,1756,user0002,2025-10-23
ATT-00198,BI-1908,document_198.xlsx,xlsx,3621,user0031,2025-12-03
ATT-00199,CRM-3913,document_199.xlsx,xlsx,1347,user0001,2026-06-01
ATT-00200,BANK-864,document_200.xlsx,xlsx,2834,user0001,2025-09-25
ATT-00201,SEC-1705,document_201.docx,docx,2928,user0012,2026-08-10
ATT-00202,DATA-4533,document_202.docx,docx,2035,user0007,2026-04-26
ATT-00203,DATA-3286,document_203.jpg,jpg,157,user0028,2026-06-17
ATT-00204,ECOM-2867,document_204.png,png,3636,user0023,2026-05-10
ATT-00205,ECOM-4593,document_205.xlsx,xlsx,322,user0048,2026-05-18
ATT-00206,CLOUD-4259,document_206.jpg,jpg,2644,user0008,2026-08-23
ATT-00207,CRM-3577,document_207.pdf,pdf,1902,user0005,2025-11-16
ATT-00208,BI-1543,document_208.xlsx,xlsx,1538,user0023,2026-08-18
ATT-00209,ECOM-4929,document_209.pdf,pdf,1460,user0025,2025-09-19
ATT-00210,CLOUD-2730,document_210.png,png,2901,user0046,2026-08-07
ATT-00211,MOB-4461,document_211.csv,csv,4655,user0005,2026-03-23
ATT-00212,BANK-4519,document_212.jpg,jpg,3131,user0006,2025-09-14
ATT-00213,MOB-305,document_213.xlsx,xlsx,4342,user0038,2026-07-26
ATT-00214,DATA-2749,document_214.png,png,567,user0036,2026-08-25
ATT-00215,PORTAL-2954,document_215.jpg,jpg,4153,user0044,2026-07-19
ATT-00216,BANK-2296,document_216.docx,docx,1218,user0040,2026-03-10
ATT-00217,PORTAL-2339,document_217.xlsx,xlsx,1612,user0030,2026-07-22
ATT-00218,DATA-2941,document_218.csv,csv,2211,user0041,2026-03-22
ATT-00219,BI-2568,document_219.jpg,jpg,3932,user0021,2025-11-19
ATT-00220,ERP-574,document_220.csv,csv,3864,user0022,2025-10-11
ATT-00221,DATA-3779,document_221.jpg,jpg,696,user0023,2026-09-07
ATT-00222,BI-4760,document_222.pdf,pdf,587,user0005,2026-03-22
ATT-00223,ERP-4951,document_223.docx,docx,1201,user0005,2025-11-15
ATT-00224,DATA-3255,document_224.png,png,4759,user0036,2026-03-22
ATT-00225,MOB-91,document_225.xlsx,xlsx,989,user0018,2026-06-02
ATT-00226,SEC-4558,document_226.docx,docx,4288,user0044,2025-09-14
ATT-00227,CRM-30,document_227.csv,csv,745,user0012,2026-02-13
ATT-00228,CRM-4272,document_228.csv,csv,2676,user0013,2025-12-27
ATT-00229,BI-85,document_229.png,png,2471,user0041,2026-07-09
ATT-00230,PORTAL-979,document_230.xlsx,xlsx,1845,user0030,2026-04-20
ATT-00231,ERP-184,document_231.docx,docx,1033,user0011,2025-12-24
ATT-00232,BI-1943,document_232.xlsx,xlsx,1815,user0024,2025-09-30
ATT-00233,BANK-4207,document_233.png,png,3721,user0041,2025-10-18
ATT-00234,MOB-1676,document_234.jpg,jpg,2937,user0041,2026-03-09
ATT-00235,SEC-2928,document_235.xlsx,xlsx,2595,user0025,2026-01-22
ATT-00236,ERP-3875,document_236.csv,csv,4139,user0042,2025-11-17
ATT-00237,CLOUD-2426,document_237.docx,docx,1359,user0012,2026-08-11
ATT-00238,DATA-1642,document_238.pdf,pdf,1876,user0040,2026-04-22
ATT-00239,PORTAL-546,document_239.csv,csv,2991,user0008,2025-09-22
ATT-00240,SEC-191,document_240.png,png,3916,user0042,2026-06-05
ATT-00241,PORTAL-4613,document_241.png,png,4415,user0041,2025-10-16
ATT-00242,BI-2068,document_242.docx,docx,1198,user0008,2026-03-29
ATT-00243,CLOUD-1638,document_243.xlsx,xlsx,2013,user0047,2026-02-19
ATT-00244,ECOM-2032,document_244.png,png,4455,user0013,2026-04-25
ATT-00245,CLOUD-644,document_245.xlsx,xlsx,4396,user0024,2025-12-02
ATT-00246,BANK-3492,document_246.docx,docx,4947,user0034,2025-12-29
ATT-00247,SEC-4790,document_247.png,png,3051,user0035,2025-10-25
ATT-00248,SEC-3909,document_248.pdf,pdf,1044,user0023,2026-04-05
ATT-00249,BI-2530,document_249.jpg,jpg,4210,user0018,2026-02-18
ATT-00250,BI-658,document_250.png,png,3856,user0016,2026-03-18
ATT-00251,MOB-3579,document_251.csv,csv,2844,user0019,2025-12-04
ATT-00252,ECOM-3829,document_252.jpg,jpg,4680,user0043,2025-10-07
ATT-00253,CLOUD-3239,document_253.jpg,jpg,3946,user0036,2026-07-27
ATT-00254,DATA-952,document_254.xlsx,xlsx,4496,user0011,2026-08-02
ATT-00255,MOB-458,document_255.csv,csv,2791,user0049,2026-05-28
ATT-00256,CLOUD-2245,document_256.png,png,3529,user0010,2026-01-04
ATT-00257,PORTAL-90,document_257.jpg,jpg,4359,user0036,2026-01-06
ATT-00258,ERP-272,document_258.pdf,pdf,69,user0043,2026-07-14
ATT-00259,CLOUD-949,document_259.csv,csv,1590,user0034,2026-04-24
ATT-00260,PORTAL-3387,document_260.png,png,167,user0001,2025-12-28
ATT-00261,SEC-3337,document_261.jpg,jpg,657,user0048,2026-04-26
ATT-00262,DATA-1401,document_262.jpg,jpg,4086,user0041,2025-10-24
ATT-00263,MOB-4526,document_263.jpg,jpg,2049,user0043,2026-02-23
ATT-00264,PORTAL-3969,document_264.png,png,2283,user0038,2025-12-03
ATT-00265,DATA-1109,document_265.docx,docx,2912,user0005,2026-05-04
ATT-00266,SEC-994,document_266.pdf,pdf,4082,user0048,2025-11-08
ATT-00267,CLOUD-601,document_267.pdf,pdf,4776,user0007,2026-06-18
ATT-00268,PORTAL-1480,document_268.png,png,3267,user0041,2026-08-04
ATT-00269,ECOM-1020,document_269.xlsx,xlsx,1851,user0018,2025-10-03
ATT-00270,DATA-41,document_270.xlsx,xlsx,3267,user0049,2026-08-18
ATT-00271,BI-823,document_271.xlsx,xlsx,3511,user0008,2025-10-29
ATT-00272,SEC-4567,document_272.png,png,996,user0017,2026-08-31
ATT-00273,BI-2812,document_273.csv,csv,4935,user0004,2025-11-01
ATT-00274,PORTAL-2193,document_274.docx,docx,4196,user0014,2025-11-13
ATT-00275,CRM-3005,document_275.jpg,jpg,3084,user0019,2026-01-04
ATT-00276,PORTAL-704,document_276.xlsx,xlsx,2024,user0009,2026-07-19
ATT-00277,PORTAL-1790,document_277.png,png,2175,user0032,2025-10-28
ATT-00278,MOB-3085,document_278.jpg,jpg,4491,user0042,2026-03-02
ATT-00279,MOB-4985,document_279.csv,csv,2214,user0022,2026-01-26
ATT-00280,BI-2740,document_280.docx,docx,802,user0030,2025-11-01
ATT-00281,BANK-4498,document_281.docx,docx,3560,user0014,2025-11-30
ATT-00282,PORTAL-4090,document_282.xlsx,xlsx,2000,user0010,2026-01-24
ATT-00283,PORTAL-4293,document_283.xlsx,xlsx,2892,user0009,2026-07-20
ATT-00284,SEC-1772,document_284.docx,docx,303,user0005,2026-07-16
ATT-00285,DATA-4962,document_285.csv,csv,3543,user0022,2026-07-15
ATT-00286,ERP-3455,document_286.csv,csv,869,user0005,2025-12-27
ATT-00287,CRM-2898,document_287.jpg,jpg,3643,user0002,2026-06-19
ATT-00288,ERP-1044,document_288.pdf,pdf,2415,user0006,2026-03-18
ATT-00289,CLOUD-3306,document_289.csv,csv,3361,user0009,2026-06-07
ATT-00290,ECOM-2867,document_290.csv,csv,4652,user0022,2026-09-09
ATT-00291,SEC-1760,document_291.docx,docx,4487,user0046,2026-09-07
ATT-00292,ECOM-3627,document_292.docx,docx,2391,user0022,2026-03-24
ATT-00293,BANK-3079,document_293.docx,docx,3685,user0044,2026-06-20
ATT-00294,ECOM-4297,document_294.csv,csv,96,user0048,2026-09-13
ATT-00295,SEC-3646,document_295.xlsx,xlsx,3055,user0015,2026-05-24
ATT-00296,CLOUD-1741,document_296.png,png,652,user0007,2026-03-12
ATT-00297,BI-2783,document_297.xlsx,xlsx,808,user0020,2026-08-24
ATT-00298,DATA-2269,document_298.csv,csv,481,user0013,2026-08-05
ATT-00299,CRM-1714,document_299.pdf,pdf,4483,user0014,2026-04-27
ATT-00300,BI-1143,document_300.pdf,pdf,1634,user0021,2026-08-21
ATT-00301,DATA-4710,document_301.png,png,4177,user0032,2026-03-03
ATT-00302,DATA-726,document_302.jpg,jpg,3246,user0027,2025-11-29
ATT-00303,BANK-1979,document_303.pdf,pdf,879,user0025,2026-09-10
ATT-00304,PORTAL-211,document_304.docx,docx,4735,user0032,2026-07-29
ATT-00305,ECOM-312,document_305.docx,docx,2734,user0030,2025-12-07
ATT-00306,BI-840,document_306.docx,docx,1532,user0039,2025-11-27
ATT-00307,CLOUD-2561,document_307.xlsx,xlsx,2142,user0031,2026-04-01
ATT-00308,ECOM-317,document_308.docx,docx,292,user0001,2026-09-08
ATT-00309,PORTAL-2715,document_309.pdf,pdf,2552,user0026,2025-12-31
ATT-00310,DATA-2122,document_310.png,png,2113,user0001,2026-01-11
ATT-00311,SEC-3323,document_311.pdf,pdf,490,user0023,2025-11-21
ATT-00312,BI-4489,document_312.pdf,pdf,633,user0001,2026-05-20
ATT-00313,DATA-421,document_313.csv,csv,221,user0049,2025-10-24
ATT-00314,CLOUD-515,document_314.jpg,jpg,2069,user0007,2025-10-04
ATT-00315,BANK-2445,document_315.csv,csv,4616,user0043,2026-05-14
ATT-00316,ERP-1911,document_316.jpg,jpg,817,user0003,2026-02-01
ATT-00317,BI-1771,document_317.docx,docx,1203,user0033,2026-01-24
ATT-00318,BI-1222,document_318.docx,docx,1351,user0039,2025-10-14
ATT-00319,CRM-814,document_319.xlsx,xlsx,4719,user0050,2026-02-05
ATT-00320,ECOM-1857,document_320.csv,csv,3012,user0044,2026-03-26
ATT-00321,MOB-3977,document_321.csv,csv,2889,user0044,2026-05-06
ATT-00322,MOB-3900,document_322.xlsx,xlsx,255,user0047,2026-03-06
ATT-00323,BI-1493,document_323.jpg,jpg,1560,user0033,2026-09-09
ATT-00324,ERP-1460,document_324.png,png,319,user0014,2026-02-28
ATT-00325,CLOUD-1125,document_325.jpg,jpg,4004,user0025,2025-10-31
ATT-00326,BANK-2436,document_326.png,png,1380,user0025,2025-10-19
ATT-00327,SEC-1705,document_327.png,png,4673,user0015,2025-10-15
ATT-00328,DATA-847,document_328.png,png,471,user0036,2026-02-20
ATT-00329,ERP-4876,document_329.xlsx,xlsx,1797,user0014,2026-07-29
ATT-00330,SEC-3653,document_330.xlsx,xlsx,4503,user0004,2026-01-27
ATT-00331,BI-2625,document_331.pdf,pdf,3812,user0009,2026-05-25
ATT-00332,BANK-2792,document_332.csv,csv,3322,user0046,2026-01-29
ATT-00333,BANK-46,document_333.jpg,jpg,840,user0038,2026-01-05
ATT-00334,DATA-3001,document_334.xlsx,xlsx,3136,user0042,2025-10-23
ATT-00335,CRM-641,document_335.csv,csv,738,user0010,2026-04-21
ATT-00336,ECOM-4910,document_336.png,png,1236,user0039,2025-10-20
ATT-00337,CRM-3005,document_337.jpg,jpg,4761,user0032,2026-07-05
ATT-00338,MOB-1342,document_338.docx,docx,645,user0031,2025-10-10
ATT-00339,CRM-300,document_339.png,png,3007,user0014,2025-12-22
ATT-00340,ERP-4102,document_340.pdf,pdf,2653,user0045,2025-11-28
ATT-00341,SEC-649,document_341.csv,csv,3246,user0036,2025-09-26
ATT-00342,ECOM-4631,document_342.csv,csv,4885,user0031,2025-09-30
ATT-00343,SEC-3471,document_343.xlsx,xlsx,4417,user0047,2026-03-22
ATT-00344,CRM-1124,document_344.jpg,jpg,4903,user0033,2025-09-20
ATT-00345,DATA-2616,document_345.pdf,pdf,2065,user0014,2025-10-04
ATT-00346,CLOUD-3848,document_346.pdf,pdf,2548,user0018,2026-03-30
ATT-00347,SEC-3788,document_347.csv,csv,849,user0014,2026-02-14
ATT-00348,BANK-829,document_348.xlsx,xlsx,4573,user0030,2026-01-20
ATT-00349,DATA-2926,document_349.png,png,4249,user0026,2026-06-04
ATT-00350,PORTAL-3508,document_350.jpg,jpg,1088,user0018,2025-09-26
ATT-00351,CLOUD-1889,document_351.jpg,jpg,1421,user0015,2026-01-29
ATT-00352,CLOUD-1028,document_352.docx,docx,4449,user0006,2026-01-10
ATT-00353,BI-2966,document_353.xlsx,xlsx,1577,user0009,2026-04-20
ATT-00354,SEC-1415,document_354.xlsx,xlsx,2085,user0049,2026-03-20
ATT-00355,CRM-2450,document_355.pdf,pdf,3711,user0047,2026-07-17
ATT-00356,ERP-4152,document_356.xlsx,xlsx,4555,user0017,2026-06-15
ATT-00357,CRM-4258,document_357.csv,csv,3321,user0048,2026-01-05
ATT-00358,BANK-498,document_358.docx,docx,2686,user0020,2025-12-13
ATT-00359,PORTAL-2273,document_359.jpg,jpg,4889,user0030,2026-02-25
ATT-00360,ERP-3018,document_360.jpg,jpg,2837,user0014,2026-03-02
ATT-00361,ERP-228,document_361.xlsx,xlsx,2619,user0038,2026-07-25
ATT-00362,CRM-1371,document_362.xlsx,xlsx,3685,user0043,2026-06-27
ATT-00363,CLOUD-2694,document_363.docx,docx,120,user0040,2026-02-12
ATT-00364,SEC-630,document_364.docx,docx,584,user0037,2025-11-09
ATT-00365,BANK-863,document_365.jpg,jpg,4612,user0009,2026-03-11
ATT-00366,SEC-988,document_366.jpg,jpg,2331,user0045,2026-01-02
ATT-00367,CRM-3037,document_367.pdf,pdf,772,user0017,2026-07-30
ATT-00368,MOB-152,document_368.csv,csv,2499,user0034,2026-05-24
ATT-00369,ECOM-2024,document_369.jpg,jpg,4044,user0015,2026-05-29
ATT-00370,BI-4602,document_370.csv,csv,1565,user0031,2026-02-25
ATT-00371,PORTAL-2664,document_371.xlsx,xlsx,1040,user0025,2026-08-29
ATT-00372,CRM-1161,document_372.docx,docx,2302,user0025,2026-03-26
ATT-00373,ERP-4398,document_373.docx,docx,853,user0022,2026-07-28
ATT-00374,DATA-2754,document_374.jpg,jpg,4356,user0009,2025-10-22
ATT-00375,BI-1516,document_375.docx,docx,1408,user0024,2025-11-16
ATT-00376,MOB-264,document_376.pdf,pdf,2771,user0024,2026-04-22
ATT-00377,BI-1102,document_377.xlsx,xlsx,3569,user0030,2026-05-29
ATT-00378,CLOUD-485,document_378.pdf,pdf,3665,user0026,2026-01-10
ATT-00379,BI-4634,document_379.png,png,4819,user0046,2026-02-14
ATT-00380,SEC-725,document_380.jpg,jpg,335,user0020,2026-02-14
ATT-00381,ECOM-4578,document_381.csv,csv,4608,user0022,2025-12-12
ATT-00382,CRM-4939,document_382.png,png,1890,user0040,2026-07-29
ATT-00383,CLOUD-2085,document_383.docx,docx,4746,user0025,2025-10-23
ATT-00384,PORTAL-2917,document_384.xlsx,xlsx,2803,user0028,2025-12-08
ATT-00385,DATA-2800,document_385.xlsx,xlsx,271,user0028,2025-11-13
ATT-00386,MOB-2145,document_386.csv,csv,1190,user0048,2025-10-10
ATT-00387,CRM-1366,document_387.csv,csv,1544,user0003,2025-10-03
ATT-00388,ECOM-533,document_388.png,png,1485,user0014,2026-02-03
ATT-00389,ECOM-2011,document_389.csv,csv,4139,user0016,2025-10-21
ATT-00390,CRM-3558,document_390.xlsx,xlsx,3139,user0003,2025-10-07
ATT-00391,CLOUD-2477,document_391.docx,docx,2345,user0048,2026-01-03
ATT-00392,BI-4743,document_392.pdf,pdf,3201,user0033,2025-09-25
ATT-00393,BI-392,document_393.jpg,jpg,4254,user0043,2025-11-09
ATT-00394,ECOM-448,document_394.jpg,jpg,680,user0001,2025-11-27
ATT-00395,BI-3423,document_395.xlsx,xlsx,1888,user0016,2026-07-20
ATT-00396,ECOM-400,document_396.docx,docx,365,user0005,2026-08-25
ATT-00397,CLOUD-4902,document_397.csv,csv,2002,user0013,2025-11-19
ATT-00398,ERP-1932,document_398.docx,docx,875,user0050,2026-05-26
ATT-00399,BANK-4414,document_399.pdf,pdf,2726,user0046,2026-04-03
ATT-00400,BI-4436,document_400.png,png,2908,user0025,2025-12-25
ATT-00401,BANK-4378,document_401.pdf,pdf,2000,user0008,2025-12-14
ATT-00402,BANK-3048,document_402.pdf,pdf,4300,user0015,2026-06-07
ATT-00403,ERP-3412,document_403.csv,csv,1685,user0013,2025-09-24
ATT-00404,DATA-2285,document_404.xlsx,xlsx,2755,user0049,2025-12-28
ATT-00405,MOB-4615,document_405.xlsx,xlsx,3842,user0011,2025-10-08
ATT-00406,CLOUD-2550,document_406.pdf,pdf,708,user0043,2026-06-25
ATT-00407,DATA-3375,document_407.xlsx,xlsx,2615,user0026,2026-09-08
ATT-00408,DATA-2157,document_408.png,png,1803,user0032,2026-09-03
ATT-00409,MOB-3410,document_409.pdf,pdf,3655,user0018,2026-07-21
ATT-00410,BANK-3862,document_410.png,png,2177,user0017,2026-05-06
ATT-00411,ERP-4437,document_411.pdf,pdf,2410,user0040,2025-12-10
ATT-00412,DATA-4493,document_412.xlsx,xlsx,3785,user0012,2025-12-31
ATT-00413,DATA-2941,document_413.csv,csv,3012,user0010,2026-09-09
ATT-00414,MOB-3052,document_414.jpg,jpg,4574,user0030,2025-09-30
ATT-00415,ECOM-4297,document_415.pdf,pdf,1256,user0007,2026-05-20
ATT-00416,SEC-3486,document_416.jpg,jpg,2344,user0049,2025-12-12
ATT-00417,ERP-276,document_417.pdf,pdf,3801,user0043,2026-08-21
ATT-00418,BANK-4341,document_418.pdf,pdf,4963,user0020,2025-10-22
ATT-00419,ECOM-2374,document_419.xlsx,xlsx,3063,user0003,2026-08-28
ATT-00420,DATA-1221,document_420.png,png,1797,user0004,2026-08-21
ATT-00421,ERP-4765,document_421.pdf,pdf,4305,user0022,2025-09-24
ATT-00422,BI-3910,document_422.xlsx,xlsx,453,user0016,2026-03-09
ATT-00423,CRM-4624,document_423.xlsx,xlsx,4525,user0033,2025-12-22
ATT-00424,ECOM-2255,document_424.pdf,pdf,3685,user0016,2026-03-14
ATT-00425,PORTAL-3144,document_425.csv,csv,2223,user0031,2026-04-26
ATT-00426,CRM-3419,document_426.xlsx,xlsx,1123,user0010,2025-11-02
ATT-00427,ECOM-4036,document_427.xlsx,xlsx,2013,user0012,2025-10-28
ATT-00428,SEC-418,document_428.jpg,jpg,4152,user0008,2025-11-22
ATT-00429,CRM-2594,document_429.xlsx,xlsx,377,user0033,2026-03-06
ATT-00430,DATA-2941,document_430.pdf,pdf,1690,user0032,2026-01-12
ATT-00431,ERP-605,document_431.xlsx,xlsx,1865,user0012,2026-07-22
ATT-00432,BI-2158,document_432.jpg,jpg,1193,user0043,2026-06-04
ATT-00433,BI-2078,document_433.jpg,jpg,1587,user0035,2026-06-19
ATT-00434,PORTAL-1172,document_434.jpg,jpg,4672,user0014,2026-08-12
ATT-00435,MOB-3992,document_435.pdf,pdf,2285,user0012,2026-08-04
ATT-00436,SEC-3108,document_436.docx,docx,4733,user0016,2026-01-08
ATT-00437,ERP-1845,document_437.xlsx,xlsx,4403,user0040,2026-04-08
ATT-00438,MOB-794,document_438.csv,csv,1709,user0017,2025-11-22
ATT-00439,MOB-2774,document_439.pdf,pdf,958,user0010,2026-08-03
ATT-00440,PORTAL-4078,document_440.png,png,75,user0040,2026-06-10
ATT-00441,BI-2048,document_441.csv,csv,4001,user0003,2026-04-22
ATT-00442,BI-776,document_442.xlsx,xlsx,2099,user0033,2026-03-01
ATT-00443,ERP-2036,document_443.csv,csv,266,user0006,2025-10-30
ATT-00444,CRM-188,document_444.docx,docx,1274,user0031,2026-05-29
ATT-00445,SEC-2413,document_445.pdf,pdf,3768,user0037,2026-03-24
ATT-00446,SEC-1265,document_446.jpg,jpg,711,user0015,2026-09-08
ATT-00447,CRM-295,document_447.xlsx,xlsx,2788,user0029,2026-08-05
ATT-00448,CRM-2890,document_448.csv,csv,528,user0040,2025-12-31
ATT-00449,ERP-2216,document_449.docx,docx,3476,user0026,2026-06-09
ATT-00450,MOB-4979,document_450.csv,csv,88,user0002,2025-11-22
ATT-00451,ECOM-1355,document_451.pdf,pdf,1806,user0045,2026-02-10
ATT-00452,PORTAL-693,document_452.png,png,4033,user0005,2026-01-18
ATT-00453,BANK-829,document_453.csv,csv,4313,user0015,2025-12-04
ATT-00454,CLOUD-4330,document_454.docx,docx,3026,user0010,2026-08-13
ATT-00455,CLOUD-817,document_455.csv,csv,3016,user0036,2026-07-12
ATT-00456,ECOM-3730,document_456.png,png,2276,user0046,2026-02-25
ATT-00457,CLOUD-3038,document_457.xlsx,xlsx,2077,user0002,2026-07-11
ATT-00458,BANK-1596,document_458.jpg,jpg,804,user0031,2025-11-22
ATT-00459,CLOUD-2531,document_459.csv,csv,2603,user0017,2026-08-17
ATT-00460,BANK-351,document_460.csv,csv,858,user0026,2025-09-30
ATT-00461,PORTAL-2809,document_461.csv,csv,2180,user0037,2026-01-03
ATT-00462,ERP-146,document_462.csv,csv,4680,user0048,2025-12-09
ATT-00463,ECOM-1355,document_463.png,png,610,user0009,2026-01-31
ATT-00464,CRM-460,document_464.pdf,pdf,432,user0041,2025-11-11
ATT-00465,SEC-3013,document_465.png,png,3132,user0026,2025-09-26
ATT-00466,DATA-2094,document_466.csv,csv,3856,user0027,2026-08-16
ATT-00467,SEC-1438,document_467.docx,docx,4023,user0049,2026-03-21
ATT-00468,MOB-360,document_468.jpg,jpg,99,user0020,2026-05-05
ATT-00469,CLOUD-2826,document_469.csv,csv,4594,user0047,2025-09-24
ATT-00470,CRM-2733,document_470.xlsx,xlsx,4684,user0043,2025-12-26
ATT-00471,CLOUD-1305,document_471.csv,csv,560,user0048,2026-02-17
ATT-00472,SEC-1952,document_472.pdf,pdf,4304,user0035,2026-06-18
ATT-00473,BI-1493,document_473.jpg,jpg,4815,user0044,2026-05-12
ATT-00474,BI-208,document_474.jpg,jpg,4549,user0042,2025-10-29
ATT-00475,PORTAL-4076,document_475.png,png,2732,user0034,2026-06-24
ATT-00476,MOB-4044,document_476.docx,docx,1511,user0025,2026-05-13
ATT-00477,CRM-3428,document_477.xlsx,xlsx,2626,user0012,2026-04-12
ATT-00478,MOB-1876,document_478.png,png,2863,user0049,2026-04-07
ATT-00479,ECOM-2922,document_479.jpg,jpg,3877,user0017,2026-03-30
ATT-00480,CRM-3782,document_480.jpg,jpg,4849,user0001,2026-07-09
ATT-00481,BI-3720,document_481.docx,docx,2253,user0003,2025-10-15
ATT-00482,MOB-2881,document_482.docx,docx,664,user0017,2026-03-15
ATT-00483,SEC-3898,document_483.docx,docx,1191,user0022,2026-08-10
ATT-00484,SEC-1023,document_484.docx,docx,4894,user0044,2025-11-13
ATT-00485,ECOM-4828,document_485.pdf,pdf,1989,user0048,2026-01-09
ATT-00486,ECOM-4138,document_486.xlsx,xlsx,4061,user0017,2026-06-19
ATT-00487,ECOM-3735,document_487.csv,csv,932,user0028,2026-04-22
ATT-00488,ERP-2964,document_488.png,png,4410,user0001,2025-10-14
ATT-00489,ERP-4150,document_489.jpg,jpg,4993,user0004,2026-04-01
ATT-00490,BI-2303,document_490.pdf,pdf,4912,user0022,2025-09-24
ATT-00491,ECOM-2972,document_491.xlsx,xlsx,1831,user0027,2026-08-12
ATT-00492,MOB-4712,document_492.xlsx,xlsx,676,user0034,2026-04-26
ATT-00493,BANK-390,document_493.pdf,pdf,4409,user0025,2025-12-22
ATT-00494,ECOM-14,document_494.csv,csv,4073,user0007,2026-09-02
ATT-00495,PORTAL-1751,document_495.csv,csv,4373,user0022,2025-11-27
ATT-00496,ECOM-1041,document_496.pdf,pdf,2405,user0029,2026-06-27
ATT-00497,SEC-3800,document_497.png,png,1384,user0037,2026-08-23
ATT-00498,ECOM-3847,document_498.jpg,jpg,3835,user0040,2026-04-07
ATT-00499,ERP-3233,document_499.png,png,1583,user0020,2026-08-17
ATT-00500,ECOM-2576,document_500.csv,csv,3067,user0045,2026-05-25
ATT-00501,ECOM-4502,document_501.png,png,4879,user0035,2025-12-03
ATT-00502,BI-2691,document_502.xlsx,xlsx,2384,user0006,2026-05-25
ATT-00503,ERP-4765,document_503.pdf,pdf,1744,user0015,2026-08-26
ATT-00504,ERP-4749,document_504.png,png,3165,user0017,2026-08-27
ATT-00505,CLOUD-1406,document_505.xlsx,xlsx,4405,user0028,2026-05-05
ATT-00506,ECOM-125,document_506.jpg,jpg,1148,user0015,2026-01-22
ATT-00507,BANK-4246,document_507.csv,csv,4854,user0008,2025-10-14
ATT-00508,MOB-2272,document_508.png,png,2414,user0034,2026-08-04
ATT-00509,ERP-42,document_509.docx,docx,2811,user0017,2026-05-19
ATT-00510,MOB-2731,document_510.csv,csv,1041,user0022,2026-06-06
ATT-00511,CLOUD-3392,document_511.jpg,jpg,4296,user0020,2026-01-23
ATT-00512,DATA-1855,document_512.docx,docx,4595,user0046,2026-02-08
ATT-00513,PORTAL-2321,document_513.pdf,pdf,101,user0024,2025-11-16
ATT-00514,MOB-2679,document_514.jpg,jpg,366,user0036,2026-07-03
ATT-00515,CRM-3798,document_515.csv,csv,3522,user0050,2026-09-03
ATT-00516,PORTAL-4008,document_516.jpg,jpg,2979,user0037,2026-06-17
ATT-00517,CRM-4811,document_517.pdf,pdf,1368,user0030,2026-08-15
ATT-00518,PORTAL-415,document_518.png,png,2393,user0041,2026-05-03
ATT-00519,BI-2844,document_519.xlsx,xlsx,1202,user0010,2025-11-17
ATT-00520,CLOUD-2764,document_520.docx,docx,1315,user0027,2026-04-15
ATT-00521,ECOM-1993,document_521.jpg,jpg,4067,user0006,2026-08-12
ATT-00522,SEC-2650,document_522.jpg,jpg,653,user0013,2026-08-22
ATT-00523,SEC-2209,document_523.jpg,jpg,814,user0033,2026-01-04
ATT-00524,CRM-30,document_524.xlsx,xlsx,3455,user0006,2026-05-21
ATT-00525,ERP-4055,document_525.xlsx,xlsx,4939,user0027,2026-04-10
ATT-00526,BANK-4147,document_526.csv,csv,360,user0004,2026-08-17
ATT-00527,BI-160,document_527.png,png,2849,user0010,2026-07-20
ATT-00528,BI-1026,document_528.png,png,3596,user0027,2026-03-01
ATT-00529,CLOUD-2148,document_529.docx,docx,4061,user0040,2026-06-21
ATT-00530,CLOUD-4173,document_530.xlsx,xlsx,2572,user0037,2026-02-26
ATT-00531,BANK-1232,document_531.jpg,jpg,3537,user0021,2025-10-22
ATT-00532,PORTAL-3436,document_532.jpg,jpg,2833,user0027,2026-01-28
ATT-00533,DATA-386,document_533.pdf,pdf,620,user0021,2026-03-01
ATT-00534,BI-2935,document_534.docx,docx,925,user0024,2026-01-08
ATT-00535,ERP-2606,document_535.xlsx,xlsx,263,user0003,2026-04-26
ATT-00536,BI-3908,document_536.docx,docx,176,user0028,2025-12-03
ATT-00537,ERP-3310,document_537.docx,docx,4703,user0046,2026-08-19
ATT-00538,CLOUD-3113,document_538.csv,csv,4950,user0023,2026-03-07
ATT-00539,BI-3638,document_539.csv,csv,4177,user0011,2026-05-03
ATT-00540,DATA-4735,document_540.jpg,jpg,942,user0013,2025-10-20
ATT-00541,BANK-1799,document_541.jpg,jpg,4902,user0006,2026-06-29
ATT-00542,BI-3391,document_542.csv,csv,4453,user0021,2026-07-26
ATT-00543,CRM-1617,document_543.docx,docx,4472,user0010,2026-05-19
ATT-00544,BANK-4105,document_544.pdf,pdf,4265,user0012,2026-06-27
ATT-00545,ECOM-793,document_545.jpg,jpg,1027,user0028,2026-08-10
ATT-00546,CLOUD-4236,document_546.docx,docx,3024,user0035,2026-07-23
ATT-00547,MOB-4369,document_547.png,png,3728,user0028,2026-04-09
ATT-00548,BANK-1779,document_548.xlsx,xlsx,3779,user0011,2026-07-14
ATT-00549,DATA-1966,document_549.jpg,jpg,1785,user0007,2026-03-11
ATT-00550,ECOM-3978,document_550.png,png,663,user0047,2026-02-15
ATT-00551,SEC-1935,document_551.pdf,pdf,609,user0001,2026-08-06
ATT-00552,CRM-3681,document_552.xlsx,xlsx,470,user0006,2026-03-02
ATT-00553,BI-1951,document_553.docx,docx,734,user0004,2026-07-09
ATT-00554,MOB-557,document_554.png,png,2124,user0044,2025-12-21
ATT-00555,ERP-1179,document_555.csv,csv,2102,user0034,2026-04-09
ATT-00556,BANK-2081,document_556.xlsx,xlsx,534,user0012,2026-01-07
ATT-00557,DATA-1641,document_557.docx,docx,1306,user0017,2026-04-01
ATT-00558,DATA-2600,document_558.png,png,1153,user0015,2026-07-09
ATT-00559,ECOM-3385,document_559.docx,docx,3586,user0040,2025-11-19
ATT-00560,BI-84,document_560.csv,csv,497,user0022,2026-04-25
ATT-00561,ERP-2905,document_561.jpg,jpg,3106,user0046,2026-01-07
ATT-00562,ERP-1634,document_562.csv,csv,3972,user0041,2025-12-05
ATT-00563,PORTAL-2532,document_563.docx,docx,3631,user0039,2026-08-09
ATT-00564,ECOM-4725,document_564.png,png,85,user0021,2025-09-28
ATT-00565,CRM-3479,document_565.docx,docx,4233,user0010,2025-10-13
ATT-00566,ERP-766,document_566.xlsx,xlsx,4282,user0001,2025-09-20
ATT-00567,CLOUD-4383,document_567.pdf,pdf,2407,user0025,2026-04-17
ATT-00568,CLOUD-2659,document_568.docx,docx,633,user0001,2026-05-08
ATT-00569,CRM-529,document_569.xlsx,xlsx,3864,user0036,2026-03-16
ATT-00570,ECOM-1385,document_570.csv,csv,1341,user0010,2026-07-18
ATT-00571,CLOUD-4758,document_571.xlsx,xlsx,1600,user0030,2026-05-25
ATT-00572,ERP-1725,document_572.xlsx,xlsx,4035,user0019,2026-02-27
ATT-00573,CLOUD-1917,document_573.csv,csv,3378,user0025,2025-12-20
ATT-00574,DATA-2649,document_574.pdf,pdf,1578,user0050,2026-06-22
ATT-00575,DATA-1074,document_575.jpg,jpg,369,user0026,2025-11-19
ATT-00576,BANK-3429,document_576.docx,docx,2397,user0017,2026-01-28
ATT-00577,ERP-3018,document_577.xlsx,xlsx,2088,user0043,2025-12-07
ATT-00578,ECOM-2107,document_578.jpg,jpg,2389,user0011,2025-10-25
ATT-00579,CLOUD-770,document_579.png,png,3305,user0031,2026-06-10
ATT-00580,PORTAL-1016,document_580.xlsx,xlsx,263,user0007,2025-10-25
ATT-00581,CLOUD-4108,document_581.csv,csv,2092,user0025,2026-07-11
ATT-00582,BI-3259,document_582.csv,csv,3152,user0025,2026-06-04
ATT-00583,BANK-313,document_583.csv,csv,4908,user0028,2026-03-02
ATT-00584,ERP-4113,document_584.png,png,4889,user0004,2026-02-09
ATT-00585,BI-780,document_585.jpg,jpg,4095,user0001,2026-01-13
ATT-00586,MOB-3378,document_586.csv,csv,4433,user0033,2025-12-04
ATT-00587,ERP-1978,document_587.docx,docx,429,user0014,2026-08-23
ATT-00588,MOB-1096,document_588.pdf,pdf,1603,user0029,2025-11-15
ATT-00589,PORTAL-2089,document_589.csv,csv,1679,user0022,2025-12-27
ATT-00590,PORTAL-1667,document_590.docx,docx,2346,user0033,2026-09-11
ATT-00591,MOB-1131,document_591.csv,csv,2130,user0026,2025-10-24
ATT-00592,MOB-3284,document_592.xlsx,xlsx,4656,user0032,2026-01-18
ATT-00593,DATA-1063,document_593.csv,csv,1112,user0038,2026-05-09
ATT-00594,BI-3773,document_594.xlsx,xlsx,2277,user0008,2026-03-02
ATT-00595,ECOM-4578,document_595.png,png,2897,user0012,2026-01-03
ATT-00596,ERP-2956,document_596.csv,csv,2264,user0014,2026-03-18
ATT-00597,BI-4960,document_597.jpg,jpg,4268,user0030,2025-11-24
ATT-00598,CRM-36,document_598.docx,docx,4957,user0036,2025-09-14
ATT-00599,PORTAL-782,document_599.pdf,pdf,1111,user0040,2025-10-09
ATT-00600,DATA-3837,document_600.pdf,pdf,1083,user0034,2026-01-29
ATT-00601,CLOUD-16,document_601.docx,docx,2346,user0023,2026-05-05
ATT-00602,PORTAL-2915,document_602.pdf,pdf,4142,user0012,2026-01-19
ATT-00603,ERP-2025,document_603.jpg,jpg,1891,user0044,2026-06-30
ATT-00604,MOB-3977,document_604.csv,csv,192,user0040,2025-11-27
ATT-00605,DATA-2061,document_605.jpg,jpg,2631,user0011,2026-09-10
ATT-00606,SEC-2858,document_606.png,png,1440,user0034,2026-07-10
ATT-00607,CLOUD-2385,document_607.csv,csv,4598,user0032,2026-01-25
ATT-00608,PORTAL-2046,document_608.csv,csv,4875,user0035,2026-08-16
ATT-00609,BI-2303,document_609.csv,csv,4111,user0018,2026-02-28
ATT-00610,PORTAL-1627,document_610.docx,docx,1295,user0049,2025-12-05
ATT-00611,BI-2348,document_611.jpg,jpg,1447,user0023,2026-04-13
ATT-00612,ECOM-511,document_612.csv,csv,4023,user0002,2026-01-13
ATT-00613,DATA-2649,document_613.docx,docx,4010,user0039,2025-12-31
ATT-00614,ECOM-1448,document_614.docx,docx,4483,user0007,2026-01-26
ATT-00615,ECOM-1385,document_615.csv,csv,1561,user0007,2026-05-05
ATT-00616,SEC-3026,document_616.jpg,jpg,1196,user0043,2026-08-17
ATT-00617,PORTAL-3766,document_617.png,png,3464,user0007,2026-04-07
ATT-00618,CRM-612,document_618.docx,docx,2743,user0027,2025-11-20
ATT-00619,CLOUD-4904,document_619.pdf,pdf,2825,user0046,2026-07-31
ATT-00620,MOB-4698,document_620.jpg,jpg,4661,user0008,2026-02-28
ATT-00621,PORTAL-4512,document_621.jpg,jpg,146,user0050,2025-12-06
ATT-00622,ERP-4148,document_622.jpg,jpg,1375,user0043,2026-05-27
ATT-00623,BANK-3704,document_623.pdf,pdf,2421,user0023,2026-06-19
ATT-00624,ERP-4113,document_624.jpg,jpg,4884,user0009,2026-08-14
ATT-00625,BI-4438,document_625.xlsx,xlsx,1916,user0049,2025-10-06
ATT-00626,ERP-3183,document_626.pdf,pdf,2569,user0014,2026-03-20
ATT-00627,CRM-353,document_627.jpg,jpg,3772,user0022,2026-08-05
ATT-00628,CLOUD-4205,document_628.png,png,4209,user0042,2025-11-12
ATT-00629,SEC-4866,document_629.docx,docx,335,user0020,2026-08-12
ATT-00630,BANK-4587,document_630.xlsx,xlsx,3517,user0047,2026-01-22
ATT-00631,CLOUD-1089,document_631.xlsx,xlsx,606,user0030,2026-01-06
ATT-00632,MOB-3934,document_632.csv,csv,4632,user0026,2026-03-03
ATT-00633,ERP-396,document_633.png,png,4421,user0005,2026-04-27
ATT-00634,ECOM-4011,document_634.xlsx,xlsx,2906,user0046,2026-09-09
ATT-00635,BI-2348,document_635.png,png,2005,user0042,2026-09-01
ATT-00636,PORTAL-3994,document_636.xlsx,xlsx,3656,user0037,2026-08-19
ATT-00637,ECOM-1686,document_637.xlsx,xlsx,3543,user0008,2026-04-27
ATT-00638,DATA-2075,document_638.csv,csv,3548,user0033,2026-09-02
ATT-00639,BI-1256,document_639.png,png,1758,user0021,2026-06-03
ATT-00640,CRM-188,document_640.jpg,jpg,1138,user0018,2026-01-27
ATT-00641,BANK-1334,document_641.csv,csv,2243,user0043,2026-08-03
ATT-00642,BI-4447,document_642.png,png,2899,user0005,2025-12-09
ATT-00643,BANK-4392,document_643.pdf,pdf,2678,user0040,2026-06-11
ATT-00644,CRM-4860,document_644.jpg,jpg,2168,user0018,2025-12-19
ATT-00645,ERP-4745,document_645.jpg,jpg,1577,user0039,2026-04-28
ATT-00646,CRM-1890,document_646.jpg,jpg,4976,user0032,2026-08-22
ATT-00647,MOB-3354,document_647.jpg,jpg,4212,user0021,2026-06-09
ATT-00648,DATA-337,document_648.pdf,pdf,2310,user0049,2026-01-26
ATT-00649,ECOM-618,document_649.png,png,2148,user0001,2026-03-16
ATT-00650,SEC-472,document_650.csv,csv,3621,user0008,2025-11-09
ATT-00651,CRM-4487,document_651.png,png,3424,user0028,2025-09-29
ATT-00652,SEC-2930,document_652.csv,csv,3406,user0036,2026-05-06
ATT-00653,SEC-321,document_653.xlsx,xlsx,3064,user0045,2025-11-27
ATT-00654,ECOM-875,document_654.pdf,pdf,3582,user0011,2026-02-20
ATT-00655,CRM-4235,document_655.jpg,jpg,3823,user0019,2025-11-04
ATT-00656,MOB-3734,document_656.jpg,jpg,2681,user0041,2025-12-31
ATT-00657,SEC-413,document_657.jpg,jpg,1768,user0010,2026-09-10
ATT-00658,PORTAL-2847,document_658.png,png,3544,user0004,2025-12-29
ATT-00659,MOB-1045,document_659.png,png,1659,user0021,2026-05-28
ATT-00660,ECOM-1152,document_660.png,png,3500,user0011,2026-05-06
ATT-00661,CRM-1618,document_661.csv,csv,452,user0025,2026-08-13
ATT-00662,DATA-3956,document_662.jpg,jpg,1862,user0046,2025-12-24
ATT-00663,ECOM-2931,document_663.csv,csv,2140,user0025,2026-06-25
ATT-00664,SEC-1428,document_664.pdf,pdf,1758,user0016,2025-10-26
ATT-00665,CLOUD-1018,document_665.csv,csv,4890,user0001,2026-09-14
ATT-00666,MOB-784,document_666.xlsx,xlsx,3318,user0028,2026-02-21
ATT-00667,CLOUD-4849,document_667.xlsx,xlsx,4755,user0024,2026-04-11
ATT-00668,SEC-3633,document_668.csv,csv,3392,user0017,2026-05-05
ATT-00669,ECOM-4707,document_669.xlsx,xlsx,4799,user0006,2026-03-17
ATT-00670,BANK-136,document_670.csv,csv,1304,user0023,2026-08-07
ATT-00671,CLOUD-1014,document_671.csv,csv,52,user0024,2026-07-09
ATT-00672,BI-3096,document_672.png,png,1138,user0023,2026-04-01
ATT-00673,CRM-2341,document_673.csv,csv,1313,user0038,2026-02-25
ATT-00674,ECOM-2011,document_674.png,png,2831,user0038,2026-07-30
ATT-00675,CLOUD-2268,document_675.jpg,jpg,2958,user0005,2026-02-25
ATT-00676,ERP-1590,document_676.pdf,pdf,103,user0047,2026-06-15
ATT-00677,PORTAL-4416,document_677.jpg,jpg,3073,user0032,2025-12-30
ATT-00678,BANK-1720,document_678.png,png,4778,user0027,2026-08-29
ATT-00679,BI-1026,document_679.jpg,jpg,680,user0043,2026-02-24
ATT-00680,CLOUD-336,document_680.csv,csv,4596,user0041,2026-05-14
ATT-00681,DATA-3557,document_681.xlsx,xlsx,1008,user0009,2025-12-01
ATT-00682,DATA-610,document_682.png,png,461,user0037,2026-08-18
ATT-00683,ECOM-3263,document_683.xlsx,xlsx,3473,user0014,2026-07-09
ATT-00684,ERP-1258,document_684.png,png,211,user0047,2026-02-07
ATT-00685,ERP-2221,document_685.csv,csv,4787,user0037,2025-12-05
ATT-00686,BANK-2427,document_686.pdf,pdf,4500,user0037,2026-06-22
ATT-00687,BANK-3733,document_687.docx,docx,4098,user0029,2026-08-31
ATT-00688,SEC-2182,document_688.xlsx,xlsx,4067,user0044,2026-07-29
ATT-00689,BANK-87,document_689.docx,docx,3444,user0008,2026-07-15
ATT-00690,ECOM-1854,document_690.csv,csv,1033,user0027,2026-08-31
ATT-00691,SEC-4143,document_691.pdf,pdf,4536,user0043,2026-03-14
ATT-00692,CLOUD-2019,document_692.png,png,3615,user0025,2026-07-08
ATT-00693,ECOM-4631,document_693.docx,docx,2942,user0042,2025-10-01
ATT-00694,ERP-2860,document_694.xlsx,xlsx,2556,user0039,2025-11-25
ATT-00695,ECOM-4695,document_695.xlsx,xlsx,322,user0009,2025-12-25
ATT-00696,MOB-1546,document_696.csv,csv,4474,user0028,2026-05-21
ATT-00697,MOB-2862,document_697.png,png,3849,user0009,2026-05-16
ATT-00698,CLOUD-1186,document_698.pdf,pdf,4601,user0019,2025-10-10
ATT-00699,CLOUD-2637,document_699.docx,docx,3140,user0013,2026-07-08
ATT-00700,BI-4634,document_700.jpg,jpg,2619,user0019,2025-12-19
ATT-00701,CRM-1532,document_701.docx,docx,4362,user0044,2025-09-29
ATT-00702,BI-3077,document_702.jpg,jpg,4313,user0026,2026-01-18
ATT-00703,BI-3494,document_703.xlsx,xlsx,3159,user0033,2026-09-01
ATT-00704,PORTAL-3654,document_704.docx,docx,4041,user0019,2025-12-14
ATT-00705,ECOM-4649,document_705.xlsx,xlsx,2790,user0024,2026-03-12
ATT-00706,ERP-3746,document_706.xlsx,xlsx,2986,user0022,2026-07-01
ATT-00707,MOB-4312,document_707.pdf,pdf,2742,user0005,2026-07-28
ATT-00708,PORTAL-4732,document_708.csv,csv,3600,user0008,2026-04-08
ATT-00709,CLOUD-1744,document_709.png,png,2516,user0041,2026-08-11
ATT-00710,BI-1961,document_710.csv,csv,4572,user0024,2025-12-09
ATT-00711,CRM-1997,document_711.jpg,jpg,367,user0003,2026-08-20
ATT-00712,ECOM-2624,document_712.jpg,jpg,2308,user0039,2026-03-16
ATT-00713,BI-3236,document_713.csv,csv,1883,user0019,2025-12-13
ATT-00714,CRM-991,document_714.xlsx,xlsx,2356,user0028,2026-01-19
ATT-00715,BANK-368,document_715.docx,docx,3634,user0026,2025-12-20
ATT-00716,BI-3210,document_716.png,png,420,user0012,2026-01-29
ATT-00717,BI-2831,document_717.pdf,pdf,1623,user0023,2026-09-09
ATT-00718,BANK-4389,document_718.xlsx,xlsx,3450,user0008,2026-05-20
ATT-00719,ERP-4723,document_719.jpg,jpg,693,user0004,2025-10-12
ATT-00720,ERP-664,document_720.jpg,jpg,3912,user0036,2026-08-15
ATT-00721,SEC-1766,document_721.png,png,1508,user0035,2026-06-28
ATT-00722,DATA-4317,document_722.pdf,pdf,831,user0046,2026-02-08
ATT-00723,DATA-4179,document_723.png,png,3529,user0047,2025-12-27
ATT-00724,ECOM-1939,document_724.jpg,jpg,1677,user0028,2026-08-03
ATT-00725,DATA-1594,document_725.docx,docx,2032,user0050,2026-08-10
ATT-00726,SEC-3382,document_726.jpg,jpg,4438,user0038,2026-02-17
ATT-00727,PORTAL-4295,document_727.pdf,pdf,2146,user0015,2026-04-16
ATT-00728,ECOM-3604,document_728.png,png,3140,user0029,2025-11-05
ATT-00729,CRM-4750,document_729.pdf,pdf,4288,user0046,2026-08-26
ATT-00730,BI-871,document_730.pdf,pdf,332,user0002,2026-06-29
ATT-00731,ECOM-964,document_731.csv,csv,2795,user0046,2026-05-18
ATT-00732,SEC-4172,document_732.jpg,jpg,4288,user0034,2025-10-19
ATT-00733,SEC-2493,document_733.xlsx,xlsx,3803,user0038,2026-09-06
ATT-00734,BANK-3374,document_734.png,png,4971,user0026,2025-11-26
ATT-00735,ERP-4721,document_735.pdf,pdf,3196,user0036,2026-06-15
ATT-00736,CRM-2771,document_736.docx,docx,3809,user0042,2026-02-21
ATT-00737,BI-4542,document_737.xlsx,xlsx,681,user0035,2026-05-02
ATT-00738,ECOM-692,document_738.jpg,jpg,2444,user0025,2026-06-29
ATT-00739,SEC-1877,document_739.csv,csv,1217,user0049,2026-07-26
ATT-00740,CRM-4937,document_740.png,png,1458,user0049,2026-02-11
ATT-00741,ECOM-2788,document_741.docx,docx,4349,user0017,2026-07-24
ATT-00742,CLOUD-3884,document_742.xlsx,xlsx,315,user0032,2025-11-10
ATT-00743,SEC-4668,document_743.csv,csv,4454,user0046,2026-05-08
ATT-00744,BI-1669,document_744.xlsx,xlsx,2476,user0050,2026-03-19
ATT-00745,CRM-3032,document_745.docx,docx,3901,user0044,2025-09-19
ATT-00746,DATA-2431,document_746.xlsx,xlsx,4194,user0016,2026-06-03
ATT-00747,ERP-2015,document_747.png,png,3187,user0035,2025-09-24
ATT-00748,ECOM-1290,document_748.docx,docx,2898,user0001,2026-01-03
ATT-00749,BI-703,document_749.pdf,pdf,520,user0021,2025-10-21
ATT-00750,BANK-1485,document_750.jpg,jpg,3910,user0019,2026-09-10
ATT-00751,MOB-603,document_751.jpg,jpg,973,user0034,2025-09-28
ATT-00752,MOB-4620,document_752.pdf,pdf,749,user0031,2025-11-06
ATT-00753,ECOM-4458,document_753.csv,csv,1483,user0050,2026-04-12
ATT-00754,DATA-1708,document_754.docx,docx,2437,user0004,2025-12-10
ATT-00755,PORTAL-3444,document_755.png,png,811,user0044,2026-07-16
ATT-00756,ECOM-4925,document_756.png,png,1857,user0022,2025-11-08
ATT-00757,SEC-4697,document_757.xlsx,xlsx,1049,user0032,2026-03-24
ATT-00758,BANK-579,document_758.jpg,jpg,1609,user0027,2026-01-15
ATT-00759,ECOM-1689,document_759.csv,csv,4941,user0033,2026-08-16
ATT-00760,CLOUD-2228,document_760.docx,docx,1325,user0024,2025-11-02
ATT-00761,ERP-1160,document_761.png,png,943,user0001,2026-07-29
ATT-00762,CLOUD-2451,document_762.csv,csv,210,user0029,2026-07-08
ATT-00763,DATA-4358,document_763.csv,csv,2207,user0014,2026-05-14
ATT-00764,MOB-1381,document_764.pdf,pdf,3352,user0030,2025-10-06
ATT-00765,CRM-327,document_765.csv,csv,309,user0019,2026-04-24
ATT-00766,CLOUD-486,document_766.pdf,pdf,3039,user0009,2025-11-08
ATT-00767,ECOM-4705,document_767.xlsx,xlsx,323,user0042,2025-11-04
ATT-00768,PORTAL-3877,document_768.xlsx,xlsx,4367,user0049,2026-06-12
ATT-00769,PORTAL-3019,document_769.docx,docx,3767,user0021,2026-04-04
ATT-00770,DATA-1594,document_770.png,png,2249,user0025,2026-05-14
ATT-00771,DATA-3741,document_771.csv,csv,4047,user0045,2026-06-24
ATT-00772,ECOM-273,document_772.jpg,jpg,3714,user0037,2026-03-13
ATT-00773,ERP-4135,document_773.pdf,pdf,4356,user0015,2026-06-01
ATT-00774,MOB-3410,document_774.csv,csv,4570,user0043,2026-06-21
ATT-00775,MOB-4610,document_775.png,png,141,user0043,2026-09-13
ATT-00776,MOB-4943,document_776.xlsx,xlsx,2081,user0002,2026-04-02
ATT-00777,PORTAL-2437,document_777.xlsx,xlsx,3205,user0017,2026-08-27
ATT-00778,BANK-3755,document_778.jpg,jpg,3103,user0050,2026-04-23
ATT-00779,BI-4413,document_779.pdf,pdf,1706,user0016,2026-01-22
ATT-00780,PORTAL-2589,document_780.jpg,jpg,3679,user0015,2026-08-07
ATT-00781,DATA-3741,document_781.png,png,1561,user0029,2026-03-25
ATT-00782,BANK-2146,document_782.xlsx,xlsx,2294,user0028,2025-11-02
ATT-00783,CRM-991,document_783.png,png,371,user0004,2025-11-26
ATT-00784,CRM-1714,document_784.png,png,516,user0039,2026-04-27
ATT-00785,CLOUD-2054,document_785.jpg,jpg,3416,user0030,2026-01-05
ATT-00786,ERP-4349,document_786.docx,docx,2902,user0004,2026-08-16
ATT-00787,BANK-390,document_787.png,png,4391,user0033,2026-01-20
ATT-00788,SEC-303,document_788.png,png,1629,user0017,2025-11-26
ATT-00789,CLOUD-2676,document_789.jpg,jpg,967,user0028,2026-07-27
ATT-00790,PORTAL-2360,document_790.png,png,2684,user0028,2026-05-17
ATT-00791,ERP-3835,document_791.png,png,3590,user0001,2026-06-12
ATT-00792,PORTAL-679,document_792.png,png,3112,user0034,2026-05-16
ATT-00793,ERP-1914,document_793.xlsx,xlsx,1806,user0004,2025-09-22
ATT-00794,MOB-3353,document_794.csv,csv,176,user0017,2026-07-31
ATT-00795,ERP-583,document_795.jpg,jpg,492,user0004,2026-06-07
ATT-00796,ERP-1197,document_796.jpg,jpg,674,user0016,2026-06-03
ATT-00797,BANK-3030,document_797.pdf,pdf,2825,user0026,2026-05-13
ATT-00798,ECOM-1006,document_798.pdf,pdf,4865,user0006,2025-09-16
ATT-00799,CLOUD-1974,document_799.xlsx,xlsx,87,user0033,2026-08-01
ATT-00800,CLOUD-560,document_800.csv,csv,1316,user0025,2025-10-19
ATT-00801,MOB-1212,document_801.xlsx,xlsx,1862,user0041,2026-01-03
ATT-00802,CRM-165,document_802.pdf,pdf,3329,user0027,2026-03-06
ATT-00803,SEC-3813,document_803.png,png,4286,user0043,2025-09-18
ATT-00804,BI-1327,document_804.png,png,3052,user0048,2026-01-01
ATT-00805,CLOUD-1703,document_805.pdf,pdf,3085,user0024,2026-03-22
ATT-00806,CLOUD-2637,document_806.png,png,4597,user0020,2026-08-14
ATT-00807,BANK-410,document_807.jpg,jpg,4541,user0019,2025-12-26
ATT-00808,BANK-431,document_808.jpg,jpg,4099,user0013,2026-08-01
ATT-00809,ECOM-3891,document_809.png,png,666,user0030,2026-02-01
ATT-00810,ECOM-3576,document_810.pdf,pdf,2062,user0050,2025-12-21
ATT-00811,BI-3542,document_811.jpg,jpg,4325,user0008,2026-02-14
ATT-00812,SEC-989,document_812.pdf,pdf,4522,user0046,2026-09-14
ATT-00813,CRM-103,document_813.png,png,369,user0022,2025-11-11
ATT-00814,CLOUD-4245,document_814.pdf,pdf,1301,user0014,2025-11-02
ATT-00815,MOB-4835,document_815.csv,csv,1499,user0014,2026-03-27
ATT-00816,ECOM-2963,document_816.csv,csv,3182,user0002,2026-03-14
ATT-00817,DATA-1592,document_817.jpg,jpg,3425,user0033,2026-06-15
ATT-00818,ERP-1300,document_818.jpg,jpg,2788,user0037,2025-10-22
ATT-00819,CRM-990,document_819.csv,csv,4257,user0037,2025-10-19
ATT-00820,PORTAL-4460,document_820.jpg,jpg,1870,user0039,2025-12-06
ATT-00821,BI-1498,document_821.png,png,1834,user0048,2026-01-16
ATT-00822,CLOUD-3801,document_822.xlsx,xlsx,966,user0026,2026-03-28
ATT-00823,ERP-2119,document_823.png,png,3878,user0022,2026-03-16
ATT-00824,PORTAL-616,document_824.png,png,3877,user0009,2026-08-31
ATT-00825,SEC-649,document_825.pdf,pdf,882,user0016,2026-05-15
ATT-00826,CLOUD-2640,document_826.png,png,4383,user0044,2025-10-07
ATT-00827,CLOUD-2251,document_827.docx,docx,3143,user0020,2026-08-22
ATT-00828,PORTAL-1407,document_828.pdf,pdf,1441,user0045,2026-03-03
ATT-00829,ERP-233,document_829.docx,docx,2194,user0012,2025-12-30
ATT-00830,BANK-4978,document_830.pdf,pdf,1775,user0017,2026-09-02
ATT-00831,SEC-4284,document_831.png,png,3020,user0002,2026-07-29
ATT-00832,SEC-2413,document_832.pdf,pdf,3619,user0048,2026-04-26
ATT-00833,CRM-2949,document_833.csv,csv,4272,user0017,2026-08-19
ATT-00834,BI-2507,document_834.png,png,3355,user0002,2026-01-12
ATT-00835,CLOUD-345,document_835.docx,docx,1220,user0016,2026-06-28
ATT-00836,SEC-3953,document_836.png,png,1660,user0045,2026-05-10
ATT-00837,BI-1812,document_837.pdf,pdf,226,user0004,2025-11-22
ATT-00838,SEC-1428,document_838.jpg,jpg,4140,user0048,2026-05-22
ATT-00839,CLOUD-4122,document_839.pdf,pdf,4021,user0048,2025-11-18
ATT-00840,ECOM-2514,document_840.png,png,2420,user0038,2026-07-08
ATT-00841,BI-3500,document_841.png,png,1495,user0013,2026-01-16
ATT-00842,ECOM-1645,document_842.xlsx,xlsx,1617,user0020,2026-05-03
ATT-00843,MOB-4819,document_843.jpg,jpg,1187,user0011,2026-02-04
ATT-00844,MOB-1676,document_844.jpg,jpg,1876,user0026,2026-03-01
ATT-00845,DATA-3878,document_845.csv,csv,1537,user0036,2026-06-25
ATT-00846,MOB-2944,document_846.docx,docx,3177,user0038,2025-10-18
ATT-00847,SEC-2978,document_847.xlsx,xlsx,1406,user0023,2025-09-27
ATT-00848,CRM-1410,document_848.csv,csv,2472,user0048,2025-11-08
ATT-00849,PORTAL-1429,document_849.csv,csv,3184,user0025,2026-01-23
ATT-00850,SEC-1248,document_850.jpg,jpg,4313,user0006,2026-03-01
ATT-00851,ERP-4287,document_851.png,png,1058,user0006,2026-05-22
ATT-00852,DATA-9,document_852.csv,csv,1810,user0007,2025-12-14
ATT-00853,DATA-2886,document_853.docx,docx,3659,user0001,2025-12-25
ATT-00854,MOB-4160,document_854.docx,docx,1542,user0003,2026-08-05
ATT-00855,ERP-1832,document_855.xlsx,xlsx,4369,user0011,2026-04-15
ATT-00856,CLOUD-215,document_856.docx,docx,763,user0045,2025-10-14
ATT-00857,SEC-3431,document_857.png,png,751,user0010,2025-11-20
ATT-00858,MOB-3052,document_858.docx,docx,211,user0034,2026-08-11
ATT-00859,BI-1249,document_859.docx,docx,917,user0003,2026-07-02
ATT-00860,PORTAL-4162,document_860.jpg,jpg,3439,user0016,2026-07-05
ATT-00861,PORTAL-3446,document_861.xlsx,xlsx,1980,user0001,2026-07-13
ATT-00862,PORTAL-94,document_862.csv,csv,3884,user0034,2026-01-06
ATT-00863,ECOM-1436,document_863.xlsx,xlsx,1908,user0019,2026-07-18
ATT-00864,BI-1273,document_864.csv,csv,693,user0008,2026-01-21
ATT-00865,MOB-744,document_865.png,png,120,user0010,2026-01-26
ATT-00866,BANK-3991,document_866.pdf,pdf,2769,user0004,2026-06-10
ATT-00867,CRM-3681,document_867.jpg,jpg,1747,user0009,2026-05-29
ATT-00868,BI-4264,document_868.pdf,pdf,1659,user0001,2026-08-14
ATT-00869,BI-4569,document_869.docx,docx,270,user0046,2026-01-08
ATT-00870,CLOUD-3695,document_870.png,png,3705,user0009,2025-09-17
ATT-00871,ECOM-2105,document_871.xlsx,xlsx,1681,user0037,2026-02-05
ATT-00872,CLOUD-2659,document_872.png,png,2065,user0007,2025-10-26
ATT-00873,SEC-3522,document_873.csv,csv,3648,user0028,2026-08-25
ATT-00874,BANK-839,document_874.png,png,3487,user0038,2026-05-03
ATT-00875,MOB-667,document_875.xlsx,xlsx,4489,user0026,2026-04-09
ATT-00876,MOB-3378,document_876.png,png,2061,user0030,2026-02-22
ATT-00877,PORTAL-2709,document_877.csv,csv,1498,user0005,2026-03-18
ATT-00878,PORTAL-1110,document_878.jpg,jpg,1678,user0009,2026-07-20
ATT-00879,BI-2077,document_879.docx,docx,1060,user0040,2026-05-14
ATT-00880,PORTAL-1947,document_880.csv,csv,2336,user0040,2026-04-06
ATT-00881,ECOM-4011,document_881.docx,docx,2512,user0037,2026-03-01
ATT-00882,BI-3832,document_882.docx,docx,412,user0035,2026-02-18
ATT-00883,DATA-3320,document_883.png,png,1728,user0036,2026-01-19
ATT-00884,SEC-4010,document_884.docx,docx,2611,user0004,2026-07-24
ATT-00885,BI-2471,document_885.xlsx,xlsx,4183,user0004,2025-12-05
ATT-00886,SEC-4041,document_886.docx,docx,2082,user0003,2026-01-24
ATT-00887,ERP-4648,document_887.xlsx,xlsx,1484,user0046,2026-05-19
ATT-00888,BANK-3160,document_888.png,png,4696,user0031,2025-10-15
ATT-00889,SEC-4411,document_889.jpg,jpg,680,user0028,2025-09-15
ATT-00890,BANK-3321,document_890.pdf,pdf,4756,user0044,2026-08-25
ATT-00891,BANK-153,document_891.docx,docx,4228,user0050,2026-04-24
ATT-00892,SEC-1952,document_892.docx,docx,2207,user0048,2026-02-03
ATT-00893,SEC-630,document_893.pdf,pdf,4890,user0035,2026-07-30
ATT-00894,PORTAL-763,document_894.xlsx,xlsx,1301,user0021,2026-06-18
ATT-00895,MOB-366,document_895.png,png,2270,user0033,2026-03-28
ATT-00896,ERP-1955,document_896.docx,docx,991,user0017,2025-11-17
ATT-00897,CRM-596,document_897.jpg,jpg,1728,user0029,2026-01-28
ATT-00898,PORTAL-171,document_898.jpg,jpg,237,user0043,2025-09-23
ATT-00899,BANK-4587,document_899.jpg,jpg,1124,user0025,2026-07-06
ATT-00900,DATA-4021,document_900.csv,csv,4411,user0003,2026-03-01
ATT-00901,BI-2363,document_901.csv,csv,517,user0018,2026-04-15
ATT-00902,CRM-809,document_902.pdf,pdf,1235,user0047,2026-05-25
ATT-00903,CLOUD-1049,document_903.docx,docx,3335,user0005,2026-06-20
ATT-00904,BI-1655,document_904.docx,docx,3885,user0014,2026-05-16
ATT-00905,BI-549,document_905.csv,csv,2428,user0050,2026-09-02
ATT-00906,CRM-2162,document_906.xlsx,xlsx,1833,user0028,2026-03-01
ATT-00907,CLOUD-17,document_907.docx,docx,3289,user0021,2026-03-11
ATT-00908,MOB-1529,document_908.xlsx,xlsx,4450,user0012,2025-11-04
ATT-00909,PORTAL-4140,document_909.jpg,jpg,800,user0042,2025-10-01
ATT-00910,ERP-406,document_910.docx,docx,308,user0032,2026-02-06
ATT-00911,MOB-3304,document_911.csv,csv,3096,user0016,2025-10-26
ATT-00912,MOB-3269,document_912.jpg,jpg,2150,user0034,2026-05-08
ATT-00913,SEC-626,document_913.xlsx,xlsx,1809,user0038,2026-05-06
ATT-00914,BANK-1767,document_914.jpg,jpg,4840,user0044,2025-11-21
ATT-00915,DATA-1727,document_915.pdf,pdf,4343,user0022,2026-01-01
ATT-00916,BANK-2836,document_916.pdf,pdf,1352,user0045,2025-11-27
ATT-00917,SEC-706,document_917.csv,csv,790,user0019,2026-02-26
ATT-00918,MOB-3672,document_918.docx,docx,3909,user0012,2026-02-15
ATT-00919,BANK-1593,document_919.png,png,3658,user0023,2025-09-23
ATT-00920,BI-3687,document_920.jpg,jpg,2161,user0010,2026-05-13
ATT-00921,DATA-1302,document_921.docx,docx,607,user0023,2026-05-07
ATT-00922,ECOM-1365,document_922.docx,docx,4277,user0041,2026-03-24
ATT-00923,SEC-4419,document_923.xlsx,xlsx,4325,user0014,2026-04-19
ATT-00924,DATA-860,document_924.docx,docx,4469,user0013,2026-02-12
ATT-00925,CRM-2026,document_925.csv,csv,1831,user0022,2026-02-01
ATT-00926,CRM-4708,document_926.png,png,4770,user0039,2026-08-01
ATT-00927,ECOM-3926,document_927.docx,docx,1846,user0015,2026-03-04
ATT-00928,MOB-3960,document_928.jpg,jpg,1955,user0044,2026-07-10
ATT-00929,ECOM-1602,document_929.csv,csv,3827,user0028,2026-06-20
ATT-00930,DATA-4795,document_930.csv,csv,61,user0015,2025-11-28
ATT-00931,BANK-4378,document_931.csv,csv,3532,user0025,2026-03-18
ATT-00932,SEC-321,document_932.jpg,jpg,4895,user0022,2026-04-29
ATT-00933,CLOUD-2268,document_933.png,png,4252,user0045,2026-03-28
ATT-00934,BI-3259,document_934.jpg,jpg,489,user0017,2026-06-18
ATT-00935,PORTAL-1790,document_935.pdf,pdf,3878,user0033,2025-10-23
ATT-00936,CRM-393,document_936.csv,csv,1178,user0003,2025-12-02
ATT-00937,SEC-4618,document_937.png,png,4548,user0018,2025-12-28
ATT-00938,MOB-4552,document_938.docx,docx,4206,user0031,2026-08-27
ATT-00939,MOB-4663,document_939.jpg,jpg,3210,user0004,2025-12-16
ATT-00940,CLOUD-2830,document_940.xlsx,xlsx,3966,user0014,2026-08-12
ATT-00941,CRM-3657,document_941.png,png,3663,user0041,2026-01-09
ATT-00942,DATA-2699,document_942.png,png,3047,user0048,2025-09-25
ATT-00943,BANK-974,document_943.csv,csv,1143,user0024,2026-09-02
ATT-00944,BANK-2233,document_944.csv,csv,2030,user0001,2026-05-07
ATT-00945,DATA-4604,document_945.csv,csv,1827,user0005,2025-09-29
ATT-00946,CLOUD-3268,document_946.jpg,jpg,86,user0040,2026-06-04
ATT-00947,BI-2543,document_947.pdf,pdf,4174,user0030,2026-03-25
ATT-00948,ECOM-2522,document_948.docx,docx,836,user0018,2026-01-09
ATT-00949,CRM-4928,document_949.pdf,pdf,2021,user0021,2026-01-24
ATT-00950,ECOM-4828,document_950.png,png,2464,user0023,2025-10-02
ATT-00951,BANK-3160,document_951.jpg,jpg,1060,user0041,2026-06-12
ATT-00952,PORTAL-3019,document_952.pdf,pdf,625,user0019,2026-01-31
ATT-00953,PORTAL-1807,document_953.xlsx,xlsx,2168,user0023,2026-07-03
ATT-00954,ERP-3592,document_954.png,png,1825,user0012,2025-11-23
ATT-00955,ECOM-456,document_955.csv,csv,1044,user0049,2025-11-26
ATT-00956,DATA-996,document_956.png,png,2336,user0013,2025-12-01
ATT-00957,CLOUD-3820,document_957.xlsx,xlsx,2839,user0031,2026-08-05
ATT-00958,MOB-556,document_958.xlsx,xlsx,3048,user0031,2026-02-26
ATT-00959,BANK-4522,document_959.xlsx,xlsx,1154,user0013,2026-04-23
ATT-00960,PORTAL-1793,document_960.csv,csv,3089,user0045,2026-06-05
ATT-00961,MOB-4772,document_961.docx,docx,4063,user0028,2026-02-25
ATT-00962,MOB-2153,document_962.png,png,205,user0031,2025-10-07
ATT-00963,ERP-276,document_963.xlsx,xlsx,678,user0005,2026-09-02
ATT-00964,SEC-3824,document_964.pdf,pdf,1531,user0030,2025-11-01
ATT-00965,SEC-1731,document_965.pdf,pdf,2268,user0027,2025-12-28
ATT-00966,MOB-2983,document_966.xlsx,xlsx,3040,user0020,2026-03-24
ATT-00967,ECOM-4883,document_967.csv,csv,1520,user0006,2026-05-18
ATT-00968,CLOUD-4307,document_968.png,png,3628,user0022,2025-10-10
ATT-00969,CRM-2976,document_969.csv,csv,1897,user0039,2026-01-19
ATT-00970,ECOM-3730,document_970.docx,docx,2428,user0026,2026-08-25
ATT-00971,DATA-761,document_971.docx,docx,1541,user0006,2026-08-02
ATT-00972,SEC-1721,document_972.pdf,pdf,3841,user0041,2025-11-12
ATT-00973,BI-2811,document_973.png,png,409,user0008,2026-06-18
ATT-00974,ECOM-3580,document_974.pdf,pdf,1208,user0015,2025-12-18
ATT-00975,SEC-3013,document_975.pdf,pdf,206,user0032,2026-05-19
ATT-00976,CRM-2620,document_976.pdf,pdf,4575,user0025,2025-12-13
ATT-00977,ERP-459,document_977.jpg,jpg,2940,user0049,2026-03-29
ATT-00978,ERP-4548,document_978.csv,csv,4448,user0033,2026-08-10
ATT-00979,SEC-3173,document_979.csv,csv,664,user0011,2026-09-12
ATT-00980,ERP-4326,document_980.png,png,4836,user0036,2026-08-21
ATT-00981,ERP-4938,document_981.pdf,pdf,4445,user0021,2026-04-08
ATT-00982,DATA-4496,document_982.csv,csv,681,user0009,2025-11-27
ATT-00983,CLOUD-2103,document_983.docx,docx,1969,user0050,2025-12-30
ATT-00984,BI-2174,document_984.docx,docx,4433,user0019,2026-06-03
ATT-00985,BANK-4656,document_985.pdf,pdf,1671,user0003,2026-04-30
ATT-00986,BANK-3045,document_986.csv,csv,336,user0050,2026-04-22
ATT-00987,PORTAL-1971,document_987.csv,csv,2684,user0039,2026-07-05
ATT-00988,MOB-4949,document_988.xlsx,xlsx,2960,user0001,2026-07-06
ATT-00989,BANK-4432,document_989.jpg,jpg,560,user0022,2025-12-18
ATT-00990,DATA-4607,document_990.jpg,jpg,2361,user0043,2025-10-20
ATT-00991,DATA-4895,document_991.jpg,jpg,4635,user0024,2026-07-28
ATT-00992,ERP-2549,document_992.docx,docx,4952,user0026,2026-07-25
ATT-00993,CLOUD-4239,document_993.csv,csv,721,user0005,2026-02-25
ATT-00994,DATA-3749,document_994.docx,docx,173,user0032,2025-10-31
ATT-00995,SEC-2186,document_995.xlsx,xlsx,748,user0026,2026-06-25
ATT-00996,CLOUD-2213,document_996.csv,csv,3459,user0042,2026-05-26
ATT-00997,MOB-3219,document_997.xlsx,xlsx,3619,user0041,2025-09-30
ATT-00998,ERP-1822,document_998.csv,csv,497,user0043,2026-05-16
ATT-00999,SEC-724,document_999.pdf,pdf,3220,user0034,2026-04-19
ATT-01000,DATA-1603,document_1000.docx,docx,1392,user0005,2026-08-21
ATT-01001,ECOM-1291,document_1001.jpg,jpg,2119,user0023,2026-05-16
ATT-01002,PORTAL-3292,document_1002.docx,docx,1625,user0036,2026-05-15
ATT-01003,CLOUD-4330,document_1003.jpg,jpg,2501,user0022,2025-11-10
ATT-01004,CLOUD-3598,document_1004.pdf,pdf,853,user0019,2026-03-31
ATT-01005,DATA-1280,document_1005.csv,csv,2900,user0042,2026-09-14
ATT-01006,DATA-2600,document_1006.jpg,jpg,1102,user0043,2026-01-09
ATT-01007,ERP-1978,document_1007.csv,csv,497,user0006,2026-05-02
ATT-01008,CLOUD-1810,document_1008.jpg,jpg,3077,user0022,2026-01-30
ATT-01009,SEC-3026,document_1009.csv,csv,4135,user0042,2026-05-27
ATT-01010,ERP-2566,document_1010.xlsx,xlsx,4315,user0034,2026-08-13
ATT-01011,CLOUD-3345,document_1011.docx,docx,2483,user0017,2025-12-18
ATT-01012,ECOM-3726,document_1012.png,png,275,user0031,2025-11-10
ATT-01013,BI-4993,document_1013.jpg,jpg,4677,user0032,2026-01-01
ATT-01014,CLOUD-130,document_1014.xlsx,xlsx,3263,user0010,2026-03-16
ATT-01015,BANK-914,document_1015.jpg,jpg,3444,user0037,2026-03-09
ATT-01016,ECOM-1062,document_1016.png,png,989,user0023,2026-08-11
ATT-01017,PORTAL-2421,document_1017.csv,csv,3119,user0029,2026-06-27
ATT-01018,DATA-4103,document_1018.jpg,jpg,4286,user0025,2025-11-15
ATT-01019,BI-259,document_1019.png,png,2927,user0019,2026-02-23
ATT-01020,SEC-65,document_1020.csv,csv,1220,user0037,2026-07-30
ATT-01021,MOB-31,document_1021.csv,csv,619,user0026,2026-06-14
ATT-01022,DATA-4342,document_1022.jpg,jpg,1078,user0038,2026-01-15
ATT-01023,ECOM-4925,document_1023.csv,csv,715,user0039,2026-04-05
ATT-01024,BI-2394,document_1024.png,png,1572,user0032,2025-10-14
ATT-01025,ECOM-4502,document_1025.xlsx,xlsx,4515,user0010,2026-01-09
ATT-01026,SEC-1745,document_1026.pdf,pdf,858,user0031,2025-10-03
ATT-01027,ERP-1684,document_1027.csv,csv,4076,user0022,2026-07-29
ATT-01028,ECOM-1939,document_1028.pdf,pdf,2105,user0044,2026-07-16
ATT-01029,CLOUD-3261,document_1029.csv,csv,961,user0046,2026-01-26
ATT-01030,CRM-4338,document_1030.pdf,pdf,523,user0043,2026-03-16
ATT-01031,BI-3999,document_1031.xlsx,xlsx,3694,user0030,2026-01-04
ATT-01032,MOB-4171,document_1032.png,png,2398,user0011,2026-05-11
ATT-01033,SEC-3491,document_1033.csv,csv,159,user0041,2025-11-16
ATT-01034,DATA-1739,document_1034.xlsx,xlsx,2877,user0020,2026-08-13
ATT-01035,BI-3460,document_1035.pdf,pdf,4620,user0016,2026-01-01
ATT-01036,ERP-3524,document_1036.png,png,3856,user0028,2025-09-29
ATT-01037,SEC-3379,document_1037.xlsx,xlsx,1609,user0024,2026-06-27
ATT-01038,DATA-3123,document_1038.png,png,3028,user0008,2026-06-13
ATT-01039,SEC-3363,document_1039.xlsx,xlsx,1186,user0028,2026-04-16
ATT-01040,MOB-3134,document_1040.png,png,2025,user0045,2025-10-04
ATT-01041,BANK-2641,document_1041.csv,csv,1056,user0023,2025-11-30
ATT-01042,BI-217,document_1042.csv,csv,3600,user0045,2026-04-29
ATT-01043,ERP-2403,document_1043.csv,csv,3174,user0047,2026-02-03
ATT-01044,CRM-98,document_1044.png,png,1703,user0013,2026-01-23
ATT-01045,SEC-4506,document_1045.xlsx,xlsx,652,user0042,2026-08-25
ATT-01046,ECOM-2775,document_1046.jpg,jpg,3110,user0042,2025-12-01
ATT-01047,PORTAL-976,document_1047.csv,csv,3343,user0024,2026-07-05
ATT-01048,PORTAL-274,document_1048.xlsx,xlsx,3811,user0031,2026-06-26
ATT-01049,BANK-4227,document_1049.csv,csv,863,user0027,2026-05-12
ATT-01050,DATA-1187,document_1050.png,png,1636,user0032,2025-10-25
ATT-01051,BI-2547,document_1051.xlsx,xlsx,2717,user0011,2025-12-17
ATT-01052,BANK-2849,document_1052.csv,csv,3524,user0009,2026-01-30
ATT-01053,CRM-4210,document_1053.jpg,jpg,4719,user0043,2026-07-16
ATT-01054,MOB-3297,document_1054.png,png,2102,user0050,2026-08-07
ATT-01055,BI-1563,document_1055.docx,docx,1474,user0004,2026-07-23
ATT-01056,MOB-3934,document_1056.png,png,3851,user0022,2026-03-21
ATT-01057,BANK-3276,document_1057.jpg,jpg,1541,user0041,2025-12-02
ATT-01058,PORTAL-1198,document_1058.xlsx,xlsx,1197,user0009,2025-12-07
ATT-01059,DATA-2838,document_1059.xlsx,xlsx,4819,user0043,2025-11-23
ATT-01060,PORTAL-1110,document_1060.png,png,4205,user0040,2026-08-30
ATT-01061,CRM-2417,document_1061.png,png,4317,user0030,2026-07-22
ATT-01062,ECOM-3978,document_1062.docx,docx,2813,user0037,2025-11-30
ATT-01063,BANK-498,document_1063.pdf,pdf,610,user0010,2026-08-03
ATT-01064,CRM-2717,document_1064.png,png,3204,user0004,2025-10-16
ATT-01065,ERP-3835,document_1065.docx,docx,1489,user0025,2025-12-30
ATT-01066,CLOUD-1469,document_1066.pdf,pdf,3270,user0047,2026-02-17
ATT-01067,MOB-4029,document_1067.xlsx,xlsx,958,user0003,2026-03-30
ATT-01068,BANK-1053,document_1068.csv,csv,504,user0042,2025-10-23
ATT-01069,PORTAL-967,document_1069.pdf,pdf,1694,user0020,2026-01-23
ATT-01070,PORTAL-4754,document_1070.pdf,pdf,3358,user0046,2026-06-01
ATT-01071,SEC-167,document_1071.csv,csv,3444,user0049,2025-10-18
ATT-01072,CLOUD-4799,document_1072.png,png,4791,user0033,2026-06-05
ATT-01073,CRM-2732,document_1073.pdf,pdf,4109,user0023,2025-10-24
ATT-01074,SEC-1142,document_1074.xlsx,xlsx,1658,user0036,2026-04-02
ATT-01075,DATA-4014,document_1075.xlsx,xlsx,322,user0046,2025-10-08
ATT-01076,BANK-3655,document_1076.png,png,3732,user0002,2025-10-20
ATT-01077,BI-3391,document_1077.docx,docx,2753,user0009,2025-12-09
ATT-01078,ECOM-4232,document_1078.xlsx,xlsx,2817,user0029,2026-04-20
ATT-01079,ERP-3649,document_1079.docx,docx,564,user0015,2026-07-23
ATT-01080,DATA-4415,document_1080.xlsx,xlsx,587,user0009,2026-05-31
ATT-01081,BI-4941,document_1081.docx,docx,606,user0047,2025-11-19
ATT-01082,DATA-306,document_1082.docx,docx,4223,user0002,2026-01-04
ATT-01083,MOB-3284,document_1083.csv,csv,4899,user0034,2026-07-30
ATT-01084,MOB-3134,document_1084.jpg,jpg,197,user0010,2025-12-31
ATT-01085,CRM-1078,document_1085.csv,csv,1827,user0021,2026-05-15
ATT-01086,DATA-761,document_1086.png,png,2444,user0003,2026-06-13
ATT-01087,CRM-709,document_1087.pdf,pdf,4144,user0014,2026-02-28
ATT-01088,BANK-178,document_1088.pdf,pdf,4845,user0038,2025-11-29
ATT-01089,BANK-4498,document_1089.docx,docx,3526,user0006,2025-12-07
ATT-01090,CRM-547,document_1090.png,png,3011,user0026,2025-09-27
ATT-01091,BANK-2613,document_1091.docx,docx,3469,user0023,2026-08-24
ATT-01092,PORTAL-2438,document_1092.xlsx,xlsx,889,user0049,2026-03-21
ATT-01093,BANK-579,document_1093.xlsx,xlsx,1857,user0040,2026-07-17
ATT-01094,BANK-2688,document_1094.png,png,3462,user0026,2026-04-04
ATT-01095,PORTAL-4144,document_1095.pdf,pdf,2875,user0003,2025-09-30
ATT-01096,DATA-3162,document_1096.csv,csv,2859,user0045,2025-11-13
ATT-01097,ECOM-3705,document_1097.pdf,pdf,3907,user0006,2026-09-10
ATT-01098,BI-1192,document_1098.xlsx,xlsx,1008,user0011,2026-03-23
ATT-01099,CLOUD-1406,document_1099.docx,docx,640,user0024,2026-08-19
ATT-01100,CLOUD-238,document_1100.jpg,jpg,2978,user0031,2026-06-12
ATT-01101,PORTAL-3920,document_1101.docx,docx,2757,user0001,2025-11-05
ATT-01102,BI-982,document_1102.csv,csv,3688,user0012,2026-05-28
ATT-01103,BI-2041,document_1103.docx,docx,374,user0032,2026-08-08
ATT-01104,BI-3,document_1104.png,png,3742,user0046,2025-10-02
ATT-01105,BI-2418,document_1105.xlsx,xlsx,2107,user0018,2026-07-30
ATT-01106,SEC-978,document_1106.csv,csv,4624,user0006,2025-10-04
ATT-01107,SEC-3361,document_1107.jpg,jpg,1225,user0046,2025-10-03
ATT-01108,BANK-2389,document_1108.pdf,pdf,3398,user0012,2026-06-09
ATT-01109,MOB-932,document_1109.docx,docx,1215,user0034,2026-07-20
ATT-01110,CRM-2993,document_1110.docx,docx,2634,user0044,2025-11-27
ATT-01111,SEC-989,document_1111.jpg,jpg,3296,user0040,2026-07-08
ATT-01112,ERP-4564,document_1112.pdf,pdf,2027,user0003,2026-07-13
ATT-01113,ERP-1556,document_1113.png,png,891,user0008,2025-10-15
ATT-01114,DATA-1577,document_1114.docx,docx,1917,user0004,2025-11-01
ATT-01115,PORTAL-1735,document_1115.png,png,1229,user0049,2026-06-28
ATT-01116,PORTAL-2312,document_1116.xlsx,xlsx,4057,user0044,2026-03-22
ATT-01117,PORTAL-3827,document_1117.csv,csv,4395,user0033,2026-05-31
ATT-01118,SEC-988,document_1118.jpg,jpg,1059,user0038,2025-12-02
ATT-01119,ERP-757,document_1119.pdf,pdf,3691,user0036,2025-12-06
ATT-01120,BI-169,document_1120.xlsx,xlsx,4704,user0018,2026-08-27
ATT-01121,ERP-2678,document_1121.jpg,jpg,4996,user0027,2026-05-25
ATT-01122,SEC-4154,document_1122.docx,docx,670,user0009,2026-05-06
ATT-01123,ERP-2549,document_1123.docx,docx,1941,user0045,2026-05-21
ATT-01124,BANK-2208,document_1124.xlsx,xlsx,893,user0002,2026-08-16
ATT-01125,DATA-2279,document_1125.png,png,2194,user0017,2026-03-08
ATT-01126,PORTAL-803,document_1126.csv,csv,3200,user0031,2026-04-21
ATT-01127,CLOUD-4591,document_1127.png,png,1925,user0009,2026-03-11
ATT-01128,CRM-3577,document_1128.csv,csv,744,user0033,2026-01-17
ATT-01129,SEC-3164,document_1129.csv,csv,4908,user0047,2026-01-15
ATT-01130,DATA-4524,document_1130.xlsx,xlsx,2809,user0010,2026-09-10
ATT-01131,ECOM-2922,document_1131.pdf,pdf,202,user0017,2025-12-08
ATT-01132,DATA-330,document_1132.png,png,184,user0028,2025-11-28
ATT-01133,CLOUD-4299,document_1133.png,png,4196,user0006,2025-12-30
ATT-01134,CLOUD-1306,document_1134.xlsx,xlsx,4325,user0009,2025-11-05
ATT-01135,BI-4468,document_1135.docx,docx,2504,user0019,2025-10-14
ATT-01136,MOB-923,document_1136.xlsx,xlsx,700,user0036,2026-04-22
ATT-01137,CRM-2786,document_1137.jpg,jpg,3305,user0018,2026-07-30
ATT-01138,ERP-1816,document_1138.docx,docx,2154,user0016,2026-03-17
ATT-01139,CRM-4572,document_1139.jpg,jpg,1452,user0010,2025-12-01
ATT-01140,ERP-77,document_1140.xlsx,xlsx,1726,user0008,2026-04-10
ATT-01141,BI-658,document_1141.docx,docx,3138,user0020,2026-07-26
ATT-01142,BI-4507,document_1142.docx,docx,487,user0007,2025-12-23
ATT-01143,BI-3482,document_1143.jpg,jpg,4734,user0033,2026-07-18
ATT-01144,ERP-2116,document_1144.png,png,3954,user0030,2026-03-21
ATT-01145,ECOM-104,document_1145.xlsx,xlsx,1517,user0050,2026-01-24
ATT-01146,BANK-1141,document_1146.png,png,349,user0043,2026-06-22
ATT-01147,CRM-1699,document_1147.pdf,pdf,1670,user0046,2026-05-10
ATT-01148,ERP-1955,document_1148.png,png,447,user0035,2026-04-27
ATT-01149,ERP-4596,document_1149.pdf,pdf,690,user0005,2026-04-17
ATT-01150,ERP-1048,document_1150.docx,docx,4656,user0032,2026-05-14
ATT-01151,ERP-2027,document_1151.jpg,jpg,3842,user0005,2026-02-26
ATT-01152,MOB-288,document_1152.csv,csv,3430,user0019,2025-11-13
ATT-01153,SEC-2997,document_1153.docx,docx,1696,user0017,2026-08-25
ATT-01154,SEC-21,document_1154.pdf,pdf,471,user0037,2026-03-17
ATT-01155,MOB-1801,document_1155.xlsx,xlsx,515,user0038,2026-03-18
ATT-01156,PORTAL-3292,document_1156.jpg,jpg,2025,user0026,2025-11-01
ATT-01157,ERP-2036,document_1157.png,png,2468,user0010,2025-12-26
ATT-01158,ECOM-1164,document_1158.docx,docx,1839,user0004,2026-05-22
ATT-01159,BI-703,document_1159.docx,docx,2122,user0039,2026-04-22
ATT-01160,DATA-2912,document_1160.pdf,pdf,3983,user0032,2026-05-06
ATT-01161,DATA-4493,document_1161.xlsx,xlsx,532,user0012,2026-07-24
ATT-01162,CLOUD-2531,document_1162.docx,docx,3342,user0037,2026-07-04
ATT-01163,ECOM-665,document_1163.jpg,jpg,4541,user0018,2026-04-02
ATT-01164,DATA-2157,document_1164.jpg,jpg,2354,user0001,2026-03-09
ATT-01165,CLOUD-1457,document_1165.xlsx,xlsx,2434,user0002,2026-06-17
ATT-01166,MOB-3672,document_1166.docx,docx,4390,user0005,2025-09-23
ATT-01167,ERP-184,document_1167.pdf,pdf,1380,user0041,2026-02-26
ATT-01168,BANK-2286,document_1168.docx,docx,1137,user0005,2025-12-17
ATT-01169,ECOM-456,document_1169.png,png,4783,user0031,2026-02-28
ATT-01170,CLOUD-541,document_1170.pdf,pdf,3884,user0024,2026-07-18
ATT-01171,BANK-3069,document_1171.csv,csv,3384,user0013,2025-10-18
ATT-01172,CLOUD-1658,document_1172.png,png,4575,user0032,2026-06-16
ATT-01173,BANK-758,document_1173.docx,docx,438,user0007,2026-05-26
ATT-01174,ECOM-3055,document_1174.docx,docx,1180,user0005,2025-11-29
ATT-01175,PORTAL-979,document_1175.docx,docx,4035,user0046,2025-10-14
ATT-01176,BANK-2096,document_1176.docx,docx,1516,user0047,2025-11-03
ATT-01177,BI-214,document_1177.png,png,213,user0034,2026-06-21
ATT-01178,DATA-2029,document_1178.pdf,pdf,3951,user0042,2026-03-09
ATT-01179,ECOM-3996,document_1179.csv,csv,2376,user0046,2026-07-10
ATT-01180,ECOM-1783,document_1180.csv,csv,768,user0036,2026-04-29
ATT-01181,BANK-579,document_1181.xlsx,xlsx,3035,user0030,2026-06-16
ATT-01182,DATA-2805,document_1182.png,png,366,user0035,2025-09-24
ATT-01183,ERP-4862,document_1183.docx,docx,1727,user0040,2026-08-13
ATT-01184,CRM-4927,document_1184.pdf,pdf,3875,user0046,2025-10-09
ATT-01185,ECOM-2931,document_1185.png,png,3889,user0032,2025-10-10
ATT-01186,MOB-3185,document_1186.png,png,615,user0045,2026-04-20
ATT-01187,ECOM-2255,document_1187.png,png,4416,user0045,2026-02-03
ATT-01188,SEC-3760,document_1188.jpg,jpg,4376,user0025,2026-06-29
ATT-01189,BI-3012,document_1189.docx,docx,1861,user0002,2026-04-20
ATT-01190,CRM-4637,document_1190.png,png,1532,user0027,2026-03-19
ATT-01191,PORTAL-568,document_1191.csv,csv,1322,user0008,2026-07-02
ATT-01192,MOB-1906,document_1192.png,png,2473,user0006,2026-03-30
ATT-01193,BANK-245,document_1193.png,png,2104,user0037,2026-06-03
ATT-01194,ECOM-2608,document_1194.jpg,jpg,3238,user0047,2026-01-09
ATT-01195,PORTAL-2760,document_1195.pdf,pdf,3168,user0003,2026-03-02
ATT-01196,BANK-4037,document_1196.csv,csv,1956,user0012,2026-05-07
ATT-01197,DATA-3312,document_1197.pdf,pdf,1466,user0007,2026-03-18
ATT-01198,PORTAL-1534,document_1198.csv,csv,4069,user0026,2026-04-15
ATT-01199,MOB-3527,document_1199.xlsx,xlsx,3668,user0018,2026-06-07
ATT-01200,ERP-1048,document_1200.png,png,4784,user0003,2026-05-18
ATT-01201,ERP-2397,document_1201.csv,csv,2418,user0008,2025-10-11
ATT-01202,DATA-1070,document_1202.csv,csv,1617,user0043,2026-06-25
ATT-01203,BANK-178,document_1203.csv,csv,3708,user0035,2026-06-19
ATT-01204,BI-2811,document_1204.png,png,679,user0047,2026-04-21
ATT-01205,MOB-4375,document_1205.jpg,jpg,1826,user0034,2025-10-03
ATT-01206,BANK-2878,document_1206.jpg,jpg,3446,user0044,2026-08-10
ATT-01207,MOB-253,document_1207.docx,docx,4957,user0050,2025-11-02
ATT-01208,MOB-3134,document_1208.csv,csv,2302,user0028,2026-01-17
ATT-01209,BI-2804,document_1209.jpg,jpg,3230,user0012,2025-12-30
ATT-01210,CLOUD-3941,document_1210.png,png,773,user0033,2026-01-05
ATT-01211,BI-3832,document_1211.png,png,838,user0050,2026-01-10
ATT-01212,BI-1344,document_1212.png,png,1622,user0032,2026-03-20
ATT-01213,CRM-198,document_1213.docx,docx,3784,user0020,2026-07-09
ATT-01214,PORTAL-2089,document_1214.xlsx,xlsx,3473,user0045,2026-03-26
ATT-01215,CLOUD-1465,document_1215.xlsx,xlsx,4700,user0023,2025-09-14
ATT-01216,SEC-978,document_1216.csv,csv,2933,user0018,2026-06-13
ATT-01217,DATA-3001,document_1217.docx,docx,724,user0016,2025-11-17
ATT-01218,CRM-3708,document_1218.csv,csv,1764,user0017,2026-01-09
ATT-01219,CRM-2082,document_1219.docx,docx,2868,user0028,2025-09-26
ATT-01220,DATA-1785,document_1220.docx,docx,3016,user0026,2025-10-04
ATT-01221,ERP-1335,document_1221.pdf,pdf,3067,user0002,2026-03-07
ATT-01222,ECOM-2775,document_1222.xlsx,xlsx,2055,user0014,2026-09-10
ATT-01223,ECOM-4373,document_1223.pdf,pdf,4001,user0008,2025-11-28
ATT-01224,ERP-3040,document_1224.csv,csv,3110,user0036,2025-10-03
ATT-01225,SEC-1990,document_1225.xlsx,xlsx,3776,user0032,2026-03-25
ATT-01226,ECOM-4541,document_1226.jpg,jpg,2115,user0015,2026-08-15
ATT-01227,ERP-728,document_1227.jpg,jpg,4793,user0037,2026-01-26
ATT-01228,ERP-2757,document_1228.csv,csv,4641,user0039,2026-03-17
ATT-01229,ECOM-2810,document_1229.csv,csv,3855,user0018,2026-07-31
ATT-01230,CRM-4271,document_1230.pdf,pdf,1059,user0002,2026-02-17
ATT-01231,CLOUD-1569,document_1231.xlsx,xlsx,1448,user0007,2025-09-20
ATT-01232,ERP-258,document_1232.png,png,3416,user0022,2026-01-28
ATT-01233,CLOUD-215,document_1233.xlsx,xlsx,368,user0023,2026-04-09
ATT-01234,BANK-4147,document_1234.png,png,2906,user0049,2026-04-09
ATT-01235,BI-3832,document_1235.xlsx,xlsx,2572,user0037,2026-02-08
ATT-01236,BANK-1636,document_1236.pdf,pdf,849,user0004,2025-11-15
ATT-01237,CLOUD-2125,document_1237.png,png,943,user0020,2026-04-01
ATT-01238,MOB-2679,document_1238.csv,csv,3729,user0040,2026-08-08
ATT-01239,MOB-1479,document_1239.docx,docx,2576,user0045,2025-11-16
ATT-01240,BANK-2506,document_1240.docx,docx,1764,user0045,2026-03-08
ATT-01241,DATA-3758,document_1241.pdf,pdf,1213,user0043,2026-06-04
ATT-01242,BI-3551,document_1242.xlsx,xlsx,4485,user0034,2026-06-30
ATT-01243,CRM-708,document_1243.xlsx,xlsx,3079,user0012,2026-02-09
ATT-01244,CRM-2515,document_1244.xlsx,xlsx,1634,user0024,2025-11-14
ATT-01245,ECOM-4269,document_1245.png,png,2014,user0009,2025-10-08
ATT-01246,ECOM-3802,document_1246.csv,csv,2290,user0020,2025-10-27
ATT-01247,ECOM-4294,document_1247.xlsx,xlsx,3945,user0050,2026-02-04
ATT-01248,MOB-932,document_1248.pdf,pdf,1289,user0010,2026-04-17
ATT-01249,ERP-4148,document_1249.pdf,pdf,4196,user0014,2026-02-28
ATT-01250,SEC-2453,document_1250.png,png,1051,user0015,2026-03-09
ATT-01251,CRM-1624,document_1251.csv,csv,2019,user0032,2026-02-24
ATT-01252,BI-2592,document_1252.pdf,pdf,4540,user0029,2026-01-27
ATT-01253,MOB-4772,document_1253.csv,csv,2011,user0049,2026-01-22
ATT-01254,ECOM-1369,document_1254.png,png,163,user0031,2025-12-16
ATT-01255,ECOM-1062,document_1255.pdf,pdf,1361,user0007,2026-07-26
ATT-01256,PORTAL-4293,document_1256.pdf,pdf,79,user0029,2026-08-15
ATT-01257,BI-1003,document_1257.docx,docx,4839,user0033,2026-07-03
ATT-01258,DATA-2075,document_1258.png,png,2391,user0043,2025-09-18
ATT-01259,ERP-3777,document_1259.png,png,801,user0049,2025-12-04
ATT-01260,BANK-4536,document_1260.png,png,1025,user0041,2026-07-31
ATT-01261,ECOM-1152,document_1261.pdf,pdf,2593,user0011,2025-12-22
ATT-01262,DATA-3894,document_1262.docx,docx,4622,user0006,2026-08-22
ATT-01263,MOB-3944,document_1263.png,png,1196,user0046,2025-12-31
ATT-01264,MOB-3607,document_1264.png,png,2630,user0035,2025-12-06
ATT-01265,CRM-3439,document_1265.pdf,pdf,4581,user0006,2025-09-25
ATT-01266,BANK-4931,document_1266.xlsx,xlsx,3208,user0043,2026-07-25
ATT-01267,MOB-3631,document_1267.docx,docx,4205,user0002,2026-02-17
ATT-01268,PORTAL-1411,document_1268.docx,docx,2505,user0015,2025-09-27
ATT-01269,ERP-1294,document_1269.docx,docx,1920,user0040,2026-08-20
ATT-01270,CLOUD-2659,document_1270.pdf,pdf,3409,user0050,2025-11-05
ATT-01271,BANK-1902,document_1271.jpg,jpg,499,user0012,2026-01-07
ATT-01272,SEC-3173,document_1272.jpg,jpg,2815,user0029,2025-10-29
ATT-01273,CRM-4873,document_1273.jpg,jpg,4609,user0034,2025-10-23
ATT-01274,DATA-1594,document_1274.csv,csv,1480,user0024,2026-09-07
ATT-01275,CRM-335,document_1275.jpg,jpg,1452,user0043,2026-01-28
ATT-01276,SEC-321,document_1276.docx,docx,1973,user0034,2025-09-24
ATT-01277,BANK-3030,document_1277.png,png,2854,user0024,2025-11-28
ATT-01278,PORTAL-2563,document_1278.png,png,2501,user0044,2025-12-28
ATT-01279,BANK-2427,document_1279.docx,docx,284,user0009,2026-07-18
ATT-01280,ECOM-4329,document_1280.jpg,jpg,527,user0050,2026-08-31
ATT-01281,BI-4977,document_1281.xlsx,xlsx,2214,user0043,2026-04-15
ATT-01282,CLOUD-1455,document_1282.png,png,4837,user0009,2025-11-10
ATT-01283,CLOUD-3941,document_1283.xlsx,xlsx,4426,user0014,2026-02-03
ATT-01284,BANK-1121,document_1284.csv,csv,175,user0014,2026-05-28
ATT-01285,CRM-2341,document_1285.png,png,3664,user0006,2026-01-30
ATT-01286,BANK-2641,document_1286.xlsx,xlsx,4297,user0022,2026-02-20
ATT-01287,SEC-1230,document_1287.png,png,271,user0007,2025-09-18
ATT-01288,PORTAL-3446,document_1288.xlsx,xlsx,4423,user0001,2026-03-06
ATT-01289,CLOUD-62,document_1289.csv,csv,1940,user0025,2026-03-03
ATT-01290,MOB-2706,document_1290.pdf,pdf,3508,user0035,2026-08-02
ATT-01291,PORTAL-1108,document_1291.jpg,jpg,3618,user0042,2025-11-15
ATT-01292,BANK-1913,document_1292.pdf,pdf,2477,user0019,2026-04-13
ATT-01293,MOB-4615,document_1293.xlsx,xlsx,1864,user0018,2025-09-29
ATT-01294,ECOM-595,document_1294.csv,csv,3528,user0005,2026-09-09
ATT-01295,PORTAL-1753,document_1295.docx,docx,1391,user0046,2026-05-31
ATT-01296,ECOM-3847,document_1296.docx,docx,3701,user0005,2026-02-03
ATT-01297,SEC-4201,document_1297.xlsx,xlsx,2071,user0008,2025-10-12
ATT-01298,CLOUD-227,document_1298.docx,docx,4404,user0043,2026-02-01
ATT-01299,PORTAL-1885,document_1299.docx,docx,3423,user0033,2026-07-04
ATT-01300,ERP-1072,document_1300.docx,docx,3618,user0040,2025-12-23
ATT-01301,CLOUD-4600,document_1301.csv,csv,3379,user0031,2025-09-29
ATT-01302,SEC-4995,document_1302.png,png,103,user0045,2026-07-01
ATT-01303,ERP-3262,document_1303.csv,csv,4006,user0048,2025-10-12
ATT-01304,PORTAL-33,document_1304.docx,docx,3785,user0018,2026-07-02
ATT-01305,BI-4623,document_1305.jpg,jpg,1565,user0007,2026-02-12
ATT-01306,ERP-291,document_1306.pdf,pdf,178,user0037,2026-01-02
ATT-01307,BI-3202,document_1307.xlsx,xlsx,1347,user0038,2026-06-16
ATT-01308,DATA-789,document_1308.jpg,jpg,1461,user0035,2026-01-21
ATT-01309,BANK-3429,document_1309.png,png,3413,user0050,2025-12-11
ATT-01310,BI-2418,document_1310.png,png,1871,user0034,2026-06-20
ATT-01311,BANK-3771,document_1311.pdf,pdf,3712,user0026,2026-08-14
ATT-01312,CRM-2154,document_1312.xlsx,xlsx,1225,user0022,2026-02-16
ATT-01313,SEC-321,document_1313.png,png,1534,user0029,2026-05-09
ATT-01314,MOB-1107,document_1314.png,png,66,user0034,2026-06-16
ATT-01315,BANK-2290,document_1315.pdf,pdf,2661,user0008,2026-04-12
ATT-01316,CLOUD-73,document_1316.docx,docx,189,user0035,2026-08-10
ATT-01317,ERP-3876,document_1317.png,png,1576,user0044,2026-02-06
ATT-01318,ECOM-2675,document_1318.csv,csv,1748,user0046,2026-09-03
ATT-01319,BANK-2601,document_1319.jpg,jpg,3029,user0020,2026-04-14
ATT-01320,ERP-2104,document_1320.csv,csv,3206,user0020,2026-06-19
ATT-01321,CLOUD-3268,document_1321.xlsx,xlsx,2253,user0050,2026-06-14
ATT-01322,SEC-2785,document_1322.xlsx,xlsx,447,user0002,2026-01-09
ATT-01323,BI-84,document_1323.jpg,jpg,1252,user0003,2025-09-23
ATT-01324,BANK-2973,document_1324.xlsx,xlsx,3970,user0011,2026-01-04
ATT-01325,MOB-4195,document_1325.jpg,jpg,3910,user0045,2026-02-13
ATT-01326,DATA-4033,document_1326.xlsx,xlsx,1733,user0047,2026-04-02
ATT-01327,SEC-3450,document_1327.csv,csv,3681,user0036,2025-10-20
ATT-01328,MOB-1381,document_1328.docx,docx,4697,user0045,2025-12-14
ATT-01329,CLOUD-2301,document_1329.pdf,pdf,3399,user0002,2026-08-07
ATT-01330,BI-2509,document_1330.pdf,pdf,2632,user0020,2026-04-21
ATT-01331,DATA-4654,document_1331.pdf,pdf,510,user0016,2025-12-18
ATT-01332,BI-2701,document_1332.csv,csv,3622,user0011,2026-03-06
ATT-01333,DATA-517,document_1333.csv,csv,2876,user0023,2026-04-27
ATT-01334,BANK-116,document_1334.png,png,4778,user0037,2026-07-14
ATT-01335,MOB-2864,document_1335.png,png,2525,user0007,2025-12-07
ATT-01336,CRM-4243,document_1336.csv,csv,1770,user0038,2026-05-23
ATT-01337,DATA-2122,document_1337.jpg,jpg,1336,user0032,2026-08-10
ATT-01338,PORTAL-342,document_1338.docx,docx,263,user0009,2026-02-24
ATT-01339,BI-840,document_1339.jpg,jpg,3835,user0005,2026-03-04
ATT-01340,ERP-4346,document_1340.jpg,jpg,4704,user0039,2026-08-26
ATT-01341,CLOUD-119,document_1341.csv,csv,2747,user0015,2026-07-08
ATT-01342,BANK-4587,document_1342.jpg,jpg,758,user0039,2026-04-18
ATT-01343,SEC-3467,document_1343.xlsx,xlsx,837,user0025,2026-04-21
ATT-01344,PORTAL-2913,document_1344.pdf,pdf,82,user0033,2026-03-05
ATT-01345,ECOM-11,document_1345.png,png,3272,user0041,2026-08-12
ATT-01346,CRM-4241,document_1346.csv,csv,1496,user0006,2026-04-11
ATT-01347,CRM-2724,document_1347.jpg,jpg,1784,user0013,2026-06-22
ATT-01348,MOB-3811,document_1348.xlsx,xlsx,3787,user0048,2026-05-06
ATT-01349,BI-1423,document_1349.xlsx,xlsx,4800,user0050,2026-01-23
ATT-01350,MOB-4195,document_1350.docx,docx,707,user0025,2026-07-24
ATT-01351,SEC-2773,document_1351.pdf,pdf,133,user0001,2025-11-15
ATT-01352,CRM-2010,document_1352.csv,csv,4904,user0044,2025-10-28
ATT-01353,MOB-2043,document_1353.pdf,pdf,1744,user0010,2026-02-17
ATT-01354,BANK-1957,document_1354.png,png,2535,user0014,2026-07-22
ATT-01355,SEC-2665,document_1355.docx,docx,2113,user0010,2026-01-04
ATT-01356,PORTAL-4762,document_1356.jpg,jpg,3642,user0012,2026-09-04
ATT-01357,ECOM-1365,document_1357.csv,csv,2488,user0004,2026-06-08
ATT-01358,CLOUD-2827,document_1358.xlsx,xlsx,2494,user0033,2026-08-16
ATT-01359,ERP-4435,document_1359.docx,docx,3400,user0027,2026-04-18
ATT-01360,BANK-2002,document_1360.png,png,1926,user0014,2026-07-01
ATT-01361,DATA-3497,document_1361.jpg,jpg,4617,user0022,2026-07-08
ATT-01362,BANK-4306,document_1362.pdf,pdf,1691,user0033,2025-11-12
ATT-01363,ECOM-4725,document_1363.csv,csv,2549,user0002,2025-12-22
ATT-01364,SEC-4131,document_1364.jpg,jpg,4749,user0015,2025-12-27
ATT-01365,ECOM-123,document_1365.csv,csv,1241,user0027,2025-10-13
ATT-01366,BI-2471,document_1366.csv,csv,1360,user0022,2026-06-16
ATT-01367,ERP-3277,document_1367.pdf,pdf,4932,user0007,2025-09-19
ATT-01368,DATA-2456,document_1368.csv,csv,2680,user0036,2026-02-21
ATT-01369,CRM-3874,document_1369.png,png,2116,user0039,2026-08-01
ATT-01370,CLOUD-2918,document_1370.pdf,pdf,2368,user0029,2025-10-10
ATT-01371,MOB-3250,document_1371.csv,csv,646,user0035,2026-03-13
ATT-01372,CLOUD-446,document_1372.jpg,jpg,992,user0033,2026-02-08
ATT-01373,ERP-3938,document_1373.docx,docx,2455,user0045,2025-11-28
ATT-01374,DATA-200,document_1374.csv,csv,4823,user0041,2026-05-10
ATT-01375,CRM-295,document_1375.csv,csv,1461,user0043,2026-09-05
ATT-01376,BI-1256,document_1376.docx,docx,4791,user0021,2026-08-14
ATT-01377,SEC-895,document_1377.jpg,jpg,1027,user0003,2026-01-27
ATT-01378,CRM-2082,document_1378.pdf,pdf,2387,user0034,2026-07-21
ATT-01379,SEC-3135,document_1379.png,png,294,user0010,2026-01-31
ATT-01380,PORTAL-900,document_1380.pdf,pdf,3458,user0013,2026-03-03
ATT-01381,DATA-4033,document_1381.csv,csv,890,user0032,2025-12-14
ATT-01382,MOB-3317,document_1382.docx,docx,1243,user0045,2026-09-13
ATT-01383,DATA-3557,document_1383.xlsx,xlsx,1511,user0005,2026-07-11
ATT-01384,BANK-1720,document_1384.xlsx,xlsx,2020,user0035,2026-02-08
ATT-01385,BI-3494,document_1385.png,png,3278,user0037,2026-02-03
ATT-01386,SEC-652,document_1386.csv,csv,4713,user0023,2026-08-02
ATT-01387,CRM-3958,document_1387.docx,docx,275,user0008,2026-08-24
ATT-01388,ECOM-4424,document_1388.png,png,2191,user0030,2025-11-28
ATT-01389,ERP-3327,document_1389.xlsx,xlsx,3665,user0017,2026-06-19
ATT-01390,BANK-428,document_1390.xlsx,xlsx,3730,user0033,2025-10-11
ATT-01391,BI-586,document_1391.pdf,pdf,1058,user0002,2026-05-14
ATT-01392,ECOM-3809,document_1392.png,png,3446,user0013,2026-01-10
ATT-01393,CLOUD-1305,document_1393.csv,csv,1553,user0023,2025-10-12
ATT-01394,ECOM-2105,document_1394.docx,docx,2278,user0050,2026-01-07
ATT-01395,DATA-2853,document_1395.pdf,pdf,1668,user0024,2026-09-14
ATT-01396,ECOM-1291,document_1396.docx,docx,1188,user0012,2026-03-03
ATT-01397,PORTAL-3017,document_1397.docx,docx,4125,user0016,2026-06-05
ATT-01398,ERP-2757,document_1398.png,png,315,user0035,2026-07-13
ATT-01399,SEC-4990,document_1399.pdf,pdf,1919,user0030,2026-03-09
ATT-01400,DATA-2288,document_1400.docx,docx,828,user0026,2026-01-19
ATT-01401,MOB-4369,document_1401.jpg,jpg,2123,user0015,2026-04-10
ATT-01402,DATA-310,document_1402.docx,docx,2970,user0030,2026-01-28
ATT-01403,BANK-3160,document_1403.xlsx,xlsx,2143,user0042,2026-03-12
ATT-01404,SEC-4776,document_1404.png,png,4987,user0043,2026-09-06
ATT-01405,DATA-922,document_1405.csv,csv,4021,user0037,2025-10-30
ATT-01406,BI-1288,document_1406.docx,docx,4106,user0041,2026-03-07
ATT-01407,DATA-3105,document_1407.png,png,3782,user0019,2026-01-29
ATT-01408,BI-2587,document_1408.png,png,3700,user0039,2025-10-16
ATT-01409,CLOUD-1715,document_1409.png,png,3910,user0041,2026-05-23
ATT-01410,SEC-995,document_1410.docx,docx,3213,user0032,2025-11-07
ATT-01411,CLOUD-1049,document_1411.xlsx,xlsx,1391,user0040,2026-03-25
ATT-01412,ERP-4055,document_1412.xlsx,xlsx,3923,user0023,2026-01-21
ATT-01413,ERP-112,document_1413.jpg,jpg,3189,user0028,2026-06-22
ATT-01414,BI-3535,document_1414.docx,docx,4829,user0040,2026-04-22
ATT-01415,PORTAL-4613,document_1415.jpg,jpg,2789,user0005,2026-02-11
ATT-01416,MOB-3844,document_1416.csv,csv,2724,user0024,2026-04-17
ATT-01417,ERP-79,document_1417.docx,docx,1851,user0042,2025-11-30
ATT-01418,CRM-2732,document_1418.xlsx,xlsx,506,user0002,2025-09-22
ATT-01419,ECOM-1591,document_1419.png,png,520,user0033,2026-04-05
ATT-01420,ERP-3816,document_1420.png,png,4838,user0003,2025-12-12
ATT-01421,MOB-4834,document_1421.png,png,4088,user0010,2026-07-01
ATT-01422,BANK-4125,document_1422.xlsx,xlsx,3412,user0021,2026-06-03
ATT-01423,DATA-408,document_1423.csv,csv,1884,user0048,2026-02-10
ATT-01424,BANK-4147,document_1424.docx,docx,1809,user0005,2026-04-20
ATT-01425,BI-2974,document_1425.jpg,jpg,1102,user0043,2026-08-04
ATT-01426,BI-1663,document_1426.png,png,4528,user0014,2026-03-06
ATT-01427,BI-4332,document_1427.csv,csv,2200,user0047,2026-08-26
ATT-01428,CLOUD-4780,document_1428.png,png,2800,user0009,2026-03-19
ATT-01429,ERP-2678,document_1429.jpg,jpg,221,user0018,2026-08-29
ATT-01430,BI-156,document_1430.png,png,1911,user0026,2025-10-11
ATT-01431,MOB-4044,document_1431.png,png,947,user0025,2025-12-18
ATT-01432,CLOUD-3165,document_1432.xlsx,xlsx,2040,user0023,2025-10-23
ATT-01433,SEC-999,document_1433.pdf,pdf,2394,user0048,2025-10-07
ATT-01434,BI-780,document_1434.png,png,2724,user0004,2026-03-22
ATT-01435,CLOUD-2827,document_1435.jpg,jpg,1772,user0023,2026-06-12
ATT-01436,ERP-3233,document_1436.xlsx,xlsx,4132,user0042,2026-05-21
ATT-01437,ERP-1289,document_1437.csv,csv,4905,user0033,2025-10-17
ATT-01438,SEC-2574,document_1438.jpg,jpg,3742,user0012,2026-01-26
ATT-01439,SEC-1729,document_1439.jpg,jpg,1975,user0002,2025-09-18
ATT-01440,SEC-1494,document_1440.csv,csv,992,user0046,2025-11-15
ATT-01441,MOB-2376,document_1441.pdf,pdf,1985,user0009,2026-09-10
ATT-01442,CRM-427,document_1442.docx,docx,2764,user0029,2026-05-27
ATT-01443,SEC-3431,document_1443.csv,csv,3485,user0005,2025-12-19
ATT-01444,MOB-483,document_1444.docx,docx,222,user0026,2026-02-21
ATT-01445,DATA-3212,document_1445.xlsx,xlsx,614,user0005,2025-12-27
ATT-01446,DATA-2035,document_1446.xlsx,xlsx,2192,user0049,2025-11-10
ATT-01447,SEC-551,document_1447.csv,csv,4891,user0024,2026-01-14
ATT-01448,MOB-2658,document_1448.xlsx,xlsx,1239,user0035,2025-10-27
ATT-01449,SEC-2131,document_1449.pdf,pdf,3213,user0029,2026-03-15
ATT-01450,CLOUD-1406,document_1450.csv,csv,656,user0041,2026-06-03
ATT-01451,CRM-3798,document_1451.xlsx,xlsx,1095,user0030,2025-11-13
ATT-01452,ERP-2292,document_1452.xlsx,xlsx,4185,user0012,2025-12-30
ATT-01453,CLOUD-887,document_1453.docx,docx,2561,user0031,2026-02-10
ATT-01454,PORTAL-2915,document_1454.png,png,228,user0050,2026-09-02
ATT-01455,CRM-1351,document_1455.docx,docx,725,user0002,2026-02-14
ATT-01456,ERP-173,document_1456.pdf,pdf,4262,user0005,2025-10-19
ATT-01457,BANK-839,document_1457.docx,docx,3357,user0031,2026-01-13
ATT-01458,BANK-4345,document_1458.png,png,3759,user0009,2025-11-05
ATT-01459,ECOM-1959,document_1459.docx,docx,4503,user0012,2026-01-14
ATT-01460,MOB-4913,document_1460.csv,csv,762,user0008,2025-09-25
ATT-01461,PORTAL-1971,document_1461.jpg,jpg,3377,user0038,2025-10-14
ATT-01462,MOB-1668,document_1462.jpg,jpg,1041,user0043,2026-06-22
ATT-01463,DATA-3536,document_1463.docx,docx,3080,user0011,2026-08-11
ATT-01464,DATA-270,document_1464.pdf,pdf,2646,user0027,2026-05-29
ATT-01465,ERP-2358,document_1465.jpg,jpg,1875,user0025,2025-11-22
ATT-01466,ECOM-1385,document_1466.docx,docx,1064,user0012,2026-04-19
ATT-01467,SEC-1146,document_1467.xlsx,xlsx,2050,user0005,2026-08-12
ATT-01468,DATA-881,document_1468.jpg,jpg,2175,user0044,2026-07-07
ATT-01469,ERP-4894,document_1469.xlsx,xlsx,1890,user0004,2026-07-01
ATT-01470,ERP-1832,document_1470.docx,docx,3089,user0045,2025-12-15
ATT-01471,BI-2883,document_1471.png,png,4714,user0027,2026-08-02
ATT-01472,BI-2187,document_1472.pdf,pdf,3844,user0008,2025-10-09
ATT-01473,PORTAL-1673,document_1473.jpg,jpg,763,user0032,2025-11-21
ATT-01474,PORTAL-3291,document_1474.csv,csv,442,user0034,2026-03-25
ATT-01475,SEC-1583,document_1475.png,png,2852,user0041,2026-08-05
ATT-01476,BI-1894,document_1476.pdf,pdf,1672,user0015,2026-04-22
ATT-01477,BANK-4402,document_1477.csv,csv,824,user0012,2026-04-09
ATT-01478,BI-1943,document_1478.jpg,jpg,1686,user0006,2026-01-27
ATT-01479,BI-2914,document_1479.png,png,766,user0015,2025-10-12
ATT-01480,BANK-2488,document_1480.csv,csv,314,user0035,2025-10-20
ATT-01481,CLOUD-1022,document_1481.csv,csv,1392,user0043,2025-11-08
ATT-01482,BI-3279,document_1482.png,png,3117,user0005,2025-11-11
ATT-01483,ECOM-2107,document_1483.csv,csv,394,user0014,2026-01-04
ATT-01484,BANK-1903,document_1484.pdf,pdf,1021,user0008,2025-11-16
ATT-01485,ERP-4621,document_1485.pdf,pdf,3958,user0006,2026-07-24
ATT-01486,ERP-4472,document_1486.png,png,3795,user0001,2026-05-03
ATT-01487,BI-1301,document_1487.pdf,pdf,1085,user0022,2026-05-15
ATT-01488,CRM-4390,document_1488.jpg,jpg,490,user0001,2026-05-03
ATT-01489,SEC-634,document_1489.pdf,pdf,4891,user0011,2026-02-26
ATT-01490,BANK-2698,document_1490.docx,docx,4880,user0015,2026-01-17
ATT-01491,ERP-4723,document_1491.docx,docx,3093,user0004,2025-09-21
ATT-01492,PORTAL-2593,document_1492.pdf,pdf,296,user0015,2026-09-02
ATT-01493,SEC-4595,document_1493.csv,csv,1553,user0030,2025-09-20
ATT-01494,BANK-4156,document_1494.csv,csv,3935,user0019,2025-10-08
ATT-01495,BI-1133,document_1495.xlsx,xlsx,485,user0032,2026-04-09
ATT-01496,BANK-3983,document_1496.jpg,jpg,2465,user0035,2026-07-16
ATT-01497,BI-2068,document_1497.docx,docx,3924,user0010,2026-07-19
ATT-01498,ECOM-4211,document_1498.pdf,pdf,2131,user0045,2026-04-12
ATT-01499,SEC-3050,document_1499.csv,csv,1684,user0033,2025-11-03
ATT-01500,ECOM-2631,document_1500.docx,docx,1656,user0004,2026-03-23
ATT-01501,ECOM-4832,document_1501.pdf,pdf,4254,user0011,2026-08-09
ATT-01502,MOB-966,document_1502.docx,docx,4748,user0041,2026-06-18
ATT-01503,MOB-3669,document_1503.png,png,1314,user0036,2026-06-06
ATT-01504,ECOM-3735,document_1504.png,png,3295,user0040,2026-05-02
ATT-01505,CRM-1346,document_1505.pdf,pdf,1165,user0012,2026-05-05
ATT-01506,ECOM-4725,document_1506.png,png,4633,user0037,2026-04-20
ATT-01507,ECOM-1482,document_1507.csv,csv,2390,user0050,2025-09-25
ATT-01508,MOB-420,document_1508.xlsx,xlsx,564,user0001,2026-07-30
ATT-01509,BI-563,document_1509.xlsx,xlsx,3557,user0016,2026-05-02
ATT-01510,CRM-4827,document_1510.png,png,4792,user0039,2025-09-30
ATT-01511,PORTAL-2927,document_1511.jpg,jpg,4599,user0009,2025-10-13
ATT-01512,SEC-1848,document_1512.png,png,64,user0014,2026-04-21
ATT-01513,ECOM-1307,document_1513.jpg,jpg,4742,user0033,2025-10-16
ATT-01514,BI-1273,document_1514.xlsx,xlsx,1605,user0034,2025-09-16
ATT-01515,CRM-2770,document_1515.jpg,jpg,1666,user0033,2026-02-01
ATT-01516,DATA-860,document_1516.docx,docx,744,user0005,2026-08-12
ATT-01517,CRM-3796,document_1517.xlsx,xlsx,4065,user0023,2025-10-30
ATT-01518,CRM-1263,document_1518.jpg,jpg,2504,user0025,2026-01-19
ATT-01519,BANK-3678,document_1519.csv,csv,2858,user0020,2025-10-09
ATT-01520,CRM-3479,document_1520.jpg,jpg,1514,user0023,2026-03-24
ATT-01521,CLOUD-2345,document_1521.docx,docx,3174,user0020,2026-07-15
ATT-01522,MOB-3790,document_1522.xlsx,xlsx,3013,user0039,2026-05-01
ATT-01523,MOB-2583,document_1523.pdf,pdf,275,user0010,2025-12-15
ATT-01524,CRM-3657,document_1524.xlsx,xlsx,3353,user0039,2026-04-30
ATT-01525,BI-1168,document_1525.docx,docx,253,user0031,2026-02-16
ATT-01526,CLOUD-4829,document_1526.pdf,pdf,3664,user0005,2026-08-18
ATT-01527,SEC-1475,document_1527.csv,csv,493,user0010,2026-07-12
ATT-01528,BANK-716,document_1528.jpg,jpg,251,user0039,2026-07-16
ATT-01529,MOB-1698,document_1529.pdf,pdf,2410,user0035,2026-01-01
ATT-01530,ERP-52,document_1530.pdf,pdf,580,user0012,2026-07-28
ATT-01531,CRM-3505,document_1531.xlsx,xlsx,3176,user0005,2025-11-05
ATT-01532,DATA-3781,document_1532.docx,docx,1482,user0032,2026-08-04
ATT-01533,PORTAL-3629,document_1533.xlsx,xlsx,318,user0033,2026-04-03
ATT-01534,CRM-625,document_1534.xlsx,xlsx,666,user0012,2026-04-06
ATT-01535,ECOM-584,document_1535.csv,csv,982,user0019,2026-03-10
ATT-01536,ERP-4745,document_1536.png,png,3918,user0043,2025-10-18
ATT-01537,BANK-3321,document_1537.xlsx,xlsx,2497,user0035,2026-08-17
ATT-01538,BI-3799,document_1538.docx,docx,3559,user0019,2026-03-10
ATT-01539,SEC-3151,document_1539.docx,docx,2331,user0013,2026-08-24
ATT-01540,ECOM-1439,document_1540.xlsx,xlsx,866,user0035,2026-07-07
ATT-01541,CRM-762,document_1541.pdf,pdf,1473,user0047,2025-10-11
ATT-01542,MOB-1204,document_1542.docx,docx,2002,user0042,2025-10-24
ATT-01543,CLOUD-4829,document_1543.docx,docx,2433,user0030,2026-08-31
ATT-01544,CLOUD-1665,document_1544.png,png,3417,user0007,2025-10-18
ATT-01545,BI-3064,document_1545.csv,csv,3324,user0035,2025-11-15
ATT-01546,CLOUD-1798,document_1546.docx,docx,651,user0003,2026-02-21
ATT-01547,BANK-3148,document_1547.xlsx,xlsx,3684,user0036,2026-08-11
ATT-01548,CRM-2620,document_1548.jpg,jpg,3273,user0028,2026-01-14
ATT-01549,ECOM-692,document_1549.csv,csv,2626,user0024,2026-08-09
ATT-01550,SEC-3852,document_1550.pdf,pdf,2873,user0048,2025-09-19
ATT-01551,PORTAL-4457,document_1551.jpg,jpg,4256,user0037,2026-06-01
ATT-01552,CRM-1557,document_1552.png,png,2349,user0038,2026-06-24
ATT-01553,SEC-4659,document_1553.xlsx,xlsx,3187,user0017,2025-12-23
ATT-01554,ECOM-4987,document_1554.pdf,pdf,2158,user0023,2026-06-27
ATT-01555,CLOUD-2202,document_1555.xlsx,xlsx,2363,user0021,2026-05-29
ATT-01556,PORTAL-3299,document_1556.png,png,4948,user0011,2026-01-22
ATT-01557,PORTAL-4144,document_1557.jpg,jpg,2139,user0009,2026-01-12
ATT-01558,PORTAL-679,document_1558.png,png,4068,user0001,2025-11-15
ATT-01559,CLOUD-4576,document_1559.csv,csv,4039,user0035,2026-07-05
ATT-01560,ERP-4098,document_1560.xlsx,xlsx,4758,user0019,2026-02-25
ATT-01561,MOB-3169,document_1561.jpg,jpg,4433,user0028,2026-05-24
ATT-01562,MOB-1247,document_1562.png,png,2375,user0005,2026-04-26
ATT-01563,DATA-4496,document_1563.csv,csv,410,user0033,2025-12-07
ATT-01564,BI-4430,document_1564.xlsx,xlsx,2737,user0049,2026-03-11
ATT-01565,MOB-3085,document_1565.xlsx,xlsx,2554,user0026,2026-07-11
ATT-01566,BI-1927,document_1566.docx,docx,903,user0048,2026-09-02
ATT-01567,ERP-2905,document_1567.csv,csv,4823,user0039,2026-06-05
ATT-01568,CRM-343,document_1568.csv,csv,998,user0026,2026-01-04
ATT-01569,ECOM-3155,document_1569.csv,csv,2393,user0011,2026-04-15
ATT-01570,SEC-1731,document_1570.jpg,jpg,1683,user0046,2025-09-23
ATT-01571,CRM-1078,document_1571.pdf,pdf,4719,user0041,2026-01-28
ATT-01572,DATA-3123,document_1572.xlsx,xlsx,4353,user0024,2025-10-10
ATT-01573,PORTAL-4323,document_1573.png,png,2544,user0034,2026-01-14
ATT-01574,BANK-4107,document_1574.csv,csv,4933,user0006,2025-10-19
ATT-01575,BI-549,document_1575.jpg,jpg,4648,user0050,2025-12-08
ATT-01576,BANK-428,document_1576.png,png,541,user0008,2026-06-30
ATT-01577,ECOM-3278,document_1577.jpg,jpg,2817,user0020,2026-03-12
ATT-01578,DATA-1541,document_1578.xlsx,xlsx,3994,user0016,2026-02-04
ATT-01579,BANK-691,document_1579.csv,csv,3414,user0007,2026-04-18
ATT-01580,BI-2187,document_1580.png,png,2569,user0007,2026-06-24
ATT-01581,CRM-3798,document_1581.pdf,pdf,472,user0045,2026-02-26
ATT-01582,BANK-873,document_1582.png,png,4127,user0015,2026-01-27
ATT-01583,MOB-1432,document_1583.jpg,jpg,1500,user0014,2026-09-01
ATT-01584,PORTAL-1938,document_1584.docx,docx,328,user0022,2026-08-14
ATT-01585,ERP-2211,document_1585.xlsx,xlsx,4573,user0015,2026-01-01
ATT-01586,CRM-3581,document_1586.xlsx,xlsx,2204,user0041,2025-11-05
ATT-01587,CRM-4592,document_1587.jpg,jpg,3130,user0023,2026-01-06
ATT-01588,BANK-443,document_1588.docx,docx,2713,user0009,2026-02-09
ATT-01589,DATA-4342,document_1589.jpg,jpg,2628,user0034,2026-09-10
ATT-01590,ECOM-3225,document_1590.jpg,jpg,1591,user0033,2026-03-28
ATT-01591,BI-1353,document_1591.xlsx,xlsx,2510,user0020,2025-10-05
ATT-01592,CRM-3605,document_1592.csv,csv,4054,user0032,2026-07-17
ATT-01593,CLOUD-3861,document_1593.xlsx,xlsx,467,user0014,2025-09-30
ATT-01594,ERP-2839,document_1594.xlsx,xlsx,2462,user0008,2026-07-25
ATT-01595,SEC-3325,document_1595.xlsx,xlsx,3043,user0030,2026-07-22
ATT-01596,PORTAL-519,document_1596.png,png,3503,user0046,2026-04-15
ATT-01597,ECOM-2014,document_1597.docx,docx,3378,user0003,2026-04-11
ATT-01598,PORTAL-2400,document_1598.jpg,jpg,4615,user0021,2026-07-21
ATT-01599,ECOM-4738,document_1599.xlsx,xlsx,3505,user0004,2026-05-10
ATT-01600,SEC-3909,document_1600.png,png,2637,user0014,2026-07-14
ATT-01601,MOB-4526,document_1601.csv,csv,4716,user0023,2026-02-16
ATT-01602,BI-3466,document_1602.jpg,jpg,205,user0047,2026-02-22
ATT-01603,MOB-1276,document_1603.jpg,jpg,3416,user0036,2026-05-31
ATT-01604,CRM-4039,document_1604.csv,csv,1980,user0017,2026-03-19
ATT-01605,ERP-4611,document_1605.docx,docx,1898,user0032,2026-06-22
ATT-01606,BI-3609,document_1606.docx,docx,3945,user0044,2026-09-02
ATT-01607,CRM-1662,document_1607.png,png,177,user0040,2026-08-19
ATT-01608,DATA-4120,document_1608.pdf,pdf,1771,user0029,2026-04-13
ATT-01609,PORTAL-3901,document_1609.jpg,jpg,3189,user0035,2025-11-06
ATT-01610,PORTAL-4969,document_1610.csv,csv,2367,user0023,2026-06-25
ATT-01611,SEC-439,document_1611.docx,docx,2572,user0029,2026-05-17
ATT-01612,MOB-4650,document_1612.pdf,pdf,3442,user0009,2025-12-22
ATT-01613,CLOUD-750,document_1613.docx,docx,4940,user0032,2025-11-13
ATT-01614,PORTAL-1316,document_1614.docx,docx,755,user0049,2026-03-12
ATT-01615,ECOM-3360,document_1615.png,png,3102,user0007,2026-06-09
ATT-01616,PORTAL-211,document_1616.xlsx,xlsx,584,user0038,2026-03-25
ATT-01617,CLOUD-2634,document_1617.xlsx,xlsx,623,user0018,2025-09-17
ATT-01618,MOB-815,document_1618.docx,docx,2201,user0022,2026-08-08
ATT-01619,ERP-137,document_1619.png,png,85,user0018,2026-03-18
ATT-01620,CRM-1263,document_1620.jpg,jpg,1832,user0016,2026-08-17
ATT-01621,ERP-4523,document_1621.docx,docx,941,user0022,2025-09-16
ATT-01622,ECOM-246,document_1622.docx,docx,1096,user0011,2026-08-04
ATT-01623,DATA-4003,document_1623.xlsx,xlsx,4266,user0048,2026-07-30
ATT-01624,DATA-4077,document_1624.png,png,284,user0021,2026-01-03
ATT-01625,MOB-374,document_1625.pdf,pdf,691,user0043,2026-04-24
ATT-01626,ERP-559,document_1626.csv,csv,2127,user0002,2026-04-23
ATT-01627,MOB-3067,document_1627.png,png,1598,user0027,2026-03-16
ATT-01628,MOB-4310,document_1628.docx,docx,618,user0045,2026-07-10
ATT-01629,BI-2900,document_1629.pdf,pdf,3799,user0017,2026-04-01
ATT-01630,BI-2230,document_1630.png,png,526,user0006,2026-04-20
ATT-01631,MOB-3754,document_1631.docx,docx,4404,user0012,2025-12-21
ATT-01632,SEC-4041,document_1632.pdf,pdf,2074,user0044,2026-04-15
ATT-01633,BANK-4392,document_1633.xlsx,xlsx,3193,user0045,2026-04-20
ATT-01634,ERP-2727,document_1634.png,png,343,user0012,2025-12-24
ATT-01635,DATA-570,document_1635.jpg,jpg,4120,user0001,2025-12-27
ATT-01636,DATA-4027,document_1636.csv,csv,3451,user0039,2025-09-26
ATT-01637,MOB-3821,document_1637.docx,docx,690,user0008,2026-08-19
ATT-01638,BANK-2668,document_1638.docx,docx,488,user0016,2026-02-18
ATT-01639,BANK-368,document_1639.png,png,3088,user0024,2026-04-21
ATT-01640,PORTAL-1793,document_1640.png,png,557,user0033,2026-03-19
ATT-01641,PORTAL-4510,document_1641.csv,csv,4437,user0048,2026-09-06
ATT-01642,ERP-4748,document_1642.pdf,pdf,2022,user0042,2025-10-26
ATT-01643,ERP-3786,document_1643.docx,docx,1817,user0012,2025-12-29
ATT-01644,CLOUD-3060,document_1644.csv,csv,3773,user0012,2026-05-04
ATT-01645,MOB-3138,document_1645.docx,docx,3840,user0002,2025-10-29
ATT-01646,DATA-262,document_1646.pdf,pdf,2709,user0048,2025-10-23
ATT-01647,CLOUD-4576,document_1647.png,png,3392,user0012,2026-01-03
ATT-01648,ECOM-448,document_1648.jpg,jpg,3474,user0015,2025-12-25
ATT-01649,BANK-4267,document_1649.pdf,pdf,3371,user0009,2026-02-27
ATT-01650,ECOM-230,document_1650.png,png,4096,user0024,2026-02-07
ATT-01651,BI-645,document_1651.pdf,pdf,106,user0022,2025-10-19
ATT-01652,ERP-2281,document_1652.docx,docx,3717,user0042,2025-10-23
ATT-01653,CRM-1980,document_1653.jpg,jpg,941,user0027,2026-03-23
ATT-01654,ECOM-2963,document_1654.xlsx,xlsx,4077,user0003,2026-04-11
ATT-01655,DATA-41,document_1655.png,png,4416,user0033,2026-01-07
ATT-01656,MOB-4851,document_1656.png,png,3481,user0002,2026-04-08
ATT-01657,CLOUD-1554,document_1657.csv,csv,4032,user0018,2026-06-04
ATT-01658,DATA-1109,document_1658.png,png,1600,user0044,2026-08-23
ATT-01659,ERP-4372,document_1659.png,png,1066,user0034,2025-10-09
ATT-01660,BI-2496,document_1660.csv,csv,2061,user0021,2026-08-19
ATT-01661,BI-1391,document_1661.xlsx,xlsx,3375,user0047,2025-09-24
ATT-01662,CRM-674,document_1662.pdf,pdf,4054,user0026,2026-06-10
ATT-01663,DATA-1135,document_1663.png,png,2160,user0002,2026-01-29
ATT-01664,BANK-4370,document_1664.png,png,3254,user0015,2026-06-15
ATT-01665,BANK-4586,document_1665.docx,docx,3488,user0049,2026-06-10
ATT-01666,ECOM-2314,document_1666.jpg,jpg,1354,user0008,2025-10-02
ATT-01667,ERP-3748,document_1667.png,png,918,user0017,2026-07-17
ATT-01668,MOB-1660,document_1668.jpg,jpg,3699,user0012,2025-11-02
ATT-01669,ERP-2415,document_1669.png,png,1607,user0019,2026-06-19
ATT-01670,SEC-4661,document_1670.pdf,pdf,967,user0002,2025-11-24
ATT-01671,BANK-455,document_1671.jpg,jpg,2996,user0024,2026-01-22
ATT-01672,BI-1655,document_1672.csv,csv,1025,user0047,2026-08-09
ATT-01673,BI-491,document_1673.docx,docx,3531,user0042,2026-08-28
ATT-01674,BANK-4786,document_1674.docx,docx,1185,user0015,2026-04-22
ATT-01675,BI-2480,document_1675.png,png,4065,user0015,2026-02-04
ATT-01676,MOB-2475,document_1676.docx,docx,1073,user0002,2026-07-31
ATT-01677,ECOM-3776,document_1677.xlsx,xlsx,1133,user0022,2026-05-24
ATT-01678,CRM-4711,document_1678.csv,csv,3167,user0023,2026-01-29
ATT-01679,CRM-1444,document_1679.png,png,1111,user0049,2026-07-24
ATT-01680,CLOUD-2251,document_1680.jpg,jpg,2885,user0002,2025-11-24
ATT-01681,CRM-3051,document_1681.pdf,pdf,2561,user0038,2025-11-30
ATT-01682,PORTAL-51,document_1682.pdf,pdf,393,user0012,2026-03-09
ATT-01683,ECOM-2632,document_1683.png,png,3448,user0028,2026-05-18
ATT-01684,DATA-2684,document_1684.xlsx,xlsx,2438,user0019,2026-02-05
ATT-01685,ECOM-4885,document_1685.csv,csv,2031,user0011,2026-04-30
ATT-01686,ECOM-4464,document_1686.csv,csv,2782,user0024,2026-04-26
ATT-01687,PORTAL-2089,document_1687.jpg,jpg,3518,user0050,2025-12-23
ATT-01688,BANK-4842,document_1688.xlsx,xlsx,4831,user0010,2026-05-25
ATT-01689,DATA-2473,document_1689.csv,csv,2108,user0027,2025-09-28
ATT-01690,SEC-4411,document_1690.pdf,pdf,867,user0049,2026-09-06
ATT-01691,CLOUD-4967,document_1691.png,png,2249,user0016,2026-05-14
ATT-01692,ECOM-3601,document_1692.pdf,pdf,3542,user0040,2026-06-05
ATT-01693,BI-1844,document_1693.jpg,jpg,4011,user0001,2026-03-07
ATT-01694,ECOM-1090,document_1694.docx,docx,413,user0014,2026-06-17
ATT-01695,DATA-3559,document_1695.docx,docx,2738,user0011,2026-01-29
ATT-01696,CLOUD-1526,document_1696.pdf,pdf,2987,user0044,2025-11-02
ATT-01697,BI-3677,document_1697.xlsx,xlsx,3956,user0013,2026-05-31
ATT-01698,CLOUD-1424,document_1698.csv,csv,3781,user0021,2026-04-16
ATT-01699,MOB-1660,document_1699.csv,csv,207,user0038,2025-10-16
ATT-01700,SEC-3709,document_1700.jpg,jpg,3991,user0038,2026-03-07
ATT-01701,ERP-13,document_1701.pdf,pdf,4812,user0008,2026-06-11
ATT-01702,BANK-4421,document_1702.png,png,641,user0014,2026-05-21
ATT-01703,ERP-2169,document_1703.pdf,pdf,745,user0042,2026-08-21
ATT-01704,SEC-1325,document_1704.pdf,pdf,4005,user0032,2026-09-13
ATT-01705,ERP-3206,document_1705.docx,docx,1772,user0047,2026-05-04
ATT-01706,BI-2361,document_1706.csv,csv,4663,user0036,2026-02-19
ATT-01707,BI-4049,document_1707.png,png,2669,user0043,2025-10-27
ATT-01708,PORTAL-1630,document_1708.csv,csv,4065,user0049,2026-02-22
ATT-01709,ECOM-4373,document_1709.csv,csv,1207,user0011,2026-07-06
ATT-01710,BANK-3014,document_1710.docx,docx,3460,user0014,2026-08-24
ATT-01711,BANK-2848,document_1711.docx,docx,3792,user0047,2025-12-15
ATT-01712,CRM-1548,document_1712.pdf,pdf,845,user0005,2026-07-24
ATT-01713,CLOUD-3124,document_1713.pdf,pdf,3488,user0039,2026-05-02
ATT-01714,SEC-1261,document_1714.png,png,331,user0048,2026-06-10
ATT-01715,MOB-2679,document_1715.xlsx,xlsx,1191,user0027,2026-03-25
ATT-01716,CLOUD-1677,document_1716.pdf,pdf,1720,user0010,2026-07-17
ATT-01717,ECOM-4593,document_1717.png,png,1832,user0006,2025-12-29
ATT-01718,CLOUD-558,document_1718.pdf,pdf,3871,user0022,2026-06-09
ATT-01719,ERP-4879,document_1719.csv,csv,3014,user0015,2025-10-09
ATT-01720,CLOUD-1372,document_1720.csv,csv,1842,user0015,2026-07-18
ATT-01721,BANK-906,document_1721.xlsx,xlsx,1179,user0023,2026-05-21
ATT-01722,DATA-3001,document_1722.csv,csv,3307,user0017,2026-06-08
ATT-01723,SEC-2131,document_1723.docx,docx,898,user0029,2026-03-02
ATT-01724,MOB-4126,document_1724.png,png,400,user0002,2025-10-08
ATT-01725,CLOUD-3615,document_1725.csv,csv,760,user0021,2026-05-21
ATT-01726,CRM-1382,document_1726.xlsx,xlsx,743,user0008,2026-01-20
ATT-01727,BI-2985,document_1727.docx,docx,1645,user0036,2026-07-03
ATT-01728,ECOM-3642,document_1728.jpg,jpg,3869,user0036,2026-06-19
ATT-01729,ERP-664,document_1729.pdf,pdf,4132,user0007,2026-04-25
ATT-01730,CLOUD-1136,document_1730.jpg,jpg,4862,user0007,2025-09-23
ATT-01731,PORTAL-56,document_1731.png,png,849,user0014,2026-06-12
ATT-01732,SEC-2799,document_1732.docx,docx,209,user0046,2026-07-17
ATT-01733,SEC-3909,document_1733.jpg,jpg,4775,user0012,2025-09-30
ATT-01734,CLOUD-3294,document_1734.png,png,3055,user0006,2025-10-23
ATT-01735,ECOM-2947,document_1735.xlsx,xlsx,2500,user0033,2026-06-09
ATT-01736,PORTAL-2772,document_1736.xlsx,xlsx,1781,user0026,2026-03-22
ATT-01737,ECOM-3385,document_1737.csv,csv,3698,user0047,2026-02-09
ATT-01738,ERP-4349,document_1738.docx,docx,3494,user0008,2025-12-11
ATT-01739,SEC-328,document_1739.csv,csv,2755,user0049,2026-05-12
ATT-01740,CLOUD-1306,document_1740.pdf,pdf,4105,user0020,2026-05-31
ATT-01741,CRM-4271,document_1741.csv,csv,3983,user0027,2026-04-26
ATT-01742,BI-898,document_1742.jpg,jpg,1125,user0002,2026-05-16
ATT-01743,BANK-4906,document_1743.png,png,1312,user0048,2026-02-06
ATT-01744,SEC-929,document_1744.xlsx,xlsx,575,user0012,2025-09-14
ATT-01745,BANK-1449,document_1745.xlsx,xlsx,2388,user0045,2026-03-26
ATT-01746,ERP-2639,document_1746.csv,csv,1770,user0038,2026-04-03
ATT-01747,BANK-1564,document_1747.jpg,jpg,203,user0010,2026-05-30
ATT-01748,SEC-4658,document_1748.pdf,pdf,3675,user0042,2025-12-28
ATT-01749,ECOM-3307,document_1749.xlsx,xlsx,1078,user0036,2025-12-04
ATT-01750,BI-133,document_1750.jpg,jpg,2354,user0001,2026-04-08
ATT-01751,CLOUD-2385,document_1751.csv,csv,60,user0026,2026-03-04
ATT-01752,MOB-3977,document_1752.jpg,jpg,1023,user0022,2026-03-31
ATT-01753,DATA-931,document_1753.jpg,jpg,241,user0041,2025-10-09
ATT-01754,DATA-4654,document_1754.pdf,pdf,2875,user0050,2026-07-29
ATT-01755,CLOUD-3867,document_1755.xlsx,xlsx,1407,user0015,2026-04-16
ATT-01756,CLOUD-1046,document_1756.pdf,pdf,146,user0050,2025-12-28
ATT-01757,ERP-2511,document_1757.csv,csv,4129,user0007,2026-03-22
ATT-01758,PORTAL-1375,document_1758.docx,docx,1493,user0012,2025-12-16
ATT-01759,CLOUD-2896,document_1759.xlsx,xlsx,3806,user0013,2025-10-25
ATT-01760,CLOUD-16,document_1760.csv,csv,4316,user0019,2026-09-10
ATT-01761,ERP-210,document_1761.docx,docx,3613,user0031,2026-07-03
ATT-01762,MOB-1212,document_1762.pdf,pdf,4270,user0005,2025-12-16
ATT-01763,CLOUD-130,document_1763.xlsx,xlsx,3743,user0004,2026-08-13
ATT-01764,PORTAL-4368,document_1764.csv,csv,297,user0038,2025-10-28
ATT-01765,ECOM-4725,document_1765.csv,csv,357,user0033,2026-09-01
ATT-01766,ECOM-1001,document_1766.png,png,2374,user0029,2026-06-23
ATT-01767,BI-3946,document_1767.png,png,2942,user0012,2025-11-28
ATT-01768,MOB-4717,document_1768.pdf,pdf,1044,user0044,2026-01-04
ATT-01769,DATA-2953,document_1769.csv,csv,3312,user0048,2026-07-23
ATT-01770,ECOM-1116,document_1770.docx,docx,1715,user0036,2026-04-22
ATT-01771,MOB-69,document_1771.pdf,pdf,4939,user0005,2026-05-26
ATT-01772,PORTAL-2954,document_1772.pdf,pdf,3058,user0007,2025-11-20
ATT-01773,PORTAL-3794,document_1773.docx,docx,4190,user0037,2026-01-12
ATT-01774,MOB-966,document_1774.png,png,2080,user0049,2026-08-10
ATT-01775,BANK-204,document_1775.pdf,pdf,1927,user0002,2026-04-23
ATT-01776,BI-2921,document_1776.xlsx,xlsx,239,user0035,2026-04-19
ATT-01777,CLOUD-2268,document_1777.docx,docx,2246,user0045,2026-04-20
ATT-01778,CRM-2282,document_1778.docx,docx,2051,user0002,2026-08-05
ATT-01779,MOB-4404,document_1779.xlsx,xlsx,2252,user0046,2025-09-23
ATT-01780,BI-2562,document_1780.pdf,pdf,3598,user0012,2026-05-27
ATT-01781,PORTAL-44,document_1781.csv,csv,3180,user0030,2025-09-24
ATT-01782,BANK-2017,document_1782.jpg,jpg,1665,user0001,2025-10-09
ATT-01783,DATA-4975,document_1783.docx,docx,211,user0039,2025-10-17
ATT-01784,ERP-2556,document_1784.csv,csv,2207,user0009,2025-10-04
ATT-01785,ECOM-3465,document_1785.pdf,pdf,2805,user0016,2026-04-04
ATT-01786,PORTAL-575,document_1786.png,png,547,user0013,2026-01-29
ATT-01787,BI-364,document_1787.docx,docx,4146,user0042,2026-03-09
ATT-01788,MOB-2536,document_1788.xlsx,xlsx,3970,user0045,2026-06-06
ATT-01789,ERP-4115,document_1789.png,png,4522,user0049,2026-04-11
ATT-01790,ERP-228,document_1790.pdf,pdf,4477,user0035,2026-08-15
ATT-01791,MOB-4277,document_1791.jpg,jpg,4514,user0014,2026-01-10
ATT-01792,ERP-961,document_1792.csv,csv,4384,user0026,2025-10-25
ATT-01793,DATA-4068,document_1793.pdf,pdf,1667,user0009,2026-01-03
ATT-01794,MOB-2670,document_1794.xlsx,xlsx,4527,user0016,2025-09-30
ATT-01795,CLOUD-3762,document_1795.jpg,jpg,4694,user0039,2025-12-19
ATT-01796,PORTAL-2306,document_1796.docx,docx,1515,user0044,2025-09-18
ATT-01797,ERP-3961,document_1797.jpg,jpg,2626,user0014,2025-12-05
ATT-01798,CRM-2155,document_1798.png,png,4103,user0043,2025-11-04
ATT-01799,DATA-1299,document_1799.png,png,2819,user0036,2025-11-24
ATT-01800,DATA-361,document_1800.pdf,pdf,1481,user0010,2026-02-13
ATT-01801,CLOUD-718,document_1801.docx,docx,1085,user0040,2026-09-10
ATT-01802,MOB-499,document_1802.jpg,jpg,3987,user0048,2026-07-22
ATT-01803,BI-3125,document_1803.docx,docx,843,user0027,2026-08-28
ATT-01804,MOB-721,document_1804.csv,csv,328,user0008,2026-06-17
ATT-01805,MOB-3734,document_1805.png,png,3842,user0034,2026-05-31
ATT-01806,MOB-4985,document_1806.jpg,jpg,4761,user0033,2026-05-24
ATT-01807,MOB-2774,document_1807.csv,csv,4603,user0012,2025-11-12
ATT-01808,DATA-907,document_1808.xlsx,xlsx,4567,user0005,2026-06-27
ATT-01809,CLOUD-412,document_1809.jpg,jpg,763,user0029,2026-09-06
ATT-01810,CLOUD-4686,document_1810.jpg,jpg,1190,user0044,2026-07-13
ATT-01811,SEC-1379,document_1811.csv,csv,521,user0023,2025-11-21
ATT-01812,CLOUD-3261,document_1812.csv,csv,3738,user0004,2025-12-04
ATT-01813,BI-2318,document_1813.png,png,4126,user0026,2025-10-28
ATT-01814,PORTAL-4368,document_1814.docx,docx,1899,user0037,2026-08-31
ATT-01815,CLOUD-1082,document_1815.docx,docx,519,user0049,2026-04-10
ATT-01816,SEC-1146,document_1816.docx,docx,464,user0049,2026-06-22
ATT-01817,CRM-1659,document_1817.pdf,pdf,4365,user0036,2026-05-08
ATT-01818,PORTAL-469,document_1818.pdf,pdf,2101,user0018,2025-12-17
ATT-01819,CRM-1293,document_1819.png,png,1773,user0040,2025-09-20
ATT-01820,ERP-1460,document_1820.docx,docx,4283,user0021,2026-06-21
ATT-01821,MOB-1698,document_1821.jpg,jpg,699,user0045,2026-03-24
ATT-01822,DATA-571,document_1822.csv,csv,4620,user0039,2026-01-05
ATT-01823,MOB-4570,document_1823.png,png,3635,user0014,2025-10-03
ATT-01824,PORTAL-2149,document_1824.pdf,pdf,2786,user0029,2026-08-18
ATT-01825,CRM-300,document_1825.csv,csv,119,user0026,2026-01-04
ATT-01826,MOB-880,document_1826.docx,docx,241,user0034,2026-06-17
ATT-01827,CLOUD-2850,document_1827.docx,docx,224,user0009,2025-09-17
ATT-01828,ECOM-3225,document_1828.pdf,pdf,1909,user0012,2026-01-04
ATT-01829,DATA-2279,document_1829.csv,csv,2197,user0031,2025-10-04
ATT-01830,CLOUD-92,document_1830.jpg,jpg,1467,user0047,2026-09-11
ATT-01831,SEC-844,document_1831.docx,docx,2330,user0032,2026-01-16
ATT-01832,BANK-3418,document_1832.docx,docx,4512,user0016,2026-07-30
ATT-01833,CRM-1950,document_1833.png,png,4173,user0048,2026-07-08
ATT-01834,BANK-1053,document_1834.pdf,pdf,793,user0032,2026-03-26
ATT-01835,BI-2950,document_1835.xlsx,xlsx,2431,user0039,2026-05-31
ATT-01836,BANK-331,document_1836.png,png,3549,user0004,2026-03-23
ATT-01837,BANK-2096,document_1837.csv,csv,1219,user0025,2026-07-18
ATT-01838,PORTAL-1751,document_1838.csv,csv,1290,user0019,2026-01-27
ATT-01839,ERP-893,document_1839.png,png,4093,user0032,2026-06-06
ATT-01840,BI-2513,document_1840.docx,docx,3651,user0016,2026-05-29
ATT-01841,CLOUD-4972,document_1841.xlsx,xlsx,3708,user0036,2026-09-10
ATT-01842,MOB-603,document_1842.pdf,pdf,2912,user0039,2026-08-16
ATT-01843,BI-4291,document_1843.csv,csv,854,user0039,2026-04-21
ATT-01844,ECOM-1001,document_1844.docx,docx,1036,user0023,2026-04-25
ATT-01845,BANK-2787,document_1845.png,png,2796,user0016,2026-05-03
ATT-01846,SEC-1952,document_1846.docx,docx,2249,user0020,2026-04-29
ATT-01847,DATA-2422,document_1847.csv,csv,2341,user0020,2026-03-02
ATT-01848,PORTAL-4837,document_1848.xlsx,xlsx,1394,user0035,2026-04-12
ATT-01849,BI-162,document_1849.jpg,jpg,3913,user0006,2026-07-01
ATT-01850,DATA-3965,document_1850.pdf,pdf,2029,user0019,2026-05-10
ATT-01851,PORTAL-2044,document_1851.docx,docx,434,user0015,2026-08-30
ATT-01852,MOB-3645,document_1852.csv,csv,4240,user0023,2026-01-19
ATT-01853,ERP-1988,document_1853.docx,docx,1466,user0037,2026-01-29
ATT-01854,ERP-4094,document_1854.csv,csv,4154,user0050,2025-09-15
ATT-01855,ECOM-1369,document_1855.csv,csv,1107,user0042,2026-07-05
ATT-01856,BI-4759,document_1856.pdf,pdf,4503,user0040,2026-01-04
ATT-01857,ERP-759,document_1857.png,png,2731,user0040,2025-10-19
ATT-01858,PORTAL-2468,document_1858.png,png,3923,user0045,2026-07-19
ATT-01859,PORTAL-2220,document_1859.xlsx,xlsx,2385,user0048,2026-01-01
ATT-01860,ECOM-1805,document_1860.xlsx,xlsx,2280,user0034,2025-12-28
ATT-01861,ERP-417,document_1861.jpg,jpg,3881,user0039,2026-06-09
ATT-01862,BI-1585,document_1862.jpg,jpg,4804,user0038,2026-04-30
ATT-01863,ERP-105,document_1863.jpg,jpg,725,user0049,2026-06-20
ATT-01864,ERP-779,document_1864.xlsx,xlsx,833,user0042,2026-08-18
ATT-01865,BI-1623,document_1865.docx,docx,700,user0028,2025-10-31
ATT-01866,BANK-2552,document_1866.docx,docx,2158,user0011,2026-02-13
ATT-01867,ECOM-2486,document_1867.docx,docx,1881,user0034,2026-03-10
ATT-01868,SEC-4257,document_1868.xlsx,xlsx,2983,user0037,2026-07-25
ATT-01869,DATA-3715,document_1869.docx,docx,3119,user0014,2026-06-24
ATT-01870,MOB-305,document_1870.png,png,1755,user0042,2026-07-01
ATT-01871,ECOM-1685,document_1871.xlsx,xlsx,741,user0019,2026-05-09
ATT-01872,ECOM-3642,document_1872.csv,csv,566,user0046,2026-04-05
ATT-01873,BI-2612,document_1873.jpg,jpg,4915,user0043,2025-12-15
ATT-01874,DATA-3468,document_1874.png,png,577,user0013,2026-06-18
ATT-01875,SEC-4296,document_1875.docx,docx,638,user0026,2026-08-09
ATT-01876,SEC-3898,document_1876.jpg,jpg,3285,user0005,2026-04-03
ATT-01877,SEC-2267,document_1877.jpg,jpg,4185,user0021,2025-09-16
ATT-01878,CLOUD-1917,document_1878.xlsx,xlsx,4086,user0037,2026-06-09
ATT-01879,BANK-1145,document_1879.docx,docx,4811,user0004,2026-06-23
ATT-01880,MOB-4171,document_1880.docx,docx,981,user0005,2026-06-16
ATT-01881,MOB-603,document_1881.jpg,jpg,4135,user0004,2026-09-03
ATT-01882,MOB-1866,document_1882.jpg,jpg,2358,user0021,2026-03-12
ATT-01883,PORTAL-2124,document_1883.pdf,pdf,4285,user0034,2025-10-31
ATT-01884,CRM-3106,document_1884.png,png,1662,user0014,2026-05-24
ATT-01885,BI-4941,document_1885.jpg,jpg,4104,user0043,2026-08-23
ATT-01886,ERP-2519,document_1886.xlsx,xlsx,1440,user0005,2025-12-19
ATT-01887,BI-2543,document_1887.xlsx,xlsx,3825,user0041,2026-04-23
ATT-01888,ECOM-422,document_1888.xlsx,xlsx,3313,user0001,2026-04-17
ATT-01889,ECOM-4360,document_1889.docx,docx,730,user0047,2025-09-29
ATT-01890,ERP-3262,document_1890.pdf,pdf,3465,user0033,2025-11-21
ATT-01891,PORTAL-4585,document_1891.pdf,pdf,2212,user0034,2025-11-30
ATT-01892,DATA-1687,document_1892.pdf,pdf,3157,user0044,2026-08-30
ATT-01893,ERP-3076,document_1893.jpg,jpg,768,user0015,2026-04-19
ATT-01894,PORTAL-3920,document_1894.png,png,208,user0049,2025-09-20
ATT-01895,CLOUD-2837,document_1895.png,png,1454,user0013,2026-01-28
ATT-01896,BI-4982,document_1896.png,png,2758,user0010,2026-03-20
ATT-01897,ECOM-45,document_1897.xlsx,xlsx,1505,user0025,2026-03-20
ATT-01898,BI-1516,document_1898.png,png,2260,user0007,2025-12-21
ATT-01899,ERP-961,document_1899.png,png,1750,user0037,2026-08-25
ATT-01900,CRM-2554,document_1900.docx,docx,4845,user0024,2026-07-04
ATT-01901,BI-1585,document_1901.docx,docx,1491,user0022,2025-11-14
ATT-01902,SEC-870,document_1902.csv,csv,618,user0026,2026-06-26
ATT-01903,BI-1780,document_1903.docx,docx,4580,user0034,2026-08-15
ATT-01904,ECOM-246,document_1904.jpg,jpg,4630,user0021,2026-02-05
ATT-01905,MOB-4601,document_1905.jpg,jpg,562,user0039,2025-10-18
ATT-01906,BI-1201,document_1906.pdf,pdf,1834,user0047,2025-10-05
ATT-01907,CLOUD-1182,document_1907.xlsx,xlsx,4163,user0046,2026-01-10
ATT-01908,DATA-3596,document_1908.png,png,1890,user0015,2026-06-12
ATT-01909,ECOM-4508,document_1909.jpg,jpg,778,user0030,2025-12-12
ATT-01910,ECOM-1689,document_1910.jpg,jpg,2205,user0018,2026-09-02
ATT-01911,CLOUD-2986,document_1911.pdf,pdf,3888,user0012,2026-04-28
ATT-01912,CRM-1451,document_1912.pdf,pdf,1046,user0044,2026-04-05
ATT-01913,MOB-670,document_1913.jpg,jpg,3010,user0025,2026-07-03
ATT-01914,ERP-897,document_1914.docx,docx,2420,user0022,2026-01-17
ATT-01915,CRM-3106,document_1915.xlsx,xlsx,4331,user0011,2025-12-03
ATT-01916,PORTAL-3995,document_1916.csv,csv,2777,user0037,2026-02-10
ATT-01917,PORTAL-4162,document_1917.xlsx,xlsx,234,user0041,2026-08-11
ATT-01918,ERP-3249,document_1918.docx,docx,4699,user0043,2026-05-14
ATT-01919,CRM-1671,document_1919.pdf,pdf,513,user0047,2026-07-15
ATT-01920,ECOM-4036,document_1920.csv,csv,1634,user0035,2026-02-15
ATT-01921,ECOM-3891,document_1921.png,png,1286,user0047,2026-07-25
ATT-01922,BI-1934,document_1922.xlsx,xlsx,2164,user0048,2026-06-02
ATT-01923,SEC-472,document_1923.png,png,4439,user0001,2025-10-28
ATT-01924,BANK-2344,document_1924.docx,docx,1111,user0019,2026-03-10
ATT-01925,MOB-1238,document_1925.pdf,pdf,413,user0008,2026-03-07
ATT-01926,BANK-2891,document_1926.xlsx,xlsx,3989,user0024,2026-08-29
ATT-01927,SEC-1851,document_1927.docx,docx,2788,user0029,2026-04-18
ATT-01928,BI-2587,document_1928.pdf,pdf,2818,user0012,2026-01-22
ATT-01929,PORTAL-572,document_1929.docx,docx,3033,user0037,2026-01-11
ATT-01930,PORTAL-2809,document_1930.jpg,jpg,2746,user0018,2025-12-10
ATT-01931,ERP-3752,document_1931.pdf,pdf,4592,user0005,2025-09-22
ATT-01932,BI-3511,document_1932.pdf,pdf,3186,user0009,2025-11-23
ATT-01933,CRM-4470,document_1933.xlsx,xlsx,4207,user0034,2025-11-26
ATT-01934,MOB-3184,document_1934.jpg,jpg,2831,user0026,2026-03-23
ATT-01935,SEC-3646,document_1935.pdf,pdf,3724,user0013,2025-12-21
ATT-01936,ECOM-2551,document_1936.csv,csv,2052,user0005,2026-08-13
ATT-01937,PORTAL-1412,document_1937.png,png,445,user0003,2025-12-03
ATT-01938,SEC-3911,document_1938.png,png,4823,user0016,2026-04-04
ATT-01939,CLOUD-3915,document_1939.csv,csv,4196,user0048,2026-05-29
ATT-01940,BI-561,document_1940.jpg,jpg,343,user0049,2026-07-15
ATT-01941,PORTAL-3248,document_1941.xlsx,xlsx,3507,user0030,2026-05-13
ATT-01942,MOB-4425,document_1942.jpg,jpg,3712,user0006,2026-02-04
ATT-01943,ERP-4326,document_1943.jpg,jpg,2172,user0003,2026-05-03
ATT-01944,SEC-4868,document_1944.png,png,3339,user0024,2025-11-30
ATT-01945,BANK-3160,document_1945.jpg,jpg,2384,user0014,2026-05-24
ATT-01946,CLOUD-1715,document_1946.pdf,pdf,3682,user0047,2025-09-14
ATT-01947,ERP-1285,document_1947.xlsx,xlsx,4958,user0025,2026-05-18
ATT-01948,MOB-1836,document_1948.csv,csv,212,user0030,2026-03-07
ATT-01949,MOB-4717,document_1949.jpg,jpg,3337,user0003,2026-01-19
ATT-01950,ECOM-3058,document_1950.png,png,952,user0004,2026-08-15
ATT-01951,ECOM-1090,document_1951.pdf,pdf,3816,user0045,2026-08-29
ATT-01952,MOB-4164,document_1952.jpg,jpg,3846,user0040,2026-06-14
ATT-01953,BI-445,document_1953.pdf,pdf,4255,user0036,2026-07-02
ATT-01954,DATA-4255,document_1954.xlsx,xlsx,3425,user0029,2026-05-23
ATT-01955,CRM-1921,document_1955.docx,docx,4150,user0050,2026-09-11
ATT-01956,DATA-1013,document_1956.xlsx,xlsx,4017,user0042,2026-05-17
ATT-01957,CLOUD-4469,document_1957.csv,csv,855,user0019,2026-06-22
ATT-01958,ECOM-4883,document_1958.xlsx,xlsx,3510,user0025,2026-07-06
ATT-01959,BI-840,document_1959.xlsx,xlsx,4792,user0027,2026-07-08
ATT-01960,ECOM-946,document_1960.docx,docx,3930,user0023,2025-09-22
ATT-01961,ERP-4986,document_1961.csv,csv,2519,user0038,2026-06-27
ATT-01962,ERP-2405,document_1962.png,png,3060,user0043,2026-07-25
ATT-01963,ERP-1736,document_1963.png,png,566,user0013,2026-01-28
ATT-01964,BI-3329,document_1964.csv,csv,3409,user0015,2025-09-21
ATT-01965,BANK-4156,document_1965.pdf,pdf,182,user0033,2026-08-29
ATT-01966,SEC-3973,document_1966.jpg,jpg,1996,user0018,2026-06-03
ATT-01967,CLOUD-4908,document_1967.docx,docx,2822,user0035,2026-04-03
ATT-01968,CLOUD-647,document_1968.jpg,jpg,1156,user0005,2025-10-01
ATT-01969,SEC-4004,document_1969.xlsx,xlsx,191,user0043,2025-10-23
ATT-01970,CRM-25,document_1970.csv,csv,4710,user0041,2026-01-18
ATT-01971,BI-1516,document_1971.xlsx,xlsx,4671,user0036,2026-09-02
ATT-01972,CLOUD-1827,document_1972.pdf,pdf,469,user0021,2026-07-25
ATT-01973,BANK-3089,document_1973.jpg,jpg,525,user0009,2025-11-01
ATT-01974,MOB-1994,document_1974.docx,docx,1509,user0034,2026-04-15
ATT-01975,BI-563,document_1975.docx,docx,1013,user0017,2025-12-23
ATT-01976,PORTAL-4901,document_1976.csv,csv,3343,user0029,2026-05-07
ATT-01977,CLOUD-3427,document_1977.csv,csv,2151,user0032,2026-04-07
ATT-01978,CLOUD-3165,document_1978.jpg,jpg,2768,user0016,2026-07-25
ATT-01979,ERP-4405,document_1979.png,png,673,user0011,2026-07-25
ATT-01980,DATA-1088,document_1980.jpg,jpg,2220,user0033,2026-04-21
ATT-01981,CRM-2099,document_1981.csv,csv,3282,user0041,2026-01-27
ATT-01982,BI-4898,document_1982.jpg,jpg,1402,user0048,2026-03-30
ATT-01983,ECOM-1537,document_1983.pdf,pdf,1971,user0027,2025-09-18
ATT-01984,DATA-1497,document_1984.csv,csv,4318,user0048,2026-01-10
ATT-01985,PORTAL-807,document_1985.jpg,jpg,651,user0023,2025-12-13
ATT-01986,MOB-4724,document_1986.csv,csv,1999,user0005,2026-05-25
ATT-01987,CLOUD-3314,document_1987.png,png,4645,user0036,2026-06-07
ATT-01988,SEC-154,document_1988.docx,docx,4326,user0040,2025-11-26
ATT-01989,SEC-567,document_1989.xlsx,xlsx,3441,user0005,2026-01-09
ATT-01990,SEC-772,document_1990.jpg,jpg,4299,user0028,2026-02-13
ATT-01991,ERP-1413,document_1991.jpg,jpg,4200,user0013,2026-09-14
ATT-01992,BANK-444,document_1992.docx,docx,3333,user0039,2026-02-04
ATT-01993,SEC-2845,document_1993.docx,docx,3603,user0013,2026-04-09
ATT-01994,ECOM-1783,document_1994.csv,csv,2958,user0002,2026-07-22
ATT-01995,MOB-2469,document_1995.docx,docx,666,user0022,2026-05-03
ATT-01996,PORTAL-2076,document_1996.xlsx,xlsx,1880,user0028,2026-05-26
ATT-01997,DATA-777,document_1997.docx,docx,186,user0010,2025-09-18
ATT-01998,DATA-2636,document_1998.docx,docx,1552,user0021,2026-06-06
ATT-01999,MOB-3977,document_1999.png,png,663,user0047,2025-12-31
ATT-02000,SEC-1387,document_2000.docx,docx,3449,user0014,2026-08-18
ATT-02001,CLOUD-1513,document_2001.csv,csv,4837,user0029,2025-10-19
ATT-02002,BANK-696,document_2002.docx,docx,4586,user0003,2026-03-11
ATT-02003,ECOM-4502,document_2003.jpg,jpg,499,user0020,2025-12-26
ATT-02004,SEC-1235,document_2004.png,png,2970,user0036,2026-05-13
ATT-02005,CRM-3439,document_2005.jpg,jpg,3968,user0027,2026-06-20
ATT-02006,BANK-1396,document_2006.jpg,jpg,4687,user0003,2026-04-12
ATT-02007,PORTAL-3473,document_2007.csv,csv,1748,user0027,2026-01-28
ATT-02008,DATA-2581,document_2008.docx,docx,200,user0039,2026-06-11
ATT-02009,BANK-1593,document_2009.pdf,pdf,130,user0012,2025-10-24
ATT-02010,CLOUD-4321,document_2010.pdf,pdf,4716,user0002,2025-10-08
ATT-02011,BI-3242,document_2011.png,png,1608,user0015,2026-07-12
ATT-02012,CLOUD-4299,document_2012.csv,csv,1633,user0046,2026-07-25
ATT-02013,BANK-4402,document_2013.csv,csv,1883,user0035,2025-11-30
ATT-02014,DATA-3451,document_2014.docx,docx,3419,user0045,2026-09-07
ATT-02015,ERP-779,document_2015.xlsx,xlsx,2307,user0040,2026-05-04
ATT-02016,CLOUD-2505,document_2016.pdf,pdf,3490,user0024,2026-03-02
ATT-02017,BI-2907,document_2017.docx,docx,1706,user0009,2026-02-25
ATT-02018,CLOUD-2205,document_2018.xlsx,xlsx,2908,user0046,2025-12-20
ATT-02019,BI-1588,document_2019.docx,docx,3812,user0016,2026-04-20
ATT-02020,BANK-4432,document_2020.xlsx,xlsx,1327,user0001,2026-05-26
ATT-02021,PORTAL-4911,document_2021.pdf,pdf,1632,user0031,2026-06-07
ATT-02022,ERP-2207,document_2022.pdf,pdf,981,user0017,2026-01-26
ATT-02023,BI-2361,document_2023.png,png,3580,user0010,2025-11-18
ATT-02024,BI-1812,document_2024.jpg,jpg,3557,user0018,2026-05-02
ATT-02025,SEC-796,document_2025.jpg,jpg,3132,user0024,2026-09-09
ATT-02026,ECOM-1477,document_2026.jpg,jpg,4584,user0041,2026-04-19
ATT-02027,ECOM-3309,document_2027.docx,docx,2280,user0041,2026-01-10
ATT-02028,DATA-3080,document_2028.docx,docx,731,user0013,2026-08-27
ATT-02029,CLOUD-4122,document_2029.csv,csv,522,user0017,2026-03-18
ATT-02030,PORTAL-3766,document_2030.jpg,jpg,2006,user0034,2026-09-03
ATT-02031,DATA-2215,document_2031.xlsx,xlsx,4079,user0033,2026-02-04
ATT-02032,CRM-4572,document_2032.xlsx,xlsx,3682,user0019,2025-12-28
ATT-02033,PORTAL-2437,document_2033.csv,csv,3326,user0028,2026-07-21
ATT-02034,CLOUD-2301,document_2034.png,png,3058,user0047,2026-07-18
ATT-02035,CLOUD-2640,document_2035.pdf,pdf,142,user0039,2026-01-03
ATT-02036,BI-3987,document_2036.csv,csv,1243,user0036,2025-11-09
ATT-02037,ERP-1930,document_2037.jpg,jpg,4330,user0020,2026-03-31
ATT-02038,BANK-3374,document_2038.jpg,jpg,2816,user0013,2026-02-22
ATT-02039,BI-3551,document_2039.pdf,pdf,3851,user0013,2025-10-24
ATT-02040,CRM-1861,document_2040.docx,docx,1363,user0048,2026-01-21
ATT-02041,PORTAL-1030,document_2041.jpg,jpg,4700,user0043,2026-06-17
ATT-02042,MOB-2201,document_2042.jpg,jpg,1630,user0023,2026-02-16
ATT-02043,CRM-1426,document_2043.jpg,jpg,1315,user0008,2026-07-27
ATT-02044,CLOUD-2821,document_2044.csv,csv,4410,user0004,2025-09-24
ATT-02045,CRM-2765,document_2045.jpg,jpg,173,user0009,2026-01-16
ATT-02046,BI-678,document_2046.csv,csv,3510,user0030,2026-04-20
ATT-02047,CLOUD-2835,document_2047.docx,docx,717,user0011,2026-05-25
ATT-02048,BANK-4931,document_2048.xlsx,xlsx,2210,user0029,2026-05-24
ATT-02049,PORTAL-2362,document_2049.png,png,2210,user0042,2026-04-17
ATT-02050,BI-4413,document_2050.csv,csv,2830,user0046,2025-12-05
ATT-02051,MOB-1795,document_2051.csv,csv,1050,user0024,2026-09-10
ATT-02052,MOB-4375,document_2052.pdf,pdf,4450,user0004,2025-10-11
ATT-02053,BANK-4392,document_2053.docx,docx,4484,user0024,2026-07-26
ATT-02054,CRM-786,document_2054.csv,csv,2784,user0017,2026-07-13
ATT-02055,PORTAL-4892,document_2055.png,png,4130,user0048,2026-07-05
ATT-02056,CLOUD-3244,document_2056.csv,csv,4863,user0002,2026-01-20
ATT-02057,BI-1516,document_2057.jpg,jpg,902,user0035,2026-02-25
ATT-02058,CLOUD-4777,document_2058.docx,docx,654,user0003,2026-04-10
ATT-02059,ERP-3073,document_2059.docx,docx,3873,user0046,2026-06-29
ATT-02060,ERP-1763,document_2060.docx,docx,2704,user0027,2026-04-24
ATT-02061,BI-4779,document_2061.csv,csv,1118,user0012,2026-05-13
ATT-02062,PORTAL-2954,document_2062.docx,docx,3680,user0031,2025-11-12
ATT-02063,CRM-3380,document_2063.docx,docx,2769,user0046,2025-09-26
ATT-02064,BANK-4384,document_2064.xlsx,xlsx,476,user0007,2025-10-04
ATT-02065,ECOM-2231,document_2065.docx,docx,855,user0045,2026-02-17
ATT-02066,CRM-2846,document_2066.csv,csv,146,user0011,2026-01-03
ATT-02067,BANK-4335,document_2067.png,png,4923,user0048,2026-08-06
ATT-02068,MOB-263,document_2068.xlsx,xlsx,918,user0012,2025-11-13
ATT-02069,DATA-726,document_2069.pdf,pdf,3390,user0048,2025-09-21
ATT-02070,ECOM-826,document_2070.pdf,pdf,4040,user0014,2025-11-24
ATT-02071,BI-2935,document_2071.png,png,1719,user0008,2026-07-21
ATT-02072,PORTAL-3641,document_2072.xlsx,xlsx,4985,user0017,2026-08-23
ATT-02073,MOB-2376,document_2073.csv,csv,4369,user0037,2025-10-15
ATT-02074,CLOUD-601,document_2074.docx,docx,3680,user0035,2026-07-14
ATT-02075,SEC-3887,document_2075.csv,csv,2877,user0044,2026-06-16
ATT-02076,BI-2696,document_2076.jpg,jpg,939,user0024,2025-09-18
ATT-02077,DATA-2901,document_2077.pdf,pdf,422,user0025,2026-03-08
ATT-02078,MOB-3767,document_2078.xlsx,xlsx,116,user0028,2025-09-26
ATT-02079,BI-4977,document_2079.pdf,pdf,1194,user0016,2025-10-17
ATT-02080,DATA-1013,document_2080.xlsx,xlsx,1671,user0030,2026-09-13
ATT-02081,MOB-3394,document_2081.pdf,pdf,3917,user0031,2026-09-09
ATT-02082,SEC-3565,document_2082.jpg,jpg,3165,user0031,2026-01-25
ATT-02083,MOB-4031,document_2083.xlsx,xlsx,2542,user0050,2026-08-14
ATT-02084,BI-445,document_2084.csv,csv,4115,user0012,2025-11-06
ATT-02085,CLOUD-2085,document_2085.jpg,jpg,4633,user0033,2026-03-04
ATT-02086,BI-59,document_2086.png,png,3874,user0003,2026-02-10
ATT-02087,ECOM-4482,document_2087.xlsx,xlsx,3293,user0049,2025-11-14
ATT-02088,MOB-4188,document_2088.xlsx,xlsx,938,user0035,2025-11-06
ATT-02089,ERP-1911,document_2089.docx,docx,4726,user0006,2026-03-06
ATT-02090,PORTAL-284,document_2090.csv,csv,2257,user0013,2025-12-31
ATT-02091,DATA-1966,document_2091.pdf,pdf,1825,user0008,2025-10-15
ATT-02092,ECOM-4001,document_2092.xlsx,xlsx,727,user0044,2026-07-06
ATT-02093,CLOUD-311,document_2093.png,png,1436,user0035,2026-06-10
ATT-02094,SEC-1721,document_2094.docx,docx,2469,user0041,2025-09-18
ATT-02095,DATA-4702,document_2095.docx,docx,1808,user0034,2025-12-03
ATT-02096,BANK-2607,document_2096.png,png,1948,user0050,2026-01-11
ATT-02097,DATA-2431,document_2097.csv,csv,1863,user0035,2026-04-14
ATT-02098,CRM-3037,document_2098.xlsx,xlsx,1089,user0048,2026-03-13
ATT-02099,DATA-4872,document_2099.docx,docx,3125,user0035,2025-12-19
ATT-02100,MOB-4312,document_2100.xlsx,xlsx,1727,user0018,2025-12-17
ATT-02101,CRM-3457,document_2101.pdf,pdf,2133,user0022,2025-09-30
ATT-02102,CRM-1557,document_2102.csv,csv,437,user0009,2026-01-24
ATT-02103,ERP-1988,document_2103.csv,csv,2578,user0023,2025-11-20
ATT-02104,BANK-3985,document_2104.xlsx,xlsx,2230,user0032,2025-09-23
ATT-02105,BI-3610,document_2105.jpg,jpg,1468,user0017,2025-10-29
ATT-02106,SEC-2868,document_2106.pdf,pdf,3332,user0037,2026-05-16
ATT-02107,PORTAL-3827,document_2107.pdf,pdf,4031,user0005,2026-04-27
ATT-02108,DATA-4946,document_2108.pdf,pdf,1498,user0016,2026-07-11
ATT-02109,SEC-3621,document_2109.png,png,1014,user0034,2025-09-19
ATT-02110,SEC-3684,document_2110.pdf,pdf,704,user0002,2025-11-24
ATT-02111,ERP-2939,document_2111.jpg,jpg,4379,user0014,2025-11-28
ATT-02112,PORTAL-676,document_2112.csv,csv,1440,user0010,2026-09-13
ATT-02113,ERP-4611,document_2113.xlsx,xlsx,3978,user0036,2026-08-03
ATT-02114,BANK-4305,document_2114.pdf,pdf,3109,user0045,2026-03-28
ATT-02115,CLOUD-4236,document_2115.docx,docx,4505,user0001,2025-12-11
ATT-02116,MOB-4652,document_2116.xlsx,xlsx,1822,user0049,2025-11-15
ATT-02117,CRM-1890,document_2117.csv,csv,4314,user0038,2026-07-18
ATT-02118,SEC-4881,document_2118.docx,docx,3087,user0037,2026-01-24
ATT-02119,SEC-2845,document_2119.csv,csv,2024,user0033,2026-08-11
ATT-02120,ECOM-2011,document_2120.jpg,jpg,1995,user0005,2026-08-06
ATT-02121,CRM-528,document_2121.png,png,2222,user0001,2026-08-13
ATT-02122,CLOUD-3598,document_2122.xlsx,xlsx,665,user0002,2026-09-06
ATT-02123,CLOUD-4799,document_2123.docx,docx,2243,user0013,2025-10-05
ATT-02124,DATA-1604,document_2124.png,png,4305,user0029,2026-01-05
ATT-02125,MOB-1755,document_2125.csv,csv,224,user0025,2026-02-18
ATT-02126,ECOM-2008,document_2126.jpg,jpg,1768,user0023,2026-05-14
ATT-02127,PORTAL-2004,document_2127.png,png,272,user0012,2026-04-18
ATT-02128,CRM-344,document_2128.jpg,jpg,3581,user0035,2026-05-21
ATT-02129,CLOUD-3268,document_2129.pdf,pdf,3237,user0049,2026-08-11
ATT-02130,ECOM-2440,document_2130.csv,csv,2308,user0045,2026-08-15
ATT-02131,ECOM-2957,document_2131.pdf,pdf,4234,user0005,2025-11-03
ATT-02132,ECOM-928,document_2132.xlsx,xlsx,1358,user0030,2026-05-30
ATT-02133,CRM-2919,document_2133.docx,docx,3901,user0009,2026-03-14
ATT-02134,ECOM-4232,document_2134.pdf,pdf,4385,user0006,2026-08-27
ATT-02135,CRM-2332,document_2135.pdf,pdf,1733,user0015,2025-09-26
ATT-02136,ERP-2397,document_2136.jpg,jpg,708,user0035,2026-07-16
ATT-02137,ERP-3233,document_2137.pdf,pdf,3841,user0046,2026-07-08
ATT-02138,CLOUD-2370,document_2138.docx,docx,3427,user0015,2025-11-10
ATT-02139,CRM-3413,document_2139.csv,csv,3874,user0009,2026-09-03
ATT-02140,PORTAL-2220,document_2140.pdf,pdf,1912,user0024,2026-06-15
ATT-02141,ERP-1845,document_2141.png,png,1131,user0012,2026-08-14
ATT-02142,PORTAL-2820,document_2142.csv,csv,1193,user0045,2025-12-17
ATT-02143,ERP-1763,document_2143.csv,csv,141,user0015,2026-07-12
ATT-02144,CLOUD-2916,document_2144.pdf,pdf,1371,user0004,2026-04-13
ATT-02145,ERP-1700,document_2145.xlsx,xlsx,2376,user0024,2025-10-14
ATT-02146,SEC-1454,document_2146.jpg,jpg,716,user0011,2026-05-20
ATT-02147,ECOM-497,document_2147.pdf,pdf,2030,user0037,2025-10-02
ATT-02148,MOB-2376,document_2148.csv,csv,83,user0050,2026-08-18
ATT-02149,BANK-2316,document_2149.csv,csv,2310,user0022,2026-02-11
ATT-02150,DATA-3741,document_2150.jpg,jpg,2844,user0031,2026-07-21
ATT-02151,MOB-1278,document_2151.png,png,1350,user0038,2026-07-24
ATT-02152,DATA-4030,document_2152.xlsx,xlsx,848,user0011,2025-10-22
ATT-02153,ECOM-4424,document_2153.jpg,jpg,2870,user0032,2026-08-11
ATT-02154,BANK-397,document_2154.pdf,pdf,3719,user0011,2026-05-05
ATT-02155,ERP-1590,document_2155.jpg,jpg,2000,user0006,2026-05-04
ATT-02156,CRM-4282,document_2156.xlsx,xlsx,3020,user0008,2026-08-16
ATT-02157,MOB-3284,document_2157.png,png,3208,user0041,2026-08-17
ATT-02158,CRM-3833,document_2158.pdf,pdf,4516,user0014,2026-01-10
ATT-02159,MOB-4857,document_2159.jpg,jpg,3123,user0039,2026-06-13
ATT-02160,CLOUD-2315,document_2160.jpg,jpg,4696,user0047,2026-06-10
ATT-02161,BANK-4842,document_2161.jpg,jpg,4831,user0029,2026-02-11
ATT-02162,BI-680,document_2162.xlsx,xlsx,3736,user0050,2026-05-28
ATT-02163,CRM-641,document_2163.pdf,pdf,2456,user0012,2025-11-09
ATT-02164,ECOM-473,document_2164.jpg,jpg,1978,user0042,2026-01-11
ATT-02165,ECOM-1537,document_2165.png,png,2547,user0013,2026-08-20
ATT-02166,CLOUD-2694,document_2166.xlsx,xlsx,577,user0015,2026-06-13
ATT-02167,CRM-2846,document_2167.xlsx,xlsx,931,user0028,2026-04-20
ATT-02168,CRM-240,document_2168.xlsx,xlsx,1422,user0040,2026-03-19
ATT-02169,CRM-222,document_2169.csv,csv,283,user0050,2026-03-26
ATT-02170,CRM-4292,document_2170.docx,docx,2769,user0008,2026-09-11
ATT-02171,PORTAL-4078,document_2171.csv,csv,2499,user0043,2026-07-23
ATT-02172,CRM-3103,document_2172.png,png,2765,user0003,2026-03-13
ATT-02173,MOB-1416,document_2173.xlsx,xlsx,1523,user0006,2025-10-13
ATT-02174,SEC-4817,document_2174.csv,csv,3307,user0026,2026-06-01
ATT-02175,BANK-331,document_2175.xlsx,xlsx,3650,user0034,2025-12-10
ATT-02176,CLOUD-3024,document_2176.pdf,pdf,514,user0024,2025-11-20
ATT-02177,ECOM-180,document_2177.png,png,2237,user0017,2026-05-04
ATT-02178,CLOUD-1452,document_2178.docx,docx,4742,user0030,2025-10-24
ATT-02179,BANK-4786,document_2179.jpg,jpg,4485,user0044,2025-09-15
ATT-02180,BI-1254,document_2180.jpg,jpg,1719,user0001,2026-02-21
ATT-02181,BI-1165,document_2181.csv,csv,630,user0020,2026-01-03
ATT-02182,MOB-3193,document_2182.xlsx,xlsx,4629,user0044,2026-06-21
ATT-02183,DATA-1981,document_2183.pdf,pdf,1764,user0017,2025-09-27
ATT-02184,ECOM-3776,document_2184.csv,csv,4245,user0028,2026-01-08
ATT-02185,BI-2897,document_2185.jpg,jpg,3453,user0019,2025-11-03
ATT-02186,CLOUD-4106,document_2186.pdf,pdf,3016,user0038,2026-07-21
ATT-02187,BI-3329,document_2187.png,png,2987,user0045,2026-01-20
ATT-02188,CRM-460,document_2188.png,png,618,user0044,2025-10-03
ATT-02189,CRM-2082,document_2189.csv,csv,859,user0048,2026-03-13
ATT-02190,CLOUD-203,document_2190.docx,docx,4327,user0044,2025-09-24
ATT-02191,ERP-1914,document_2191.png,png,2662,user0007,2025-09-27
ATT-02192,CLOUD-2462,document_2192.csv,csv,164,user0005,2025-10-24
ATT-02193,BI-1812,document_2193.pdf,pdf,2848,user0001,2026-04-08
ATT-02194,CLOUD-2370,document_2194.xlsx,xlsx,3789,user0012,2026-03-21
ATT-02195,MOB-3685,document_2195.csv,csv,2563,user0011,2026-02-05
ATT-02196,ECOM-4728,document_2196.png,png,693,user0008,2026-04-07
ATT-02197,MOB-1011,document_2197.pdf,pdf,929,user0027,2026-06-28
ATT-02198,DATA-4467,document_2198.png,png,3821,user0033,2026-03-25
ATT-02199,CLOUD-277,document_2199.docx,docx,123,user0003,2025-09-23
ATT-02200,CLOUD-2045,document_2200.pdf,pdf,2396,user0025,2026-07-12
ATT-02201,SEC-4553,document_2201.jpg,jpg,3175,user0009,2025-09-25
ATT-02202,SEC-2928,document_2202.pdf,pdf,1770,user0039,2026-03-26
ATT-02203,CRM-2993,document_2203.xlsx,xlsx,4075,user0022,2026-08-10
ATT-02204,DATA-1104,document_2204.csv,csv,2230,user0046,2026-04-17
ATT-02205,ECOM-1880,document_2205.pdf,pdf,581,user0017,2025-11-16
ATT-02206,DATA-1206,document_2206.pdf,pdf,819,user0037,2026-06-15
ATT-02207,CLOUD-2739,document_2207.xlsx,xlsx,1624,user0030,2025-11-11
ATT-02208,MOB-3185,document_2208.png,png,3458,user0024,2025-11-03
ATT-02209,CLOUD-486,document_2209.docx,docx,3522,user0007,2026-01-09
ATT-02210,ECOM-3518,document_2210.pdf,pdf,190,user0009,2025-12-14
ATT-02211,ECOM-4766,document_2211.png,png,4073,user0043,2026-07-16
ATT-02212,BANK-4147,document_2212.csv,csv,720,user0037,2026-07-29
ATT-02213,DATA-3878,document_2213.docx,docx,4189,user0004,2026-03-25
ATT-02214,BI-186,document_2214.jpg,jpg,1553,user0042,2026-04-10
ATT-02215,CRM-1124,document_2215.xlsx,xlsx,2930,user0045,2026-02-24
ATT-02216,DATA-2023,document_2216.csv,csv,4919,user0029,2026-01-20
ATT-02217,ECOM-2248,document_2217.csv,csv,3393,user0041,2026-07-30
ATT-02218,BI-1064,document_2218.jpg,jpg,4996,user0043,2025-11-17
ATT-02219,CRM-4877,document_2219.jpg,jpg,1091,user0014,2025-10-30
ATT-02220,CRM-4470,document_2220.csv,csv,482,user0016,2025-11-24
ATT-02221,DATA-3497,document_2221.xlsx,xlsx,923,user0017,2026-05-21
ATT-02222,SEC-3315,document_2222.xlsx,xlsx,2726,user0030,2025-11-25
ATT-02223,ERP-4146,document_2223.pdf,pdf,2305,user0036,2026-08-12
ATT-02224,ERP-1789,document_2224.xlsx,xlsx,1927,user0027,2025-12-10
ATT-02225,CLOUD-886,document_2225.xlsx,xlsx,1579,user0047,2026-02-16
ATT-02226,CLOUD-1406,document_2226.xlsx,xlsx,3852,user0016,2026-03-18
ATT-02227,ECOM-1062,document_2227.png,png,4393,user0004,2026-01-28
ATT-02228,DATA-4864,document_2228.xlsx,xlsx,3642,user0050,2026-07-18
ATT-02229,MOB-1144,document_2229.jpg,jpg,363,user0048,2025-10-19
ATT-02230,BANK-4432,document_2230.docx,docx,245,user0024,2026-06-04
ATT-02231,CRM-1199,document_2231.pdf,pdf,3759,user0035,2026-05-13
ATT-02232,DATA-805,document_2232.docx,docx,943,user0008,2025-11-23
ATT-02233,SEC-2845,document_2233.png,png,1831,user0045,2026-05-14
ATT-02234,CRM-188,document_2234.png,png,2977,user0028,2026-05-24
ATT-02235,SEC-4932,document_2235.png,png,952,user0023,2025-10-23
ATT-02236,BI-2471,document_2236.csv,csv,4015,user0012,2026-03-19
ATT-02237,CLOUD-2148,document_2237.csv,csv,4691,user0009,2026-02-25
ATT-02238,BI-3511,document_2238.jpg,jpg,470,user0039,2026-08-29
ATT-02239,SEC-1233,document_2239.xlsx,xlsx,3478,user0041,2025-11-13
ATT-02240,PORTAL-1480,document_2240.docx,docx,4117,user0031,2025-12-16
ATT-02241,BANK-3089,document_2241.png,png,4897,user0046,2026-04-27
ATT-02242,ECOM-2576,document_2242.png,png,4212,user0011,2025-10-31
ATT-02243,ERP-592,document_2243.docx,docx,3320,user0014,2026-02-15
ATT-02244,CLOUD-2995,document_2244.png,png,3006,user0031,2025-12-11
ATT-02245,CLOUD-1200,document_2245.pdf,pdf,1758,user0014,2026-03-31
ATT-02246,DATA-4021,document_2246.csv,csv,2964,user0006,2026-01-09
ATT-02247,ERP-2510,document_2247.pdf,pdf,475,user0003,2026-05-12
ATT-02248,BANK-3935,document_2248.pdf,pdf,1448,user0018,2026-01-21
ATT-02249,PORTAL-1171,document_2249.pdf,pdf,169,user0005,2026-01-09
ATT-02250,CRM-2657,document_2250.pdf,pdf,2392,user0045,2026-06-14
ATT-02251,ERP-2461,document_2251.csv,csv,3918,user0037,2026-05-30
ATT-02252,ECOM-3453,document_2252.csv,csv,3621,user0023,2025-12-24
ATT-02253,ECOM-3750,document_2253.pdf,pdf,2070,user0021,2026-08-07
ATT-02254,SEC-4595,document_2254.csv,csv,4641,user0039,2025-09-27
ATT-02255,BANK-2601,document_2255.png,png,1503,user0049,2025-10-17
ATT-02256,CRM-2846,document_2256.pdf,pdf,1315,user0036,2026-07-29
ATT-02257,CRM-2614,document_2257.pdf,pdf,2497,user0047,2026-03-09
ATT-02258,SEC-3501,document_2258.jpg,jpg,96,user0009,2026-09-02
ATT-02259,BI-1273,document_2259.pdf,pdf,4644,user0029,2025-11-17
ATT-02260,DATA-3168,document_2260.jpg,jpg,1640,user0005,2026-08-03
ATT-02261,SEC-1848,document_2261.pdf,pdf,3601,user0005,2025-10-10
ATT-02262,CRM-222,document_2262.xlsx,xlsx,2857,user0015,2025-11-13
ATT-02263,DATA-3166,document_2263.csv,csv,2005,user0022,2026-04-15
ATT-02264,ERP-1822,document_2264.pdf,pdf,4934,user0004,2025-10-04
ATT-02265,SEC-4990,document_2265.jpg,jpg,3203,user0021,2026-03-30
ATT-02266,CLOUD-2009,document_2266.jpg,jpg,1202,user0038,2026-09-04
ATT-02267,CRM-4292,document_2267.xlsx,xlsx,2937,user0048,2025-11-06
ATT-02268,SEC-3486,document_2268.jpg,jpg,1076,user0020,2026-05-14
ATT-02269,MOB-3960,document_2269.xlsx,xlsx,1764,user0014,2026-07-28
ATT-02270,SEC-4167,document_2270.xlsx,xlsx,3022,user0047,2025-09-16
ATT-02271,ECOM-2957,document_2271.png,png,1264,user0048,2026-07-15
ATT-02272,SEC-4661,document_2272.docx,docx,3785,user0031,2025-09-15
ATT-02273,SEC-4393,document_2273.jpg,jpg,1354,user0009,2026-04-01
ATT-02274,PORTAL-2904,document_2274.png,png,1953,user0006,2026-03-17
ATT-02275,CRM-4241,document_2275.jpg,jpg,2854,user0009,2026-08-29
ATT-02276,PORTAL-2362,document_2276.png,png,1099,user0025,2025-11-25
ATT-02277,MOB-420,document_2277.docx,docx,70,user0036,2026-04-20
ATT-02278,ECOM-2546,document_2278.xlsx,xlsx,2817,user0002,2025-11-18
ATT-02279,ERP-901,document_2279.png,png,3637,user0009,2026-07-18
ATT-02280,PORTAL-3920,document_2280.png,png,2732,user0047,2026-03-26
ATT-02281,BI-4810,document_2281.docx,docx,1578,user0038,2026-03-08
ATT-02282,DATA-3097,document_2282.jpg,jpg,1371,user0040,2025-11-12
ATT-02283,MOB-2090,document_2283.png,png,2066,user0011,2026-05-04
ATT-02284,BANK-993,document_2284.xlsx,xlsx,3429,user0024,2026-06-15
ATT-02285,ERP-3886,document_2285.png,png,1549,user0023,2026-08-31
ATT-02286,PORTAL-2297,document_2286.docx,docx,4033,user0010,2026-05-02
ATT-02287,CLOUD-3124,document_2287.pdf,pdf,4066,user0031,2026-03-27
ATT-02288,PORTAL-4606,document_2288.jpg,jpg,3571,user0048,2026-03-27
ATT-02289,ECOM-1385,document_2289.jpg,jpg,2638,user0026,2026-02-05
ATT-02290,ERP-2510,document_2290.jpg,jpg,4004,user0029,2026-05-04
ATT-02291,ERP-3503,document_2291.pdf,pdf,3541,user0022,2025-09-24
ATT-02292,CLOUD-2545,document_2292.pdf,pdf,4634,user0012,2026-08-30
ATT-02293,DATA-3666,document_2293.csv,csv,2424,user0012,2026-05-14
ATT-02294,SEC-2175,document_2294.pdf,pdf,2010,user0041,2026-07-18
ATT-02295,BI-2562,document_2295.pdf,pdf,428,user0020,2026-05-05
ATT-02296,ECOM-2265,document_2296.jpg,jpg,1268,user0022,2026-05-01
ATT-02297,DATA-3451,document_2297.xlsx,xlsx,2210,user0024,2026-08-13
ATT-02298,ECOM-4515,document_2298.xlsx,xlsx,308,user0020,2026-03-22
ATT-02299,DATA-805,document_2299.docx,docx,2561,user0038,2026-09-07
ATT-02300,PORTAL-4457,document_2300.jpg,jpg,2761,user0014,2026-08-19
ATT-02301,BI-561,document_2301.csv,csv,1360,user0011,2026-03-01
ATT-02302,ERP-3937,document_2302.xlsx,xlsx,3435,user0041,2026-04-20
ATT-02303,BANK-2183,document_2303.jpg,jpg,3989,user0031,2026-06-25
ATT-02304,PORTAL-1407,document_2304.docx,docx,4904,user0020,2026-03-16
ATT-02305,MOB-917,document_2305.jpg,jpg,2629,user0030,2026-04-27
ATT-02306,CLOUD-2694,document_2306.xlsx,xlsx,1003,user0008,2025-12-24
ATT-02307,CLOUD-4256,document_2307.pdf,pdf,3078,user0050,2025-12-31
ATT-02308,SEC-3813,document_2308.docx,docx,239,user0039,2026-01-26
ATT-02309,CLOUD-2686,document_2309.pdf,pdf,1376,user0027,2026-02-15
ATT-02310,DATA-4273,document_2310.jpg,jpg,4871,user0029,2026-06-19
ATT-02311,DATA-1824,document_2311.xlsx,xlsx,3990,user0047,2026-02-17
ATT-02312,SEC-2241,document_2312.xlsx,xlsx,3055,user0017,2026-09-02
ATT-02313,SEC-3565,document_2313.jpg,jpg,1575,user0039,2025-09-24
ATT-02314,MOB-4362,document_2314.csv,csv,4165,user0035,2026-03-28
ATT-02315,BANK-4495,document_2315.pdf,pdf,4155,user0037,2025-10-02
ATT-02316,CRM-4272,document_2316.jpg,jpg,1277,user0032,2026-02-09
ATT-02317,PORTAL-1735,document_2317.pdf,pdf,231,user0045,2025-09-27
ATT-02318,CLOUD-238,document_2318.csv,csv,1327,user0021,2026-07-24
ATT-02319,SEC-4700,document_2319.csv,csv,3455,user0032,2025-11-06
ATT-02320,PORTAL-1343,document_2320.xlsx,xlsx,1216,user0040,2025-10-27
ATT-02321,ERP-1413,document_2321.docx,docx,999,user0006,2026-02-28
ATT-02322,MOB-483,document_2322.csv,csv,1650,user0031,2026-05-16
ATT-02323,BI-217,document_2323.jpg,jpg,57,user0017,2026-04-23
ATT-02324,MOB-3410,document_2324.jpg,jpg,66,user0018,2025-09-26
ATT-02325,ECOM-2987,document_2325.csv,csv,3719,user0039,2026-05-30
ATT-02326,SEC-4764,document_2326.png,png,4290,user0003,2026-05-17
ATT-02327,CRM-3913,document_2327.csv,csv,102,user0032,2026-07-03
ATT-02328,BI-849,document_2328.xlsx,xlsx,4433,user0021,2025-11-27
ATT-02329,ECOM-928,document_2329.jpg,jpg,857,user0017,2026-09-06
ATT-02330,SEC-321,document_2330.csv,csv,3192,user0007,2026-09-01
ATT-02331,BANK-3698,document_2331.pdf,pdf,2109,user0009,2025-11-24
ATT-02332,PORTAL-2927,document_2332.csv,csv,2523,user0045,2026-04-16
ATT-02333,ECOM-4348,document_2333.csv,csv,3784,user0010,2026-06-21
ATT-02334,BI-3927,document_2334.png,png,3915,user0041,2026-06-19
ATT-02335,ECOM-1338,document_2335.jpg,jpg,1142,user0017,2026-05-30
ATT-02336,BI-3785,document_2336.png,png,4398,user0001,2026-03-07
ATT-02337,MOB-3209,document_2337.docx,docx,3761,user0014,2026-03-04
ATT-02338,ECOM-4555,document_2338.jpg,jpg,2697,user0049,2026-05-13
ATT-02339,DATA-629,document_2339.csv,csv,2935,user0045,2026-04-13
ATT-02340,ERP-643,document_2340.csv,csv,4727,user0039,2026-07-18
ATT-02341,BI-2831,document_2341.docx,docx,2032,user0045,2026-06-13
ATT-02342,CLOUD-437,document_2342.csv,csv,3192,user0013,2026-02-02
ATT-02343,BANK-3888,document_2343.jpg,jpg,2424,user0009,2026-05-28
ATT-02344,MOB-2881,document_2344.xlsx,xlsx,580,user0042,2025-12-05
ATT-02345,SEC-1882,document_2345.xlsx,xlsx,4540,user0020,2025-10-23
ATT-02346,PORTAL-3922,document_2346.xlsx,xlsx,853,user0023,2026-03-23
ATT-02347,DATA-2652,document_2347.png,png,4782,user0001,2026-03-27
ATT-02348,ERP-2232,document_2348.docx,docx,426,user0011,2026-09-10
ATT-02349,ERP-1127,document_2349.png,png,1769,user0033,2026-02-27
ATT-02350,CRM-862,document_2350.xlsx,xlsx,1366,user0046,2025-11-28
ATT-02351,CLOUD-959,document_2351.docx,docx,4758,user0042,2026-08-28
ATT-02352,BI-2331,document_2352.xlsx,xlsx,3795,user0015,2026-08-06
ATT-02353,BANK-4015,document_2353.jpg,jpg,1502,user0007,2026-08-11
ATT-02354,MOB-2548,document_2354.xlsx,xlsx,2053,user0001,2026-03-20
ATT-02355,CRM-1833,document_2355.jpg,jpg,3447,user0014,2026-08-25
ATT-02356,SEC-854,document_2356.docx,docx,1535,user0048,2025-09-16
ATT-02357,CLOUD-3675,document_2357.csv,csv,1045,user0035,2025-12-07
ATT-02358,DATA-2023,document_2358.png,png,4982,user0022,2026-01-08
ATT-02359,DATA-3972,document_2359.pdf,pdf,2806,user0039,2026-01-01
ATT-02360,ECOM-1826,document_2360.docx,docx,3690,user0008,2026-03-13
ATT-02361,DATA-1687,document_2361.csv,csv,1180,user0013,2026-01-31
ATT-02362,CLOUD-1136,document_2362.xlsx,xlsx,2357,user0028,2026-04-12
ATT-02363,BANK-2677,document_2363.csv,csv,3209,user0050,2026-02-05
ATT-02364,ECOM-283,document_2364.pdf,pdf,2633,user0006,2026-01-01
ATT-02365,ERP-2036,document_2365.csv,csv,714,user0020,2026-05-23
ATT-02366,CRM-2717,document_2366.xlsx,xlsx,3834,user0030,2025-09-22
ATT-02367,ERP-3018,document_2367.pdf,pdf,121,user0016,2026-03-14
ATT-02368,ERP-1069,document_2368.png,png,4900,user0046,2026-07-27
ATT-02369,ECOM-3642,document_2369.csv,csv,2658,user0006,2026-05-24
ATT-02370,BI-359,document_2370.csv,csv,3432,user0009,2026-02-07
ATT-02371,PORTAL-2666,document_2371.jpg,jpg,4601,user0042,2026-04-05
ATT-02372,CRM-419,document_2372.png,png,1820,user0028,2026-08-03
ATT-02373,BANK-145,document_2373.xlsx,xlsx,3851,user0011,2025-09-25
ATT-02374,CLOUD-144,document_2374.jpg,jpg,4786,user0008,2025-10-30
ATT-02375,MOB-733,document_2375.pdf,pdf,2585,user0048,2025-12-11
ATT-02376,ECOM-1073,document_2376.jpg,jpg,2438,user0044,2026-07-23
ATT-02377,ECOM-3750,document_2377.xlsx,xlsx,4918,user0042,2026-02-02
ATT-02378,BI-3356,document_2378.pdf,pdf,235,user0012,2025-11-03
ATT-02379,SEC-3600,document_2379.pdf,pdf,2766,user0042,2026-08-02
ATT-02380,SEC-1244,document_2380.pdf,pdf,4927,user0001,2026-03-30
ATT-02381,BI-3175,document_2381.docx,docx,1771,user0038,2026-05-29
ATT-02382,DATA-2616,document_2382.jpg,jpg,864,user0030,2025-12-24
ATT-02383,SEC-4817,document_2383.pdf,pdf,1948,user0041,2026-01-17
ATT-02384,BANK-2988,document_2384.xlsx,xlsx,4173,user0018,2026-08-24
ATT-02385,MOB-3078,document_2385.csv,csv,1872,user0020,2026-01-22
ATT-02386,CLOUD-278,document_2386.pdf,pdf,1118,user0030,2026-02-10
ATT-02387,MOB-3669,document_2387.docx,docx,4657,user0024,2025-12-30
ATT-02388,BI-1894,document_2388.xlsx,xlsx,2782,user0002,2026-05-31
ATT-02389,CRM-1557,document_2389.pdf,pdf,577,user0019,2025-11-22
ATT-02390,BANK-1965,document_2390.pdf,pdf,824,user0041,2026-07-23
ATT-02391,BANK-1614,document_2391.csv,csv,4867,user0031,2026-02-03
ATT-02392,BANK-155,document_2392.pdf,pdf,4108,user0025,2025-10-30
ATT-02393,MOB-1837,document_2393.jpg,jpg,4074,user0001,2026-03-14
ATT-02394,ERP-1180,document_2394.docx,docx,3346,user0008,2026-02-02
ATT-02395,BANK-3845,document_2395.csv,csv,1872,user0008,2026-07-25
ATT-02396,MOB-3185,document_2396.docx,docx,4553,user0034,2025-12-06
ATT-02397,BI-3494,document_2397.csv,csv,4082,user0036,2026-05-04
ATT-02398,BANK-4797,document_2398.xlsx,xlsx,190,user0049,2026-03-20
ATT-02399,DATA-4692,document_2399.pdf,pdf,3718,user0042,2025-12-06
ATT-02400,MOB-86,document_2400.pdf,pdf,642,user0021,2025-09-22
ATT-02401,ECOM-3627,document_2401.csv,csv,3685,user0030,2026-04-19
ATT-02402,CRM-3413,document_2402.xlsx,xlsx,508,user0028,2025-11-04
ATT-02403,CRM-293,document_2403.xlsx,xlsx,842,user0019,2026-06-05
ATT-02404,ERP-2840,document_2404.xlsx,xlsx,1592,user0035,2026-06-24
ATT-02405,BANK-176,document_2405.xlsx,xlsx,4818,user0022,2026-06-12
ATT-02406,BANK-1601,document_2406.docx,docx,1026,user0029,2026-03-22
ATT-02407,BANK-2668,document_2407.pdf,pdf,526,user0039,2026-03-20
ATT-02408,ECOM-2474,document_2408.png,png,3522,user0025,2026-01-15
ATT-02409,ERP-1556,document_2409.docx,docx,2591,user0042,2026-09-01
ATT-02410,BI-2740,document_2410.csv,csv,2091,user0006,2026-07-19
ATT-02411,CRM-3439,document_2411.docx,docx,4660,user0023,2026-05-11
ATT-02412,BI-129,document_2412.docx,docx,1582,user0045,2026-03-19
ATT-02413,ERP-1725,document_2413.pdf,pdf,689,user0037,2026-08-30
ATT-02414,ERP-3213,document_2414.csv,csv,2748,user0008,2025-11-10
ATT-02415,MOB-3134,document_2415.png,png,448,user0032,2026-03-24
ATT-02416,ERP-4224,document_2416.csv,csv,1233,user0040,2026-03-22
ATT-02417,BI-1920,document_2417.docx,docx,3278,user0048,2026-05-09
ATT-02418,SEC-3949,document_2418.png,png,4697,user0024,2026-06-26
ATT-02419,SEC-1103,document_2419.docx,docx,2452,user0008,2025-11-02
ATT-02420,CLOUD-2924,document_2420.docx,docx,4702,user0027,2026-02-25
ATT-02421,MOB-4114,document_2421.csv,csv,3223,user0013,2026-05-18
ATT-02422,BI-2350,document_2422.pdf,pdf,934,user0036,2026-05-16
ATT-02423,ERP-3434,document_2423.jpg,jpg,1188,user0029,2025-12-07
ATT-02424,ECOM-2611,document_2424.png,png,3820,user0027,2025-10-15
ATT-02425,CLOUD-718,document_2425.xlsx,xlsx,2735,user0001,2026-07-03
ATT-02426,MOB-4375,document_2426.csv,csv,2051,user0006,2025-12-25
ATT-02427,CRM-2250,document_2427.docx,docx,4000,user0010,2026-07-11
ATT-02428,ECOM-2238,document_2428.png,png,955,user0024,2025-11-21
ATT-02429,SEC-2567,document_2429.csv,csv,4639,user0026,2026-02-27
ATT-02430,MOB-3811,document_2430.xlsx,xlsx,2993,user0009,2026-08-18
ATT-02431,SEC-2278,document_2431.docx,docx,4658,user0033,2025-12-28
ATT-02432,CLOUD-740,document_2432.pdf,pdf,1995,user0013,2026-04-04
ATT-02433,ERP-4833,document_2433.csv,csv,3178,user0016,2026-04-24
ATT-02434,CLOUD-1974,document_2434.png,png,3092,user0004,2025-11-23
ATT-02435,PORTAL-3877,document_2435.png,png,3033,user0025,2026-02-18
ATT-02436,DATA-3772,document_2436.png,png,3305,user0034,2026-06-09
ATT-02437,MOB-1111,document_2437.xlsx,xlsx,194,user0029,2026-08-20
ATT-02438,BI-513,document_2438.csv,csv,3292,user0040,2026-05-17
ATT-02439,ERP-1076,document_2439.pdf,pdf,3887,user0020,2026-04-30
ATT-02440,BI-2707,document_2440.pdf,pdf,1534,user0049,2026-06-08
ATT-02441,BANK-4511,document_2441.csv,csv,3752,user0036,2026-01-30
ATT-02442,SEC-3471,document_2442.png,png,3428,user0013,2026-01-14
ATT-02443,MOB-1698,document_2443.xlsx,xlsx,2656,user0026,2026-05-22
ATT-02444,CLOUD-2739,document_2444.xlsx,xlsx,3206,user0026,2026-03-15
ATT-02445,PORTAL-2004,document_2445.csv,csv,4851,user0010,2025-10-22
ATT-02446,BI-1498,document_2446.csv,csv,4702,user0041,2026-08-25
ATT-02447,BI-1003,document_2447.xlsx,xlsx,2732,user0034,2026-09-01
ATT-02448,CRM-3895,document_2448.csv,csv,3512,user0007,2025-10-13
ATT-02449,PORTAL-930,document_2449.docx,docx,1772,user0024,2026-05-01
ATT-02450,BANK-4773,document_2450.docx,docx,4089,user0011,2026-04-18
ATT-02451,BANK-2317,document_2451.docx,docx,1304,user0007,2025-12-06
ATT-02452,PORTAL-2149,document_2452.csv,csv,1731,user0028,2026-07-18
ATT-02453,DATA-4194,document_2453.pdf,pdf,2784,user0016,2026-02-09
ATT-02454,MOB-1910,document_2454.docx,docx,1021,user0013,2026-07-28
ATT-02455,CLOUD-120,document_2455.pdf,pdf,4892,user0022,2026-01-29
ATT-02456,MOB-3273,document_2456.csv,csv,4553,user0034,2026-04-16
ATT-02457,CRM-3417,document_2457.xlsx,xlsx,2994,user0032,2026-02-02
ATT-02458,CRM-990,document_2458.docx,docx,4765,user0015,2026-02-11
ATT-02459,CLOUD-3636,document_2459.png,png,1528,user0001,2026-05-15
ATT-02460,BANK-319,document_2460.pdf,pdf,77,user0008,2026-06-07
ATT-02461,ERP-3376,document_2461.jpg,jpg,795,user0002,2026-02-20
ATT-02462,DATA-4247,document_2462.png,png,4401,user0018,2025-10-23
ATT-02463,BANK-318,document_2463.docx,docx,741,user0025,2026-03-10
ATT-02464,CLOUD-4636,document_2464.docx,docx,1132,user0033,2026-08-04
ATT-02465,BANK-3129,document_2465.pdf,pdf,3790,user0041,2026-03-09
ATT-02466,PORTAL-2989,document_2466.pdf,pdf,3520,user0018,2026-02-21
ATT-02467,BANK-1373,document_2467.png,png,4741,user0018,2025-11-13
ATT-02468,SEC-2689,document_2468.docx,docx,2131,user0004,2026-05-23
ATT-02469,CRM-3562,document_2469.pdf,pdf,4883,user0005,2025-10-21
ATT-02470,MOB-3300,document_2470.pdf,pdf,4680,user0026,2026-09-11
ATT-02471,ERP-2618,document_2471.jpg,jpg,2854,user0031,2026-01-14
ATT-02472,ECOM-4555,document_2472.csv,csv,4319,user0037,2025-11-01
ATT-02473,BANK-3374,document_2473.xlsx,xlsx,4875,user0009,2026-02-08
ATT-02474,BI-3720,document_2474.xlsx,xlsx,1144,user0042,2025-12-26
ATT-02475,MOB-2815,document_2475.xlsx,xlsx,1435,user0027,2025-10-25
ATT-02476,DATA-3596,document_2476.pdf,pdf,4347,user0030,2026-06-19
ATT-02477,SEC-1387,document_2477.pdf,pdf,2482,user0025,2026-03-28
ATT-02478,BI-2592,document_2478.docx,docx,2394,user0039,2026-07-11
ATT-02479,BI-3498,document_2479.docx,docx,269,user0013,2025-12-20
ATT-02480,SEC-3153,document_2480.jpg,jpg,156,user0026,2026-08-16
ATT-02481,CRM-1803,document_2481.pdf,pdf,879,user0047,2026-04-26
ATT-02482,PORTAL-3473,document_2482.jpg,jpg,3463,user0042,2026-05-07
ATT-02483,CRM-1864,document_2483.docx,docx,2921,user0019,2026-03-16
ATT-02484,PORTAL-3532,document_2484.docx,docx,1293,user0045,2026-03-08
ATT-02485,MOB-1432,document_2485.pdf,pdf,4757,user0027,2026-08-01
ATT-02486,SEC-3363,document_2486.csv,csv,2511,user0002,2025-10-25
ATT-02487,ERP-4405,document_2487.xlsx,xlsx,3753,user0008,2026-06-03
ATT-02488,CRM-1643,document_2488.jpg,jpg,1096,user0024,2026-04-18
ATT-02489,MOB-933,document_2489.png,png,1828,user0032,2026-09-14
ATT-02490,SEC-1705,document_2490.png,png,264,user0037,2026-05-22
ATT-02491,CRM-2199,document_2491.png,png,1462,user0026,2026-03-26
ATT-02492,CRM-1394,document_2492.xlsx,xlsx,1120,user0037,2026-07-29
ATT-02493,PORTAL-3827,document_2493.xlsx,xlsx,4419,user0009,2026-06-09
ATT-02494,SEC-3684,document_2494.jpg,jpg,2538,user0049,2026-05-31
ATT-02495,DATA-1269,document_2495.csv,csv,2118,user0029,2025-11-17
ATT-02496,SEC-1230,document_2496.png,png,842,user0022,2025-12-04
ATT-02497,BANK-2668,document_2497.png,png,1535,user0016,2026-05-27
ATT-02498,MOB-2855,document_2498.docx,docx,977,user0028,2026-03-29
ATT-02499,BI-2394,document_2499.csv,csv,1016,user0043,2026-01-17
ATT-02500,ERP-4721,document_2500.jpg,jpg,2580,user0013,2025-11-26
ATT-02501,SEC-4884,document_2501.png,png,706,user0027,2026-09-09
ATT-02502,BI-3773,document_2502.jpg,jpg,1334,user0019,2025-12-14
ATT-02503,DATA-4504,document_2503.jpg,jpg,4382,user0041,2026-02-14
ATT-02504,BANK-2880,document_2504.xlsx,xlsx,2163,user0046,2026-04-09
ATT-02505,PORTAL-4474,document_2505.docx,docx,1778,user0008,2026-01-16
ATT-02506,DATA-1128,document_2506.docx,docx,1574,user0049,2026-07-23
ATT-02507,SEC-4118,document_2507.csv,csv,2230,user0030,2025-12-30
ATT-02508,SEC-4168,document_2508.png,png,57,user0004,2026-05-08
ATT-02509,MOB-3930,document_2509.png,png,1623,user0011,2025-12-22
ATT-02510,SEC-2493,document_2510.docx,docx,2016,user0031,2026-02-03
ATT-02511,DATA-792,document_2511.docx,docx,2432,user0017,2026-08-15
ATT-02512,PORTAL-568,document_2512.xlsx,xlsx,237,user0048,2026-08-15
ATT-02513,PORTAL-4304,document_2513.pdf,pdf,1530,user0013,2026-02-16
ATT-02514,BANK-2693,document_2514.xlsx,xlsx,800,user0042,2025-11-17
ATT-02515,PORTAL-572,document_2515.csv,csv,3941,user0015,2025-11-08
ATT-02516,ERP-77,document_2516.csv,csv,3531,user0023,2026-07-05
ATT-02517,CLOUD-119,document_2517.csv,csv,2992,user0009,2026-06-28
ATT-02518,BI-1927,document_2518.pdf,pdf,487,user0015,2026-04-10
ATT-02519,MOB-956,document_2519.xlsx,xlsx,1937,user0003,2025-12-07
ATT-02520,MOB-1573,document_2520.png,png,1179,user0034,2026-05-07
ATT-02521,ERP-1565,document_2521.xlsx,xlsx,802,user0020,2025-12-17
ATT-02522,BI-4602,document_2522.csv,csv,663,user0029,2025-12-09
ATT-02523,PORTAL-4782,document_2523.csv,csv,1417,user0027,2026-02-13
ATT-02524,ECOM-2632,document_2524.docx,docx,469,user0018,2025-11-24
ATT-02525,CLOUD-1599,document_2525.docx,docx,1507,user0019,2026-08-04
ATT-02526,MOB-1270,document_2526.png,png,2912,user0011,2026-04-17
ATT-02527,MOB-1985,document_2527.docx,docx,2202,user0040,2025-09-14
ATT-02528,ECOM-538,document_2528.pdf,pdf,4965,user0050,2026-08-13
ATT-02529,BANK-4421,document_2529.pdf,pdf,410,user0047,2026-01-23
ATT-02530,SEC-2069,document_2530.csv,csv,4698,user0024,2026-06-28
ATT-02531,MOB-4006,document_2531.png,png,1768,user0028,2026-02-12
ATT-02532,ERP-2003,document_2532.jpg,jpg,3979,user0002,2026-06-24
ATT-02533,MOB-4934,document_2533.jpg,jpg,4125,user0002,2026-07-02
ATT-02534,PORTAL-1412,document_2534.docx,docx,4250,user0029,2026-04-20
ATT-02535,MOB-1527,document_2535.png,png,4598,user0028,2025-12-01
ATT-02536,CLOUD-1037,document_2536.docx,docx,4458,user0021,2025-12-06
ATT-02537,CRM-2099,document_2537.png,png,3139,user0023,2026-09-11
ATT-02538,CRM-3530,document_2538.png,png,1873,user0021,2026-06-21
ATT-02539,CRM-1864,document_2539.pdf,pdf,984,user0012,2025-10-18
ATT-02540,BI-4166,document_2540.pdf,pdf,4435,user0046,2026-03-19
ATT-02541,DATA-2813,document_2541.csv,csv,2581,user0031,2026-06-28
ATT-02542,BANK-481,document_2542.xlsx,xlsx,2816,user0012,2026-08-11
ATT-02543,SEC-21,document_2543.pdf,pdf,3568,user0038,2026-02-20
ATT-02544,SEC-100,document_2544.docx,docx,4238,user0024,2026-07-29
ATT-02545,CLOUD-1008,document_2545.png,png,479,user0021,2026-04-12
ATT-02546,ECOM-4407,document_2546.pdf,pdf,2685,user0035,2026-07-02
ATT-02547,PORTAL-2220,document_2547.docx,docx,3794,user0007,2026-02-23
ATT-02548,CRM-3570,document_2548.pdf,pdf,4413,user0014,2026-08-26
ATT-02549,DATA-3447,document_2549.csv,csv,4290,user0011,2025-10-06
ATT-02550,MOB-66,document_2550.png,png,4852,user0028,2026-08-18
ATT-02551,ECOM-3187,document_2551.csv,csv,1674,user0020,2025-11-10
ATT-02552,PORTAL-2772,document_2552.png,png,1034,user0049,2026-05-29
ATT-02553,SEC-3450,document_2553.png,png,1558,user0005,2026-08-23
ATT-02554,DATA-920,document_2554.png,png,2676,user0021,2026-03-06
ATT-02555,BI-4449,document_2555.docx,docx,1174,user0046,2026-03-01
ATT-02556,SEC-1281,document_2556.docx,docx,4937,user0029,2025-09-19
ATT-02557,DATA-2285,document_2557.jpg,jpg,2753,user0017,2025-12-29
ATT-02558,SEC-1935,document_2558.jpg,jpg,512,user0027,2025-12-12
ATT-02559,CRM-4300,document_2559.csv,csv,1250,user0026,2025-10-25
ATT-02560,SEC-4086,document_2560.xlsx,xlsx,4658,user0011,2026-03-24
ATT-02561,CRM-3051,document_2561.pdf,pdf,4130,user0033,2025-11-11
ATT-02562,DATA-2260,document_2562.csv,csv,4409,user0028,2025-10-09
ATT-02563,ECOM-1360,document_2563.csv,csv,2912,user0044,2025-09-20
ATT-02564,ERP-2049,document_2564.docx,docx,152,user0044,2026-08-14
ATT-02565,BI-4308,document_2565.png,png,919,user0020,2025-12-09
ATT-02566,ECOM-4855,document_2566.xlsx,xlsx,260,user0040,2026-03-17
ATT-02567,PORTAL-976,document_2567.jpg,jpg,2066,user0036,2026-02-15
ATT-02568,CLOUD-4543,document_2568.csv,csv,1453,user0049,2025-11-23
ATT-02569,CRM-1532,document_2569.png,png,4522,user0010,2025-09-27
ATT-02570,DATA-4607,document_2570.docx,docx,4665,user0012,2026-08-16
ATT-02571,ECOM-3857,document_2571.pdf,pdf,822,user0003,2025-10-30
ATT-02572,BI-518,document_2572.png,png,2645,user0022,2026-07-16
ATT-02573,CLOUD-1629,document_2573.xlsx,xlsx,884,user0039,2025-10-17
ATT-02574,BANK-2729,document_2574.xlsx,xlsx,4149,user0036,2025-09-14
ATT-02575,BI-849,document_2575.xlsx,xlsx,424,user0001,2025-11-15
ATT-02576,BI-22,document_2576.png,png,2121,user0001,2026-01-21
ATT-02577,ECOM-312,document_2577.xlsx,xlsx,1067,user0028,2026-08-01
ATT-02578,SEC-303,document_2578.png,png,1203,user0036,2026-01-15
ATT-02579,ERP-4621,document_2579.pdf,pdf,1502,user0045,2025-09-23
ATT-02580,BI-1771,document_2580.pdf,pdf,3785,user0041,2025-10-09
ATT-02581,BI-435,document_2581.csv,csv,460,user0046,2025-10-27
ATT-02582,CRM-1532,document_2582.csv,csv,3738,user0019,2026-02-03
ATT-02583,ERP-554,document_2583.xlsx,xlsx,4812,user0024,2026-03-20
ATT-02584,CRM-4254,document_2584.jpg,jpg,1132,user0041,2026-01-24
ATT-02585,CRM-2501,document_2585.xlsx,xlsx,220,user0020,2025-11-07
ATT-02586,ERP-2510,document_2586.docx,docx,493,user0035,2026-07-19
ATT-02587,PORTAL-2909,document_2587.pdf,pdf,660,user0033,2025-10-12
ATT-02588,BI-242,document_2588.csv,csv,4054,user0036,2025-12-20
ATT-02589,BI-2966,document_2589.docx,docx,3380,user0022,2025-10-28
ATT-02590,ERP-1520,document_2590.pdf,pdf,3023,user0040,2026-05-03
ATT-02591,BANK-4073,document_2591.pdf,pdf,4285,user0048,2026-04-20
ATT-02592,ERP-3376,document_2592.csv,csv,602,user0016,2026-02-01
ATT-02593,PORTAL-4008,document_2593.png,png,4737,user0045,2026-06-19
ATT-02594,CRM-4869,document_2594.csv,csv,3910,user0031,2026-06-02
ATT-02595,ECOM-453,document_2595.jpg,jpg,200,user0005,2026-08-21
ATT-02596,ECOM-11,document_2596.xlsx,xlsx,4276,user0016,2026-07-16
ATT-02597,BI-3409,document_2597.jpg,jpg,525,user0014,2025-12-15
ATT-02598,BI-2778,document_2598.xlsx,xlsx,3809,user0043,2026-03-06
ATT-02599,ECOM-1277,document_2599.csv,csv,2608,user0045,2026-03-06
ATT-02600,BANK-2323,document_2600.png,png,707,user0046,2025-12-18
ATT-02601,CLOUD-1452,document_2601.xlsx,xlsx,139,user0007,2026-07-06
ATT-02602,PORTAL-199,document_2602.jpg,jpg,4454,user0004,2026-08-23
ATT-02603,ECOM-2256,document_2603.jpg,jpg,4585,user0027,2026-03-07
ATT-02604,BI-3351,document_2604.xlsx,xlsx,1176,user0045,2026-01-13
ATT-02605,BANK-4954,document_2605.csv,csv,4887,user0019,2026-02-03
ATT-02606,MOB-1296,document_2606.docx,docx,3818,user0030,2026-08-10
ATT-02607,DATA-2736,document_2607.xlsx,xlsx,4621,user0047,2026-04-06
ATT-02608,ECOM-1090,document_2608.jpg,jpg,2205,user0005,2025-11-20
ATT-02609,BANK-2408,document_2609.png,png,2464,user0040,2026-05-12
ATT-02610,BI-4960,document_2610.docx,docx,3992,user0023,2025-12-24
ATT-02611,SEC-1234,document_2611.pdf,pdf,2248,user0030,2026-08-17
ATT-02612,CRM-1361,document_2612.pdf,pdf,4187,user0004,2025-11-02
ATT-02613,SEC-1475,document_2613.pdf,pdf,2772,user0014,2026-05-29
ATT-02614,CRM-2236,document_2614.xlsx,xlsx,1292,user0024,2025-11-24
ATT-02615,MOB-912,document_2615.docx,docx,1463,user0007,2026-03-29
ATT-02616,SEC-1580,document_2616.pdf,pdf,2073,user0034,2025-11-26
ATT-02617,BI-3423,document_2617.jpg,jpg,433,user0016,2025-09-27
ATT-02618,DATA-1661,document_2618.csv,csv,2441,user0046,2025-12-28
ATT-02619,DATA-3495,document_2619.png,png,3520,user0015,2026-01-16
ATT-02620,BI-3460,document_2620.csv,csv,1775,user0037,2025-10-04
ATT-02621,CRM-4727,document_2621.xlsx,xlsx,3128,user0002,2026-06-05
ATT-02622,ECOM-2165,document_2622.docx,docx,1963,user0016,2026-02-25
ATT-02623,PORTAL-2482,document_2623.png,png,2928,user0034,2026-01-01
ATT-02624,CRM-2777,document_2624.docx,docx,704,user0005,2025-12-24
ATT-02625,BANK-2002,document_2625.jpg,jpg,292,user0044,2026-02-07
ATT-02626,DATA-4654,document_2626.docx,docx,2428,user0012,2026-07-16
ATT-02627,BANK-493,document_2627.xlsx,xlsx,725,user0039,2026-05-14
ATT-02628,BANK-3888,document_2628.csv,csv,762,user0047,2025-11-10
ATT-02629,ERP-1420,document_2629.docx,docx,4452,user0012,2026-03-10
ATT-02630,CLOUD-17,document_2630.csv,csv,479,user0017,2025-12-19
ATT-02631,CRM-4641,document_2631.xlsx,xlsx,201,user0003,2026-04-10
ATT-02632,ERP-2472,document_2632.pdf,pdf,426,user0014,2026-04-30
ATT-02633,ERP-1700,document_2633.xlsx,xlsx,3002,user0028,2025-09-18
ATT-02634,CLOUD-2968,document_2634.jpg,jpg,863,user0025,2026-08-10
ATT-02635,SEC-4336,document_2635.pdf,pdf,2255,user0018,2025-11-17
ATT-02636,MOB-27,document_2636.csv,csv,3395,user0006,2026-04-12
ATT-02637,ECOM-3033,document_2637.jpg,jpg,3749,user0030,2026-08-06
ATT-02638,PORTAL-2904,document_2638.png,png,4609,user0002,2026-07-02
ATT-02639,MOB-620,document_2639.jpg,jpg,4096,user0006,2026-02-24
ATT-02640,BANK-4319,document_2640.jpg,jpg,1497,user0006,2026-08-04
ATT-02641,CLOUD-4849,document_2641.docx,docx,614,user0003,2025-11-03
ATT-02642,BI-2041,document_2642.docx,docx,429,user0028,2026-01-26
ATT-02643,PORTAL-4238,document_2643.xlsx,xlsx,2705,user0012,2026-07-26
ATT-02644,CRM-2378,document_2644.jpg,jpg,1436,user0031,2026-09-11
ATT-02645,BI-3356,document_2645.jpg,jpg,3220,user0042,2025-12-20
ATT-02646,CRM-2501,document_2646.xlsx,xlsx,2665,user0014,2026-08-12
ATT-02647,PORTAL-660,document_2647.csv,csv,2147,user0001,2026-07-30
ATT-02648,MOB-143,document_2648.xlsx,xlsx,2129,user0036,2025-11-15
ATT-02649,ECOM-3365,document_2649.png,png,70,user0022,2026-03-10
ATT-02650,MOB-784,document_2650.jpg,jpg,3589,user0007,2025-11-02
ATT-02651,MOB-237,document_2651.jpg,jpg,1645,user0043,2025-11-27
ATT-02652,BANK-1188,document_2652.xlsx,xlsx,3633,user0022,2026-01-25
ATT-02653,ERP-2511,document_2653.docx,docx,3222,user0013,2026-03-31
ATT-02654,BI-1313,document_2654.xlsx,xlsx,4830,user0049,2026-03-01
ATT-02655,ERP-1609,document_2655.jpg,jpg,652,user0002,2025-11-20
ATT-02656,SEC-4386,document_2656.csv,csv,238,user0028,2026-08-18
ATT-02657,MOB-1842,document_2657.png,png,3928,user0010,2026-04-29
ATT-02658,CLOUD-532,document_2658.docx,docx,2951,user0011,2026-04-03
ATT-02659,DATA-1710,document_2659.docx,docx,188,user0002,2025-11-01
ATT-02660,SEC-1682,document_2660.xlsx,xlsx,1805,user0025,2025-11-08
ATT-02661,BANK-894,document_2661.docx,docx,4644,user0012,2026-02-05
ATT-02662,ERP-77,document_2662.xlsx,xlsx,1830,user0047,2026-02-04
ATT-02663,MOB-263,document_2663.jpg,jpg,1972,user0048,2026-06-12
ATT-02664,CRM-4750,document_2664.xlsx,xlsx,3781,user0028,2025-11-02
ATT-02665,SEC-1399,document_2665.csv,csv,3882,user0044,2026-01-12
ATT-02666,BI-1208,document_2666.xlsx,xlsx,324,user0013,2026-02-12
ATT-02667,ERP-4478,document_2667.pdf,pdf,3698,user0015,2025-09-22
ATT-02668,SEC-4275,document_2668.jpg,jpg,1454,user0019,2026-04-03
ATT-02669,MOB-1698,document_2669.png,png,1050,user0048,2026-07-19
ATT-02670,ERP-3777,document_2670.csv,csv,1846,user0022,2026-08-10
ATT-02671,PORTAL-546,document_2671.csv,csv,4358,user0026,2026-01-21
ATT-02672,BANK-947,document_2672.xlsx,xlsx,1898,user0020,2026-04-02
ATT-02673,BANK-3308,document_2673.pdf,pdf,1907,user0008,2026-06-04
ATT-02674,PORTAL-3130,document_2674.png,png,4727,user0017,2025-11-25
ATT-02675,CLOUD-4309,document_2675.png,png,4438,user0004,2026-01-23
ATT-02676,ERP-210,document_2676.xlsx,xlsx,2048,user0035,2026-05-06
ATT-02677,CLOUD-409,document_2677.docx,docx,4326,user0043,2025-11-25
ATT-02678,MOB-2074,document_2678.csv,csv,4264,user0041,2026-02-19
ATT-02679,ECOM-3705,document_2679.png,png,4164,user0012,2025-10-07
ATT-02680,PORTAL-4262,document_2680.docx,docx,3782,user0044,2025-11-27
ATT-02681,ERP-2933,document_2681.docx,docx,4030,user0040,2025-12-27
ATT-02682,BI-2935,document_2682.csv,csv,3057,user0039,2026-08-19
ATT-02683,SEC-635,document_2683.pdf,pdf,92,user0050,2025-10-20
ATT-02684,BI-3982,document_2684.csv,csv,1492,user0048,2026-09-13
ATT-02685,ERP-184,document_2685.csv,csv,357,user0015,2025-11-20
ATT-02686,BANK-3935,document_2686.pdf,pdf,3996,user0023,2026-05-30
ATT-02687,CLOUD-1566,document_2687.xlsx,xlsx,4774,user0030,2025-11-08
ATT-02688,DATA-2680,document_2688.docx,docx,3427,user0007,2026-03-13
ATT-02689,MOB-3381,document_2689.docx,docx,602,user0050,2025-09-24
ATT-02690,SEC-189,document_2690.jpg,jpg,1943,user0034,2025-11-01
ATT-02691,ECOM-2380,document_2691.xlsx,xlsx,1095,user0018,2026-09-04
ATT-02692,BI-4991,document_2692.docx,docx,1428,user0007,2026-09-04
ATT-02693,ERP-4054,document_2693.xlsx,xlsx,888,user0012,2026-09-03
ATT-02694,BANK-4666,document_2694.docx,docx,2713,user0010,2026-08-31
ATT-02695,PORTAL-1395,document_2695.jpg,jpg,4674,user0031,2026-08-06
ATT-02696,PORTAL-2261,document_2696.jpg,jpg,2375,user0038,2026-02-06
ATT-02697,SEC-4932,document_2697.png,png,3548,user0020,2026-03-13
ATT-02698,DATA-2623,document_2698.xlsx,xlsx,3962,user0027,2025-11-07
ATT-02699,DATA-4096,document_2699.docx,docx,3971,user0018,2025-09-15
ATT-02700,CRM-674,document_2700.jpg,jpg,1930,user0004,2026-04-27
ATT-02701,BI-3927,document_2701.docx,docx,4053,user0016,2026-01-29
ATT-02702,BANK-4221,document_2702.docx,docx,1041,user0034,2026-03-26
ATT-02703,DATA-3624,document_2703.xlsx,xlsx,3154,user0032,2026-09-11
ATT-02704,ERP-695,document_2704.pdf,pdf,596,user0022,2026-06-25
ATT-02705,BI-2056,document_2705.docx,docx,2244,user0030,2026-05-05
ATT-02706,DATA-225,document_2706.png,png,4381,user0008,2026-08-04
ATT-02707,ECOM-3033,document_2707.jpg,jpg,4909,user0011,2026-08-06
ATT-02708,MOB-4461,document_2708.png,png,3154,user0038,2026-06-29
ATT-02709,BI-2187,document_2709.csv,csv,2288,user0036,2026-01-13
ATT-02710,PORTAL-2760,document_2710.png,png,4927,user0003,2026-03-29
ATT-02711,BI-156,document_2711.docx,docx,213,user0018,2026-06-21
ATT-02712,ECOM-2474,document_2712.png,png,817,user0027,2025-12-22
ATT-02713,BANK-1232,document_2713.png,png,1959,user0023,2026-06-10
ATT-02714,SEC-3241,document_2714.xlsx,xlsx,4338,user0003,2026-05-17
ATT-02715,ERP-1264,document_2715.docx,docx,4758,user0002,2026-04-26
ATT-02716,CRM-3931,document_2716.png,png,1741,user0017,2025-10-03
ATT-02717,BANK-2692,document_2717.docx,docx,4035,user0013,2026-06-07
ATT-02718,SEC-4501,document_2718.xlsx,xlsx,4485,user0013,2025-10-02
ATT-02719,ERP-1776,document_2719.pdf,pdf,3760,user0007,2026-06-14
ATT-02720,CLOUD-2502,document_2720.docx,docx,2405,user0023,2026-03-16
ATT-02721,MOB-499,document_2721.png,png,3773,user0002,2026-02-09
ATT-02722,BANK-1881,document_2722.pdf,pdf,2394,user0010,2025-11-27
ATT-02723,ERP-4054,document_2723.jpg,jpg,262,user0018,2026-01-19
ATT-02724,SEC-328,document_2724.pdf,pdf,269,user0024,2026-01-03
ATT-02725,PORTAL-564,document_2725.pdf,pdf,2508,user0028,2026-03-02
ATT-02726,BANK-957,document_2726.png,png,2552,user0018,2026-01-04
ATT-02727,BANK-4587,document_2727.pdf,pdf,3684,user0008,2026-09-03
ATT-02728,ECOM-3480,document_2728.xlsx,xlsx,1882,user0041,2025-11-25
ATT-02729,SEC-1379,document_2729.csv,csv,675,user0025,2025-10-23
ATT-02730,CRM-3851,document_2730.docx,docx,1985,user0009,2025-10-03
ATT-02731,PORTAL-1821,document_2731.csv,csv,1831,user0042,2026-05-21
ATT-02732,PORTAL-3815,document_2732.csv,csv,1744,user0036,2025-09-16
ATT-02733,SEC-988,document_2733.pdf,pdf,310,user0021,2026-02-06
ATT-02734,MOB-3981,document_2734.xlsx,xlsx,3851,user0008,2025-11-17
ATT-02735,MOB-4404,document_2735.csv,csv,4755,user0023,2026-02-05
ATT-02736,ECOM-3087,document_2736.jpg,jpg,540,user0029,2026-06-13
ATT-02737,BI-1920,document_2737.xlsx,xlsx,3599,user0024,2026-02-18
ATT-02738,BI-2643,document_2738.docx,docx,2261,user0011,2026-03-24
ATT-02739,ERP-4761,document_2739.docx,docx,2941,user0031,2026-03-12
ATT-02740,CRM-4376,document_2740.pdf,pdf,942,user0005,2026-04-15
ATT-02741,SEC-4567,document_2741.xlsx,xlsx,2289,user0044,2025-12-14
ATT-02742,BI-3351,document_2742.png,png,3400,user0030,2025-11-25
ATT-02743,PORTAL-33,document_2743.pdf,pdf,2453,user0010,2025-11-02
ATT-02744,DATA-60,document_2744.csv,csv,1249,user0039,2026-04-26
ATT-02745,MOB-815,document_2745.csv,csv,3486,user0044,2026-04-07
ATT-02746,ECOM-6,document_2746.xlsx,xlsx,1473,user0009,2026-09-12
ATT-02747,BANK-2552,document_2747.pdf,pdf,166,user0029,2025-12-25
ATT-02748,MOB-1839,document_2748.pdf,pdf,1608,user0039,2026-06-16
ATT-02749,BANK-4000,document_2749.docx,docx,2243,user0034,2026-07-08
ATT-02750,DATA-4014,document_2750.docx,docx,922,user0035,2025-12-31
ATT-02751,CRM-3657,document_2751.xlsx,xlsx,1237,user0041,2025-12-17
ATT-02752,ERP-3340,document_2752.xlsx,xlsx,2246,user0035,2026-01-19
ATT-02753,ECOM-3083,document_2753.docx,docx,1645,user0047,2026-04-18
ATT-02754,CRM-3798,document_2754.csv,csv,736,user0021,2026-07-13
ATT-02755,CLOUD-437,document_2755.png,png,1454,user0033,2026-08-14
ATT-02756,ECOM-3246,document_2756.png,png,1143,user0043,2025-12-04
ATT-02757,MOB-2548,document_2757.docx,docx,3510,user0007,2025-10-29
ATT-02758,CRM-3676,document_2758.pdf,pdf,1755,user0041,2026-05-25
ATT-02759,BANK-4207,document_2759.csv,csv,3089,user0046,2026-08-26
ATT-02760,BI-3680,document_2760.xlsx,xlsx,2222,user0003,2025-10-01
ATT-02761,SEC-1250,document_2761.csv,csv,3827,user0006,2025-11-30
ATT-02762,PORTAL-4753,document_2762.png,png,4091,user0041,2026-09-08
ATT-02763,CLOUD-1404,document_2763.png,png,4965,user0043,2026-02-20
ATT-02764,CRM-528,document_2764.csv,csv,139,user0021,2025-12-08
ATT-02765,PORTAL-2903,document_2765.jpg,jpg,4429,user0049,2026-06-06
ATT-02766,BI-2303,document_2766.png,png,4520,user0035,2026-03-01
ATT-02767,CLOUD-203,document_2767.docx,docx,2918,user0040,2026-03-17
ATT-02768,ERP-791,document_2768.csv,csv,2125,user0040,2025-11-25
ATT-02769,ERP-1420,document_2769.png,png,3441,user0030,2026-02-13
ATT-02770,CRM-198,document_2770.jpg,jpg,931,user0007,2025-09-14
ATT-02771,SEC-783,document_2771.png,png,775,user0047,2025-09-14
ATT-02772,BI-3549,document_2772.docx,docx,3095,user0050,2026-07-22
ATT-02773,ERP-592,document_2773.csv,csv,250,user0003,2026-01-01
ATT-02774,BANK-2940,document_2774.docx,docx,2283,user0010,2026-03-16
ATT-02775,CRM-2557,document_2775.pdf,pdf,2695,user0008,2025-09-20
ATT-02776,SEC-2930,document_2776.png,png,2787,user0028,2026-03-30
ATT-02777,CRM-3577,document_2777.jpg,jpg,2530,user0047,2025-10-18
ATT-02778,ERP-258,document_2778.docx,docx,352,user0045,2026-07-02
ATT-02779,PORTAL-4969,document_2779.xlsx,xlsx,4955,user0029,2026-07-24
ATT-02780,BANK-3128,document_2780.xlsx,xlsx,1215,user0048,2026-06-12
ATT-02781,ERP-3507,document_2781.png,png,4068,user0040,2026-06-15
ATT-02782,CRM-1643,document_2782.png,png,1389,user0042,2025-09-17
ATT-02783,CRM-2884,document_2783.docx,docx,3042,user0016,2026-05-08
ATT-02784,CRM-3114,document_2784.xlsx,xlsx,3875,user0026,2026-07-02
ATT-02785,BANK-4015,document_2785.pdf,pdf,1984,user0006,2026-07-07
ATT-02786,DATA-200,document_2786.docx,docx,3453,user0007,2025-11-27
ATT-02787,ECOM-266,document_2787.docx,docx,2168,user0033,2026-02-13
ATT-02788,PORTAL-3432,document_2788.docx,docx,590,user0031,2025-11-06
ATT-02789,MOB-2944,document_2789.docx,docx,3556,user0050,2025-11-10
ATT-02790,ECOM-1029,document_2790.xlsx,xlsx,2499,user0033,2025-11-05
ATT-02791,MOB-1148,document_2791.pdf,pdf,342,user0004,2025-11-10
ATT-02792,SEC-1216,document_2792.png,png,4345,user0047,2026-04-06
ATT-02793,ECOM-273,document_2793.docx,docx,1082,user0003,2026-04-08
ATT-02794,PORTAL-2206,document_2794.jpg,jpg,3667,user0032,2026-08-26
ATT-02795,BI-3999,document_2795.csv,csv,2044,user0050,2025-12-31
ATT-02796,ECOM-1326,document_2796.png,png,885,user0006,2026-03-11
ATT-02797,MOB-3138,document_2797.xlsx,xlsx,4515,user0044,2025-11-09
ATT-02798,BI-4456,document_2798.csv,csv,2598,user0007,2026-03-29
ATT-02799,SEC-2955,document_2799.xlsx,xlsx,1167,user0031,2025-09-17
ATT-02800,BI-4977,document_2800.png,png,2181,user0019,2026-05-25
ATT-02801,ECOM-2008,document_2801.png,png,2585,user0016,2026-05-02
ATT-02802,CLOUD-2302,document_2802.jpg,jpg,68,user0002,2026-08-30
ATT-02803,CLOUD-248,document_2803.csv,csv,4665,user0024,2026-02-03
ATT-02804,BANK-3289,document_2804.csv,csv,4419,user0037,2026-01-03
ATT-02805,DATA-571,document_2805.png,png,4280,user0048,2026-02-02
ATT-02806,SEC-167,document_2806.docx,docx,103,user0050,2026-05-27
ATT-02807,ERP-3649,document_2807.docx,docx,4908,user0010,2026-05-27
ATT-02808,SEC-4737,document_2808.jpg,jpg,3544,user0044,2026-06-22
ATT-02809,CLOUD-3959,document_2809.png,png,393,user0044,2025-11-29
ATT-02810,CRM-1697,document_2810.xlsx,xlsx,3826,user0034,2026-05-17
ATT-02811,ECOM-4283,document_2811.csv,csv,3881,user0001,2026-04-30
ATT-02812,MOB-962,document_2812.png,png,2838,user0021,2025-12-24
ATT-02813,CLOUD-412,document_2813.xlsx,xlsx,1247,user0035,2026-07-25
ATT-02814,SEC-2328,document_2814.pdf,pdf,2276,user0022,2026-01-23
ATT-02815,BANK-1503,document_2815.png,png,3278,user0046,2025-11-12
ATT-02816,MOB-4981,document_2816.docx,docx,1641,user0014,2026-01-16
ATT-02817,CRM-2324,document_2817.pdf,pdf,4176,user0042,2026-01-04
ATT-02818,DATA-4702,document_2818.pdf,pdf,267,user0040,2025-11-20
ATT-02819,BANK-110,document_2819.png,png,1121,user0023,2026-02-03
ATT-02820,MOB-2465,document_2820.jpg,jpg,3351,user0046,2026-02-23
ATT-02821,SEC-3337,document_2821.docx,docx,3153,user0027,2026-04-20
ATT-02822,MOB-4785,document_2822.csv,csv,1610,user0010,2026-02-26
ATT-02823,ECOM-2520,document_2823.docx,docx,2685,user0023,2025-10-11
ATT-02824,BANK-3526,document_2824.jpg,jpg,2667,user0047,2026-01-24
ATT-02825,BI-3546,document_2825.docx,docx,4790,user0020,2026-08-07
ATT-02826,PORTAL-1239,document_2826.jpg,jpg,4711,user0039,2025-12-05
ATT-02827,SEC-1721,document_2827.pdf,pdf,3609,user0037,2026-04-09
ATT-02828,SEC-303,document_2828.docx,docx,1492,user0044,2026-08-22
ATT-02829,SEC-2034,document_2829.jpg,jpg,2795,user0013,2025-10-28
ATT-02830,CRM-1486,document_2830.csv,csv,966,user0038,2026-02-07
ATT-02831,ERP-664,document_2831.xlsx,xlsx,2120,user0035,2026-03-12
ATT-02832,SEC-4118,document_2832.docx,docx,1340,user0050,2025-10-11
ATT-02833,BANK-1767,document_2833.docx,docx,2565,user0032,2026-04-01
ATT-02834,MOB-2299,document_2834.png,png,3494,user0032,2025-12-26
ATT-02835,ECOM-3735,document_2835.pdf,pdf,3756,user0028,2025-12-20
ATT-02836,SEC-4514,document_2836.xlsx,xlsx,4043,user0016,2026-02-13
ATT-02837,CLOUD-1089,document_2837.pdf,pdf,3843,user0032,2025-11-24
ATT-02838,DATA-2558,document_2838.png,png,1883,user0044,2025-10-10
ATT-02839,DATA-4654,document_2839.xlsx,xlsx,2301,user0010,2026-04-08
ATT-02840,BI-1800,document_2840.csv,csv,3815,user0041,2026-02-22
ATT-02841,BI-4387,document_2841.jpg,jpg,909,user0027,2025-10-02
ATT-02842,SEC-1772,document_2842.pdf,pdf,342,user0024,2026-04-25
ATT-02843,DATA-3559,document_2843.xlsx,xlsx,4915,user0046,2026-02-05
ATT-02844,CRM-1699,document_2844.xlsx,xlsx,4689,user0028,2026-05-09
ATT-02845,PORTAL-2617,document_2845.png,png,4654,user0038,2026-01-24
ATT-02846,CRM-1287,document_2846.png,png,2578,user0012,2025-11-07
ATT-02847,ERP-615,document_2847.csv,csv,2098,user0044,2026-01-23
ATT-02848,MOB-4442,document_2848.jpg,jpg,4607,user0022,2025-11-18
ATT-02849,BANK-1535,document_2849.pdf,pdf,4156,user0027,2026-08-13
ATT-02850,ERP-2519,document_2850.xlsx,xlsx,2430,user0017,2025-11-29
ATT-02851,CLOUD-326,document_2851.xlsx,xlsx,53,user0045,2026-09-02
ATT-02852,ERP-1251,document_2852.docx,docx,1212,user0009,2025-11-22
ATT-02853,ERP-2015,document_2853.csv,csv,326,user0016,2026-04-26
ATT-02854,ERP-1520,document_2854.csv,csv,2463,user0043,2026-05-16
ATT-02855,BI-2077,document_2855.png,png,1150,user0003,2026-06-29
ATT-02856,CLOUD-4220,document_2856.jpg,jpg,3151,user0017,2026-07-09
ATT-02857,BI-1498,document_2857.jpg,jpg,898,user0022,2026-02-15
ATT-02858,DATA-3286,document_2858.jpg,jpg,2246,user0024,2025-10-08
ATT-02859,ERP-1525,document_2859.pdf,pdf,3720,user0041,2026-07-12
ATT-02860,MOB-835,document_2860.png,png,4209,user0047,2025-10-09
ATT-02861,BANK-495,document_2861.pdf,pdf,1127,user0016,2026-02-18
ATT-02862,BI-482,document_2862.xlsx,xlsx,3227,user0018,2026-06-09
ATT-02863,PORTAL-2297,document_2863.xlsx,xlsx,424,user0003,2026-09-12
ATT-02864,ECOM-3857,document_2864.csv,csv,1447,user0016,2026-03-16
ATT-02865,BI-4941,document_2865.pdf,pdf,827,user0050,2025-11-21
ATT-02866,BANK-4931,document_2866.csv,csv,2546,user0050,2026-04-21
ATT-02867,MOB-4769,document_2867.csv,csv,2587,user0040,2026-06-25
ATT-02868,BANK-1312,document_2868.xlsx,xlsx,4130,user0015,2026-03-19
ATT-02869,CRM-4651,document_2869.xlsx,xlsx,2074,user0004,2025-10-15
ATT-02870,ECOM-48,document_2870.csv,csv,1552,user0038,2026-03-21
ATT-02871,MOB-4527,document_2871.xlsx,xlsx,4783,user0007,2026-04-21
ATT-02872,ERP-605,document_2872.xlsx,xlsx,994,user0045,2026-05-08
ATT-02873,MOB-1031,document_2873.csv,csv,2828,user0016,2026-08-27
ATT-02874,BANK-1449,document_2874.docx,docx,3515,user0021,2026-08-04
ATT-02875,MOB-933,document_2875.png,png,1670,user0034,2026-01-29
ATT-02876,CRM-3461,document_2876.docx,docx,439,user0006,2026-05-24
ATT-02877,DATA-1987,document_2877.docx,docx,404,user0006,2026-08-16
ATT-02878,SEC-4736,document_2878.docx,docx,4004,user0014,2026-06-25
ATT-02879,ERP-4472,document_2879.xlsx,xlsx,2882,user0009,2025-10-24
ATT-02880,BANK-2274,document_2880.png,png,2471,user0039,2026-03-14
ATT-02881,ERP-411,document_2881.csv,csv,4451,user0032,2025-10-26
ATT-02882,CRM-4282,document_2882.jpg,jpg,2947,user0026,2026-07-01
ATT-02883,CLOUD-1022,document_2883.png,png,2753,user0021,2025-12-14
ATT-02884,SEC-4257,document_2884.pdf,pdf,1044,user0046,2026-02-06
ATT-02885,SEC-1490,document_2885.docx,docx,296,user0019,2025-09-24
ATT-02886,PORTAL-2004,document_2886.png,png,3683,user0002,2026-08-08
ATT-02887,DATA-3105,document_2887.csv,csv,2335,user0047,2026-07-13
ATT-02888,PORTAL-3514,document_2888.csv,csv,4872,user0017,2026-05-31
ATT-02889,SEC-2012,document_2889.pdf,pdf,2026,user0039,2025-10-15
ATT-02890,MOB-690,document_2890.docx,docx,3396,user0002,2025-12-13
ATT-02891,MOB-1575,document_2891.pdf,pdf,1347,user0019,2026-07-06
ATT-02892,CLOUD-3665,document_2892.csv,csv,1462,user0008,2026-04-08
ATT-02893,ECOM-2474,document_2893.jpg,jpg,167,user0042,2026-04-07
ATT-02894,BANK-839,document_2894.jpg,jpg,291,user0025,2026-01-27
ATT-02895,DATA-2877,document_2895.pdf,pdf,221,user0005,2025-12-19
ATT-02896,ECOM-3705,document_2896.xlsx,xlsx,2501,user0032,2025-10-09
ATT-02897,BANK-1601,document_2897.xlsx,xlsx,1591,user0009,2026-02-19
ATT-02898,ECOM-3702,document_2898.docx,docx,1281,user0016,2025-10-27
ATT-02899,ERP-1160,document_2899.xlsx,xlsx,3979,user0040,2025-12-30
ATT-02900,SEC-3201,document_2900.png,png,2040,user0002,2026-02-13
ATT-02901,BI-1759,document_2901.xlsx,xlsx,4444,user0013,2026-01-08
ATT-02902,PORTAL-2755,document_2902.pdf,pdf,106,user0023,2026-05-22
ATT-02903,BI-491,document_2903.jpg,jpg,2199,user0035,2026-07-14
ATT-02904,CRM-945,document_2904.pdf,pdf,2646,user0020,2025-12-10
ATT-02905,SEC-4595,document_2905.png,png,2508,user0028,2026-03-04
ATT-02906,BANK-4968,document_2906.csv,csv,4000,user0017,2025-10-16
ATT-02907,MOB-794,document_2907.docx,docx,714,user0029,2026-03-21
ATT-02908,CRM-4235,document_2908.pdf,pdf,469,user0025,2026-05-11
ATT-02909,BANK-4446,document_2909.docx,docx,52,user0029,2026-03-27
ATT-02910,BANK-3474,document_2910.pdf,pdf,428,user0013,2025-10-30
ATT-02911,BANK-1027,document_2911.docx,docx,2092,user0046,2025-10-31
ATT-02912,ERP-2982,document_2912.png,png,2525,user0030,2025-11-01
ATT-02913,BI-1133,document_2913.jpg,jpg,2311,user0011,2026-06-15
ATT-02914,ERP-4081,document_2914.pdf,pdf,2111,user0021,2026-07-28
ATT-02915,MOB-3566,document_2915.jpg,jpg,3599,user0043,2025-11-29
ATT-02916,PORTAL-4500,document_2916.csv,csv,1028,user0018,2025-12-16
ATT-02917,BI-3687,document_2917.png,png,2236,user0036,2026-07-31
ATT-02918,BANK-4051,document_2918.xlsx,xlsx,3884,user0029,2026-08-26
ATT-02919,ERP-2403,document_2919.png,png,3765,user0012,2026-04-18
ATT-02920,BANK-1779,document_2920.docx,docx,1725,user0032,2026-06-04
ATT-02921,BANK-1535,document_2921.docx,docx,4062,user0031,2025-11-06
ATT-02922,PORTAL-4214,document_2922.docx,docx,2821,user0029,2026-08-13
ATT-02923,ERP-2549,document_2923.pdf,pdf,4160,user0026,2026-05-06
ATT-02924,CLOUD-3959,document_2924.csv,csv,911,user0041,2026-07-28
ATT-02925,ERP-1914,document_2925.xlsx,xlsx,167,user0038,2025-12-04
ATT-02926,BI-908,document_2926.pdf,pdf,172,user0019,2026-02-27
ATT-02927,DATA-4946,document_2927.jpg,jpg,2803,user0040,2026-06-20
ATT-02928,CRM-4487,document_2928.jpg,jpg,2097,user0008,2026-03-03
ATT-02929,ECOM-1605,document_2929.pdf,pdf,1231,user0026,2026-01-30
ATT-02930,SEC-1438,document_2930.docx,docx,3374,user0034,2026-05-14
ATT-02931,CLOUD-229,document_2931.xlsx,xlsx,1456,user0020,2026-05-03
ATT-02932,BI-403,document_2932.pdf,pdf,2022,user0040,2026-08-20
ATT-02933,ECOM-3860,document_2933.pdf,pdf,815,user0011,2026-03-18
ATT-02934,MOB-3790,document_2934.docx,docx,1306,user0041,2025-11-21
ATT-02935,DATA-3626,document_2935.jpg,jpg,2321,user0011,2026-04-18
ATT-02936,BANK-4446,document_2936.csv,csv,4322,user0046,2026-05-20
ATT-02937,PORTAL-2071,document_2937.csv,csv,3982,user0010,2025-10-31
ATT-02938,PORTAL-3906,document_2938.xlsx,xlsx,2052,user0008,2026-05-20
ATT-02939,BANK-4051,document_2939.png,png,3639,user0003,2026-01-06
ATT-02940,SEC-2241,document_2940.csv,csv,2879,user0049,2026-08-02
ATT-02941,DATA-3624,document_2941.docx,docx,4330,user0015,2026-06-01
ATT-02942,BANK-2720,document_2942.jpg,jpg,407,user0024,2025-12-20
ATT-02943,DATA-4120,document_2943.xlsx,xlsx,283,user0015,2026-01-24
ATT-02944,BANK-2899,document_2944.pdf,pdf,2234,user0022,2025-10-06
ATT-02945,SEC-439,document_2945.xlsx,xlsx,2868,user0023,2026-07-03
ATT-02946,CRM-743,document_2946.pdf,pdf,3809,user0001,2026-04-03
ATT-02947,DATA-4710,document_2947.pdf,pdf,383,user0037,2025-12-11
ATT-02948,BI-1998,document_2948.docx,docx,2830,user0050,2026-03-11
ATT-02949,CLOUD-1615,document_2949.png,png,748,user0042,2025-11-22
ATT-02950,BANK-2354,document_2950.pdf,pdf,3886,user0031,2025-10-08
ATT-02951,ECOM-3385,document_2951.jpg,jpg,4952,user0031,2026-07-17
ATT-02952,ECOM-3719,document_2952.docx,docx,4779,user0023,2026-03-09
ATT-02953,MOB-1600,document_2953.xlsx,xlsx,306,user0011,2025-11-19
ATT-02954,DATA-2912,document_2954.xlsx,xlsx,3847,user0019,2025-10-23
ATT-02955,ECOM-4482,document_2955.xlsx,xlsx,2985,user0022,2026-06-22
ATT-02956,ECOM-4138,document_2956.csv,csv,3103,user0017,2025-10-16
ATT-02957,CLOUD-382,document_2957.jpg,jpg,3364,user0049,2026-01-05
ATT-02958,ERP-433,document_2958.xlsx,xlsx,1029,user0019,2025-12-14
ATT-02959,SEC-951,document_2959.pdf,pdf,1473,user0001,2026-04-16
ATT-02960,SEC-1583,document_2960.csv,csv,4555,user0029,2026-05-28
ATT-02961,MOB-2299,document_2961.csv,csv,3103,user0040,2025-09-18
ATT-02962,CLOUD-1891,document_2962.pdf,pdf,4439,user0022,2025-11-17
ATT-02963,CRM-141,document_2963.png,png,2338,user0046,2026-01-29
ATT-02964,BI-3498,document_2964.pdf,pdf,597,user0043,2026-05-07
ATT-02965,CLOUD-3230,document_2965.docx,docx,2868,user0013,2026-02-15
ATT-02966,CRM-4853,document_2966.csv,csv,4202,user0050,2026-07-14
ATT-02967,BI-2910,document_2967.png,png,2281,user0044,2026-05-01
ATT-02968,SEC-3953,document_2968.pdf,pdf,4537,user0038,2026-06-12
ATT-02969,ERP-3786,document_2969.csv,csv,1555,user0002,2026-01-28
ATT-02970,BANK-444,document_2970.xlsx,xlsx,3655,user0013,2025-10-21
ATT-02971,CRM-222,document_2971.docx,docx,1629,user0019,2026-08-19
ATT-02972,MOB-147,document_2972.xlsx,xlsx,4523,user0017,2026-07-15
ATT-02973,MOB-2796,document_2973.pdf,pdf,1201,user0030,2026-02-05
ATT-02974,BI-686,document_2974.png,png,4549,user0024,2025-10-31
ATT-02975,CRM-1488,document_2975.docx,docx,3579,user0005,2026-03-14
ATT-02976,SEC-2204,document_2976.jpg,jpg,439,user0022,2025-10-12
ATT-02977,MOB-4505,document_2977.png,png,531,user0023,2026-07-31
ATT-02978,ERP-3746,document_2978.docx,docx,3957,user0046,2026-01-09
ATT-02979,MOB-3169,document_2979.docx,docx,1347,user0038,2026-07-24
ATT-02980,CRM-2062,document_2980.png,png,4389,user0042,2026-05-26
ATT-02981,SEC-4168,document_2981.csv,csv,1461,user0044,2026-08-29
ATT-02982,BANK-394,document_2982.png,png,2392,user0008,2026-08-04
ATT-02983,BANK-1194,document_2983.xlsx,xlsx,4816,user0022,2026-07-18
ATT-02984,BANK-444,document_2984.jpg,jpg,4578,user0010,2026-01-23
ATT-02985,SEC-2635,document_2985.png,png,3442,user0048,2026-07-04
ATT-02986,DATA-1856,document_2986.pdf,pdf,3231,user0031,2025-11-13
ATT-02987,BI-4017,document_2987.docx,docx,4450,user0016,2026-03-03
ATT-02988,ECOM-1472,document_2988.pdf,pdf,4217,user0045,2026-05-26
ATT-02989,SEC-4069,document_2989.jpg,jpg,4835,user0045,2025-09-25
ATT-02990,ECOM-3083,document_2990.pdf,pdf,3989,user0007,2026-08-01
ATT-02991,BANK-3324,document_2991.docx,docx,1882,user0041,2026-06-27
ATT-02992,MOB-12,document_2992.png,png,4033,user0029,2026-04-26
ATT-02993,ECOM-1730,document_2993.docx,docx,2543,user0018,2025-12-04
ATT-02994,SEC-4866,document_2994.png,png,2284,user0048,2025-11-16
ATT-02995,BANK-4278,document_2995.xlsx,xlsx,1977,user0020,2025-12-18
ATT-02996,ERP-4745,document_2996.jpg,jpg,1683,user0009,2025-12-25
ATT-02997,ECOM-2248,document_2997.png,png,373,user0024,2026-02-27
ATT-02998,PORTAL-4136,document_2998.docx,docx,3771,user0019,2026-06-16
ATT-02999,CLOUD-4908,document_2999.xlsx,xlsx,2314,user0050,2026-03-25
ATT-03000,BI-4438,document_3000.csv,csv,1929,user0039,2025-12-01
