comment_id,issue_key,author,comment_date,comment
COM-00001,SEC-76,user0044,2026-07-02,Le développement avance correctement.
COM-00002,SEC-1877,user0033,2026-07-16,Le problème est reproduit en environnement de test.
COM-00003,BANK-3023,user0024,2026-04-25,Correction proposée dans la prochaine version.
COM-00004,BANK-3128,user0042,2026-02-24,Correction proposée dans la prochaine version.
COM-00005,ECOM-653,user0023,2026-07-03,Besoin de plus d'informations.
COM-00006,BI-1931,user0030,2025-11-22,Le développement avance correctement.
COM-00007,DATA-1824,user0036,2026-06-14,Le problème semble corrigé.
COM-00008,CRM-2776,user0029,2026-01-23,Besoin de plus d'informations.
COM-00009,BANK-1053,user0042,2026-04-07,Attention au délai prévu.
COM-00010,ERP-32,user0050,2025-09-28,Correction proposée dans la prochaine version.
COM-00011,SEC-1760,user0013,2026-01-26,Attention au délai prévu.
COM-00012,ERP-221,user0028,2026-07-14,Correction proposée dans la prochaine version.
COM-00013,MOB-2825,user0037,2026-08-23,Tests complémentaires nécessaires.
COM-00014,ECOM-4856,user0039,2025-10-25,Le développement avance correctement.
COM-00015,CRM-3137,user0029,2026-02-07,Le développement avance correctement.
COM-00016,MOB-1120,user0015,2026-04-04,Il faut vérifier ce comportement.
COM-00017,ERP-3748,user0050,2026-08-01,La fonctionnalité est prête pour les tests.
COM-00018,SEC-369,user0034,2026-06-10,Il faut vérifier ce comportement.
COM-00019,ERP-135,user0021,2025-11-14,Correction proposée dans la prochaine version.
COM-00020,ECOM-2708,user0009,2026-09-08,Il faut vérifier ce comportement.
COM-00021,CRM-3558,user0012,2025-10-21,Le problème est reproduit en environnement de test.
COM-00022,ERP-4723,user0027,2025-10-18,La fonctionnalité est prête pour les tests.
COM-00023,CLOUD-1082,user0011,2026-05-19,Il faut vérifier ce comportement.
COM-00024,PORTAL-900,user0037,2026-03-16,Le problème semble corrigé.
COM-00025,PORTAL-3425,user0020,2026-07-30,Le client demande une modification.
COM-00026,DATA-3890,user0006,2026-03-07,Correction proposée dans la prochaine version.
COM-00027,BANK-1871,user0018,2025-09-21,Il faut vérifier ce comportement.
COM-00028,CLOUD-4256,user0007,2026-04-21,Le problème est reproduit en environnement de test.
COM-00029,MOB-4913,user0007,2026-03-01,Attention au délai prévu.
COM-00030,ERP-4437,user0026,2026-06-12,Le développement avance correctement.
COM-00031,BI-3100,user0012,2026-07-30,La fonctionnalité est prête pour les tests.
COM-00032,PORTAL-1753,user0027,2026-07-01,Il faut vérifier ce comportement.
COM-00033,DATA-1690,user0043,2026-02-24,Le problème semble corrigé.
COM-00034,MOB-785,user0034,2026-07-19,Le client demande une modification.
COM-00035,ECOM-4211,user0029,2026-07-28,Le problème semble corrigé.
COM-00036,BANK-3112,user0032,2025-11-25,Besoin de plus d'informations.
COM-00037,CRM-3807,user0005,2025-11-13,Il faut vérifier ce comportement.
COM-00038,CLOUD-248,user0038,2026-03-06,Le développement avance correctement.
COM-00039,BANK-4797,user0016,2026-08-27,Correction proposée dans la prochaine version.
COM-00040,SEC-1325,user0001,2026-02-28,Besoin de plus d'informations.
COM-00041,PORTAL-3260,user0012,2026-03-27,La fonctionnalité est prête pour les tests.
COM-00042,CLOUD-3945,user0014,2025-11-07,Il faut vérifier ce comportement.
COM-00043,BANK-3163,user0039,2026-04-19,La fonctionnalité est prête pour les tests.
COM-00044,SEC-3522,user0010,2026-03-25,Le problème semble corrigé.
COM-00045,SEC-2635,user0037,2025-10-04,Il faut vérifier ce comportement.
COM-00046,MOB-3326,user0040,2026-04-15,Il faut vérifier ce comportement.
COM-00047,BANK-2937,user0035,2025-10-07,Le problème est reproduit en environnement de test.
COM-00048,PORTAL-219,user0040,2026-03-02,Il faut vérifier ce comportement.
COM-00049,BANK-139,user0001,2026-01-20,Correction proposée dans la prochaine version.
COM-00050,CLOUD-3509,user0028,2026-02-27,Besoin de plus d'informations.
COM-00051,SEC-2682,user0035,2026-09-04,Le développement avance correctement.
COM-00052,DATA-4443,user0012,2025-10-04,Besoin de plus d'informations.
COM-00053,SEC-1882,user0015,2026-04-03,Besoin de plus d'informations.
COM-00054,DATA-3732,user0039,2026-08-21,Tests complémentaires nécessaires.
COM-00055,PORTAL-3690,user0050,2026-01-13,Tests complémentaires nécessaires.
COM-00056,PORTAL-1674,user0005,2025-10-26,La fonctionnalité est prête pour les tests.
COM-00057,PORTAL-4265,user0040,2025-09-24,Correction proposée dans la prochaine version.
COM-00058,MOB-3326,user0021,2025-11-11,Besoin de plus d'informations.
COM-00059,PORTAL-2333,user0042,2026-01-31,Le problème semble corrigé.
COM-00060,ERP-2757,user0033,2026-08-10,Attention au délai prévu.
COM-00061,ECOM-4269,user0022,2025-10-27,Le problème semble corrigé.
COM-00062,ECOM-3860,user0045,2026-07-17,Correction proposée dans la prochaine version.
COM-00063,CRM-1517,user0024,2026-06-19,Besoin de plus d'informations.
COM-00064,ERP-2419,user0020,2025-10-16,Correction proposée dans la prochaine version.
COM-00065,ECOM-1823,user0035,2025-11-18,Besoin de plus d'informations.
COM-00066,MOB-1270,user0013,2026-06-16,Le client demande une modification.
COM-00067,CRM-843,user0049,2026-04-06,Le client demande une modification.
COM-00068,BANK-1205,user0038,2025-10-30,Correction proposée dans la prochaine version.
COM-00069,ECOM-4728,user0040,2026-02-01,Il faut vérifier ce comportement.
COM-00070,ECOM-656,user0037,2025-10-22,Attention au délai prévu.
COM-00071,ECOM-4110,user0046,2025-12-17,Attention au délai prévu.
COM-00072,CLOUD-1528,user0008,2026-01-30,Il faut vérifier ce comportement.
COM-00073,SEC-1952,user0032,2026-03-25,La fonctionnalité est prête pour les tests.
COM-00074,DATA-4948,user0028,2026-01-01,Le client demande une modification.
COM-00075,CLOUD-4101,user0035,2025-11-20,Besoin de plus d'informations.
COM-00076,CLOUD-1434,user0003,2026-06-30,Attention au délai prévu.
COM-00077,PORTAL-4067,user0039,2026-01-01,Besoin de plus d'informations.
COM-00078,PORTAL-1374,user0013,2025-12-22,Le problème semble corrigé.
COM-00079,PORTAL-2306,user0010,2026-06-02,Le problème semble corrigé.
COM-00080,SEC-666,user0033,2025-10-19,Le problème est reproduit en environnement de test.
COM-00081,PORTAL-3254,user0044,2026-01-06,Tests complémentaires nécessaires.
COM-00082,BI-2985,user0044,2026-02-08,Le client demande une modification.
COM-00083,BI-4760,user0002,2026-08-01,Le développement avance correctement.
COM-00084,DATA-610,user0048,2026-05-23,Le développement avance correctement.
COM-00085,ERP-1847,user0034,2026-03-25,Le développement avance correctement.
COM-00086,ECOM-820,user0012,2026-01-10,Il faut vérifier ce comportement.
COM-00087,MOB-4615,user0009,2026-04-03,Le client demande une modification.
COM-00088,BI-2375,user0026,2026-03-31,Correction proposée dans la prochaine version.
COM-00089,DATA-1633,user0004,2026-05-21,Le problème est reproduit en environnement de test.
COM-00090,BANK-4687,user0029,2026-07-09,Correction proposée dans la prochaine version.
COM-00091,BANK-4687,user0038,2026-04-30,La fonctionnalité est prête pour les tests.
COM-00092,ERP-4804,user0037,2025-11-30,Le problème est reproduit en environnement de test.
COM-00093,DATA-4014,user0048,2026-09-07,Le client demande une modification.
COM-00094,PORTAL-383,user0013,2026-04-18,Correction proposée dans la prochaine version.
COM-00095,DATA-4971,user0011,2026-08-18,Il faut vérifier ce comportement.
COM-00096,MOB-1910,user0010,2026-08-22,Le problème semble corrigé.
COM-00097,SEC-1705,user0039,2026-03-11,Le développement avance correctement.
COM-00098,SEC-3361,user0045,2025-10-11,Le problème semble corrigé.
COM-00099,ECOM-2141,user0003,2026-07-19,Le développement avance correctement.
COM-00100,MOB-2610,user0006,2026-08-16,La fonctionnalité est prête pour les tests.
COM-00101,ECOM-3155,user0014,2026-06-28,Tests complémentaires nécessaires.
COM-00102,CLOUD-1798,user0024,2025-10-04,Il faut vérifier ce comportement.
COM-00103,PORTAL-1938,user0001,2026-02-21,Correction proposée dans la prochaine version.
COM-00104,SEC-4984,user0039,2026-09-02,Le client demande une modification.
COM-00105,SEC-4668,user0009,2025-11-28,Le développement avance correctement.
COM-00106,MOB-552,user0013,2026-02-01,Correction proposée dans la prochaine version.
COM-00107,ERP-411,user0014,2026-02-02,Le client demande une modification.
COM-00108,MOB-1225,user0011,2026-06-12,Le problème semble corrigé.
COM-00109,SEC-4700,user0037,2025-11-04,La fonctionnalité est prête pour les tests.
COM-00110,BI-776,user0036,2025-12-26,Le problème est reproduit en environnement de test.
COM-00111,SEC-2373,user0015,2026-01-04,Le problème est reproduit en environnement de test.
COM-00112,BANK-3030,user0025,2026-01-18,La fonctionnalité est prête pour les tests.
COM-00113,ECOM-125,user0046,2026-09-10,Tests complémentaires nécessaires.
COM-00114,ERP-2337,user0045,2025-10-11,Le problème semble corrigé.
COM-00115,MOB-2409,user0027,2025-12-05,Le client demande une modification.
COM-00116,CRM-2949,user0024,2025-10-28,Attention au délai prévu.
COM-00117,CRM-4860,user0038,2026-08-06,Le développement avance correctement.
COM-00118,MOB-1754,user0013,2025-09-16,Attention au délai prévu.
COM-00119,CLOUD-2876,user0018,2026-04-14,La fonctionnalité est prête pour les tests.
COM-00120,CLOUD-2009,user0008,2026-05-09,La fonctionnalité est prête pour les tests.
COM-00121,CLOUD-3916,user0020,2026-04-05,Correction proposée dans la prochaine version.
COM-00122,ECOM-2463,user0030,2025-10-23,Tests complémentaires nécessaires.
COM-00123,CRM-3931,user0024,2026-06-08,Attention au délai prévu.
COM-00124,CLOUD-2411,user0041,2025-10-23,Correction proposée dans la prochaine version.
COM-00125,PORTAL-1268,user0031,2026-02-21,Correction proposée dans la prochaine version.
COM-00126,BANK-1616,user0010,2026-05-30,Tests complémentaires nécessaires.
COM-00127,CRM-4897,user0025,2026-08-23,Le développement avance correctement.
COM-00128,BI-2276,user0016,2026-07-04,Le problème est reproduit en environnement de test.
COM-00129,BANK-495,user0042,2025-11-18,Attention au délai prévu.
COM-00130,PORTAL-967,user0006,2026-06-18,Le problème est reproduit en environnement de test.
COM-00131,CLOUD-986,user0030,2026-03-19,Le développement avance correctement.
COM-00132,BI-2218,user0049,2025-11-11,Correction proposée dans la prochaine version.
COM-00133,ECOM-3882,user0037,2025-10-18,Attention au délai prévu.
COM-00134,SEC-2868,user0002,2026-02-23,Le problème semble corrigé.
COM-00135,ECOM-2310,user0013,2026-06-06,Correction proposée dans la prochaine version.
COM-00136,ERP-3786,user0009,2025-11-18,Le client demande une modification.
COM-00137,MOB-880,user0042,2026-02-28,Besoin de plus d'informations.
COM-00138,ECOM-2520,user0038,2025-12-09,Le développement avance correctement.
COM-00139,BI-3616,user0036,2026-03-02,Le problème est reproduit en environnement de test.
COM-00140,DATA-3968,user0027,2026-07-29,Tests complémentaires nécessaires.
COM-00141,PORTAL-4457,user0007,2025-09-15,Besoin de plus d'informations.
COM-00142,CRM-915,user0043,2025-10-21,Attention au délai prévu.
COM-00143,BI-2353,user0010,2025-12-18,Le développement avance correctement.
COM-00144,BANK-3979,user0017,2026-03-06,Correction proposée dans la prochaine version.
COM-00145,PORTAL-3838,user0021,2026-05-25,Il faut vérifier ce comportement.
COM-00146,BANK-3771,user0031,2026-04-08,Besoin de plus d'informations.
COM-00147,CLOUD-4173,user0020,2026-04-06,Le problème est reproduit en environnement de test.
COM-00148,ERP-2996,user0008,2025-11-03,Le développement avance correctement.
COM-00149,ERP-4581,user0006,2025-10-22,Attention au délai prévu.
COM-00150,CRM-2782,user0042,2026-04-29,Le problème semble corrigé.
COM-00151,ERP-4478,user0031,2025-11-26,Le problème semble corrigé.
COM-00152,ERP-3644,user0005,2026-05-11,Il faut vérifier ce comportement.
COM-00153,BANK-4680,user0026,2026-06-26,Besoin de plus d'informations.
COM-00154,PORTAL-2129,user0043,2026-03-05,Besoin de plus d'informations.
COM-00155,BI-3720,user0022,2026-04-16,Correction proposée dans la prochaine version.
COM-00156,CLOUD-647,user0025,2026-06-12,Le problème est reproduit en environnement de test.
COM-00157,ECOM-3829,user0040,2026-03-05,Besoin de plus d'informations.
COM-00158,ERP-350,user0028,2026-09-11,Attention au délai prévu.
COM-00159,ECOM-4669,user0040,2026-07-14,Tests complémentaires nécessaires.
COM-00160,BI-3029,user0023,2026-05-23,Il faut vérifier ce comportement.
COM-00161,ECOM-2762,user0019,2026-02-28,Le développement avance correctement.
COM-00162,BANK-2028,user0010,2025-10-21,Le problème semble corrigé.
COM-00163,DATA-1221,user0028,2025-12-02,Le problème est reproduit en environnement de test.
COM-00164,BI-2386,user0030,2025-12-14,La fonctionnalité est prête pour les tests.
COM-00165,CLOUD-1974,user0027,2026-05-16,Attention au délai prévu.
COM-00166,MOB-3326,user0036,2026-06-12,Le développement avance correctement.
COM-00167,BANK-1334,user0036,2026-09-10,Tests complémentaires nécessaires.
COM-00168,BI-2513,user0027,2026-06-08,Il faut vérifier ce comportement.
COM-00169,PORTAL-2359,user0024,2026-07-25,La fonctionnalité est prête pour les tests.
COM-00170,SEC-2234,user0024,2026-08-16,Il faut vérifier ce comportement.
COM-00171,DATA-920,user0047,2026-03-19,Besoin de plus d'informations.
COM-00172,BI-2812,user0021,2026-08-09,Tests complémentaires nécessaires.
COM-00173,ECOM-3015,user0033,2026-05-23,Correction proposée dans la prochaine version.
COM-00174,CRM-4689,user0043,2026-01-01,Le problème semble corrigé.
COM-00175,CLOUD-1243,user0006,2026-04-08,La fonctionnalité est prête pour les tests.
COM-00176,MOB-3607,user0002,2025-10-07,Tests complémentaires nécessaires.
COM-00177,BANK-2958,user0041,2026-02-20,Attention au délai prévu.
COM-00178,ERP-2512,user0025,2025-09-21,Le problème est reproduit en environnement de test.
COM-00179,ERP-4970,user0023,2026-02-13,Attention au délai prévu.
COM-00180,DATA-3599,user0012,2025-10-06,Correction proposée dans la prochaine version.
COM-00181,MOB-28,user0033,2025-11-09,La fonctionnalité est prête pour les tests.
COM-00182,CLOUD-2634,user0018,2026-01-08,Le client demande une modification.
COM-00183,ECOM-1805,user0047,2025-09-20,Attention au délai prévu.
COM-00184,DATA-2456,user0018,2026-08-29,Tests complémentaires nécessaires.
COM-00185,PORTAL-1852,user0031,2026-07-01,Le client demande une modification.
COM-00186,DATA-3968,user0038,2025-09-17,Le développement avance correctement.
COM-00187,ECOM-4562,user0033,2026-04-15,Besoin de plus d'informations.
COM-00188,CLOUD-3520,user0035,2026-07-02,Le problème semble corrigé.
COM-00189,CLOUD-1665,user0033,2026-01-07,Le client demande une modification.
COM-00190,ECOM-4766,user0007,2026-02-24,Attention au délai prévu.
COM-00191,BI-4759,user0032,2026-05-08,Il faut vérifier ce comportement.
COM-00192,SEC-2997,user0029,2025-10-16,Attention au délai prévu.
COM-00193,CLOUD-1182,user0036,2026-01-03,Tests complémentaires nécessaires.
COM-00194,CLOUD-2477,user0036,2026-02-02,Le développement avance correctement.
COM-00195,CLOUD-3261,user0049,2025-09-30,Correction proposée dans la prochaine version.
COM-00196,BI-1771,user0022,2026-06-24,Il faut vérifier ce comportement.
COM-00197,PORTAL-4303,user0027,2026-02-07,Le problème est reproduit en environnement de test.
COM-00198,SEC-3315,user0017,2026-07-16,Besoin de plus d'informations.
COM-00199,CRM-4013,user0036,2026-07-30,Le problème semble corrigé.
COM-00200,MOB-436,user0037,2025-12-19,Correction proposée dans la prochaine version.
COM-00201,CRM-3568,user0030,2026-06-05,Attention au délai prévu.
COM-00202,BANK-3424,user0007,2026-02-10,Besoin de plus d'informations.
COM-00203,BANK-3743,user0012,2025-12-17,Le développement avance correctement.
COM-00204,SEC-195,user0011,2026-07-07,Correction proposée dans la prochaine version.
COM-00205,MOB-917,user0040,2026-02-27,Correction proposée dans la prochaine version.
COM-00206,ERP-4950,user0003,2026-06-01,Le problème est reproduit en environnement de test.
COM-00207,DATA-408,user0002,2026-07-10,Il faut vérifier ce comportement.
COM-00208,ERP-2281,user0021,2026-03-02,Le développement avance correctement.
COM-00209,BANK-637,user0049,2026-01-06,Attention au délai prévu.
COM-00210,PORTAL-1110,user0019,2026-04-29,Le client demande une modification.
COM-00211,ECOM-2526,user0001,2026-01-27,Le développement avance correctement.
COM-00212,MOB-260,user0015,2026-06-12,Besoin de plus d'informations.
COM-00213,ERP-1048,user0009,2026-03-15,Le client demande une modification.
COM-00214,BANK-3755,user0011,2026-05-31,Le client demande une modification.
COM-00215,BANK-1232,user0020,2026-08-12,Correction proposée dans la prochaine version.
COM-00216,CLOUD-437,user0023,2026-07-03,Attention au délai prévu.
COM-00217,CRM-4806,user0027,2025-12-27,Le développement avance correctement.
COM-00218,BI-2612,user0042,2026-08-29,Le problème semble corrigé.
COM-00219,ERP-507,user0036,2026-01-14,Le problème est reproduit en environnement de test.
COM-00220,BANK-1653,user0004,2026-02-06,Le développement avance correctement.
COM-00221,BANK-3265,user0030,2025-10-06,Tests complémentaires nécessaires.
COM-00222,BI-4936,user0012,2026-07-23,Le problème semble corrigé.
COM-00223,ERP-2337,user0026,2026-07-01,Correction proposée dans la prochaine version.
COM-00224,ECOM-4747,user0022,2025-12-22,La fonctionnalité est prête pour les tests.
COM-00225,CRM-2798,user0025,2026-04-30,Le client demande une modification.
COM-00226,PORTAL-1412,user0010,2025-11-17,Attention au délai prévu.
COM-00227,MOB-12,user0043,2025-12-25,Le problème semble corrigé.
COM-00228,BANK-942,user0029,2025-10-13,La fonctionnalité est prête pour les tests.
COM-00229,ECOM-4925,user0030,2026-03-22,Le développement avance correctement.
COM-00230,BI-960,user0043,2026-08-12,Il faut vérifier ce comportement.
COM-00231,ERP-4690,user0001,2026-06-30,Le problème semble corrigé.
COM-00232,CLOUD-346,user0018,2025-11-16,Besoin de plus d'informations.
COM-00233,ECOM-4915,user0047,2026-01-18,Le client demande une modification.
COM-00234,PORTAL-4757,user0050,2026-09-05,Le développement avance correctement.
COM-00235,PORTAL-2909,user0006,2026-04-13,La fonctionnalité est prête pour les tests.
COM-00236,PORTAL-4263,user0019,2026-09-05,Le problème semble corrigé.
COM-00237,ECOM-4283,user0033,2026-04-07,Le problème est reproduit en environnement de test.
COM-00238,DATA-3056,user0033,2026-06-25,Il faut vérifier ce comportement.
COM-00239,BI-1516,user0050,2026-01-09,Le développement avance correctement.
COM-00240,MOB-1529,user0030,2025-11-23,Le problème est reproduit en environnement de test.
COM-00241,DATA-2680,user0049,2025-12-24,Le problème semble corrigé.
COM-00242,BI-1003,user0042,2026-07-07,Il faut vérifier ce comportement.
COM-00243,ECOM-2265,user0007,2026-03-05,Attention au délai prévu.
COM-00244,PORTAL-4214,user0037,2026-01-11,La fonctionnalité est prête pour les tests.
COM-00245,MOB-305,user0050,2026-05-26,Attention au délai prévu.
COM-00246,ECOM-2867,user0029,2026-08-13,Correction proposée dans la prochaine version.
COM-00247,ERP-883,user0015,2026-05-11,Le problème est reproduit en environnement de test.
COM-00248,ECOM-4407,user0022,2025-12-27,Il faut vérifier ce comportement.
COM-00249,CLOUD-2695,user0024,2026-07-28,Le problème est reproduit en environnement de test.
COM-00250,BI-4623,user0030,2025-11-19,Le client demande une modification.
COM-00251,CRM-1078,user0034,2026-07-11,Attention au délai prévu.
COM-00252,ECOM-3369,user0031,2026-08-04,Besoin de plus d'informations.
COM-00253,BANK-957,user0042,2025-10-05,Tests complémentaires nécessaires.
COM-00254,CRM-367,user0012,2026-06-06,Correction proposée dans la prochaine version.
COM-00255,ERP-1542,user0046,2026-08-11,Attention au délai prévu.
COM-00256,CRM-4592,user0010,2026-03-31,Le problème semble corrigé.
COM-00257,CRM-3657,user0034,2026-06-01,Le développement avance correctement.
COM-00258,ECOM-4483,user0046,2025-12-28,Tests complémentaires nécessaires.
COM-00259,CRM-3768,user0002,2025-11-06,Besoin de plus d'informations.
COM-00260,MOB-4774,user0020,2025-12-03,Besoin de plus d'informations.
COM-00261,ERP-1289,user0004,2026-03-09,La fonctionnalité est prête pour les tests.
COM-00262,CLOUD-1089,user0038,2026-04-04,Il faut vérifier ce comportement.
COM-00263,ERP-4050,user0030,2026-06-24,La fonctionnalité est prête pour les tests.
COM-00264,CLOUD-277,user0035,2026-02-10,Attention au délai prévu.
COM-00265,PORTAL-1885,user0040,2025-12-03,Le problème est reproduit en environnement de test.
COM-00266,DATA-4075,user0030,2026-09-03,Attention au délai prévu.
COM-00267,CLOUD-4836,user0041,2025-11-25,Le problème semble corrigé.
COM-00268,CRM-2064,user0047,2025-11-03,Correction proposée dans la prochaine version.
COM-00269,PORTAL-1017,user0007,2026-01-31,Le problème est reproduit en environnement de test.
COM-00270,ECOM-2352,user0041,2026-04-26,Le développement avance correctement.
COM-00271,BI-4447,user0048,2025-11-22,Attention au délai prévu.
COM-00272,ECOM-48,user0042,2026-08-02,Le client demande une modification.
COM-00273,SEC-2012,user0026,2026-06-03,Attention au délai prévu.
COM-00274,MOB-4344,user0039,2026-08-17,Tests complémentaires nécessaires.
COM-00275,ECOM-2656,user0032,2026-01-20,Le développement avance correctement.
COM-00276,SEC-2327,user0008,2025-12-23,Il faut vérifier ce comportement.
COM-00277,ECOM-4231,user0024,2025-09-28,Correction proposée dans la prochaine version.
COM-00278,ECOM-2675,user0028,2026-07-14,Le client demande une modification.
COM-00279,PORTAL-1030,user0015,2026-05-10,Il faut vérifier ce comportement.
COM-00280,DATA-3228,user0017,2026-01-07,Le problème est reproduit en environnement de test.
COM-00281,BI-1002,user0040,2026-01-17,Attention au délai prévu.
COM-00282,ERP-1988,user0050,2025-12-04,Le client demande une modification.
COM-00283,CLOUD-3261,user0044,2026-01-30,Il faut vérifier ce comportement.
COM-00284,SEC-80,user0044,2026-06-19,Le problème semble corrigé.
COM-00285,DATA-3661,user0021,2026-02-21,Tests complémentaires nécessaires.
COM-00286,ECOM-4269,user0026,2026-07-13,Le développement avance correctement.
COM-00287,ERP-3649,user0035,2026-08-09,Attention au délai prévu.
COM-00288,PORTAL-1940,user0035,2025-12-13,Il faut vérifier ce comportement.
COM-00289,CLOUD-1364,user0019,2026-03-03,Le développement avance correctement.
COM-00290,BI-2625,user0031,2026-03-23,Tests complémentaires nécessaires.
COM-00291,BI-1256,user0025,2025-09-28,Le problème semble corrigé.
COM-00292,MOB-1144,user0045,2026-08-28,Le client demande une modification.
COM-00293,SEC-4168,user0016,2025-11-17,Besoin de plus d'informations.
COM-00294,ECOM-2737,user0006,2026-02-26,Attention au délai prévu.
COM-00295,BANK-428,user0026,2026-02-09,Il faut vérifier ce comportement.
COM-00296,BI-2346,user0003,2026-01-08,Correction proposée dans la prochaine version.
COM-00297,SEC-2685,user0006,2026-07-14,Tests complémentaires nécessaires.
COM-00298,SEC-2872,user0029,2026-02-23,Correction proposée dans la prochaine version.
COM-00299,CRM-309,user0001,2026-01-19,Tests complémentaires nécessaires.
COM-00300,ERP-3881,user0019,2026-08-29,Attention au délai prévu.
COM-00301,SEC-2978,user0009,2025-10-01,Le client demande une modification.
COM-00302,PORTAL-4263,user0015,2026-05-07,Le client demande une modification.
COM-00303,DATA-4434,user0013,2026-04-29,Il faut vérifier ce comportement.
COM-00304,ERP-664,user0020,2025-12-01,La fonctionnalité est prête pour les tests.
COM-00305,ERP-137,user0026,2026-05-26,Le client demande une modification.
COM-00306,MOB-2583,user0015,2026-05-30,Correction proposée dans la prochaine version.
COM-00307,CRM-2454,user0046,2026-07-08,Tests complémentaires nécessaires.
COM-00308,CLOUD-2686,user0027,2026-09-05,Tests complémentaires nécessaires.
COM-00309,SEC-1248,user0018,2026-05-31,Le développement avance correctement.
COM-00310,CRM-843,user0015,2026-07-26,Le problème semble corrigé.
COM-00311,BI-2783,user0039,2026-08-10,Le problème semble corrigé.
COM-00312,BI-3549,user0017,2026-02-23,Attention au délai prévu.
COM-00313,PORTAL-4324,user0019,2026-02-07,Le problème semble corrigé.
COM-00314,BANK-106,user0045,2025-11-22,Le problème semble corrigé.
COM-00315,ERP-2939,user0043,2026-05-11,Le problème est reproduit en environnement de test.
COM-00316,ERP-1264,user0035,2026-01-30,Le problème est reproduit en environnement de test.
COM-00317,MOB-2469,user0033,2026-01-03,Besoin de plus d'informations.
COM-00318,SEC-2401,user0041,2025-12-18,Correction proposée dans la prochaine version.
COM-00319,BI-1165,user0015,2026-02-14,Attention au délai prévu.
COM-00320,PORTAL-1354,user0042,2026-01-02,Tests complémentaires nécessaires.
COM-00321,ECOM-4155,user0042,2025-09-22,Le problème est reproduit en environnement de test.
COM-00322,SEC-2567,user0039,2026-02-17,Tests complémentaires nécessaires.
COM-00323,ERP-2712,user0042,2025-11-12,La fonctionnalité est prête pour les tests.
COM-00324,PORTAL-689,user0007,2025-12-29,Le client demande une modification.
COM-00325,MOB-263,user0025,2026-01-13,Le problème semble corrigé.
COM-00326,PORTAL-2235,user0049,2026-01-24,Le développement avance correctement.
COM-00327,BANK-114,user0049,2026-03-06,Le développement avance correctement.
COM-00328,ECOM-3199,user0031,2026-08-20,Tests complémentaires nécessaires.
COM-00329,PORTAL-2333,user0030,2026-05-04,Il faut vérifier ce comportement.
COM-00330,BANK-4694,user0040,2026-01-23,Il faut vérifier ce comportement.
COM-00331,DATA-1236,user0003,2026-06-19,Il faut vérifier ce comportement.
COM-00332,BI-549,user0049,2026-01-02,Il faut vérifier ce comportement.
COM-00333,DATA-3567,user0044,2026-08-16,Le problème est reproduit en environnement de test.
COM-00334,BANK-4278,user0012,2026-07-25,Le développement avance correctement.
COM-00335,DATA-2853,user0024,2026-05-01,Attention au délai prévu.
COM-00336,CLOUD-2301,user0008,2025-11-12,Tests complémentaires nécessaires.
COM-00337,ERP-4783,user0042,2026-02-02,Le développement avance correctement.
COM-00338,ECOM-1897,user0038,2026-07-13,Besoin de plus d'informations.
COM-00339,ERP-79,user0048,2026-02-26,Tests complémentaires nécessaires.
COM-00340,ECOM-3921,user0048,2026-02-05,Le développement avance correctement.
COM-00341,CRM-2450,user0040,2026-06-11,Le problème est reproduit en environnement de test.
COM-00342,BI-1423,user0007,2025-12-04,Le développement avance correctement.
COM-00343,BANK-2693,user0027,2026-07-15,Il faut vérifier ce comportement.
COM-00344,CLOUD-1320,user0007,2026-01-20,Tests complémentaires nécessaires.
COM-00345,CLOUD-4612,user0038,2026-06-19,Besoin de plus d'informations.
COM-00346,SEC-2858,user0011,2026-09-13,La fonctionnalité est prête pour les tests.
COM-00347,CLOUD-2054,user0032,2025-10-03,Le développement avance correctement.
COM-00348,BI-3609,user0035,2026-03-14,Le problème semble corrigé.
COM-00349,DATA-1727,user0024,2025-11-20,Tests complémentaires nécessaires.
COM-00350,ECOM-4852,user0019,2026-04-26,Le client demande une modification.
COM-00351,ECOM-3724,user0009,2026-04-15,La fonctionnalité est prête pour les tests.
COM-00352,PORTAL-807,user0009,2025-11-18,Il faut vérifier ce comportement.
COM-00353,DATA-1088,user0002,2026-07-18,Le problème semble corrigé.
COM-00354,DATA-3332,user0041,2026-09-09,La fonctionnalité est prête pour les tests.
COM-00355,DATA-2626,user0001,2026-07-12,Tests complémentaires nécessaires.
COM-00356,ECOM-4665,user0001,2026-06-27,Besoin de plus d'informations.
COM-00357,CRM-316,user0007,2026-01-07,Tests complémentaires nécessaires.
COM-00358,BANK-2476,user0014,2025-12-07,Le développement avance correctement.
COM-00359,SEC-3010,user0041,2025-12-11,Le problème semble corrigé.
COM-00360,BI-2483,user0029,2025-10-05,Il faut vérifier ce comportement.
COM-00361,CLOUD-3281,user0014,2025-12-27,Le client demande une modification.
COM-00362,CLOUD-2117,user0008,2026-03-14,La fonctionnalité est prête pour les tests.
COM-00363,CLOUD-877,user0015,2026-09-08,Attention au délai prévu.
COM-00364,MOB-794,user0045,2026-06-06,Le problème est reproduit en environnement de test.
COM-00365,ERP-2519,user0003,2026-04-23,Correction proposée dans la prochaine version.
COM-00366,MOB-3485,user0002,2025-11-17,Il faut vérifier ce comportement.
COM-00367,MOB-1529,user0031,2025-11-27,Le problème semble corrigé.
COM-00368,CRM-1486,user0030,2025-10-26,Le développement avance correctement.
COM-00369,DATA-4899,user0007,2025-12-24,Besoin de plus d'informations.
COM-00370,CRM-3490,user0003,2026-02-12,Le problème est reproduit en environnement de test.
COM-00371,CLOUD-2054,user0001,2025-10-13,Le problème est reproduit en environnement de test.
COM-00372,MOB-3300,user0016,2026-08-21,La fonctionnalité est prête pour les tests.
COM-00373,BI-3462,user0036,2025-11-27,Le problème semble corrigé.
COM-00374,BANK-3765,user0038,2026-02-18,La fonctionnalité est prête pour les tests.
COM-00375,DATA-2794,user0011,2026-05-27,Tests complémentaires nécessaires.
COM-00376,PORTAL-4805,user0007,2026-07-06,Le développement avance correctement.
COM-00377,CLOUD-466,user0026,2026-09-12,Le problème est reproduit en environnement de test.
COM-00378,SEC-4896,user0005,2025-11-27,Attention au délai prévu.
COM-00379,MOB-4917,user0028,2026-09-08,Besoin de plus d'informations.
COM-00380,PORTAL-342,user0035,2026-04-03,Correction proposée dans la prochaine version.
COM-00381,ECOM-1164,user0015,2026-01-11,Le problème semble corrigé.
COM-00382,ECOM-3750,user0036,2026-06-03,Le problème est reproduit en environnement de test.
COM-00383,DATA-2901,user0001,2025-12-16,Le problème semble corrigé.
COM-00384,PORTAL-1584,user0044,2026-08-16,Le client demande une modification.
COM-00385,DATA-270,user0050,2025-11-22,Le développement avance correctement.
COM-00386,BANK-696,user0031,2025-11-23,Le développement avance correctement.
COM-00387,SEC-2537,user0029,2026-02-24,Attention au délai prévu.
COM-00388,MOB-2351,user0003,2025-12-15,Le développement avance correctement.
COM-00389,BI-2041,user0042,2026-03-05,Le problème semble corrigé.
COM-00390,DATA-761,user0025,2026-01-03,Le développement avance correctement.
COM-00391,BANK-3079,user0002,2025-12-09,Correction proposée dans la prochaine version.
COM-00392,ERP-1160,user0027,2026-03-02,Il faut vérifier ce comportement.
COM-00393,PORTAL-1534,user0017,2025-11-23,Le client demande une modification.
COM-00394,CLOUD-1595,user0015,2025-12-04,Besoin de plus d'informations.
COM-00395,ECOM-2526,user0037,2026-01-10,La fonctionnalité est prête pour les tests.
COM-00396,CRM-3439,user0033,2026-05-20,Le problème semble corrigé.
COM-00397,SEC-4668,user0028,2026-01-29,Le problème semble corrigé.
COM-00398,BI-1353,user0031,2026-07-04,Correction proposée dans la prochaine version.
COM-00399,ECOM-2083,user0031,2026-07-16,Le développement avance correctement.
COM-00400,SEC-3633,user0009,2025-10-21,Le client demande une modification.
COM-00401,DATA-3548,user0012,2025-11-17,La fonctionnalité est prête pour les tests.
COM-00402,MOB-4930,user0038,2026-02-08,Besoin de plus d'informations.
COM-00403,SEC-4790,user0034,2026-04-13,Tests complémentaires nécessaires.
COM-00404,BI-3498,user0034,2025-12-14,Attention au délai prévu.
COM-00405,ERP-1076,user0004,2026-07-24,La fonctionnalité est prête pour les tests.
COM-00406,ECOM-2737,user0002,2026-09-02,Attention au délai prévu.
COM-00407,DATA-3963,user0009,2026-05-27,Le problème semble corrigé.
COM-00408,CRM-1077,user0015,2026-01-08,Attention au délai prévu.
COM-00409,SEC-65,user0034,2025-10-14,Correction proposée dans la prochaine version.
COM-00410,BI-2763,user0011,2026-01-22,Correction proposée dans la prochaine version.
COM-00411,SEC-1729,user0038,2026-03-27,Il faut vérifier ce comportement.
COM-00412,CRM-4869,user0039,2026-05-25,Le problème semble corrigé.
COM-00413,PORTAL-3425,user0009,2025-10-12,Besoin de plus d'informations.
COM-00414,BANK-3932,user0050,2026-02-15,Le développement avance correctement.
COM-00415,MOB-1130,user0036,2026-02-06,Besoin de plus d'informations.
COM-00416,ERP-2087,user0036,2026-06-01,Tests complémentaires nécessaires.
COM-00417,CLOUD-1424,user0035,2025-11-25,Le problème est reproduit en environnement de test.
COM-00418,PORTAL-1989,user0050,2026-02-03,Il faut vérifier ce comportement.
COM-00419,ERP-1565,user0006,2026-06-22,Tests complémentaires nécessaires.
COM-00420,CRM-3759,user0037,2026-05-07,Tests complémentaires nécessaires.
COM-00421,DATA-777,user0009,2026-04-09,Correction proposée dans la prochaine version.
COM-00422,BI-509,user0028,2025-12-23,La fonctionnalité est prête pour les tests.
COM-00423,BANK-2848,user0013,2025-09-30,Correction proposée dans la prochaine version.
COM-00424,CLOUD-2892,user0007,2025-10-06,Besoin de plus d'informations.
COM-00425,SEC-2453,user0038,2026-05-31,Attention au délai prévu.
COM-00426,BI-2418,user0025,2026-01-26,Le problème semble corrigé.
COM-00427,BI-2534,user0041,2025-12-05,Attention au délai prévu.
COM-00428,MOB-4024,user0007,2026-09-02,Tests complémentaires nécessaires.
COM-00429,BANK-2335,user0030,2026-02-22,Il faut vérifier ce comportement.
COM-00430,ERP-2490,user0015,2026-08-01,Tests complémentaires nécessaires.
COM-00431,SEC-3050,user0006,2025-11-13,Attention au délai prévu.
COM-00432,SEC-951,user0042,2026-04-04,Besoin de plus d'informations.
COM-00433,MOB-1381,user0018,2026-04-08,Le développement avance correctement.
COM-00434,PORTAL-2589,user0016,2025-10-15,Tests complémentaires nécessaires.
COM-00435,BI-2063,user0030,2025-10-31,Besoin de plus d'informations.
COM-00436,CLOUD-1193,user0041,2026-01-14,Correction proposée dans la prochaine version.
COM-00437,PORTAL-516,user0015,2026-05-02,Correction proposée dans la prochaine version.
COM-00438,DATA-1652,user0025,2026-04-26,Il faut vérifier ce comportement.
COM-00439,CRM-2324,user0014,2026-05-31,Le client demande une modification.
COM-00440,CRM-2603,user0028,2026-04-08,Le client demande une modification.
COM-00441,MOB-4362,user0048,2026-04-09,Attention au délai prévu.
COM-00442,MOB-4052,user0005,2026-08-15,Il faut vérifier ce comportement.
COM-00443,BI-2789,user0013,2025-09-20,Tests complémentaires nécessaires.
COM-00444,BANK-3053,user0046,2025-11-25,Besoin de plus d'informations.
COM-00445,ERP-1845,user0045,2026-06-10,Le développement avance correctement.
COM-00446,PORTAL-1674,user0014,2026-01-03,Le client demande une modification.
COM-00447,BANK-530,user0025,2026-07-25,Le développement avance correctement.
COM-00448,ECOM-2486,user0050,2026-04-29,Attention au délai prévu.
COM-00449,ECOM-1369,user0038,2026-08-26,Le développement avance correctement.
COM-00450,SEC-3947,user0003,2026-08-24,Tests complémentaires nécessaires.
COM-00451,DATA-2794,user0003,2026-03-12,Il faut vérifier ce comportement.
COM-00452,BI-2277,user0009,2026-07-10,Besoin de plus d'informations.
COM-00453,CLOUD-2590,user0024,2025-10-02,Le problème est reproduit en environnement de test.
COM-00454,CLOUD-3314,user0016,2025-09-30,La fonctionnalité est prête pour les tests.
COM-00455,CLOUD-2138,user0004,2025-09-23,La fonctionnalité est prête pour les tests.
COM-00456,CLOUD-4080,user0002,2025-11-15,Il faut vérifier ce comportement.
COM-00457,DATA-2035,user0027,2025-09-28,Correction proposée dans la prochaine version.
COM-00458,ECOM-1397,user0017,2026-02-21,Tests complémentaires nécessaires.
COM-00459,DATA-1855,user0035,2026-01-08,Le client demande une modification.
COM-00460,PORTAL-2704,user0030,2026-06-25,Il faut vérifier ce comportement.
COM-00461,BANK-3046,user0038,2025-11-06,Attention au délai prévu.
COM-00462,PORTAL-3370,user0045,2025-11-03,Tests complémentaires nécessaires.
COM-00463,ECOM-4929,user0006,2026-01-08,Le client demande une modification.
COM-00464,ECOM-4807,user0036,2026-04-06,Le problème est reproduit en environnement de test.
COM-00465,SEC-2799,user0004,2025-12-13,Le client demande une modification.
COM-00466,CRM-3333,user0006,2025-10-19,Attention au délai prévu.
COM-00467,BANK-869,user0031,2026-08-24,Il faut vérifier ce comportement.
COM-00468,BANK-1767,user0012,2025-10-14,Besoin de plus d'informations.
COM-00469,PORTAL-926,user0018,2026-08-18,Besoin de plus d'informations.
COM-00470,SEC-885,user0006,2026-08-30,Le problème semble corrigé.
COM-00471,CLOUD-2621,user0025,2026-04-26,Correction proposée dans la prochaine version.
COM-00472,ECOM-123,user0027,2025-10-27,Tests complémentaires nécessaires.
COM-00473,CLOUD-409,user0027,2025-11-29,Attention au délai prévu.
COM-00474,ECOM-692,user0013,2025-10-05,Il faut vérifier ce comportement.
COM-00475,ECOM-1482,user0008,2026-01-12,Le problème est reproduit en environnement de test.
COM-00476,BI-4760,user0036,2026-01-01,Le problème semble corrigé.
COM-00477,MOB-3751,user0017,2026-05-09,Attention au délai prévu.
COM-00478,DATA-3105,user0034,2026-06-26,Correction proposée dans la prochaine version.
COM-00479,PORTAL-2644,user0007,2025-11-22,Attention au délai prévu.
COM-00480,SEC-652,user0009,2026-01-13,Correction proposée dans la prochaine version.
COM-00481,BANK-2317,user0028,2026-08-18,Il faut vérifier ce comportement.
COM-00482,CRM-640,user0037,2026-03-25,Le problème est reproduit en environnement de test.
COM-00483,CRM-3218,user0014,2026-02-11,Correction proposée dans la prochaine version.
COM-00484,SEC-4866,user0049,2026-08-04,Correction proposée dans la prochaine version.
COM-00485,CLOUD-311,user0038,2026-03-08,Le développement avance correctement.
COM-00486,BI-3546,user0042,2026-02-13,La fonctionnalité est prête pour les tests.
COM-00487,BI-4264,user0042,2026-07-06,Le problème est reproduit en environnement de test.
COM-00488,SEC-1244,user0036,2025-12-13,Correction proposée dans la prochaine version.
COM-00489,CRM-36,user0001,2025-10-08,Tests complémentaires nécessaires.
COM-00490,BANK-2208,user0025,2026-04-10,Correction proposée dans la prochaine version.
COM-00491,BI-2480,user0034,2026-05-25,Il faut vérifier ce comportement.
COM-00492,DATA-4534,user0027,2026-05-27,Tests complémentaires nécessaires.
COM-00493,DATA-2941,user0021,2025-10-21,Tests complémentaires nécessaires.
COM-00494,CRM-3457,user0006,2026-03-01,Attention au délai prévu.
COM-00495,PORTAL-4521,user0044,2025-12-13,Tests complémentaires nécessaires.
COM-00496,BI-662,user0018,2026-02-01,Tests complémentaires nécessaires.
COM-00497,CLOUD-346,user0045,2026-07-25,Le problème semble corrigé.
COM-00498,BI-4537,user0039,2025-12-01,Tests complémentaires nécessaires.
COM-00499,CLOUD-1037,user0005,2026-08-11,Le problème est reproduit en environnement de test.
COM-00500,MOB-223,user0013,2026-01-05,Le développement avance correctement.
COM-00501,CLOUD-4543,user0046,2026-07-23,Le problème est reproduit en environnement de test.
COM-00502,BANK-3765,user0014,2025-12-17,Attention au délai prévu.
COM-00503,DATA-1641,user0042,2026-05-14,Attention au délai prévu.
COM-00504,CRM-2771,user0027,2025-11-20,Besoin de plus d'informations.
COM-00505,BI-3064,user0026,2026-08-20,Tests complémentaires nécessaires.
COM-00506,MOB-3138,user0023,2026-03-04,Le client demande une modification.
COM-00507,SEC-1475,user0003,2026-06-03,Tests complémentaires nécessaires.
COM-00508,DATA-2680,user0036,2025-10-05,Le problème est reproduit en environnement de test.
COM-00509,ERP-1335,user0029,2026-09-06,La fonctionnalité est prête pour les tests.
COM-00510,CLOUD-62,user0042,2026-08-06,Le client demande une modification.
COM-00511,BANK-2354,user0027,2025-12-21,La fonctionnalité est prête pour les tests.
COM-00512,CLOUD-3121,user0029,2026-03-20,Le développement avance correctement.
COM-00513,CRM-916,user0045,2026-09-02,Attention au délai prévu.
COM-00514,BANK-1183,user0043,2025-11-01,Tests complémentaires nécessaires.
COM-00515,ECOM-4515,user0033,2026-05-30,La fonctionnalité est prête pour les tests.
COM-00516,ECOM-4464,user0020,2026-06-30,Tests complémentaires nécessaires.
COM-00517,BI-591,user0026,2026-01-15,La fonctionnalité est prête pour les tests.
COM-00518,BI-4288,user0020,2025-09-14,Tests complémentaires nécessaires.
COM-00519,PORTAL-516,user0018,2026-01-30,Le client demande une modification.
COM-00520,ECOM-928,user0025,2026-01-29,Le problème semble corrigé.
COM-00521,SEC-3108,user0002,2026-01-20,La fonctionnalité est prête pour les tests.
COM-00522,CRM-1486,user0023,2026-01-04,Besoin de plus d'informations.
COM-00523,ECOM-1805,user0042,2026-04-09,Le client demande une modification.
COM-00524,ECOM-4956,user0037,2026-06-23,Le problème semble corrigé.
COM-00525,PORTAL-2772,user0001,2025-10-22,Correction proposée dans la prochaine version.
COM-00526,CRM-335,user0034,2025-09-30,Correction proposée dans la prochaine version.
COM-00527,ERP-4129,user0040,2026-08-01,Le problème est reproduit en environnement de test.
COM-00528,PORTAL-2133,user0018,2026-06-20,Tests complémentaires nécessaires.
COM-00529,CLOUD-485,user0001,2026-08-08,Tests complémentaires nécessaires.
COM-00530,CRM-537,user0021,2026-05-28,Le client demande une modification.
COM-00531,SEC-1281,user0011,2026-03-20,Il faut vérifier ce comportement.
COM-00532,ERP-4580,user0020,2026-01-29,Correction proposée dans la prochaine version.
COM-00533,ECOM-1309,user0014,2026-04-21,Le développement avance correctement.
COM-00534,CLOUD-3861,user0018,2025-11-08,Le problème semble corrigé.
COM-00535,BI-3795,user0019,2025-11-25,La fonctionnalité est prête pour les tests.
COM-00536,ERP-1538,user0018,2026-07-21,Le développement avance correctement.
COM-00537,CRM-1010,user0004,2026-06-14,Besoin de plus d'informations.
COM-00538,MOB-2376,user0037,2026-01-24,Le développement avance correctement.
COM-00539,BANK-1205,user0048,2026-03-12,La fonctionnalité est prête pour les tests.
COM-00540,CRM-4039,user0013,2025-10-10,La fonctionnalité est prête pour les tests.
COM-00541,SEC-4764,user0030,2026-03-03,Le problème est reproduit en environnement de test.
COM-00542,DATA-4431,user0004,2025-11-06,Le client demande une modification.
COM-00543,BI-3231,user0027,2026-01-22,Besoin de plus d'informations.
COM-00544,BANK-2416,user0027,2026-06-12,Le client demande une modification.
COM-00545,BI-4960,user0016,2026-03-14,Le problème est reproduit en environnement de test.
COM-00546,SEC-2923,user0007,2026-06-12,Attention au délai prévu.
COM-00547,MOB-2548,user0038,2026-05-11,Tests complémentaires nécessaires.
COM-00548,CRM-4189,user0031,2025-10-22,Le client demande une modification.
COM-00549,ECOM-1507,user0032,2025-10-24,Le développement avance correctement.
COM-00550,MOB-606,user0045,2026-05-29,Le problème semble corrigé.
COM-00551,ECOM-3809,user0048,2026-06-08,Le problème est reproduit en environnement de test.
COM-00552,ECOM-1834,user0039,2026-08-19,Le problème semble corrigé.
COM-00553,DATA-2718,user0034,2026-01-24,Besoin de plus d'informations.
COM-00554,CLOUD-4612,user0033,2026-01-05,Le développement avance correctement.
COM-00555,CLOUD-3287,user0028,2026-01-28,Attention au délai prévu.
COM-00556,PORTAL-2927,user0021,2025-10-03,Le problème est reproduit en environnement de test.
COM-00557,PORTAL-2176,user0034,2026-03-04,Le problème semble corrigé.
COM-00558,PORTAL-2954,user0015,2026-08-09,Le développement avance correctement.
COM-00559,BANK-2017,user0019,2025-12-26,Attention au délai prévu.
COM-00560,ECOM-4515,user0028,2026-06-29,Besoin de plus d'informations.
COM-00561,DATA-1693,user0002,2026-04-18,Le client demande une modification.
COM-00562,BI-435,user0043,2026-06-19,Le développement avance correctement.
COM-00563,CRM-426,user0040,2025-09-19,La fonctionnalité est prête pour les tests.
COM-00564,SEC-1732,user0025,2025-10-27,La fonctionnalité est prête pour les tests.
COM-00565,CLOUD-3575,user0031,2026-05-01,Correction proposée dans la prochaine version.
COM-00566,MOB-4084,user0012,2025-12-05,Tests complémentaires nécessaires.
COM-00567,BI-1496,user0027,2025-10-02,Le problème semble corrigé.
COM-00568,CLOUD-4032,user0025,2026-09-05,Il faut vérifier ce comportement.
COM-00569,BI-1122,user0050,2026-06-12,Le problème semble corrigé.
COM-00570,ERP-4437,user0018,2026-01-08,Le client demande une modification.
COM-00571,ERP-897,user0020,2026-08-07,Le problème est reproduit en environnement de test.
COM-00572,BANK-3014,user0015,2026-06-22,Correction proposée dans la prochaine version.
COM-00573,SEC-3441,user0002,2026-03-18,Le problème est reproduit en environnement de test.
COM-00574,PORTAL-4521,user0028,2026-02-19,Tests complémentaires nécessaires.
COM-00575,BANK-190,user0046,2026-07-15,Le problème semble corrigé.
COM-00576,SEC-4192,user0032,2026-02-20,Besoin de plus d'informations.
COM-00577,SEC-2591,user0032,2026-02-03,Le problème semble corrigé.
COM-00578,BI-3999,user0013,2026-06-17,La fonctionnalité est prête pour les tests.
COM-00579,DATA-4864,user0018,2025-09-18,Le client demande une modification.
COM-00580,ERP-3368,user0016,2026-03-22,Le client demande une modification.
COM-00581,SEC-1428,user0033,2026-06-29,La fonctionnalité est prête pour les tests.
COM-00582,BANK-1888,user0023,2026-01-05,Besoin de plus d'informations.
COM-00583,BI-2530,user0050,2025-10-17,Attention au délai prévu.
COM-00584,DATA-1280,user0004,2026-03-06,Attention au délai prévu.
COM-00585,ERP-3342,user0022,2026-06-08,Le problème est reproduit en environnement de test.
COM-00586,ERP-4016,user0015,2025-11-23,La fonctionnalité est prête pour les tests.
COM-00587,ERP-4894,user0042,2025-10-26,Attention au délai prévu.
COM-00588,SEC-2650,user0023,2026-07-02,Le problème est reproduit en environnement de test.
COM-00589,DATA-4342,user0037,2025-12-08,Le problème semble corrigé.
COM-00590,BANK-380,user0049,2026-02-17,Le développement avance correctement.
COM-00591,CRM-654,user0032,2026-06-09,Attention au délai prévu.
COM-00592,BI-4767,user0025,2025-12-03,Attention au délai prévu.
COM-00593,SEC-3512,user0041,2026-05-22,Besoin de plus d'informations.
COM-00594,DATA-1021,user0021,2026-09-07,Attention au délai prévu.
COM-00595,ERP-1634,user0002,2026-07-03,Besoin de plus d'informations.
COM-00596,CRM-2992,user0037,2025-11-24,Le problème est reproduit en environnement de test.
COM-00597,CRM-2798,user0029,2026-01-22,Tests complémentaires nécessaires.
COM-00598,CRM-3759,user0030,2025-12-24,Attention au délai prévu.
COM-00599,BANK-3119,user0036,2026-07-01,Le développement avance correctement.
COM-00600,CLOUD-278,user0049,2025-10-01,Le développement avance correctement.
COM-00601,CRM-1394,user0029,2026-03-05,Correction proposée dans la prochaine version.
COM-00602,SEC-778,user0016,2025-10-11,Besoin de plus d'informations.
COM-00603,MOB-1130,user0049,2025-11-09,Attention au délai prévu.
COM-00604,CRM-2719,user0005,2025-09-27,Le problème est reproduit en environnement de test.
COM-00605,ECOM-2656,user0021,2026-03-30,Le problème semble corrigé.
COM-00606,PORTAL-2790,user0031,2026-03-26,Tests complémentaires nécessaires.
COM-00607,MOB-4739,user0009,2025-11-21,La fonctionnalité est prête pour les tests.
COM-00608,ERP-1069,user0016,2026-02-24,Le client demande une modification.
COM-00609,BI-392,user0012,2026-02-10,Il faut vérifier ce comportement.
COM-00610,SEC-988,user0039,2026-06-23,Tests complémentaires nécessaires.
COM-00611,ERP-496,user0026,2025-09-27,Le client demande une modification.
COM-00612,CRM-1724,user0028,2026-08-06,Tests complémentaires nécessaires.
COM-00613,DATA-3599,user0030,2026-02-18,Tests complémentaires nécessaires.
COM-00614,CRM-2334,user0017,2026-04-20,Besoin de plus d'informations.
COM-00615,ERP-3816,user0019,2025-11-07,Tests complémentaires nécessaires.
COM-00616,MOB-1331,user0043,2025-11-26,Le développement avance correctement.
COM-00617,PORTAL-2861,user0003,2026-06-24,Correction proposée dans la prochaine version.
COM-00618,ERP-842,user0036,2026-02-13,Le problème est reproduit en environnement de test.
COM-00619,SEC-3953,user0016,2025-11-25,Attention au délai prévu.
COM-00620,PORTAL-4742,user0049,2026-02-04,Le problème est reproduit en environnement de test.
COM-00621,PORTAL-868,user0039,2026-09-05,Il faut vérifier ce comportement.
COM-00622,ECOM-3518,user0047,2026-02-18,Besoin de plus d'informations.
COM-00623,SEC-3793,user0006,2025-11-08,Le développement avance correctement.
COM-00624,SEC-4296,user0026,2025-09-26,Attention au délai prévu.
COM-00625,MOB-4720,user0049,2026-06-01,Le client demande une modification.
COM-00626,BI-3671,user0039,2026-02-10,Correction proposée dans la prochaine version.
COM-00627,ECOM-4515,user0046,2026-04-02,Le développement avance correctement.
COM-00628,CLOUD-1046,user0036,2026-04-03,Correction proposée dans la prochaine version.
COM-00629,CLOUD-4829,user0009,2026-04-29,Besoin de plus d'informations.
COM-00630,ECOM-4453,user0007,2026-02-27,Besoin de plus d'informations.
COM-00631,SEC-4296,user0038,2026-08-24,La fonctionnalité est prête pour les tests.
COM-00632,SEC-1438,user0031,2026-01-30,Le problème semble corrigé.
COM-00633,BI-3550,user0037,2026-02-19,Le développement avance correctement.
COM-00634,DATA-1604,user0002,2026-01-07,Le développement avance correctement.
COM-00635,BI-2547,user0023,2026-03-06,Il faut vérifier ce comportement.
COM-00636,CLOUD-1404,user0038,2026-06-20,Besoin de plus d'informations.
COM-00637,SEC-4868,user0007,2026-07-11,Attention au délai prévu.
COM-00638,BANK-3757,user0006,2026-05-06,Attention au délai prévu.
COM-00639,PORTAL-616,user0016,2026-04-25,Besoin de plus d'informations.
COM-00640,CRM-316,user0007,2026-02-14,Le problème semble corrigé.
COM-00641,PORTAL-997,user0007,2025-10-08,Le développement avance correctement.
COM-00642,PORTAL-3639,user0013,2026-03-24,La fonctionnalité est prête pour les tests.
COM-00643,BANK-2849,user0011,2026-06-02,Besoin de plus d'informations.
COM-00644,MOB-4212,user0017,2026-05-28,La fonctionnalité est prête pour les tests.
COM-00645,CRM-984,user0010,2025-11-03,Besoin de plus d'informations.
COM-00646,PORTAL-519,user0001,2026-05-14,La fonctionnalité est prête pour les tests.
COM-00647,MOB-1792,user0043,2026-05-19,Le problème semble corrigé.
COM-00648,BI-4387,user0014,2025-12-26,Le client demande une modification.
COM-00649,BI-4449,user0029,2026-01-14,Besoin de plus d'informations.
COM-00650,CRM-4470,user0042,2026-06-26,Tests complémentaires nécessaires.
COM-00651,BI-2225,user0007,2026-03-07,La fonctionnalité est prête pour les tests.
COM-00652,MOB-3169,user0031,2026-08-07,Tests complémentaires nécessaires.
COM-00653,SEC-3634,user0044,2026-01-28,Le problème semble corrigé.
COM-00654,ECOM-180,user0033,2025-11-08,Attention au délai prévu.
COM-00655,DATA-4493,user0020,2026-06-26,Besoin de plus d'informations.
COM-00656,SEC-3337,user0009,2025-10-10,La fonctionnalité est prête pour les tests.
COM-00657,ECOM-4722,user0037,2025-10-25,Attention au délai prévu.
COM-00658,BI-3687,user0011,2026-04-26,Correction proposée dans la prochaine version.
COM-00659,CLOUD-1615,user0020,2025-11-27,Attention au délai prévu.
COM-00660,CRM-597,user0045,2026-02-14,Besoin de plus d'informations.
COM-00661,ECOM-4191,user0037,2026-03-17,Il faut vérifier ce comportement.
COM-00662,SEC-4026,user0031,2026-04-06,Il faut vérifier ce comportement.
COM-00663,ECOM-457,user0044,2026-09-14,Le problème est reproduit en environnement de test.
COM-00664,ERP-496,user0014,2025-10-08,Besoin de plus d'informations.
COM-00665,BANK-4378,user0028,2026-06-18,Le client demande une modification.
COM-00666,BI-898,user0008,2026-08-31,Le problème semble corrigé.
COM-00667,BI-2418,user0029,2025-12-21,Le client demande une modification.
COM-00668,ECOM-3857,user0005,2025-12-03,Besoin de plus d'informations.
COM-00669,CLOUD-4617,user0037,2026-01-20,Correction proposée dans la prochaine version.
COM-00670,ECOM-4316,user0034,2026-03-20,Attention au délai prévu.
COM-00671,ERP-4224,user0017,2025-12-22,Le problème semble corrigé.
COM-00672,ECOM-3986,user0035,2026-03-10,Attention au délai prévu.
COM-00673,PORTAL-2030,user0036,2026-03-15,Le problème est reproduit en environnement de test.
COM-00674,MOB-2212,user0025,2026-01-30,Tests complémentaires nécessaires.
COM-00675,PORTAL-4479,user0029,2025-12-21,Il faut vérifier ce comportement.
COM-00676,ERP-3368,user0035,2026-05-30,La fonctionnalité est prête pour les tests.
COM-00677,SEC-2872,user0005,2026-05-29,Correction proposée dans la prochaine version.
COM-00678,DATA-697,user0011,2026-07-22,Besoin de plus d'informations.
COM-00679,CRM-3843,user0014,2026-05-31,Il faut vérifier ce comportement.
COM-00680,PORTAL-2704,user0009,2026-05-31,Le problème semble corrigé.
COM-00681,MOB-707,user0023,2026-02-01,Tests complémentaires nécessaires.
COM-00682,SEC-7,user0018,2026-07-27,Correction proposée dans la prochaine version.
COM-00683,ERP-3327,user0041,2026-04-01,Il faut vérifier ce comportement.
COM-00684,SEC-1150,user0038,2025-10-16,Il faut vérifier ce comportement.
COM-00685,ECOM-2671,user0045,2026-05-22,Il faut vérifier ce comportement.
COM-00686,MOB-3169,user0014,2026-08-09,Tests complémentaires nécessaires.
COM-00687,BI-2350,user0022,2026-01-16,Il faut vérifier ce comportement.
COM-00688,MOB-1322,user0035,2025-11-28,La fonctionnalité est prête pour les tests.
COM-00689,BI-4242,user0037,2025-09-27,Il faut vérifier ce comportement.
COM-00690,BANK-1587,user0049,2026-06-16,Le développement avance correctement.
COM-00691,ECOM-4112,user0039,2026-03-02,Le problème semble corrigé.
COM-00692,PORTAL-679,user0048,2026-05-31,Besoin de plus d'informations.
COM-00693,ECOM-826,user0008,2025-09-19,La fonctionnalité est prête pour les tests.
COM-00694,DATA-4975,user0043,2026-07-24,Le problème semble corrigé.
COM-00695,DATA-3661,user0010,2026-02-17,Le client demande une modification.
COM-00696,CLOUD-4321,user0048,2026-07-19,Correction proposée dans la prochaine version.
COM-00697,ECOM-2369,user0016,2026-08-18,Le développement avance correctement.
COM-00698,PORTAL-3355,user0031,2026-06-08,Le client demande une modification.
COM-00699,DATA-536,user0026,2025-11-03,Besoin de plus d'informations.
COM-00700,CRM-945,user0009,2026-07-19,Correction proposée dans la prochaine version.
COM-00701,BI-4861,user0034,2026-09-05,Le problème semble corrigé.
COM-00702,BANK-839,user0014,2025-12-15,Tests complémentaires nécessaires.
COM-00703,PORTAL-4848,user0032,2026-01-30,Tests complémentaires nécessaires.
COM-00704,DATA-3200,user0034,2026-06-03,Le problème semble corrigé.
COM-00705,BI-3946,user0033,2025-12-18,Tests complémentaires nécessaires.
COM-00706,MOB-4965,user0032,2026-02-10,Le problème est reproduit en environnement de test.
COM-00707,PORTAL-2249,user0013,2026-03-08,Besoin de plus d'informations.
COM-00708,SEC-1025,user0020,2025-11-03,Correction proposée dans la prochaine version.
COM-00709,DATA-3557,user0048,2026-02-11,Besoin de plus d'informations.
COM-00710,ERP-2757,user0009,2026-04-03,Correction proposée dans la prochaine version.
COM-00711,MOB-3008,user0027,2026-05-12,Correction proposée dans la prochaine version.
COM-00712,BI-3825,user0007,2026-05-27,Le développement avance correctement.
COM-00713,DATA-4190,user0044,2026-04-26,Tests complémentaires nécessaires.
COM-00714,MOB-3631,user0013,2026-07-29,Correction proposée dans la prochaine version.
COM-00715,PORTAL-2802,user0048,2026-02-11,Attention au délai prévu.
COM-00716,ERP-615,user0013,2026-07-11,Le développement avance correctement.
COM-00717,BI-4361,user0022,2026-08-22,Le problème est reproduit en environnement de test.
COM-00718,BI-2388,user0032,2025-12-16,Il faut vérifier ce comportement.
COM-00719,BI-4718,user0024,2025-11-04,Correction proposée dans la prochaine version.
COM-00720,SEC-2872,user0014,2026-01-03,Le développement avance correctement.
COM-00721,BI-3729,user0029,2026-05-02,Le problème est reproduit en environnement de test.
COM-00722,SEC-978,user0033,2026-08-11,Besoin de plus d'informations.
COM-00723,BI-871,user0025,2025-11-16,Correction proposée dans la prochaine version.
COM-00724,BI-2393,user0021,2026-08-10,Besoin de plus d'informations.
COM-00725,ERP-4203,user0017,2025-12-13,Le problème semble corrigé.
COM-00726,CLOUD-1889,user0037,2026-03-10,Tests complémentaires nécessaires.
COM-00727,MOB-3863,user0019,2026-07-03,Il faut vérifier ce comportement.
COM-00728,SEC-1766,user0024,2026-05-11,Correction proposée dans la prochaine version.
COM-00729,ECOM-1001,user0046,2026-01-09,Le problème est reproduit en environnement de test.
COM-00730,ERP-1549,user0044,2026-03-26,Le client demande une modification.
COM-00731,ECOM-3338,user0041,2026-01-21,Tests complémentaires nécessaires.
COM-00732,PORTAL-1375,user0047,2026-09-14,Tests complémentaires nécessaires.
COM-00733,MOB-4018,user0033,2025-10-26,Correction proposée dans la prochaine version.
COM-00734,DATA-3628,user0050,2026-05-16,Le développement avance correctement.
COM-00735,ERP-585,user0009,2025-11-27,Le client demande une modification.
COM-00736,BANK-4015,user0008,2025-09-28,Le développement avance correctement.
COM-00737,BANK-755,user0004,2026-06-01,Correction proposée dans la prochaine version.
COM-00738,BANK-4176,user0016,2026-05-09,Correction proposée dans la prochaine version.
COM-00739,BANK-1808,user0006,2026-09-08,Il faut vérifier ce comportement.
COM-00740,MOB-1286,user0038,2026-02-11,Besoin de plus d'informations.
COM-00741,CLOUD-4972,user0030,2025-10-06,Le client demande une modification.
COM-00742,MOB-2090,user0022,2026-03-01,Le problème est reproduit en environnement de test.
COM-00743,ECOM-3978,user0041,2026-07-13,Attention au délai prévu.
COM-00744,ERP-4944,user0027,2026-03-09,Attention au délai prévu.
COM-00745,BANK-1503,user0042,2026-07-23,Le client demande une modification.
COM-00746,SEC-1230,user0033,2026-05-22,Le problème est reproduit en environnement de test.
COM-00747,CLOUD-1658,user0032,2026-01-26,Attention au délai prévu.
COM-00748,CLOUD-3296,user0015,2026-07-20,Besoin de plus d'informations.
COM-00749,CRM-4189,user0035,2026-05-12,Correction proposée dans la prochaine version.
COM-00750,PORTAL-727,user0015,2026-08-16,Le développement avance correctement.
COM-00751,PORTAL-3514,user0027,2026-06-04,Besoin de plus d'informations.
COM-00752,DATA-841,user0010,2026-01-22,Correction proposée dans la prochaine version.
COM-00753,BI-3999,user0035,2026-08-03,Attention au délai prévu.
COM-00754,ECOM-4541,user0037,2026-05-10,Le client demande une modification.
COM-00755,MOB-1837,user0013,2025-10-20,Le problème semble corrigé.
COM-00756,ECOM-1570,user0049,2025-12-22,Attention au délai prévu.
COM-00757,BI-2147,user0043,2026-04-28,La fonctionnalité est prête pour les tests.
COM-00758,ECOM-2551,user0045,2026-07-27,Le problème semble corrigé.
COM-00759,BI-1240,user0029,2026-03-21,Correction proposée dans la prochaine version.
COM-00760,CRM-4889,user0024,2026-08-09,Le client demande une modification.
COM-00761,SEC-4501,user0043,2026-04-16,Il faut vérifier ce comportement.
COM-00762,SEC-3398,user0026,2026-06-28,Il faut vérifier ce comportement.
COM-00763,BI-2275,user0037,2025-10-17,Le problème semble corrigé.
COM-00764,MOB-3900,user0045,2026-06-05,Il faut vérifier ce comportement.
COM-00765,BI-224,user0033,2026-01-09,Le problème est reproduit en environnement de test.
COM-00766,BI-3549,user0033,2026-05-12,Le problème est reproduit en environnement de test.
COM-00767,PORTAL-1043,user0020,2025-11-05,La fonctionnalité est prête pour les tests.
COM-00768,BANK-4893,user0004,2025-11-08,Tests complémentaires nécessaires.
COM-00769,BANK-2196,user0031,2026-02-09,Le problème est reproduit en environnement de test.
COM-00770,ERP-883,user0022,2026-03-10,La fonctionnalité est prête pour les tests.
COM-00771,MOB-3082,user0016,2026-05-20,Le problème est reproduit en environnement de test.
COM-00772,BI-2766,user0010,2026-08-12,La fonctionnalité est prête pour les tests.
COM-00773,ECOM-4175,user0046,2026-07-05,Le problème semble corrigé.
COM-00774,MOB-4212,user0024,2025-12-30,Le problème semble corrigé.
COM-00775,BI-1066,user0005,2026-06-08,Le problème est reproduit en environnement de test.
COM-00776,BANK-2366,user0004,2026-09-11,Le problème est reproduit en environnement de test.
COM-00777,CLOUD-1743,user0033,2026-01-03,Il faut vérifier ce comportement.
COM-00778,ERP-2050,user0002,2026-01-13,Le client demande une modification.
COM-00779,BANK-387,user0039,2026-09-07,Le problème semble corrigé.
COM-00780,SEC-3813,user0016,2026-02-18,Il faut vérifier ce comportement.
COM-00781,BANK-1863,user0013,2026-06-11,Il faut vérifier ce comportement.
COM-00782,CRM-1263,user0043,2026-04-27,La fonctionnalité est prête pour les tests.
COM-00783,DATA-3393,user0050,2026-04-24,Le problème semble corrigé.
COM-00784,CRM-30,user0038,2025-12-17,Attention au délai prévu.
COM-00785,BI-1970,user0042,2025-11-13,Le client demande une modification.
COM-00786,PORTAL-4116,user0039,2025-10-21,Correction proposée dans la prochaine version.
COM-00787,DATA-3405,user0022,2026-07-31,Tests complémentaires nécessaires.
COM-00788,BI-2395,user0024,2026-07-25,La fonctionnalité est prête pour les tests.
COM-00789,BANK-3853,user0001,2025-10-13,Il faut vérifier ce comportement.
COM-00790,CRM-3782,user0011,2026-05-11,Besoin de plus d'informations.
COM-00791,BANK-4176,user0023,2025-11-30,Correction proposée dans la prochaine version.
COM-00792,CLOUD-4704,user0047,2026-07-11,Le problème semble corrigé.
COM-00793,SEC-3813,user0017,2026-07-16,La fonctionnalité est prête pour les tests.
COM-00794,PORTAL-4078,user0014,2026-08-21,Attention au délai prévu.
COM-00795,SEC-2186,user0008,2026-03-15,Le client demande une modification.
COM-00796,MOB-4924,user0009,2026-05-12,Le problème semble corrigé.
COM-00797,CLOUD-3306,user0019,2026-06-14,Le développement avance correctement.
COM-00798,MOB-948,user0036,2026-02-15,Il faut vérifier ce comportement.
COM-00799,CRM-138,user0006,2026-07-10,Le problème est reproduit en environnement de test.
COM-00800,BI-4779,user0002,2026-08-19,Le développement avance correctement.
COM-00801,BI-1516,user0047,2026-07-24,Il faut vérifier ce comportement.
COM-00802,ERP-228,user0029,2026-07-01,Tests complémentaires nécessaires.
COM-00803,ECOM-3416,user0042,2026-07-06,Correction proposée dans la prochaine version.
COM-00804,SEC-3086,user0026,2026-07-25,Tests complémentaires nécessaires.
COM-00805,CLOUD-10,user0009,2025-10-05,Le développement avance correctement.
COM-00806,BANK-2742,user0007,2025-12-24,Le développement avance correctement.
COM-00807,CRM-4927,user0041,2026-02-25,Correction proposée dans la prochaine version.
COM-00808,CLOUD-1513,user0047,2025-11-21,Le problème semble corrigé.
COM-00809,ECOM-1338,user0007,2026-03-19,Le problème est reproduit en environnement de test.
COM-00810,BI-2910,user0009,2026-06-11,Le problème semble corrigé.
COM-00811,CLOUD-2850,user0023,2025-10-23,Le problème est reproduit en environnement de test.
COM-00812,CLOUD-215,user0049,2026-01-22,Le problème est reproduit en environnement de test.
COM-00813,ECOM-4807,user0033,2025-09-29,Il faut vérifier ce comportement.
COM-00814,SEC-1774,user0022,2026-03-28,Le problème est reproduit en environnement de test.
COM-00815,SEC-4529,user0042,2026-07-02,Correction proposée dans la prochaine version.
COM-00816,ERP-2015,user0034,2026-02-21,Le problème semble corrigé.
COM-00817,SEC-1117,user0035,2026-05-23,La fonctionnalité est prête pour les tests.
COM-00818,BI-2612,user0044,2026-06-23,Besoin de plus d'informations.
COM-00819,MOB-4601,user0027,2026-05-07,Besoin de plus d'informations.
COM-00820,DATA-3174,user0046,2026-02-13,Correction proposée dans la prochaine version.
COM-00821,CLOUD-446,user0011,2025-10-22,Correction proposée dans la prochaine version.
COM-00822,DATA-2901,user0037,2026-04-13,Le problème semble corrigé.
COM-00823,CLOUD-4285,user0044,2026-09-09,Attention au délai prévu.
COM-00824,ERP-13,user0004,2025-12-04,Le développement avance correctement.
COM-00825,BI-43,user0002,2026-02-25,Le client demande une modification.
COM-00826,ECOM-3225,user0034,2026-07-07,Correction proposée dans la prochaine version.
COM-00827,CRM-2943,user0010,2025-10-14,Le client demande une modification.
COM-00828,DATA-777,user0042,2026-07-13,La fonctionnalité est prête pour les tests.
COM-00829,BANK-449,user0030,2025-10-05,Attention au délai prévu.
COM-00830,ECOM-2942,user0011,2026-04-02,Correction proposée dans la prochaine version.
COM-00831,DATA-1651,user0021,2026-07-24,Besoin de plus d'informations.
COM-00832,CRM-379,user0047,2026-02-27,Il faut vérifier ce comportement.
COM-00833,SEC-4752,user0007,2026-08-10,Attention au délai prévu.
COM-00834,CLOUD-2621,user0004,2026-06-01,Tests complémentaires nécessaires.
COM-00835,CRM-1124,user0039,2026-08-03,Le problème semble corrigé.
COM-00836,BANK-443,user0026,2025-09-19,La fonctionnalité est prête pour les tests.
COM-00837,DATA-805,user0023,2025-09-17,Le problème est reproduit en environnement de test.
COM-00838,MOB-3672,user0003,2025-11-06,Il faut vérifier ce comportement.
COM-00839,MOB-1247,user0045,2026-01-15,Besoin de plus d'informations.
COM-00840,DATA-2262,user0001,2026-04-05,Il faut vérifier ce comportement.
COM-00841,DATA-1187,user0039,2026-08-29,Attention au délai prévu.
COM-00842,ECOM-3829,user0027,2026-08-02,Le client demande une modification.
COM-00843,DATA-1101,user0018,2026-01-04,Tests complémentaires nécessaires.
COM-00844,PORTAL-2596,user0020,2025-12-22,Besoin de plus d'informations.
COM-00845,BI-3383,user0032,2026-01-12,Il faut vérifier ce comportement.
COM-00846,DATA-4789,user0010,2026-02-26,Le problème est reproduit en environnement de test.
COM-00847,SEC-2453,user0030,2026-07-24,Le problème semble corrigé.
COM-00848,MOB-1238,user0011,2026-06-29,Il faut vérifier ce comportement.
COM-00849,PORTAL-1928,user0044,2026-01-20,Le problème est reproduit en environnement de test.
COM-00850,CLOUD-2837,user0035,2026-09-11,Le problème semble corrigé.
COM-00851,CLOUD-206,user0032,2026-06-06,Attention au délai prévu.
COM-00852,DATA-788,user0044,2026-05-05,Le problème est reproduit en environnement de test.
COM-00853,PORTAL-4805,user0048,2025-11-09,Le problème est reproduit en environnement de test.
COM-00854,CLOUD-3915,user0001,2026-04-20,Attention au délai prévu.
COM-00855,CRM-3070,user0050,2026-07-17,Correction proposée dans la prochaine version.
COM-00856,PORTAL-3149,user0026,2026-06-07,Il faut vérifier ce comportement.
COM-00857,BI-1203,user0049,2026-02-06,Il faut vérifier ce comportement.
COM-00858,CLOUD-944,user0009,2026-01-26,Correction proposée dans la prochaine version.
COM-00859,ERP-3786,user0039,2026-06-15,Le problème est reproduit en environnement de test.
COM-00860,ERP-4119,user0006,2025-11-22,Le client demande une modification.
COM-00861,SEC-4281,user0004,2026-08-29,Le problème est reproduit en environnement de test.
COM-00862,CRM-1346,user0049,2025-09-16,Tests complémentaires nécessaires.
COM-00863,SEC-4201,user0013,2026-06-13,La fonctionnalité est prête pour les tests.
COM-00864,SEC-4201,user0030,2026-07-07,Le client demande une modification.
COM-00865,ECOM-3725,user0020,2026-02-27,Le client demande une modification.
COM-00866,CRM-1007,user0042,2026-09-14,Le problème est reproduit en environnement de test.
COM-00867,ECOM-2374,user0002,2026-07-17,Le client demande une modification.
COM-00868,CLOUD-2019,user0035,2026-08-11,Le client demande une modification.
COM-00869,CRM-1532,user0046,2026-05-30,Le problème semble corrigé.
COM-00870,BANK-4223,user0016,2026-08-31,Correction proposée dans la prochaine version.
COM-00871,ERP-2860,user0048,2026-04-18,Il faut vérifier ce comportement.
COM-00872,ERP-664,user0023,2026-01-30,Le problème semble corrigé.
COM-00873,DATA-1401,user0031,2026-05-18,Le développement avance correctement.
COM-00874,MOB-1286,user0017,2026-01-25,La fonctionnalité est prête pour les tests.
COM-00875,ECOM-1355,user0034,2025-12-27,La fonctionnalité est prête pour les tests.
COM-00876,CLOUD-4617,user0012,2026-08-28,Correction proposée dans la prochaine version.
COM-00877,CLOUD-2370,user0019,2026-09-03,Attention au délai prévu.
COM-00878,BI-1873,user0046,2025-11-01,Correction proposée dans la prochaine version.
COM-00879,CLOUD-1406,user0006,2026-07-10,Il faut vérifier ce comportement.
COM-00880,ECOM-614,user0040,2026-05-28,Le client demande une modification.
COM-00881,MOB-3944,user0003,2026-08-11,Il faut vérifier ce comportement.
COM-00882,PORTAL-580,user0032,2026-01-18,Le problème est reproduit en environnement de test.
COM-00883,MOB-1949,user0037,2025-10-02,Attention au délai prévu.
COM-00884,CLOUD-1825,user0041,2025-12-23,Il faut vérifier ce comportement.
COM-00885,BI-4841,user0042,2025-12-14,Le développement avance correctement.
COM-00886,PORTAL-865,user0045,2026-06-17,Le développement avance correctement.
COM-00887,PORTAL-3753,user0041,2026-02-18,Attention au délai prévu.
COM-00888,ERP-1252,user0016,2026-06-20,Besoin de plus d'informations.
COM-00889,SEC-4143,user0024,2025-09-27,La fonctionnalité est prête pour les tests.
COM-00890,BANK-3492,user0030,2026-08-30,Il faut vérifier ce comportement.
COM-00891,DATA-1401,user0014,2025-10-13,Le développement avance correctement.
COM-00892,BI-623,user0028,2025-12-29,Besoin de plus d'informations.
COM-00893,ECOM-2514,user0015,2025-10-08,Le développement avance correctement.
COM-00894,BI-1256,user0007,2026-05-29,Le problème est reproduit en environnement de test.
COM-00895,ERP-235,user0028,2026-03-01,Attention au délai prévu.
COM-00896,BI-1927,user0011,2025-10-26,Attention au délai prévu.
COM-00897,CLOUD-3703,user0015,2025-11-21,Tests complémentaires nécessaires.
COM-00898,BANK-3048,user0034,2025-11-19,Tests complémentaires nécessaires.
COM-00899,ECOM-2357,user0033,2026-07-19,Correction proposée dans la prochaine version.
COM-00900,SEC-1261,user0034,2026-02-17,Attention au délai prévu.
COM-00901,BANK-2435,user0045,2025-09-27,Attention au délai prévu.
COM-00902,BI-2218,user0008,2026-05-26,Le problème est reproduit en environnement de test.
COM-00903,MOB-3185,user0027,2025-09-16,Correction proposée dans la prochaine version.
COM-00904,CLOUD-229,user0022,2025-09-19,Tests complémentaires nécessaires.
COM-00905,DATA-3375,user0033,2026-09-03,Correction proposée dans la prochaine version.
COM-00906,CRM-1351,user0034,2026-02-23,Le problème est reproduit en environnement de test.
COM-00907,CRM-1918,user0015,2026-01-01,Il faut vérifier ce comportement.
COM-00908,BI-3933,user0031,2026-03-14,Besoin de plus d'informations.
COM-00909,CLOUD-1893,user0028,2025-09-27,Le client demande une modification.
COM-00910,PORTAL-4837,user0042,2026-02-17,Correction proposée dans la prochaine version.
COM-00911,ERP-1723,user0021,2026-06-18,Le client demande une modification.
COM-00912,DATA-3234,user0036,2026-01-28,Il faut vérifier ce comportement.
COM-00913,PORTAL-3877,user0042,2026-01-26,La fonctionnalité est prête pour les tests.
COM-00914,BANK-2801,user0031,2025-12-28,Tests complémentaires nécessaires.
COM-00915,ERP-2618,user0036,2026-08-17,Besoin de plus d'informations.
COM-00916,ECOM-4483,user0004,2025-11-28,Attention au délai prévu.
COM-00917,CRM-3095,user0033,2026-02-17,Attention au délai prévu.
COM-00918,DATA-3098,user0049,2026-01-19,Le développement avance correctement.
COM-00919,ECOM-4871,user0025,2026-07-14,Le problème semble corrigé.
COM-00920,BI-2900,user0002,2026-04-16,Besoin de plus d'informations.
COM-00921,CLOUD-3038,user0025,2026-07-23,Attention au délai prévu.
COM-00922,CRM-1719,user0035,2026-01-23,Attention au délai prévu.
COM-00923,PORTAL-1429,user0015,2026-08-11,Correction proposée dans la prochaine version.
COM-00924,BI-4377,user0036,2025-10-31,Le client demande une modification.
COM-00925,BANK-624,user0050,2026-07-19,Le développement avance correctement.
COM-00926,ECOM-590,user0030,2026-02-18,Tests complémentaires nécessaires.
COM-00927,DATA-2851,user0035,2026-09-13,Le développement avance correctement.
COM-00928,PORTAL-2242,user0039,2026-01-10,La fonctionnalité est prête pour les tests.
COM-00929,ERP-3402,user0043,2026-03-02,Attention au délai prévu.
COM-00930,BI-435,user0014,2026-04-20,La fonctionnalité est prête pour les tests.
COM-00931,BI-3494,user0045,2026-06-07,Le problème est reproduit en environnement de test.
COM-00932,ERP-1579,user0044,2026-09-11,Le problème semble corrigé.
COM-00933,ERP-205,user0010,2025-11-01,La fonctionnalité est prête pour les tests.
COM-00934,BANK-2648,user0024,2026-06-20,Besoin de plus d'informations.
COM-00935,PORTAL-4521,user0006,2025-09-26,Besoin de plus d'informations.
COM-00936,SEC-4847,user0019,2026-06-19,Attention au délai prévu.
COM-00937,SEC-1583,user0010,2026-08-31,Tests complémentaires nécessaires.
COM-00938,ECOM-2829,user0008,2025-09-25,Le client demande une modification.
COM-00939,PORTAL-3359,user0030,2026-03-28,Le client demande une modification.
COM-00940,ERP-3727,user0004,2025-09-27,Le problème est reproduit en environnement de test.
COM-00941,CLOUD-1670,user0030,2026-05-20,La fonctionnalité est prête pour les tests.
COM-00942,CLOUD-3293,user0044,2025-11-01,Il faut vérifier ce comportement.
COM-00943,BI-333,user0017,2025-11-26,Le problème est reproduit en environnement de test.
COM-00944,SEC-2278,user0017,2026-05-20,Attention au délai prévu.
COM-00945,ERP-1035,user0048,2026-05-28,Le client demande une modification.
COM-00946,BI-741,user0028,2025-12-13,Besoin de plus d'informations.
COM-00947,CLOUD-2228,user0037,2025-09-25,Besoin de plus d'informations.
COM-00948,MOB-2257,user0034,2025-11-30,Tests complémentaires nécessaires.
COM-00949,CLOUD-2929,user0036,2025-10-28,Correction proposée dans la prochaine version.
COM-00950,BI-4625,user0025,2026-05-10,Le développement avance correctement.
COM-00951,PORTAL-2176,user0033,2026-07-08,Correction proposée dans la prochaine version.
COM-00952,CRM-919,user0033,2025-10-04,Le problème est reproduit en environnement de test.
COM-00953,ERP-542,user0007,2026-07-06,Le problème semble corrigé.
COM-00954,BANK-1000,user0020,2026-03-30,Le problème semble corrigé.
COM-00955,ECOM-3055,user0003,2025-09-30,Attention au délai prévu.
COM-00956,SEC-858,user0036,2025-12-22,Besoin de plus d'informations.
COM-00957,BI-4743,user0038,2025-12-22,Attention au délai prévu.
COM-00958,CLOUD-2037,user0017,2026-08-26,Le client demande une modification.
COM-00959,SEC-191,user0027,2026-06-26,Le développement avance correctement.
COM-00960,SEC-4302,user0036,2025-11-18,Le problème est reproduit en environnement de test.
COM-00961,BI-2543,user0031,2026-03-07,Tests complémentaires nécessaires.
COM-00962,CRM-1083,user0042,2026-07-27,Le problème est reproduit en environnement de test.
COM-00963,BI-1347,user0040,2026-08-27,Besoin de plus d'informations.
COM-00964,BI-4361,user0014,2025-12-05,Le développement avance correctement.
COM-00965,BANK-4744,user0040,2026-05-08,Il faut vérifier ce comportement.
COM-00966,PORTAL-3656,user0037,2026-06-08,Le problème est reproduit en environnement de test.
COM-00967,SEC-1487,user0046,2026-03-17,Tests complémentaires nécessaires.
COM-00968,MOB-1656,user0047,2026-05-06,Tests complémentaires nécessaires.
COM-00969,ECOM-4427,user0039,2026-02-24,Le développement avance correctement.
COM-00970,CLOUD-4196,user0023,2026-01-10,La fonctionnalité est prête pour les tests.
COM-00971,MOB-1839,user0011,2026-05-26,Besoin de plus d'informations.
COM-00972,DATA-4068,user0044,2025-10-04,Besoin de plus d'informations.
COM-00973,ERP-3881,user0003,2026-01-26,La fonctionnalité est prête pour les tests.
COM-00974,CRM-3051,user0043,2025-12-01,Le développement avance correctement.
COM-00975,BI-1722,user0030,2025-10-06,Il faut vérifier ce comportement.
COM-00976,SEC-4386,user0005,2025-09-23,Tests complémentaires nécessaires.
COM-00977,PORTAL-3130,user0010,2025-12-18,Le client demande une modification.
COM-00978,CRM-3874,user0028,2026-09-14,Attention au délai prévu.
COM-00979,CLOUD-2590,user0046,2026-02-13,Tests complémentaires nécessaires.
COM-00980,PORTAL-64,user0022,2026-07-23,Correction proposée dans la prochaine version.
COM-00981,MOB-2192,user0049,2026-08-28,Tests complémentaires nécessaires.
COM-00982,ERP-3938,user0023,2026-04-23,Besoin de plus d'informations.
COM-00983,DATA-2061,user0019,2026-03-26,La fonctionnalité est prête pour les tests.
COM-00984,DATA-629,user0004,2025-09-27,Il faut vérifier ce comportement.
COM-00985,ECOM-2922,user0037,2026-01-27,Le problème semble corrigé.
COM-00986,BI-2060,user0022,2026-04-23,La fonctionnalité est prête pour les tests.
COM-00987,SEC-2856,user0017,2025-09-26,La fonctionnalité est prête pour les tests.
COM-00988,CLOUD-3399,user0009,2026-02-07,Correction proposée dans la prochaine version.
COM-00989,CLOUD-1435,user0005,2025-12-27,Besoin de plus d'informations.
COM-00990,BANK-4671,user0007,2025-11-14,Le client demande une modification.
COM-00991,CRM-108,user0007,2026-05-24,Le problème semble corrigé.
COM-00992,MOB-3154,user0017,2026-05-19,Correction proposée dans la prochaine version.
COM-00993,MOB-2825,user0047,2026-01-18,Besoin de plus d'informations.
COM-00994,CRM-612,user0027,2026-08-21,Il faut vérifier ce comportement.
COM-00995,SEC-4082,user0001,2026-03-02,Le problème est reproduit en environnement de test.
COM-00996,MOB-4917,user0031,2026-08-24,Le problème est reproduit en environnement de test.
COM-00997,ECOM-4095,user0009,2026-01-22,Le développement avance correctement.
COM-00998,MOB-1096,user0037,2026-03-18,Le client demande une modification.
COM-00999,ECOM-2942,user0022,2026-07-12,Le client demande une modification.
COM-01000,BANK-3560,user0037,2025-10-09,Besoin de plus d'informations.
COM-01001,CRM-1410,user0028,2026-02-08,Il faut vérifier ce comportement.
COM-01002,ECOM-2166,user0010,2025-12-15,Le client demande une modification.
COM-01003,PORTAL-2527,user0034,2026-02-06,Correction proposée dans la prochaine version.
COM-01004,CRM-2092,user0007,2026-05-03,Besoin de plus d'informations.
COM-01005,CLOUD-2977,user0032,2026-07-09,Le problème est reproduit en environnement de test.
COM-01006,PORTAL-1770,user0004,2026-01-06,Le problème semble corrigé.
COM-01007,ECOM-3225,user0005,2025-10-21,Le problème est reproduit en environnement de test.
COM-01008,DATA-3375,user0038,2025-10-27,Le client demande une modification.
COM-01009,PORTAL-2254,user0025,2026-06-17,La fonctionnalité est prête pour les tests.
COM-01010,BI-2966,user0006,2026-02-09,Besoin de plus d'informations.
COM-01011,CLOUD-1773,user0031,2026-06-10,Le problème est reproduit en environnement de test.
COM-01012,CRM-2042,user0019,2025-10-02,Le problème est reproduit en environnement de test.
COM-01013,BANK-1907,user0033,2026-06-18,Le problème est reproduit en environnement de test.
COM-01014,BI-1657,user0035,2026-09-09,Tests complémentaires nécessaires.
COM-01015,MOB-1267,user0022,2026-07-29,Attention au délai prévu.
COM-01016,MOB-2796,user0036,2026-02-09,Le client demande une modification.
COM-01017,PORTAL-3538,user0025,2026-02-22,Correction proposée dans la prochaine version.
COM-01018,SEC-3949,user0046,2025-10-23,Attention au délai prévu.
COM-01019,ERP-4098,user0010,2025-12-05,Le problème semble corrigé.
COM-01020,MOB-3870,user0018,2026-05-09,Le problème est reproduit en environnement de test.
COM-01021,DATA-2579,user0040,2026-03-08,Le client demande une modification.
COM-01022,PORTAL-1627,user0031,2025-11-02,Correction proposée dans la prochaine version.
COM-01023,DATA-3031,user0037,2026-02-09,Il faut vérifier ce comportement.
COM-01024,ERP-4359,user0005,2026-09-07,La fonctionnalité est prête pour les tests.
COM-01025,CRM-4151,user0001,2025-12-03,Le problème semble corrigé.
COM-01026,CRM-2082,user0038,2026-08-18,Tests complémentaires nécessaires.
COM-01027,ECOM-2255,user0032,2026-08-23,Attention au délai prévu.
COM-01028,CLOUD-3140,user0041,2026-08-20,Le problème est reproduit en environnement de test.
COM-01029,MOB-3960,user0015,2026-06-14,Le problème semble corrigé.
COM-01030,PORTAL-3815,user0009,2026-07-25,Le client demande une modification.
COM-01031,PORTAL-4512,user0035,2025-10-28,Attention au délai prévu.
COM-01032,DATA-1562,user0021,2026-07-05,Tests complémentaires nécessaires.
COM-01033,SEC-1211,user0012,2026-03-06,Il faut vérifier ce comportement.
COM-01034,SEC-3347,user0037,2026-02-19,Correction proposée dans la prochaine version.
COM-01035,SEC-1840,user0032,2026-04-15,La fonctionnalité est prête pour les tests.
COM-01036,DATA-1541,user0026,2025-11-08,Il faut vérifier ce comportement.
COM-01037,BANK-2183,user0014,2026-07-02,Le problème est reproduit en environnement de test.
COM-01038,DATA-3212,user0039,2025-10-14,Tests complémentaires nécessaires.
COM-01039,SEC-3039,user0014,2025-09-24,Besoin de plus d'informations.
COM-01040,DATA-3459,user0033,2026-03-21,Le problème semble corrigé.
COM-01041,CRM-1263,user0019,2025-10-15,Le développement avance correctement.
COM-01042,ERP-728,user0039,2025-11-21,Le client demande une modification.
COM-01043,MOB-958,user0011,2025-10-31,Le problème est reproduit en environnement de test.
COM-01044,SEC-4770,user0021,2026-06-11,Le client demande une modification.
COM-01045,SEC-3716,user0002,2025-09-16,Correction proposée dans la prochaine version.
COM-01046,ERP-2104,user0041,2026-06-11,Le problème semble corrigé.
COM-01047,SEC-4958,user0039,2026-02-12,Correction proposée dans la prochaine version.
COM-01048,SEC-717,user0038,2025-10-15,Le problème est reproduit en environnement de test.
COM-01049,BI-3279,user0045,2026-04-14,Le client demande une modification.
COM-01050,SEC-4932,user0046,2026-07-28,Le problème est reproduit en environnement de test.
COM-01051,MOB-4532,user0049,2026-09-08,Tests complémentaires nécessaires.
COM-01052,CLOUD-4132,user0011,2025-11-10,Il faut vérifier ce comportement.
COM-01053,ECOM-3725,user0017,2026-05-10,Le client demande une modification.
COM-01054,BANK-2170,user0023,2026-08-17,Tests complémentaires nécessaires.
COM-01055,MOB-4164,user0026,2025-12-25,Besoin de plus d'informations.
COM-01056,BANK-1767,user0037,2026-02-18,Le problème est reproduit en environnement de test.
COM-01057,SEC-796,user0007,2026-03-09,Le problème est reproduit en environnement de test.
COM-01058,BANK-899,user0037,2026-05-28,Attention au délai prévu.
COM-01059,CRM-550,user0034,2026-07-28,Besoin de plus d'informations.
COM-01060,BANK-1535,user0048,2025-09-21,Le développement avance correctement.
COM-01061,PORTAL-490,user0005,2026-09-09,Le développement avance correctement.
COM-01062,ERP-1127,user0039,2025-09-17,Le problème est reproduit en environnement de test.
COM-01063,MOB-3826,user0008,2026-03-05,Le problème semble corrigé.
COM-01064,BI-1122,user0009,2026-01-13,Tests complémentaires nécessaires.
COM-01065,CLOUD-120,user0038,2025-12-24,Le client demande une modification.
COM-01066,CRM-2162,user0025,2025-12-27,Besoin de plus d'informations.
COM-01067,PORTAL-2820,user0002,2026-07-02,Besoin de plus d'informations.
COM-01068,SEC-3002,user0002,2026-03-31,Le client demande une modification.
COM-01069,ECOM-3307,user0005,2026-04-04,Le problème est reproduit en environnement de test.
COM-01070,CLOUD-1028,user0017,2026-03-07,Besoin de plus d'informations.
COM-01071,BI-891,user0018,2025-11-14,Il faut vérifier ce comportement.
COM-01072,CRM-640,user0026,2026-06-22,Besoin de plus d'informations.
COM-01073,ERP-1678,user0040,2026-02-23,Attention au délai prévu.
COM-01074,ERP-2510,user0022,2026-01-17,Le développement avance correctement.
COM-01075,BI-3242,user0032,2026-06-13,Attention au délai prévu.
COM-01076,SEC-659,user0020,2025-10-23,Attention au délai prévu.
COM-01077,ERP-901,user0007,2026-05-24,Besoin de plus d'informations.
COM-01078,ERP-3786,user0025,2026-06-17,Tests complémentaires nécessaires.
COM-01079,CRM-3103,user0038,2026-05-11,Correction proposée dans la prochaine version.
COM-01080,BI-662,user0008,2026-08-08,Le développement avance correctement.
COM-01081,DATA-4551,user0050,2026-05-24,Tests complémentaires nécessaires.
COM-01082,PORTAL-4457,user0013,2026-03-30,Tests complémentaires nécessaires.
COM-01083,BANK-3718,user0047,2026-04-02,Correction proposée dans la prochaine version.
COM-01084,ECOM-4649,user0022,2026-08-02,Le problème est reproduit en environnement de test.
COM-01085,MOB-3751,user0014,2026-05-19,Attention au délai prévu.
COM-01086,ERP-3937,user0020,2026-08-12,Il faut vérifier ce comportement.
COM-01087,PORTAL-1560,user0003,2026-05-20,Le client demande une modification.
COM-01088,ERP-2933,user0001,2026-05-26,Le client demande une modification.
COM-01089,PORTAL-3728,user0017,2026-02-10,Le client demande une modification.
COM-01090,CRM-1124,user0017,2026-08-08,Correction proposée dans la prochaine version.
COM-01091,ECOM-4297,user0015,2026-02-17,Besoin de plus d'informations.
COM-01092,MOB-1953,user0038,2026-02-16,Le développement avance correctement.
COM-01093,SEC-115,user0032,2026-03-31,Il faut vérifier ce comportement.
COM-01094,CRM-1717,user0027,2026-04-26,La fonctionnalité est prête pour les tests.
COM-01095,PORTAL-4754,user0008,2026-02-02,Le développement avance correctement.
COM-01096,MOB-3541,user0007,2025-12-25,Le problème semble corrigé.
COM-01097,PORTAL-1673,user0022,2026-07-29,La fonctionnalité est prête pour les tests.
COM-01098,ECOM-2127,user0039,2026-05-19,Attention au délai prévu.
COM-01099,ERP-4748,user0046,2026-08-17,Le client demande une modification.
COM-01100,ERP-2292,user0030,2025-09-15,Il faut vérifier ce comportement.
COM-01101,CRM-25,user0031,2026-01-28,Tests complémentaires nécessaires.
COM-01102,SEC-1282,user0016,2026-06-21,La fonctionnalité est prête pour les tests.
COM-01103,BANK-4978,user0022,2026-07-13,La fonctionnalité est prête pour les tests.
COM-01104,PORTAL-976,user0004,2025-11-21,Besoin de plus d'informations.
COM-01105,ECOM-1355,user0022,2026-06-04,Le client demande une modification.
COM-01106,BANK-3045,user0030,2026-06-01,Le développement avance correctement.
COM-01107,CLOUD-1368,user0032,2026-02-07,Le problème semble corrigé.
COM-01108,CRM-4939,user0012,2026-04-18,Tests complémentaires nécessaires.
COM-01109,BI-1189,user0008,2026-08-13,Le client demande une modification.
COM-01110,MOB-3734,user0025,2026-02-09,Le problème est reproduit en environnement de test.
COM-01111,BANK-1297,user0034,2025-09-19,Tests complémentaires nécessaires.
COM-01112,PORTAL-4265,user0037,2025-11-07,Tests complémentaires nécessaires.
COM-01113,CRM-1536,user0045,2026-06-13,Le client demande une modification.
COM-01114,CRM-1426,user0036,2026-02-17,Le développement avance correctement.
COM-01115,CRM-1621,user0007,2026-01-06,Le développement avance correctement.
COM-01116,CRM-4197,user0019,2026-08-15,Attention au délai prévu.
COM-01117,DATA-977,user0029,2025-12-08,La fonctionnalité est prête pour les tests.
COM-01118,DATA-4688,user0012,2025-12-30,Attention au délai prévu.
COM-01119,ECOM-2575,user0037,2026-01-26,Tests complémentaires nécessaires.
COM-01120,SEC-1778,user0033,2025-11-03,Besoin de plus d'informations.
COM-01121,SEC-4192,user0035,2026-09-10,Le problème semble corrigé.
COM-01122,ECOM-2624,user0036,2026-07-29,Le problème semble corrigé.
COM-01123,PORTAL-1126,user0035,2026-05-15,Il faut vérifier ce comportement.
COM-01124,ERP-4244,user0036,2026-08-01,Tests complémentaires nécessaires.
COM-01125,BI-3226,user0025,2025-11-01,Besoin de plus d'informations.
COM-01126,DATA-1229,user0029,2026-01-23,Il faut vérifier ce comportement.
COM-01127,BI-4228,user0021,2025-12-29,Le développement avance correctement.
COM-01128,ERP-4123,user0046,2026-03-29,Il faut vérifier ce comportement.
COM-01129,MOB-2548,user0028,2026-05-22,Correction proposée dans la prochaine version.
COM-01130,BANK-2848,user0049,2025-12-06,Le problème semble corrigé.
COM-01131,BANK-454,user0036,2026-01-05,Le développement avance correctement.
COM-01132,ERP-2982,user0041,2026-05-13,Besoin de plus d'informations.
COM-01133,SEC-4845,user0005,2026-01-20,Attention au délai prévu.
COM-01134,BANK-1688,user0016,2025-10-12,Tests complémentaires nécessaires.
COM-01135,SEC-1475,user0042,2026-07-26,Le problème semble corrigé.
COM-01136,CRM-1351,user0040,2025-12-16,Le problème semble corrigé.
COM-01137,ERP-754,user0005,2025-12-19,Le problème semble corrigé.
COM-01138,BANK-3177,user0011,2025-09-16,Le client demande une modification.
COM-01139,CLOUD-1712,user0035,2026-02-20,Le développement avance correctement.
COM-01140,BANK-781,user0006,2026-03-04,Le problème semble corrigé.
COM-01141,PORTAL-415,user0046,2026-03-19,Correction proposée dans la prochaine version.
COM-01142,PORTAL-4324,user0043,2025-12-28,Attention au délai prévu.
COM-01143,CLOUD-2747,user0003,2026-08-23,Correction proposée dans la prochaine version.
COM-01144,CRM-295,user0025,2025-12-13,Attention au délai prévu.
COM-01145,CLOUD-3314,user0042,2026-01-23,La fonctionnalité est prête pour les tests.
COM-01146,SEC-2799,user0032,2025-09-21,La fonctionnalité est prête pour les tests.
COM-01147,SEC-801,user0036,2026-07-10,Le client demande une modification.
COM-01148,BANK-1086,user0013,2025-12-19,Le problème semble corrigé.
COM-01149,DATA-697,user0020,2026-05-26,Tests complémentaires nécessaires.
COM-01150,SEC-189,user0001,2025-11-14,Attention au délai prévu.
COM-01151,CLOUD-3314,user0027,2026-03-08,Correction proposée dans la prochaine version.
COM-01152,MOB-1131,user0009,2026-04-26,La fonctionnalité est prête pour les tests.
COM-01153,MOB-4450,user0008,2025-10-04,Attention au délai prévu.
COM-01154,CLOUD-39,user0049,2025-10-14,Le problème est reproduit en environnement de test.
COM-01155,BANK-1232,user0014,2026-02-16,Besoin de plus d'informations.
COM-01156,BANK-4034,user0038,2025-11-19,Tests complémentaires nécessaires.
COM-01157,CRM-2164,user0023,2026-07-11,Le développement avance correctement.
COM-01158,BI-2974,user0017,2026-02-25,Tests complémentaires nécessaires.
COM-01159,ERP-2895,user0011,2025-11-20,Le problème est reproduit en environnement de test.
COM-01160,CRM-1077,user0017,2026-07-14,Tests complémentaires nécessaires.
COM-01161,SEC-4514,user0043,2026-07-31,Attention au délai prévu.
COM-01162,MOB-3792,user0040,2025-09-20,Le client demande une modification.
COM-01163,BANK-1311,user0010,2026-07-20,Le développement avance correctement.
COM-01164,PORTAL-2961,user0044,2026-07-18,Le problème semble corrigé.
COM-01165,ECOM-2824,user0037,2026-06-27,Le problème est reproduit en environnement de test.
COM-01166,PORTAL-4028,user0031,2026-04-24,La fonctionnalité est prête pour les tests.
COM-01167,ERP-981,user0015,2026-07-20,Le développement avance correctement.
COM-01168,ECOM-4852,user0043,2026-02-15,Correction proposée dans la prochaine version.
COM-01169,SEC-3973,user0015,2026-02-05,Le problème est reproduit en environnement de test.
COM-01170,ECOM-4631,user0031,2026-06-03,Le problème est reproduit en environnement de test.
COM-01171,DATA-4635,user0006,2026-02-19,Le client demande une modification.
COM-01172,ECOM-511,user0050,2026-02-16,Le problème est reproduit en environnement de test.
COM-01173,MOB-1225,user0028,2026-03-06,Le problème semble corrigé.
COM-01174,ERP-258,user0035,2026-07-27,Il faut vérifier ce comportement.
COM-01175,BI-2363,user0026,2026-05-05,Correction proposée dans la prochaine version.
COM-01176,SEC-2635,user0022,2025-11-17,Le développement avance correctement.
COM-01177,ERP-3245,user0042,2026-04-13,Attention au délai prévu.
COM-01178,DATA-3484,user0041,2025-11-12,La fonctionnalité est prête pour les tests.
COM-01179,PORTAL-2321,user0003,2025-11-25,Besoin de plus d'informations.
COM-01180,BI-4822,user0008,2026-06-20,Correction proposée dans la prochaine version.
COM-01181,DATA-3781,user0002,2026-05-27,La fonctionnalité est prête pour les tests.
COM-01182,PORTAL-3850,user0041,2026-05-30,Il faut vérifier ce comportement.
COM-01183,SEC-988,user0050,2026-02-27,Correction proposée dans la prochaine version.
COM-01184,ERP-1359,user0029,2025-10-17,Le problème est reproduit en environnement de test.
COM-01185,CLOUD-1917,user0021,2026-09-07,Attention au délai prévu.
COM-01186,CRM-3372,user0011,2026-05-03,La fonctionnalité est prête pour les tests.
COM-01187,ERP-3775,user0036,2026-06-12,Correction proposée dans la prochaine version.
COM-01188,ERP-1520,user0048,2026-08-24,Il faut vérifier ce comportement.
COM-01189,ECOM-3110,user0034,2026-05-22,Le client demande une modification.
COM-01190,CLOUD-2308,user0023,2026-03-14,Attention au délai prévu.
COM-01191,MOB-2670,user0021,2025-12-29,Le problème est reproduit en environnement de test.
COM-01192,DATA-429,user0050,2026-06-06,Il faut vérifier ce comportement.
COM-01193,BANK-1601,user0013,2026-02-21,Le problème est reproduit en environnement de test.
COM-01194,CLOUD-17,user0024,2026-08-07,Besoin de plus d'informations.
COM-01195,PORTAL-1667,user0030,2026-06-23,Il faut vérifier ce comportement.
COM-01196,CLOUD-4726,user0018,2026-07-21,Le développement avance correctement.
COM-01197,BI-1423,user0048,2026-01-29,Le développement avance correctement.
COM-01198,PORTAL-4028,user0008,2026-06-14,Le problème est reproduit en environnement de test.
COM-01199,ERP-3937,user0031,2026-05-10,Besoin de plus d'informations.
COM-01200,CRM-945,user0040,2026-03-31,Il faut vérifier ce comportement.
COM-01201,ECOM-473,user0007,2026-09-10,Attention au délai prévu.
COM-01202,BI-2077,user0042,2026-07-21,Attention au délai prévu.
COM-01203,CLOUD-349,user0034,2026-05-15,Le problème est reproduit en environnement de test.
COM-01204,ERP-4405,user0009,2026-08-19,Il faut vérifier ce comportement.
COM-01205,SEC-1379,user0029,2026-08-03,Le problème est reproduit en environnement de test.
COM-01206,CRM-3207,user0023,2025-11-13,Besoin de plus d'informations.
COM-01207,PORTAL-2752,user0049,2026-01-22,La fonctionnalité est prête pour les tests.
COM-01208,CLOUD-1417,user0040,2026-01-03,Correction proposée dans la prochaine version.
COM-01209,CLOUD-1465,user0032,2026-06-26,Attention au délai prévu.
COM-01210,ERP-4048,user0016,2026-01-04,Correction proposée dans la prochaine version.
COM-01211,SEC-328,user0011,2026-07-24,Le problème est reproduit en environnement de test.
COM-01212,MOB-4652,user0013,2026-05-26,Le développement avance correctement.
COM-01213,ECOM-4515,user0019,2026-06-02,Le problème semble corrigé.
COM-01214,BI-2783,user0049,2026-03-17,Il faut vérifier ce comportement.
COM-01215,PORTAL-731,user0006,2026-05-22,Attention au délai prévu.
COM-01216,CLOUD-238,user0034,2026-07-22,Le problème semble corrigé.
COM-01217,ECOM-3087,user0042,2026-05-09,Le problème est reproduit en environnement de test.
COM-01218,BANK-947,user0028,2026-02-06,Le client demande une modification.
COM-01219,SEC-4995,user0018,2026-06-24,Le problème est reproduit en environnement de test.
COM-01220,SEC-159,user0010,2026-09-04,Besoin de plus d'informations.
COM-01221,ECOM-4283,user0005,2026-03-21,Le problème semble corrigé.
COM-01222,BI-1809,user0012,2026-07-14,La fonctionnalité est prête pour les tests.
COM-01223,ECOM-1437,user0020,2026-09-04,Le client demande une modification.
COM-01224,SEC-4393,user0023,2026-06-30,Correction proposée dans la prochaine version.
COM-01225,BANK-839,user0032,2025-10-18,Le problème est reproduit en environnement de test.
COM-01226,DATA-3497,user0036,2026-04-17,Le problème est reproduit en environnement de test.
COM-01227,ECOM-665,user0023,2026-08-08,La fonctionnalité est prête pour les tests.
COM-01228,MOB-3352,user0032,2026-02-03,Il faut vérifier ce comportement.
COM-01229,SEC-4752,user0009,2026-02-06,Le développement avance correctement.
COM-01230,CLOUD-621,user0012,2026-06-22,Le client demande une modification.
COM-01231,ECOM-4099,user0020,2026-05-04,Le client demande une modification.
COM-01232,SEC-934,user0029,2025-10-01,Il faut vérifier ce comportement.
COM-01233,DATA-2886,user0019,2025-11-25,Le client demande une modification.
COM-01234,BANK-1544,user0038,2025-12-04,Attention au délai prévu.
COM-01235,CLOUD-541,user0035,2025-11-19,Tests complémentaires nécessaires.
COM-01236,MOB-223,user0032,2026-05-17,Le problème semble corrigé.
COM-01237,PORTAL-1560,user0005,2025-12-15,La fonctionnalité est prête pour les tests.
COM-01238,MOB-1270,user0016,2026-08-07,Le client demande une modification.
COM-01239,ERP-4622,user0039,2026-05-23,Correction proposée dans la prochaine version.
COM-01240,CLOUD-4012,user0047,2026-06-16,Le problème est reproduit en environnement de test.
COM-01241,CRM-3377,user0038,2026-06-23,Tests complémentaires nécessaires.
COM-01242,ERP-3022,user0007,2026-02-24,Tests complémentaires nécessaires.
COM-01243,BANK-993,user0013,2026-09-12,Le problème est reproduit en environnement de test.
COM-01244,CLOUD-119,user0022,2026-03-06,Le problème semble corrigé.
COM-01245,ECOM-2656,user0014,2026-02-28,Besoin de plus d'informations.
COM-01246,BI-2147,user0034,2026-03-23,La fonctionnalité est prête pour les tests.
COM-01247,SEC-4222,user0004,2026-07-27,Le client demande une modification.
COM-01248,BI-4291,user0012,2026-01-18,Besoin de plus d'informations.
COM-01249,PORTAL-3254,user0041,2025-12-24,Le client demande une modification.
COM-01250,BI-1208,user0013,2025-10-08,Correction proposée dans la prochaine version.
COM-01251,BI-3341,user0038,2026-03-28,Correction proposée dans la prochaine version.
COM-01252,MOB-4610,user0001,2026-03-27,Tests complémentaires nécessaires.
COM-01253,ECOM-928,user0020,2025-11-04,Besoin de plus d'informations.
COM-01254,MOB-1466,user0002,2026-05-01,Le développement avance correctement.
COM-01255,BANK-4586,user0003,2026-08-21,Tests complémentaires nécessaires.
COM-01256,CLOUD-644,user0009,2026-09-01,La fonctionnalité est prête pour les tests.
COM-01257,MOB-3734,user0015,2026-02-25,Besoin de plus d'informations.
COM-01258,CLOUD-4383,user0011,2026-05-05,Il faut vérifier ce comportement.
COM-01259,PORTAL-373,user0022,2026-03-24,Attention au délai prévu.
COM-01260,PORTAL-3764,user0047,2026-02-24,Correction proposée dans la prochaine version.
COM-01261,SEC-1729,user0033,2025-11-08,Le développement avance correctement.
COM-01262,CRM-3439,user0025,2025-11-09,La fonctionnalité est prête pour les tests.
COM-01263,SEC-1025,user0023,2026-04-26,Attention au délai prévu.
COM-01264,ECOM-3858,user0002,2025-12-24,La fonctionnalité est prête pour les tests.
COM-01265,CRM-3051,user0013,2025-11-29,Le client demande une modification.
COM-01266,ERP-1590,user0021,2026-08-29,Correction proposée dans la prochaine version.
COM-01267,MOB-2970,user0026,2025-10-12,La fonctionnalité est prête pour les tests.
COM-01268,BANK-493,user0009,2026-04-06,Attention au délai prévu.
COM-01269,CRM-3964,user0006,2025-12-18,La fonctionnalité est prête pour les tests.
COM-01270,MOB-1985,user0048,2025-10-25,Le client demande une modification.
COM-01271,ECOM-2575,user0022,2025-09-26,Besoin de plus d'informations.
COM-01272,ECOM-2224,user0001,2025-11-02,Le client demande une modification.
COM-01273,ERP-2087,user0037,2026-07-31,Tests complémentaires nécessaires.
COM-01274,CLOUD-1305,user0031,2025-10-10,Il faut vérifier ce comportement.
COM-01275,SEC-551,user0003,2026-02-10,Le problème semble corrigé.
COM-01276,SEC-1608,user0031,2026-08-07,Tests complémentaires nécessaires.
COM-01277,ECOM-511,user0034,2025-12-04,Besoin de plus d'informations.
COM-01278,MOB-4712,user0044,2026-01-15,Le problème semble corrigé.
COM-01279,ECOM-312,user0017,2026-01-05,Il faut vérifier ce comportement.
COM-01280,CRM-4254,user0027,2025-09-18,La fonctionnalité est prête pour les tests.
COM-01281,PORTAL-3508,user0030,2026-01-01,Correction proposée dans la prochaine version.
COM-01282,CLOUD-4490,user0024,2026-05-06,Attention au délai prévu.
COM-01283,CLOUD-2462,user0043,2026-05-16,Le problème semble corrigé.
COM-01284,ECOM-4482,user0004,2025-10-04,Le développement avance correctement.
COM-01285,PORTAL-967,user0043,2025-11-14,Le problème est reproduit en environnement de test.
COM-01286,BANK-2663,user0047,2026-04-21,Correction proposée dans la prochaine version.
COM-01287,BANK-287,user0022,2026-02-24,Correction proposée dans la prochaine version.
COM-01288,PORTAL-1531,user0008,2026-03-21,La fonctionnalité est prête pour les tests.
COM-01289,ERP-4894,user0025,2026-06-09,Correction proposée dans la prochaine version.
COM-01290,BI-3407,user0002,2026-04-14,Le client demande une modification.
COM-01291,DATA-4,user0045,2026-02-10,Le problème est reproduit en environnement de test.
COM-01292,CRM-2341,user0023,2026-04-10,Il faut vérifier ce comportement.
COM-01293,CLOUD-3950,user0006,2025-10-18,Tests complémentaires nécessaires.
COM-01294,BANK-2436,user0037,2026-02-16,Le client demande une modification.
COM-01295,ERP-2606,user0009,2025-10-28,Le problème semble corrigé.
COM-01296,BI-1934,user0048,2026-03-24,Il faut vérifier ce comportement.
COM-01297,DATA-2697,user0015,2025-10-03,Correction proposée dans la prochaine version.
COM-01298,ERP-4115,user0039,2025-10-17,Attention au délai prévu.
COM-01299,CLOUD-92,user0007,2026-09-09,Le développement avance correctement.
COM-01300,ECOM-3071,user0012,2026-01-05,Le problème semble corrigé.
COM-01301,BANK-1027,user0012,2026-06-21,Besoin de plus d'informations.
COM-01302,BANK-2646,user0013,2026-03-08,Le client demande une modification.
COM-01303,BANK-4640,user0045,2026-04-04,La fonctionnalité est prête pour les tests.
COM-01304,ERP-4244,user0043,2026-02-14,Besoin de plus d'informations.
COM-01305,CLOUD-2916,user0027,2025-11-26,Besoin de plus d'informations.
COM-01306,CLOUD-2531,user0046,2026-06-12,Le client demande une modification.
COM-01307,BI-1780,user0026,2026-01-11,Correction proposée dans la prochaine version.
COM-01308,BI-1288,user0012,2026-08-23,La fonctionnalité est prête pour les tests.
COM-01309,BI-179,user0015,2026-06-30,Le problème est reproduit en environnement de test.
COM-01310,CLOUD-2370,user0026,2026-08-11,Besoin de plus d'informations.
COM-01311,ECOM-3914,user0033,2025-09-18,Il faut vérifier ce comportement.
COM-01312,DATA-4096,user0041,2026-07-21,Correction proposée dans la prochaine version.
COM-01313,MOB-1031,user0009,2025-11-02,Attention au délai prévu.
COM-01314,CRM-3016,user0031,2025-12-14,Il faut vérifier ce comportement.
COM-01315,SEC-652,user0019,2026-07-14,Il faut vérifier ce comportement.
COM-01316,ERP-4224,user0031,2025-10-06,Correction proposée dans la prochaine version.
COM-01317,DATA-2422,user0048,2026-05-13,Besoin de plus d'informations.
COM-01318,DATA-3732,user0030,2026-08-31,Le problème semble corrigé.
COM-01319,CRM-2515,user0010,2026-03-03,Attention au délai prévu.
COM-01320,CRM-2577,user0038,2026-08-27,Besoin de plus d'informations.
COM-01321,MOB-4930,user0034,2026-05-02,Le client demande une modification.
COM-01322,DATA-1860,user0025,2025-10-15,Le problème est reproduit en environnement de test.
COM-01323,BANK-282,user0005,2026-03-17,Besoin de plus d'informations.
COM-01324,BANK-802,user0044,2026-09-07,Il faut vérifier ce comportement.
COM-01325,CRM-612,user0017,2026-06-01,Le problème est reproduit en environnement de test.
COM-01326,ERP-2025,user0004,2026-04-06,Le problème semble corrigé.
COM-01327,CRM-569,user0036,2026-06-20,Correction proposée dans la prochaine version.
COM-01328,PORTAL-3690,user0010,2026-04-17,Attention au délai prévu.
COM-01329,ECOM-494,user0048,2026-03-08,Correction proposée dans la prochaine version.
COM-01330,MOB-2484,user0026,2025-10-04,Correction proposée dans la prochaine version.
COM-01331,MOB-1015,user0029,2026-04-20,Le problème semble corrigé.
COM-01332,PORTAL-23,user0012,2026-07-14,Correction proposée dans la prochaine version.
COM-01333,ERP-3310,user0032,2026-08-22,Correction proposée dans la prochaine version.
COM-01334,PORTAL-4848,user0028,2025-10-02,Correction proposée dans la prochaine version.
COM-01335,CRM-3568,user0038,2025-09-28,Tests complémentaires nécessaires.
COM-01336,ERP-3502,user0039,2025-11-17,Il faut vérifier ce comportement.
COM-01337,MOB-3614,user0036,2026-04-19,Besoin de plus d'informations.
COM-01338,MOB-297,user0002,2026-05-06,Il faut vérifier ce comportement.
COM-01339,PORTAL-3747,user0047,2026-06-13,Le client demande une modification.
COM-01340,ERP-2727,user0013,2025-12-31,Le problème semble corrigé.
COM-01341,ECOM-4350,user0016,2026-04-28,Le problème est reproduit en environnement de test.
COM-01342,CLOUD-1243,user0006,2026-02-01,Tests complémentaires nécessaires.
COM-01343,ERP-3881,user0020,2025-10-06,Le développement avance correctement.
COM-01344,SEC-1262,user0033,2026-05-15,Le problème est reproduit en environnement de test.
COM-01345,DATA-1999,user0005,2026-04-12,Attention au délai prévu.
COM-01346,BANK-2196,user0016,2026-08-11,Le développement avance correctement.
COM-01347,BANK-1808,user0023,2025-11-20,Tests complémentaires nécessaires.
COM-01348,CLOUD-485,user0005,2026-01-24,Le problème semble corrigé.
COM-01349,SEC-587,user0033,2026-07-18,Il faut vérifier ce comportement.
COM-01350,BI-129,user0011,2025-12-28,Il faut vérifier ce comportement.
COM-01351,ERP-411,user0023,2025-10-03,Le développement avance correctement.
COM-01352,BI-1493,user0021,2025-11-21,Correction proposée dans la prochaine version.
COM-01353,ECOM-4546,user0005,2025-12-14,Le problème est reproduit en environnement de test.
COM-01354,BANK-74,user0020,2026-05-21,Le client demande une modification.
COM-01355,DATA-3415,user0041,2025-12-29,Tests complémentaires nécessaires.
COM-01356,BANK-3585,user0039,2026-07-29,La fonctionnalité est prête pour les tests.
COM-01357,SEC-2689,user0040,2026-03-30,Correction proposée dans la prochaine version.
COM-01358,CRM-3256,user0045,2026-01-07,Attention au délai prévu.
COM-01359,SEC-2753,user0017,2026-09-10,La fonctionnalité est prête pour les tests.
COM-01360,CRM-2645,user0050,2025-09-17,Le problème est reproduit en environnement de test.
COM-01361,PORTAL-553,user0034,2026-05-07,Le développement avance correctement.
COM-01362,CRM-4481,user0046,2026-05-20,La fonctionnalité est prête pour les tests.
COM-01363,SEC-4751,user0022,2026-02-13,Le client demande une modification.
COM-01364,SEC-2175,user0034,2026-04-08,Attention au délai prévu.
COM-01365,BI-1934,user0020,2025-10-31,Le problème semble corrigé.
COM-01366,BANK-3962,user0005,2026-07-12,Le problème semble corrigé.
COM-01367,PORTAL-1821,user0012,2026-02-02,Tests complémentaires nécessaires.
COM-01368,PORTAL-2723,user0003,2026-06-16,Attention au délai prévu.
COM-01369,PORTAL-211,user0035,2026-07-02,Il faut vérifier ce comportement.
COM-01370,PORTAL-391,user0040,2026-03-03,Tests complémentaires nécessaires.
COM-01371,BANK-4105,user0020,2026-04-14,La fonctionnalité est prête pour les tests.
COM-01372,CLOUD-1442,user0045,2026-04-04,Besoin de plus d'informations.
COM-01373,PORTAL-3396,user0006,2026-06-04,Tests complémentaires nécessaires.
COM-01374,ERP-4435,user0046,2026-05-21,Le problème semble corrigé.
COM-01375,SEC-80,user0012,2026-05-03,Le client demande une modification.
COM-01376,MOB-1270,user0031,2026-04-12,Le client demande une modification.
COM-01377,ECOM-1752,user0018,2026-03-22,Il faut vérifier ce comportement.
COM-01378,CLOUD-4307,user0017,2026-08-31,Le problème est reproduit en environnement de test.
COM-01379,DATA-2194,user0014,2025-11-24,La fonctionnalité est prête pour les tests.
COM-01380,PORTAL-158,user0017,2026-04-09,Le problème semble corrigé.
COM-01381,CLOUD-910,user0050,2026-05-11,Le client demande une modification.
COM-01382,ECOM-4458,user0023,2026-01-06,Correction proposée dans la prochaine version.
COM-01383,SEC-4912,user0044,2025-12-12,Attention au délai prévu.
COM-01384,ECOM-4175,user0013,2026-02-14,Il faut vérifier ce comportement.
COM-01385,BANK-4498,user0024,2026-08-15,Tests complémentaires nécessaires.
COM-01386,BI-1388,user0018,2026-04-12,Tests complémentaires nécessaires.
COM-01387,PORTAL-1971,user0018,2026-05-23,Besoin de plus d'informations.
COM-01388,CLOUD-1825,user0032,2025-12-29,Le problème est reproduit en environnement de test.
COM-01389,PORTAL-2617,user0050,2026-06-05,Besoin de plus d'informations.
COM-01390,BI-3638,user0013,2025-10-23,Le développement avance correctement.
COM-01391,ERP-3584,user0015,2026-04-03,Le problème semble corrigé.
COM-01392,SEC-3061,user0024,2026-07-31,Attention au délai prévu.
COM-01393,CLOUD-558,user0043,2026-06-09,Tests complémentaires nécessaires.
COM-01394,BI-333,user0035,2025-12-24,Le développement avance correctement.
COM-01395,MOB-3169,user0016,2025-09-24,Le client demande une modification.
COM-01396,BI-1319,user0046,2026-03-25,La fonctionnalité est prête pour les tests.
COM-01397,CRM-4491,user0031,2026-05-07,Tests complémentaires nécessaires.
COM-01398,BI-3842,user0029,2026-08-08,Le problème est reproduit en environnement de test.
COM-01399,SEC-3086,user0012,2026-02-16,La fonctionnalité est prête pour les tests.
COM-01400,DATA-4014,user0027,2026-08-29,Le problème est reproduit en environnement de test.
COM-01401,CRM-1083,user0037,2026-03-27,Besoin de plus d'informations.
COM-01402,ECOM-4110,user0011,2026-05-26,Le client demande une modification.
COM-01403,SEC-4201,user0039,2026-05-12,Il faut vérifier ce comportement.
COM-01404,BI-4507,user0009,2026-06-19,Le client demande une modification.
COM-01405,BANK-2648,user0024,2026-04-02,Correction proposée dans la prochaine version.
COM-01406,CLOUD-3637,user0011,2026-01-16,Le client demande une modification.
COM-01407,SEC-1262,user0003,2026-05-17,Le développement avance correctement.
COM-01408,BI-4991,user0011,2026-04-07,Tests complémentaires nécessaires.
COM-01409,CLOUD-4908,user0027,2025-09-29,Tests complémentaires nécessaires.
COM-01410,CLOUD-2826,user0010,2026-03-10,Le problème semble corrigé.
COM-01411,CRM-49,user0032,2026-05-03,Le développement avance correctement.
COM-01412,SEC-3953,user0047,2026-02-22,Besoin de plus d'informations.
COM-01413,BANK-565,user0034,2026-03-18,Le problème semble corrigé.
COM-01414,ERP-754,user0022,2026-08-22,Le problème semble corrigé.
COM-01415,SEC-2582,user0035,2026-04-09,Le problème est reproduit en environnement de test.
COM-01416,SEC-1211,user0030,2025-11-28,Tests complémentaires nécessaires.
COM-01417,BANK-1688,user0024,2026-02-17,Attention au délai prévu.
COM-01418,MOB-1173,user0022,2025-12-23,La fonctionnalité est prête pour les tests.
COM-01419,PORTAL-4837,user0006,2026-08-11,Attention au délai prévu.
COM-01420,SEC-2716,user0020,2026-06-24,Correction proposée dans la prochaine version.
COM-01421,BI-2150,user0040,2026-01-25,Attention au délai prévu.
COM-01422,MOB-3789,user0004,2026-02-05,Tests complémentaires nécessaires.
COM-01423,DATA-4021,user0015,2026-01-18,Le problème semble corrigé.
COM-01424,BI-4977,user0014,2026-05-16,Tests complémentaires nécessaires.
COM-01425,BANK-781,user0043,2026-03-15,Il faut vérifier ce comportement.
COM-01426,SEC-1233,user0033,2025-10-19,Il faut vérifier ce comportement.
COM-01427,BI-851,user0002,2025-10-22,Il faut vérifier ce comportement.
COM-01428,CLOUD-4591,user0003,2026-03-05,Il faut vérifier ce comportement.
COM-01429,BANK-1915,user0044,2026-01-13,Le problème semble corrigé.
COM-01430,ECOM-334,user0024,2026-08-23,Le problème est reproduit en environnement de test.
COM-01431,SEC-128,user0027,2026-09-05,Correction proposée dans la prochaine version.
COM-01432,CRM-2786,user0032,2025-11-16,Le problème est reproduit en environnement de test.
COM-01433,ECOM-2231,user0016,2026-07-07,Le client demande une modification.
COM-01434,CRM-2203,user0003,2026-04-03,Le client demande une modification.
COM-01435,PORTAL-4399,user0037,2026-02-15,Le développement avance correctement.
COM-01436,CRM-1461,user0006,2026-01-15,Besoin de plus d'informations.
COM-01437,CRM-3648,user0012,2025-12-30,Le développement avance correctement.
COM-01438,ERP-3746,user0019,2025-11-02,Le client demande une modification.
COM-01439,SEC-3953,user0009,2025-09-28,Le problème est reproduit en environnement de test.
COM-01440,SEC-3883,user0028,2026-08-22,Le client demande une modification.
COM-01441,SEC-2031,user0037,2025-10-11,Il faut vérifier ce comportement.
COM-01442,ECOM-913,user0031,2026-05-09,Le problème est reproduit en environnement de test.
COM-01443,BI-1363,user0036,2025-09-30,Correction proposée dans la prochaine version.
COM-01444,SEC-3653,user0021,2026-04-30,Il faut vérifier ce comportement.
COM-01445,BANK-4744,user0035,2026-09-14,Le problème est reproduit en environnement de test.
COM-01446,DATA-4180,user0049,2026-03-01,Besoin de plus d'informations.
COM-01447,SEC-65,user0050,2026-07-17,Le client demande une modification.
COM-01448,DATA-4331,user0021,2025-10-28,Tests complémentaires nécessaires.
COM-01449,BI-2844,user0039,2026-05-21,Correction proposée dans la prochaine version.
COM-01450,DATA-4317,user0037,2026-06-09,Besoin de plus d'informations.
COM-01451,BANK-4519,user0031,2026-01-18,Le problème est reproduit en environnement de test.
COM-01452,ERP-3073,user0007,2026-01-03,Tests complémentaires nécessaires.
COM-01453,BI-3546,user0038,2026-07-26,Besoin de plus d'informations.
COM-01454,MOB-603,user0047,2026-05-15,Attention au délai prévu.
COM-01455,DATA-4331,user0029,2025-11-22,Besoin de plus d'informations.
COM-01456,ERP-2818,user0017,2025-11-29,Il faut vérifier ce comportement.
COM-01457,BI-703,user0034,2026-02-17,Le client demande une modification.
COM-01458,SEC-4087,user0026,2026-01-01,Le problème est reproduit en environnement de test.
COM-01459,CLOUD-4854,user0029,2026-03-25,Le client demande une modification.
COM-01460,ECOM-4695,user0017,2026-08-13,Tests complémentaires nécessaires.
COM-01461,BI-3671,user0048,2026-06-10,Tests complémentaires nécessaires.
COM-01462,CRM-762,user0026,2026-08-10,Il faut vérifier ce comportement.
COM-01463,MOB-3957,user0006,2026-03-20,Le développement avance correctement.
COM-01464,MOB-1466,user0045,2026-06-08,Besoin de plus d'informations.
COM-01465,BI-3521,user0042,2026-07-01,Correction proposée dans la prochaine version.
COM-01466,ECOM-123,user0038,2026-09-13,Le développement avance correctement.
COM-01467,ECOM-913,user0049,2026-03-27,La fonctionnalité est prête pour les tests.
COM-01468,PORTAL-3995,user0015,2026-05-03,Le développement avance correctement.
COM-01469,BANK-2416,user0023,2026-07-13,Le problème est reproduit en environnement de test.
COM-01470,PORTAL-1539,user0006,2026-05-22,Tests complémentaires nécessaires.
COM-01471,ECOM-820,user0013,2026-04-17,Le client demande une modification.
COM-01472,SEC-1721,user0047,2026-05-06,Besoin de plus d'informations.
COM-01473,CLOUD-2569,user0031,2026-02-04,Le client demande une modification.
COM-01474,BI-3356,user0032,2026-01-29,Attention au délai prévu.
COM-01475,ECOM-3110,user0021,2026-05-23,Le client demande une modification.
COM-01476,BI-1195,user0004,2026-01-11,Tests complémentaires nécessaires.
COM-01477,DATA-4382,user0026,2026-08-11,Attention au délai prévu.
COM-01478,MOB-3209,user0019,2025-11-29,La fonctionnalité est prête pour les tests.
COM-01479,ERP-496,user0029,2025-10-04,Le développement avance correctement.
COM-01480,ERP-4054,user0013,2025-10-16,Il faut vérifier ce comportement.
COM-01481,BANK-4207,user0005,2026-03-29,Le client demande une modification.
COM-01482,PORTAL-2197,user0047,2025-12-09,Le problème est reproduit en environnement de test.
COM-01483,SEC-587,user0002,2026-07-12,Le problème est reproduit en environnement de test.
COM-01484,DATA-4,user0038,2026-06-09,Le développement avance correctement.
COM-01485,MOB-739,user0026,2026-03-24,Besoin de plus d'informations.
COM-01486,ECOM-2357,user0020,2025-10-27,Correction proposée dans la prochaine version.
COM-01487,BANK-3119,user0045,2026-06-14,Il faut vérifier ce comportement.
COM-01488,BI-1846,user0021,2025-12-06,Correction proposée dans la prochaine version.
COM-01489,PORTAL-4280,user0021,2026-07-18,Le problème semble corrigé.
COM-01490,ERP-1044,user0019,2026-06-19,Le développement avance correctement.
COM-01491,CRM-3530,user0034,2026-08-30,La fonctionnalité est prête pour les tests.
COM-01492,ECOM-4547,user0036,2026-03-01,Tests complémentaires nécessaires.
COM-01493,DATA-1708,user0045,2026-06-14,Le problème semble corrigé.
COM-01494,MOB-733,user0044,2026-01-07,Correction proposée dans la prochaine version.
COM-01495,ERP-2738,user0050,2026-02-08,Le problème est reproduit en environnement de test.
COM-01496,BI-2077,user0026,2025-12-10,Le problème est reproduit en environnement de test.
COM-01497,ERP-2232,user0029,2025-12-10,Le développement avance correctement.
COM-01498,CLOUD-1521,user0005,2026-02-08,Besoin de plus d'informations.
COM-01499,CLOUD-3675,user0004,2026-05-10,Le problème est reproduit en environnement de test.
COM-01500,PORTAL-2715,user0013,2026-06-23,Le problème semble corrigé.
COM-01501,BI-1961,user0044,2026-06-14,Attention au délai prévu.
COM-01502,PORTAL-4757,user0032,2026-08-18,Besoin de plus d'informations.
COM-01503,CLOUD-4854,user0007,2026-04-27,Le développement avance correctement.
COM-01504,BI-4898,user0039,2026-04-10,Le problème est reproduit en environnement de test.
COM-01505,BANK-1086,user0001,2026-02-15,Le problème semble corrigé.
COM-01506,SEC-4932,user0026,2026-05-27,Tests complémentaires nécessaires.
COM-01507,CLOUD-2986,user0033,2026-04-07,Le problème est reproduit en environnement de test.
COM-01508,CLOUD-2979,user0005,2026-03-11,Besoin de plus d'informations.
COM-01509,CLOUD-2308,user0040,2025-11-02,Il faut vérifier ce comportement.
COM-01510,DATA-2178,user0024,2026-04-29,La fonctionnalité est prête pour les tests.
COM-01511,CLOUD-4675,user0011,2025-10-09,La fonctionnalité est prête pour les tests.
COM-01512,PORTAL-1567,user0048,2026-06-23,Le client demande une modification.
COM-01513,PORTAL-3414,user0001,2026-06-28,La fonctionnalité est prête pour les tests.
COM-01514,DATA-4434,user0047,2026-08-26,Il faut vérifier ce comportement.
COM-01515,ERP-774,user0038,2025-10-26,La fonctionnalité est prête pour les tests.
COM-01516,CLOUD-1136,user0015,2026-03-26,Attention au délai prévu.
COM-01517,BI-888,user0016,2026-02-16,Besoin de plus d'informations.
COM-01518,BANK-3597,user0021,2026-03-25,Correction proposée dans la prochaine version.
COM-01519,BI-2443,user0012,2025-12-12,Le client demande une modification.
COM-01520,SEC-2882,user0040,2026-06-17,Il faut vérifier ce comportement.
COM-01521,SEC-1216,user0023,2025-12-07,Correction proposée dans la prochaine version.
COM-01522,ECOM-3110,user0035,2026-07-08,La fonctionnalité est prête pour les tests.
COM-01523,ECOM-4483,user0028,2025-11-23,Le client demande une modification.
COM-01524,CRM-1624,user0013,2026-06-10,Il faut vérifier ce comportement.
COM-01525,ERP-975,user0018,2026-02-09,La fonctionnalité est prête pour les tests.
COM-01526,MOB-4949,user0014,2026-01-20,Tests complémentaires nécessaires.
COM-01527,ECOM-1164,user0046,2026-03-17,Le développement avance correctement.
COM-01528,BANK-4059,user0031,2026-02-02,Le développement avance correctement.
COM-01529,CLOUD-4321,user0013,2026-01-29,Tests complémentaires nécessaires.
COM-01530,BI-2985,user0042,2026-01-04,Le client demande une modification.
COM-01531,ERP-50,user0028,2026-08-08,Correction proposée dans la prochaine version.
COM-01532,PORTAL-2644,user0007,2026-04-09,Attention au délai prévu.
COM-01533,CLOUD-238,user0040,2025-11-10,Le problème semble corrigé.
COM-01534,BI-2547,user0048,2026-05-29,Il faut vérifier ce comportement.
COM-01535,CRM-2064,user0024,2026-01-03,Le client demande une modification.
COM-01536,ERP-4571,user0013,2026-03-02,Le développement avance correctement.
COM-01537,BANK-1616,user0035,2025-12-20,Attention au délai prévu.
COM-01538,DATA-506,user0048,2026-07-23,Attention au délai prévu.
COM-01539,CLOUD-2659,user0045,2025-11-23,La fonctionnalité est prête pour les tests.
COM-01540,CLOUD-718,user0010,2026-07-24,Le problème semble corrigé.
COM-01541,ERP-961,user0009,2026-02-12,Il faut vérifier ce comportement.
COM-01542,PORTAL-4324,user0018,2026-03-15,Le développement avance correctement.
COM-01543,ECOM-3986,user0025,2025-09-28,Attention au délai prévu.
COM-01544,ERP-4054,user0016,2026-05-03,Tests complémentaires nécessaires.
COM-01545,BI-259,user0019,2026-05-15,Tests complémentaires nécessaires.
COM-01546,ERP-112,user0029,2026-02-28,Le problème semble corrigé.
COM-01547,BANK-1449,user0020,2026-02-10,Correction proposée dans la prochaine version.
COM-01548,ERP-1590,user0026,2026-07-06,Il faut vérifier ce comportement.
COM-01549,SEC-3298,user0001,2026-01-16,Attention au délai prévu.
COM-01550,DATA-1633,user0004,2026-01-20,Le problème est reproduit en environnement de test.
COM-01551,PORTAL-2961,user0036,2026-02-11,Correction proposée dans la prochaine version.
COM-01552,BANK-3179,user0048,2025-09-28,Attention au délai prévu.
COM-01553,DATA-4504,user0010,2025-11-15,Le client demande une modification.
COM-01554,BANK-463,user0025,2025-10-15,Correction proposée dans la prochaine version.
COM-01555,CRM-4243,user0041,2026-03-31,Correction proposée dans la prochaine version.
COM-01556,CRM-2341,user0047,2026-05-18,Attention au délai prévu.
COM-01557,PORTAL-3473,user0005,2025-11-30,Il faut vérifier ce comportement.
COM-01558,PORTAL-4009,user0019,2025-11-27,Tests complémentaires nécessaires.
COM-01559,SEC-2959,user0015,2026-08-20,Le problème semble corrigé.
COM-01560,BI-3620,user0026,2026-01-14,Besoin de plus d'informations.
COM-01561,BANK-4664,user0034,2026-03-16,Tests complémentaires nécessaires.
COM-01562,CLOUD-3695,user0041,2026-03-27,Attention au délai prévu.
COM-01563,DATA-2481,user0019,2026-05-22,Correction proposée dans la prochaine version.
COM-01564,CLOUD-1891,user0006,2026-04-09,Le problème est reproduit en environnement de test.
COM-01565,BI-2568,user0018,2025-12-21,Besoin de plus d'informations.
COM-01566,BI-3072,user0025,2026-03-25,Le développement avance correctement.
COM-01567,DATA-4520,user0002,2026-08-20,Le développement avance correctement.
COM-01568,DATA-3715,user0040,2025-10-28,Correction proposée dans la prochaine version.
COM-01569,CRM-3851,user0026,2026-07-26,Le problème est reproduit en environnement de test.
COM-01570,SEC-1483,user0019,2025-09-25,Il faut vérifier ce comportement.
COM-01571,BI-2518,user0041,2026-05-30,Il faut vérifier ce comportement.
COM-01572,PORTAL-4416,user0046,2026-03-31,Il faut vérifier ce comportement.
COM-01573,ECOM-447,user0050,2026-02-02,Le problème est reproduit en environnement de test.
COM-01574,ECOM-2576,user0002,2026-03-28,Besoin de plus d'informations.
COM-01575,BI-4387,user0021,2026-04-20,Correction proposée dans la prochaine version.
COM-01576,DATA-3599,user0014,2026-03-27,Correction proposée dans la prochaine version.
COM-01577,ECOM-2671,user0001,2025-12-28,Le problème est reproduit en environnement de test.
COM-01578,ECOM-104,user0028,2026-08-18,Besoin de plus d'informations.
COM-01579,BI-1256,user0013,2025-12-29,Le problème semble corrigé.
COM-01580,BANK-1079,user0030,2025-11-13,Le problème semble corrigé.
COM-01581,BI-861,user0017,2026-09-14,Attention au délai prévu.
COM-01582,PORTAL-4892,user0025,2026-01-22,Besoin de plus d'informations.
COM-01583,CLOUD-3091,user0031,2026-04-04,Il faut vérifier ce comportement.
COM-01584,CLOUD-2446,user0037,2025-11-27,Le problème semble corrigé.
COM-01585,ECOM-2008,user0036,2026-07-25,Attention au délai prévu.
COM-01586,BI-2518,user0036,2025-11-27,Le problème semble corrigé.
COM-01587,SEC-3873,user0034,2026-03-27,Le problème semble corrigé.
COM-01588,SEC-3947,user0046,2026-04-16,Correction proposée dans la prochaine version.
COM-01589,ERP-4149,user0005,2026-05-26,Le problème est reproduit en environnement de test.
COM-01590,DATA-4644,user0018,2026-08-07,Attention au délai prévu.
COM-01591,SEC-3013,user0032,2025-12-23,Attention au délai prévu.
COM-01592,BANK-282,user0042,2026-04-05,Le problème est reproduit en environnement de test.
COM-01593,ECOM-2239,user0038,2025-11-13,Il faut vérifier ce comportement.
COM-01594,PORTAL-1043,user0020,2026-02-12,Attention au délai prévu.
COM-01595,CLOUD-4636,user0002,2025-11-18,Le problème est reproduit en environnement de test.
COM-01596,ECOM-3003,user0039,2026-06-20,Attention au délai prévu.
COM-01597,DATA-4382,user0006,2025-10-03,Attention au délai prévu.
COM-01598,ECOM-3488,user0020,2026-01-06,Le développement avance correctement.
COM-01599,BI-662,user0032,2026-01-24,Le client demande une modification.
COM-01600,CRM-4487,user0038,2026-08-16,Le développement avance correctement.
COM-01601,DATA-4864,user0045,2026-04-04,Le développement avance correctement.
COM-01602,CRM-945,user0046,2026-05-01,Correction proposée dans la prochaine version.
COM-01603,CLOUD-196,user0044,2026-04-15,Le problème est reproduit en environnement de test.
COM-01604,ECOM-4583,user0031,2026-06-09,Le problème semble corrigé.
COM-01605,ERP-1853,user0013,2025-10-09,Le problème est reproduit en environnement de test.
COM-01606,MOB-503,user0028,2026-08-30,Besoin de plus d'informations.
COM-01607,DATA-711,user0020,2026-01-09,Attention au délai prévu.
COM-01608,BANK-3932,user0041,2026-08-14,Le développement avance correctement.
COM-01609,CRM-1574,user0049,2026-04-06,Il faut vérifier ce comportement.
COM-01610,DATA-1088,user0033,2025-12-20,Attention au délai prévu.
COM-01611,CRM-4889,user0006,2026-09-12,Correction proposée dans la prochaine version.
COM-01612,CRM-1162,user0008,2026-04-13,Le client demande une modification.
COM-01613,CLOUD-4056,user0047,2026-05-19,La fonctionnalité est prête pour les tests.
COM-01614,ERP-1359,user0023,2026-01-03,Le problème est reproduit en environnement de test.
COM-01615,CRM-4197,user0020,2026-03-02,Correction proposée dans la prochaine version.
COM-01616,BANK-4402,user0028,2025-10-22,Correction proposée dans la prochaine version.
COM-01617,PORTAL-1519,user0010,2025-10-02,Le problème est reproduit en environnement de test.
COM-01618,DATA-582,user0031,2026-08-17,Le développement avance correctement.
COM-01619,MOB-2862,user0004,2026-07-21,Besoin de plus d'informations.
COM-01620,MOB-2731,user0030,2026-06-03,Le problème semble corrigé.
COM-01621,SEC-65,user0018,2026-07-16,Besoin de plus d'informations.
COM-01622,MOB-4620,user0042,2025-12-13,Tests complémentaires nécessaires.
COM-01623,BI-2222,user0005,2026-04-07,Le problème est reproduit en environnement de test.
COM-01624,ERP-3093,user0018,2026-04-02,Le problème est reproduit en environnement de test.
COM-01625,BANK-4563,user0034,2025-11-24,Besoin de plus d'informations.
COM-01626,BANK-4646,user0029,2025-10-04,Le développement avance correctement.
COM-01627,SEC-3010,user0048,2026-03-26,Correction proposée dans la prochaine version.
COM-01628,MOB-1175,user0027,2025-10-24,Le problème semble corrigé.
COM-01629,SEC-3153,user0027,2026-01-26,Besoin de plus d'informations.
COM-01630,PORTAL-4892,user0004,2025-12-09,Il faut vérifier ce comportement.
COM-01631,MOB-3395,user0034,2025-11-30,Attention au délai prévu.
COM-01632,PORTAL-868,user0035,2026-02-25,Il faut vérifier ce comportement.
COM-01633,CLOUD-2190,user0030,2025-10-11,Attention au délai prévu.
COM-01634,CLOUD-1129,user0009,2025-09-15,Le problème est reproduit en environnement de test.
COM-01635,BI-710,user0017,2026-03-04,Besoin de plus d'informations.
COM-01636,BI-646,user0007,2026-06-13,Tests complémentaires nécessaires.
COM-01637,ERP-2933,user0009,2025-10-01,Attention au délai prévu.
COM-01638,CLOUD-3252,user0023,2026-09-14,Correction proposée dans la prochaine version.
COM-01639,BANK-1647,user0002,2026-03-13,Attention au délai prévu.
COM-01640,CRM-3605,user0029,2026-01-03,Correction proposée dans la prochaine version.
COM-01641,BANK-2646,user0019,2026-06-07,Le client demande une modification.
COM-01642,MOB-3900,user0048,2026-08-07,La fonctionnalité est prête pour les tests.
COM-01643,PORTAL-2909,user0028,2026-04-02,Le problème semble corrigé.
COM-01644,BANK-1121,user0021,2026-02-21,Le client demande une modification.
COM-01645,ERP-1289,user0030,2026-04-16,Besoin de plus d'informations.
COM-01646,DATA-1021,user0036,2025-09-14,La fonctionnalité est prête pour les tests.
COM-01647,SEC-2567,user0005,2025-11-23,Attention au délai prévu.
COM-01648,MOB-4367,user0043,2026-06-30,Besoin de plus d'informations.
COM-01649,CLOUD-3988,user0003,2026-03-27,Le développement avance correctement.
COM-01650,DATA-522,user0036,2026-07-31,Le client demande une modification.
COM-01651,CLOUD-4469,user0018,2026-05-19,La fonctionnalité est prête pour les tests.
COM-01652,ECOM-3525,user0019,2026-03-25,Le problème semble corrigé.
COM-01653,BI-296,user0015,2026-08-20,La fonctionnalité est prête pour les tests.
COM-01654,BANK-3308,user0029,2026-04-25,Attention au délai prévu.
COM-01655,MOB-948,user0005,2026-01-23,La fonctionnalité est prête pour les tests.
COM-01656,CRM-3413,user0019,2026-04-26,Le développement avance correctement.
COM-01657,PORTAL-2596,user0035,2026-05-08,Besoin de plus d'informations.
COM-01658,PORTAL-1735,user0020,2025-11-14,Le problème est reproduit en environnement de test.
COM-01659,MOB-1330,user0045,2025-11-19,Le problème est reproduit en environnement de test.
COM-01660,MOB-2944,user0013,2025-11-18,Le problème semble corrigé.
COM-01661,ERP-3206,user0008,2026-05-25,Le problème semble corrigé.
COM-01662,MOB-1015,user0029,2026-02-14,Correction proposée dans la prochaine version.
COM-01663,PORTAL-997,user0017,2025-11-27,Correction proposée dans la prochaine version.
COM-01664,ECOM-423,user0040,2026-01-24,Le développement avance correctement.
COM-01665,CLOUD-1424,user0004,2026-03-24,Attention au délai prévu.
COM-01666,DATA-4180,user0005,2026-02-22,Le problème semble corrigé.
COM-01667,CLOUD-1773,user0028,2026-04-02,Tests complémentaires nécessaires.
COM-01668,PORTAL-979,user0009,2026-06-09,Le client demande une modification.
COM-01669,MOB-4251,user0040,2026-08-11,Besoin de plus d'informations.
COM-01670,CRM-816,user0043,2026-03-21,Correction proposée dans la prochaine version.
COM-01671,CRM-4039,user0014,2026-01-22,Le problème semble corrigé.
COM-01672,MOB-4452,user0048,2026-08-21,Besoin de plus d'informations.
COM-01673,BI-1259,user0017,2026-07-17,Le développement avance correctement.
COM-01674,CLOUD-261,user0009,2026-06-05,Le client demande une modification.
COM-01675,DATA-1981,user0010,2025-11-24,Le client demande une modification.
COM-01676,ERP-50,user0022,2026-03-03,Le développement avance correctement.
COM-01677,CLOUD-2179,user0037,2026-04-08,Il faut vérifier ce comportement.
COM-01678,MOB-815,user0016,2026-02-26,Le problème semble corrigé.
COM-01679,BI-389,user0048,2026-07-05,Le problème semble corrigé.
COM-01680,ERP-588,user0042,2025-12-20,Le problème semble corrigé.
COM-01681,CRM-650,user0015,2026-07-27,Besoin de plus d'informations.
COM-01682,ERP-4685,user0030,2025-11-20,Le problème est reproduit en environnement de test.
COM-01683,CLOUD-2301,user0041,2025-11-09,Il faut vérifier ce comportement.
COM-01684,CRM-3676,user0017,2025-10-18,Le problème est reproduit en environnement de test.
COM-01685,ECOM-1062,user0043,2026-01-15,Attention au délai prévu.
COM-01686,BI-2598,user0017,2026-07-27,Le problème semble corrigé.
COM-01687,DATA-4382,user0022,2026-02-06,Il faut vérifier ce comportement.
COM-01688,SEC-439,user0007,2026-06-26,Le développement avance correctement.
COM-01689,ERP-1035,user0005,2026-09-02,Il faut vérifier ce comportement.
COM-01690,PORTAL-1807,user0043,2026-03-28,Correction proposée dans la prochaine version.
COM-01691,SEC-2204,user0003,2026-03-05,Besoin de plus d'informations.
COM-01692,SEC-4143,user0005,2026-07-18,Le client demande une modification.
COM-01693,CLOUD-1469,user0028,2026-06-19,Attention au délai prévu.
COM-01694,ERP-2027,user0012,2026-07-06,Besoin de plus d'informations.
COM-01695,PORTAL-2573,user0037,2026-06-01,Correction proposée dans la prochaine version.
COM-01696,ECOM-2166,user0033,2025-10-11,Besoin de plus d'informations.
COM-01697,BI-2625,user0024,2026-04-28,Correction proposée dans la prochaine version.
COM-01698,DATA-2669,user0043,2025-09-17,La fonctionnalité est prête pour les tests.
COM-01699,CRM-4061,user0035,2026-04-28,Besoin de plus d'informations.
COM-01700,BI-4767,user0038,2026-01-09,Attention au délai prévu.
COM-01701,DATA-1992,user0011,2026-02-12,Correction proposée dans la prochaine version.
COM-01702,CRM-4274,user0028,2026-05-23,Attention au délai prévu.
COM-01703,BANK-2464,user0012,2026-06-07,Tests complémentaires nécessaires.
COM-01704,DATA-3741,user0043,2025-12-27,Le client demande une modification.
COM-01705,MOB-1275,user0010,2026-04-03,Le client demande une modification.
COM-01706,BI-2547,user0006,2026-07-07,Besoin de plus d'informations.
COM-01707,MOB-2869,user0014,2026-07-02,Tests complémentaires nécessaires.
COM-01708,MOB-3477,user0031,2025-12-30,Besoin de plus d'informations.
COM-01709,BI-2966,user0015,2026-01-10,Attention au délai prévu.
COM-01710,DATA-1135,user0008,2026-02-13,Le développement avance correctement.
COM-01711,CRM-1161,user0032,2026-06-27,Correction proposée dans la prochaine version.
COM-01712,BANK-2748,user0036,2026-06-11,Il faut vérifier ce comportement.
COM-01713,BANK-495,user0029,2025-12-21,Tests complémentaires nécessaires.
COM-01714,BANK-495,user0010,2026-07-17,Le client demande une modification.
COM-01715,PORTAL-3969,user0024,2026-06-15,Attention au délai prévu.
COM-01716,BI-3910,user0041,2026-02-18,Le développement avance correctement.
COM-01717,MOB-3844,user0043,2026-06-23,Besoin de plus d'informations.
COM-01718,BI-298,user0012,2026-03-02,Il faut vérifier ce comportement.
COM-01719,MOB-2153,user0031,2026-07-13,Le client demande une modification.
COM-01720,ERP-2956,user0021,2026-01-31,Le développement avance correctement.
COM-01721,DATA-657,user0042,2025-10-27,Le client demande une modification.
COM-01722,CLOUD-4530,user0041,2026-02-08,Le problème est reproduit en environnement de test.
COM-01723,SEC-1682,user0018,2026-05-22,Besoin de plus d'informations.
COM-01724,ERP-4970,user0037,2025-09-26,Correction proposée dans la prochaine version.
COM-01725,CRM-1007,user0035,2026-04-29,Le client demande une modification.
COM-01726,MOB-2731,user0043,2026-06-23,Besoin de plus d'informations.
COM-01727,CRM-2657,user0019,2026-07-27,Correction proposée dans la prochaine version.
COM-01728,PORTAL-714,user0029,2026-08-09,Le développement avance correctement.
COM-01729,ECOM-3518,user0032,2025-10-23,Le problème semble corrigé.
COM-01730,CLOUD-1615,user0025,2026-08-13,Besoin de plus d'informations.
COM-01731,SEC-3486,user0002,2026-08-19,Attention au délai prévu.
COM-01732,ERP-4685,user0028,2026-01-02,Le problème semble corrigé.
COM-01733,BI-3729,user0037,2026-05-28,Tests complémentaires nécessaires.
COM-01734,ECOM-1032,user0050,2026-06-23,Le problème semble corrigé.
COM-01735,BANK-3129,user0016,2026-02-02,Le développement avance correctement.
COM-01736,BI-4377,user0011,2025-09-17,La fonctionnalité est prête pour les tests.
COM-01737,BANK-1815,user0042,2025-11-11,Tests complémentaires nécessaires.
COM-01738,ECOM-289,user0002,2026-04-23,La fonctionnalité est prête pour les tests.
COM-01739,DATA-2178,user0015,2026-08-16,Il faut vérifier ce comportement.
COM-01740,BI-3096,user0042,2026-05-03,Besoin de plus d'informations.
COM-01741,BI-61,user0018,2026-08-25,Le développement avance correctement.
COM-01742,ERP-2168,user0037,2025-11-22,Le problème est reproduit en environnement de test.
COM-01743,MOB-1362,user0011,2026-05-18,Le client demande une modification.
COM-01744,BI-392,user0043,2026-07-25,Attention au délai prévu.
COM-01745,ECOM-3563,user0046,2026-05-19,Attention au délai prévu.
COM-01746,PORTAL-168,user0050,2025-10-22,Attention au délai prévu.
COM-01747,PORTAL-2071,user0003,2026-08-28,Attention au délai prévu.
COM-01748,CRM-2162,user0025,2026-03-06,Le problème est reproduit en environnement de test.
COM-01749,BI-3817,user0034,2026-01-03,Le problème semble corrigé.
COM-01750,DATA-3484,user0027,2026-08-15,Correction proposée dans la prochaine version.
COM-01751,BANK-4227,user0001,2026-05-23,Le développement avance correctement.
COM-01752,ERP-1672,user0013,2026-02-13,Il faut vérifier ce comportement.
COM-01753,MOB-1581,user0050,2025-11-22,Besoin de plus d'informations.
COM-01754,DATA-3009,user0034,2026-01-03,Besoin de plus d'informations.
COM-01755,SEC-4131,user0004,2025-12-02,Besoin de plus d'informations.
COM-01756,CRM-3708,user0025,2026-01-03,Besoin de plus d'informations.
COM-01757,SEC-3608,user0043,2026-04-26,La fonctionnalité est prête pour les tests.
COM-01758,ECOM-4423,user0016,2025-11-22,Il faut vérifier ce comportement.
COM-01759,CLOUD-1677,user0044,2026-03-27,Il faut vérifier ce comportement.
COM-01760,BI-1184,user0038,2025-11-20,Besoin de plus d'informations.
COM-01761,CLOUD-4182,user0024,2026-08-30,La fonctionnalité est prête pour les tests.
COM-01762,BI-1249,user0037,2026-01-07,Attention au délai prévu.
COM-01763,ERP-2168,user0034,2026-07-27,Tests complémentaires nécessaires.
COM-01764,CLOUD-1781,user0038,2026-05-02,Le problème semble corrigé.
COM-01765,ECOM-4138,user0045,2026-05-11,Attention au délai prévu.
COM-01766,MOB-1024,user0046,2025-11-02,Il faut vérifier ce comportement.
COM-01767,CLOUD-1677,user0038,2026-04-29,La fonctionnalité est prête pour les tests.
COM-01768,PORTAL-2644,user0018,2025-11-03,Correction proposée dans la prochaine version.
COM-01769,CLOUD-2349,user0004,2026-07-30,La fonctionnalité est prête pour les tests.
COM-01770,DATA-2194,user0043,2026-08-06,Il faut vérifier ce comportement.
COM-01771,DATA-3295,user0043,2025-12-08,Le problème est reproduit en environnement de test.
COM-01772,MOB-2658,user0024,2025-10-29,Le problème semble corrigé.
COM-01773,CRM-460,user0033,2025-11-13,Il faut vérifier ce comportement.
COM-01774,BANK-4059,user0045,2025-12-26,Le problème semble corrigé.
COM-01775,MOB-3284,user0039,2026-04-07,Besoin de plus d'informations.
COM-01776,SEC-3909,user0044,2025-10-01,Le problème est reproduit en environnement de test.
COM-01777,PORTAL-4484,user0035,2026-08-05,Besoin de plus d'informations.
COM-01778,MOB-1842,user0028,2025-12-10,Le développement avance correctement.
COM-01779,ERP-2982,user0007,2026-03-19,Il faut vérifier ce comportement.
COM-01780,CLOUD-16,user0044,2026-03-10,Correction proposée dans la prochaine version.
COM-01781,CRM-2898,user0014,2025-12-21,La fonctionnalité est prête pour les tests.
COM-01782,PORTAL-4606,user0016,2025-11-18,Tests complémentaires nécessaires.
COM-01783,SEC-2683,user0009,2025-10-23,La fonctionnalité est prête pour les tests.
COM-01784,ECOM-4110,user0004,2025-09-22,Le développement avance correctement.
COM-01785,CLOUD-215,user0037,2026-01-15,Attention au délai prévu.
COM-01786,BI-1585,user0006,2026-02-10,Le problème semble corrigé.
COM-01787,ECOM-338,user0050,2026-03-06,Le développement avance correctement.
COM-01788,MOB-4693,user0035,2026-04-21,Attention au délai prévu.
COM-01789,DATA-1992,user0013,2026-03-11,Il faut vérifier ce comportement.
COM-01790,SEC-3318,user0025,2026-05-22,La fonctionnalité est prête pour les tests.
COM-01791,BI-1844,user0029,2026-02-26,Correction proposée dans la prochaine version.
COM-01792,BANK-2601,user0004,2025-12-03,Il faut vérifier ce comportement.
COM-01793,ERP-268,user0014,2026-03-10,Le problème semble corrigé.
COM-01794,CRM-344,user0001,2025-09-15,Attention au délai prévu.
COM-01795,BI-780,user0045,2026-05-18,Tests complémentaires nécessaires.
COM-01796,ERP-2746,user0033,2025-10-12,Besoin de plus d'informations.
COM-01797,DATA-1633,user0001,2026-08-06,Il faut vérifier ce comportement.
COM-01798,BANK-4935,user0012,2026-05-07,Le client demande une modification.
COM-01799,BI-2275,user0008,2026-04-08,Le problème semble corrigé.
COM-01800,BI-1284,user0016,2026-01-16,Le client demande une modification.
COM-01801,BI-4365,user0012,2025-11-01,Le problème est reproduit en environnement de test.
COM-01802,CLOUD-1417,user0019,2026-08-25,Besoin de plus d'informations.
COM-01803,DATA-687,user0023,2026-07-02,La fonctionnalité est prête pour les tests.
COM-01804,PORTAL-979,user0021,2026-08-12,Il faut vérifier ce comportement.
COM-01805,CRM-2765,user0041,2025-11-09,Le problème est reproduit en environnement de test.
COM-01806,ERP-4203,user0024,2026-02-14,Le client demande une modification.
COM-01807,DATA-4574,user0049,2025-11-01,Tests complémentaires nécessaires.
COM-01808,BI-2907,user0040,2025-09-23,Le problème semble corrigé.
COM-01809,BI-3606,user0047,2026-09-01,Il faut vérifier ce comportement.
COM-01810,DATA-729,user0040,2026-01-09,Attention au délai prévu.
COM-01811,ECOM-4987,user0002,2026-02-05,Le problème est reproduit en environnement de test.
COM-01812,ERP-961,user0015,2025-12-06,Le problème semble corrigé.
COM-01813,SEC-3467,user0035,2026-09-12,Attention au délai prévu.
COM-01814,ERP-573,user0041,2026-01-02,Il faut vérifier ce comportement.
COM-01815,MOB-4450,user0015,2026-08-09,Tests complémentaires nécessaires.
COM-01816,BI-2509,user0047,2026-05-25,Tests complémentaires nécessaires.
COM-01817,ERP-4094,user0050,2026-08-19,La fonctionnalité est prête pour les tests.
COM-01818,BI-1192,user0048,2025-09-27,Besoin de plus d'informations.
COM-01819,ECOM-820,user0010,2026-01-24,Tests complémentaires nécessaires.
COM-01820,SEC-65,user0018,2025-10-26,Le problème est reproduit en environnement de test.
COM-01821,MOB-2351,user0002,2026-02-23,Le problème semble corrigé.
COM-01822,CLOUD-1434,user0032,2026-05-26,Le client demande une modification.
COM-01823,BI-3131,user0007,2026-02-22,Tests complémentaires nécessaires.
COM-01824,PORTAL-4334,user0008,2026-06-29,Attention au délai prévu.
COM-01825,ERP-2549,user0020,2026-01-21,Correction proposée dans la prochaine version.
COM-01826,SEC-1691,user0041,2025-10-14,Besoin de plus d'informations.
COM-01827,SEC-1654,user0002,2026-04-09,Tests complémentaires nécessaires.
COM-01828,ERP-411,user0003,2026-02-14,Tests complémentaires nécessaires.
COM-01829,MOB-263,user0026,2025-12-07,Le problème est reproduit en environnement de test.
COM-01830,PORTAL-4911,user0047,2025-10-01,Il faut vérifier ce comportement.
COM-01831,ECOM-1854,user0039,2026-08-01,Le développement avance correctement.
COM-01832,CLOUD-2125,user0007,2025-09-29,Le développement avance correctement.
COM-01833,CRM-2304,user0004,2026-09-06,Attention au délai prévu.
COM-01834,ERP-1901,user0014,2025-12-01,Il faut vérifier ce comportement.
COM-01835,ECOM-2300,user0030,2026-08-10,Attention au délai prévu.
COM-01836,ECOM-4071,user0013,2026-07-21,Le développement avance correctement.
COM-01837,CLOUD-405,user0047,2026-06-04,Tests complémentaires nécessaires.
COM-01838,CLOUD-850,user0026,2026-05-28,Le client demande une modification.
COM-01839,MOB-3136,user0005,2026-09-08,Tests complémentaires nécessaires.
COM-01840,CRM-612,user0021,2026-03-30,Le problème semble corrigé.
COM-01841,PORTAL-2913,user0014,2026-04-12,Le développement avance correctement.
COM-01842,CRM-4254,user0040,2025-09-21,Attention au délai prévu.
COM-01843,PORTAL-3815,user0017,2026-01-02,Attention au délai prévu.
COM-01844,ECOM-1993,user0005,2026-01-19,Tests complémentaires nécessaires.
COM-01845,BANK-2389,user0022,2026-09-01,Le problème est reproduit en environnement de test.
COM-01846,DATA-1633,user0047,2026-06-18,Attention au délai prévu.
COM-01847,PORTAL-1051,user0007,2026-02-17,Tests complémentaires nécessaires.
COM-01848,CLOUD-73,user0013,2026-04-15,Attention au délai prévu.
COM-01849,CRM-612,user0046,2025-10-27,Attention au délai prévu.
COM-01850,DATA-2744,user0018,2025-11-17,Correction proposée dans la prochaine version.
COM-01851,MOB-4164,user0019,2026-07-20,Le client demande une modification.
COM-01852,CLOUD-986,user0042,2026-04-17,Le problème est reproduit en environnement de test.
COM-01853,CRM-3568,user0015,2026-08-13,Le problème est reproduit en environnement de test.
COM-01854,BI-3426,user0012,2025-12-29,Correction proposée dans la prochaine version.
COM-01855,PORTAL-3920,user0041,2025-12-22,Attention au délai prévu.
COM-01856,PORTAL-1679,user0018,2026-07-21,La fonctionnalité est prête pour les tests.
COM-01857,CRM-4616,user0025,2026-09-03,Le problème est reproduit en environnement de test.
COM-01858,BI-3551,user0014,2026-03-11,La fonctionnalité est prête pour les tests.
COM-01859,CRM-1697,user0022,2026-08-29,Le problème est reproduit en environnement de test.
COM-01860,PORTAL-1374,user0030,2026-08-04,Besoin de plus d'informations.
COM-01861,MOB-2145,user0034,2026-01-15,Le développement avance correctement.
COM-01862,ECOM-3971,user0028,2025-10-20,Attention au délai prévu.
COM-01863,BI-3383,user0050,2026-02-11,Le développement avance correctement.
COM-01864,ERP-4639,user0049,2025-09-21,Attention au délai prévu.
COM-01865,DATA-2616,user0020,2026-05-24,La fonctionnalité est prête pour les tests.
COM-01866,ECOM-4696,user0011,2025-11-07,La fonctionnalité est prête pour les tests.
COM-01867,BI-2185,user0019,2026-05-10,Tests complémentaires nécessaires.
COM-01868,BI-2766,user0048,2026-07-20,Il faut vérifier ce comportement.
COM-01869,CRM-3711,user0028,2026-05-27,Le client demande une modification.
COM-01870,CLOUD-1364,user0020,2026-06-28,Tests complémentaires nécessaires.
COM-01871,PORTAL-1971,user0012,2025-12-04,Besoin de plus d'informations.
COM-01872,BANK-1965,user0036,2025-11-01,Le client demande une modification.
COM-01873,CRM-4353,user0035,2025-12-10,Besoin de plus d'informations.
COM-01874,ECOM-3435,user0005,2026-07-28,Le développement avance correctement.
COM-01875,SEC-464,user0043,2026-07-03,La fonctionnalité est prête pour les tests.
COM-01876,ERP-2050,user0035,2026-03-21,Le problème est reproduit en environnement de test.
COM-01877,ECOM-3880,user0003,2026-07-23,Attention au délai prévu.
COM-01878,ECOM-4891,user0003,2026-01-01,Le problème semble corrigé.
COM-01879,SEC-3760,user0042,2026-07-11,Il faut vérifier ce comportement.
COM-01880,CLOUD-1737,user0006,2025-09-27,Tests complémentaires nécessaires.
COM-01881,DATA-3781,user0010,2025-09-28,Le problème semble corrigé.
COM-01882,CLOUD-2827,user0033,2026-04-14,Le développement avance correctement.
COM-01883,MOB-1247,user0001,2026-01-08,Le problème semble corrigé.
COM-01884,DATA-1299,user0004,2025-10-04,Attention au délai prévu.
COM-01885,BI-2395,user0025,2026-08-29,Le développement avance correctement.
COM-01886,DATA-1063,user0034,2026-07-19,Le problème semble corrigé.
COM-01887,SEC-1608,user0027,2026-06-30,Le problème semble corrigé.
COM-01888,SEC-2955,user0032,2025-10-12,Le problème semble corrigé.
COM-01889,CLOUD-3364,user0003,2026-06-21,Il faut vérifier ce comportement.
COM-01890,ERP-2839,user0049,2026-07-16,Le problème semble corrigé.
COM-01891,MOB-66,user0017,2025-10-14,Correction proposée dans la prochaine version.
COM-01892,ERP-1763,user0049,2025-10-05,Tests complémentaires nécessaires.
COM-01893,PORTAL-4368,user0036,2026-06-16,Il faut vérifier ce comportement.
COM-01894,CLOUD-4186,user0028,2025-11-03,Tests complémentaires nécessaires.
COM-01895,CRM-3421,user0031,2026-06-16,La fonctionnalité est prête pour les tests.
COM-01896,PORTAL-44,user0020,2025-09-25,Le client demande une modification.
COM-01897,ECOM-3453,user0018,2025-11-11,Correction proposée dans la prochaine version.
COM-01898,DATA-421,user0032,2026-05-07,Besoin de plus d'informations.
COM-01899,BANK-1492,user0004,2026-05-28,Besoin de plus d'informations.
COM-01900,ECOM-4198,user0004,2026-07-19,Le problème est reproduit en environnement de test.
COM-01901,DATA-4466,user0011,2026-03-03,Besoin de plus d'informations.
COM-01902,PORTAL-1841,user0037,2026-03-26,Le problème semble corrigé.
COM-01903,DATA-376,user0038,2025-11-14,Tests complémentaires nécessaires.
COM-01904,BANK-4384,user0048,2026-03-10,Le problème semble corrigé.
COM-01905,DATA-4735,user0022,2025-11-28,Correction proposée dans la prochaine version.
COM-01906,BI-3928,user0030,2025-10-26,Le client demande une modification.
COM-01907,BI-3659,user0046,2025-12-18,Attention au délai prévu.
COM-01908,MOB-1698,user0002,2026-05-11,Le client demande une modification.
COM-01909,BI-2781,user0005,2025-10-21,Le développement avance correctement.
COM-01910,MOB-2970,user0035,2025-12-09,Correction proposée dans la prochaine version.
COM-01911,CRM-3989,user0036,2026-07-02,Le client demande une modification.
COM-01912,MOB-4920,user0033,2026-01-26,Attention au délai prévu.
COM-01913,ECOM-334,user0004,2026-01-23,La fonctionnalité est prête pour les tests.
COM-01914,ERP-2452,user0009,2026-01-19,La fonctionnalité est prête pour les tests.
COM-01915,ECOM-584,user0034,2025-12-12,Le problème semble corrigé.
COM-01916,MOB-3566,user0042,2026-04-01,Le problème semble corrigé.
COM-01917,PORTAL-415,user0044,2025-09-17,La fonctionnalité est prête pour les tests.
COM-01918,BANK-2873,user0002,2026-01-04,Besoin de plus d'informations.
COM-01919,ECOM-3857,user0033,2026-05-16,Le problème semble corrigé.
COM-01920,BI-2150,user0015,2026-06-25,Tests complémentaires nécessaires.
COM-01921,DATA-4688,user0024,2026-01-03,Le développement avance correctement.
COM-01922,CLOUD-4967,user0007,2025-09-29,Le problème semble corrigé.
COM-01923,ECOM-653,user0019,2025-10-01,Tests complémentaires nécessaires.
COM-01924,ECOM-4329,user0043,2026-01-12,Correction proposée dans la prochaine version.
COM-01925,ERP-2700,user0003,2026-03-19,Le problème est reproduit en environnement de test.
COM-01926,MOB-3477,user0050,2025-12-18,La fonctionnalité est prête pour les tests.
COM-01927,CRM-1266,user0034,2026-09-07,Besoin de plus d'informations.
COM-01928,DATA-4688,user0003,2025-12-02,La fonctionnalité est prête pour les tests.
COM-01929,MOB-3674,user0015,2025-11-15,Le développement avance correctement.
COM-01930,DATA-3668,user0048,2026-08-12,Besoin de plus d'informations.
COM-01931,ECOM-3996,user0036,2025-10-05,Il faut vérifier ce comportement.
COM-01932,ERP-396,user0035,2026-05-30,Le problème semble corrigé.
COM-01933,SEC-874,user0016,2026-07-03,Le développement avance correctement.
COM-01934,CLOUD-3043,user0029,2026-08-27,La fonctionnalité est prête pour les tests.
COM-01935,ERP-2211,user0007,2025-09-18,Le développement avance correctement.
COM-01936,ERP-77,user0013,2026-06-01,Il faut vérifier ce comportement.
COM-01937,BI-3383,user0038,2026-04-21,Tests complémentaires nécessaires.
COM-01938,CLOUD-3194,user0010,2025-11-15,Il faut vérifier ce comportement.
COM-01939,MOB-1676,user0037,2026-06-18,Le problème est reproduit en environnement de test.
COM-01940,MOB-1613,user0035,2025-11-29,Il faut vérifier ce comportement.
COM-01941,CLOUD-3294,user0024,2025-09-24,Il faut vérifier ce comportement.
COM-01942,BI-2123,user0009,2026-08-24,Le client demande une modification.
COM-01943,DATA-1739,user0010,2025-12-20,Tests complémentaires nécessaires.
COM-01944,PORTAL-2254,user0011,2026-04-15,Tests complémentaires nécessaires.
COM-01945,ERP-1252,user0034,2026-08-08,Le client demande une modification.
COM-01946,SEC-76,user0028,2025-11-06,Le client demande une modification.
COM-01947,CRM-2710,user0014,2025-11-18,Correction proposée dans la prochaine version.
COM-01948,ERP-4472,user0020,2026-06-21,La fonctionnalité est prête pour les tests.
COM-01949,ECOM-1329,user0020,2026-01-09,Besoin de plus d'informations.
COM-01950,CRM-4976,user0049,2026-08-14,Tests complémentaires nécessaires.
COM-01951,BANK-2146,user0007,2026-08-15,Tests complémentaires nécessaires.
COM-01952,BANK-3803,user0013,2025-10-04,La fonctionnalité est prête pour les tests.
COM-01953,SEC-3653,user0007,2025-09-25,Le problème semble corrigé.
COM-01954,PORTAL-4454,user0012,2025-11-11,Le problème semble corrigé.
COM-01955,SEC-3039,user0014,2026-07-09,Correction proposée dans la prochaine version.
COM-01956,PORTAL-1138,user0013,2026-08-31,Il faut vérifier ce comportement.
COM-01957,DATA-4999,user0023,2026-03-24,Il faut vérifier ce comportement.
COM-01958,ERP-1294,user0007,2026-02-19,La fonctionnalité est prête pour les tests.
COM-01959,BANK-2208,user0041,2025-11-13,Le problème semble corrigé.
COM-01960,BI-3609,user0035,2025-09-21,Tests complémentaires nécessaires.
COM-01961,CRM-3984,user0003,2026-06-29,Le problème semble corrigé.
COM-01962,SEC-3643,user0020,2025-12-27,Attention au délai prévu.
COM-01963,BI-3998,user0017,2026-08-22,Le développement avance correctement.
COM-01964,ERP-77,user0044,2025-12-08,Attention au délai prévu.
COM-01965,BI-891,user0018,2025-10-04,Correction proposée dans la prochaine version.
COM-01966,PORTAL-2596,user0050,2026-01-24,Attention au délai prévu.
COM-01967,DATA-2029,user0005,2026-01-25,Le développement avance correctement.
COM-01968,ECOM-4403,user0010,2026-07-07,Correction proposée dans la prochaine version.
COM-01969,BI-1496,user0041,2026-03-17,Il faut vérifier ce comportement.
COM-01970,ERP-897,user0008,2026-09-12,La fonctionnalité est prête pour les tests.
COM-01971,ERP-126,user0034,2026-04-26,Le problème est reproduit en environnement de test.
COM-01972,ERP-2419,user0044,2026-03-11,Le problème semble corrigé.
COM-01973,CRM-3438,user0042,2025-12-31,Il faut vérifier ce comportement.
COM-01974,PORTAL-807,user0020,2025-11-23,Il faut vérifier ce comportement.
COM-01975,BI-3356,user0014,2026-05-01,La fonctionnalité est prête pour les tests.
COM-01976,ERP-2745,user0050,2026-03-27,La fonctionnalité est prête pour les tests.
COM-01977,DATA-3967,user0033,2026-09-05,Le problème semble corrigé.
COM-01978,BI-2225,user0006,2026-05-14,Le client demande une modification.
COM-01979,BI-2844,user0050,2026-03-14,Besoin de plus d'informations.
COM-01980,BI-2346,user0031,2026-02-14,Correction proposée dans la prochaine version.
COM-01981,ERP-2818,user0023,2026-02-20,Le problème semble corrigé.
COM-01982,ERP-3744,user0034,2026-07-04,La fonctionnalité est prête pour les tests.
COM-01983,ERP-4085,user0025,2025-12-20,Besoin de plus d'informations.
COM-01984,CRM-640,user0025,2026-07-12,Correction proposée dans la prochaine version.
COM-01985,CRM-2485,user0018,2026-04-17,Besoin de plus d'informations.
COM-01986,BANK-3763,user0037,2026-04-04,Le problème semble corrigé.
COM-01987,BI-3663,user0016,2026-08-30,Correction proposée dans la prochaine version.
COM-01988,PORTAL-676,user0050,2026-07-06,Il faut vérifier ce comportement.
COM-01989,SEC-4703,user0029,2026-08-17,La fonctionnalité est prête pour les tests.
COM-01990,CLOUD-3675,user0024,2026-08-14,Correction proposée dans la prochaine version.
COM-01991,ECOM-511,user0042,2026-06-10,Le client demande une modification.
COM-01992,PORTAL-2666,user0013,2026-01-10,Besoin de plus d'informations.
COM-01993,MOB-430,user0032,2026-07-01,Le client demande une modification.
COM-01994,PORTAL-4076,user0007,2026-01-19,Correction proposée dans la prochaine version.
COM-01995,CRM-622,user0017,2025-12-03,Correction proposée dans la prochaine version.
COM-01996,CLOUD-4741,user0027,2026-01-27,Tests complémentaires nécessaires.
COM-01997,SEC-1237,user0027,2026-04-03,Il faut vérifier ce comportement.
COM-01998,ECOM-4649,user0043,2026-04-23,Le problème est reproduit en environnement de test.
COM-01999,MOB-4312,user0050,2025-10-25,Le problème est reproduit en environnement de test.
COM-02000,PORTAL-3815,user0041,2025-10-07,Tests complémentaires nécessaires.
COM-02001,ERP-1901,user0003,2026-05-30,Besoin de plus d'informations.
COM-02002,CLOUD-3038,user0003,2026-04-11,Le client demande une modification.
COM-02003,BI-3616,user0022,2026-07-01,Besoin de plus d'informations.
COM-02004,PORTAL-490,user0050,2025-11-18,Tests complémentaires nécessaires.
COM-02005,BI-3593,user0020,2026-09-04,Il faut vérifier ce comportement.
COM-02006,CRM-2152,user0008,2025-09-16,Besoin de plus d'informations.
COM-02007,CLOUD-2523,user0021,2026-08-02,Le développement avance correctement.
COM-02008,CRM-800,user0044,2025-10-02,Il faut vérifier ce comportement.
COM-02009,BANK-2729,user0039,2026-01-30,La fonctionnalité est prête pour les tests.
COM-02010,PORTAL-2030,user0005,2025-12-14,Le problème semble corrigé.
COM-02011,CRM-3044,user0031,2025-11-18,Il faut vérifier ce comportement.
COM-02012,SEC-4881,user0047,2026-08-20,Besoin de plus d'informations.
COM-02013,CRM-2620,user0006,2026-05-11,Attention au délai prévu.
COM-02014,SEC-2186,user0017,2025-09-25,Besoin de plus d'informations.
COM-02015,MOB-4354,user0021,2026-08-02,Le problème semble corrigé.
COM-02016,CRM-4689,user0020,2025-09-27,Le client demande une modification.
COM-02017,ERP-1609,user0040,2025-12-09,Besoin de plus d'informations.
COM-02018,PORTAL-3104,user0011,2025-10-14,Il faut vérifier ce comportement.
COM-02019,BANK-178,user0033,2026-05-11,Tests complémentaires nécessaires.
COM-02020,BI-3999,user0017,2026-08-17,Le problème semble corrigé.
COM-02021,PORTAL-2909,user0048,2026-02-02,Le client demande une modification.
COM-02022,CRM-1371,user0003,2026-05-24,Le problème semble corrigé.
COM-02023,SEC-2442,user0047,2026-03-21,Le problème semble corrigé.
COM-02024,DATA-977,user0015,2026-07-18,Tests complémentaires nécessaires.
COM-02025,DATA-2736,user0007,2025-12-05,Tests complémentaires nécessaires.
COM-02026,ECOM-104,user0018,2025-12-25,Besoin de plus d'informations.
COM-02027,MOB-3645,user0008,2026-02-23,Le problème semble corrigé.
COM-02028,SEC-3545,user0045,2026-08-13,Besoin de plus d'informations.
COM-02029,ECOM-1857,user0001,2026-07-16,Le problème semble corrigé.
COM-02030,PORTAL-2938,user0048,2026-05-18,Attention au délai prévu.
COM-02031,SEC-1438,user0025,2025-11-01,Le problème est reproduit en environnement de test.
COM-02032,SEC-1848,user0040,2026-02-11,Le problème est reproduit en environnement de test.
COM-02033,MOB-2192,user0006,2026-06-26,La fonctionnalité est prête pour les tests.
COM-02034,DATA-726,user0016,2025-10-13,Le client demande une modification.
COM-02035,ECOM-338,user0006,2025-09-24,Besoin de plus d'informations.
COM-02036,CRM-2246,user0039,2026-08-30,Besoin de plus d'informations.
COM-02037,CRM-837,user0014,2025-10-18,Attention au délai prévu.
COM-02038,PORTAL-2124,user0005,2026-07-19,Le problème est reproduit en environnement de test.
COM-02039,BI-2630,user0048,2025-10-17,Le client demande une modification.
COM-02040,CLOUD-968,user0034,2026-06-18,Tests complémentaires nécessaires.
COM-02041,CRM-2798,user0002,2025-12-09,Le problème semble corrigé.
COM-02042,ECOM-928,user0044,2025-12-18,Attention au délai prévu.
COM-02043,DATA-2215,user0036,2025-12-02,Besoin de plus d'informations.
COM-02044,ERP-3879,user0013,2026-08-18,Tests complémentaires nécessaires.
COM-02045,MOB-3900,user0041,2026-01-24,Le problème semble corrigé.
COM-02046,CLOUD-3120,user0021,2026-04-03,Il faut vérifier ce comportement.
COM-02047,BI-3691,user0037,2026-03-09,Correction proposée dans la prochaine version.
COM-02048,SEC-4584,user0042,2025-09-21,La fonctionnalité est prête pour les tests.
COM-02049,CRM-1139,user0024,2026-05-04,Le problème est reproduit en environnement de test.
COM-02050,PORTAL-3769,user0019,2025-12-02,Besoin de plus d'informations.
COM-02051,CLOUD-88,user0018,2026-05-25,Attention au délai prévu.
COM-02052,CLOUD-2695,user0029,2025-09-24,Il faut vérifier ce comportement.
COM-02053,ERP-3746,user0015,2025-10-28,Besoin de plus d'informations.
COM-02054,ECOM-3750,user0041,2026-06-16,Il faut vérifier ce comportement.
COM-02055,ERP-2952,user0030,2026-09-04,Le problème semble corrigé.
COM-02056,ECOM-3625,user0012,2026-06-29,Tests complémentaires nécessaires.
COM-02057,ERP-1901,user0001,2026-08-31,Attention au délai prévu.
COM-02058,CLOUD-38,user0035,2026-06-25,Tests complémentaires nécessaires.
COM-02059,DATA-4551,user0050,2026-01-04,Il faut vérifier ce comportement.
COM-02060,PORTAL-1453,user0002,2026-07-03,Tests complémentaires nécessaires.
COM-02061,CLOUD-1554,user0033,2026-06-29,Le problème est reproduit en environnement de test.
COM-02062,BI-4743,user0028,2026-02-22,Correction proposée dans la prochaine version.
COM-02063,BI-3068,user0021,2026-08-14,Correction proposée dans la prochaine version.
COM-02064,CRM-1398,user0022,2025-12-03,Le problème semble corrigé.
COM-02065,PORTAL-3969,user0036,2026-03-04,Le problème semble corrigé.
COM-02066,SEC-4070,user0001,2026-04-19,Le problème est reproduit en environnement de test.
COM-02067,ERP-1094,user0005,2025-11-10,Le problème est reproduit en environnement de test.
COM-02068,CRM-2172,user0017,2026-01-15,Attention au délai prévu.
COM-02069,ECOM-2551,user0007,2025-11-11,Attention au délai prévu.
COM-02070,BI-909,user0043,2025-10-07,Attention au délai prévu.
COM-02071,ECOM-3126,user0040,2026-04-09,Le client demande une modification.
COM-02072,MOB-2769,user0037,2026-05-19,Le client demande une modification.
COM-02073,BANK-4147,user0014,2026-08-15,Le développement avance correctement.
COM-02074,PORTAL-3905,user0018,2026-03-02,Il faut vérifier ce comportement.
COM-02075,PORTAL-1765,user0038,2026-01-22,Tests complémentaires nécessaires.
COM-02076,ECOM-964,user0045,2025-11-10,Le client demande une modification.
COM-02077,BANK-2899,user0017,2026-01-06,Le problème est reproduit en environnement de test.
COM-02078,ERP-1197,user0033,2026-09-01,Tests complémentaires nécessaires.
COM-02079,BANK-3864,user0017,2026-09-07,Correction proposée dans la prochaine version.
COM-02080,ECOM-2107,user0031,2025-10-23,Attention au délai prévu.
COM-02081,ERP-1264,user0038,2026-08-22,Attention au délai prévu.
COM-02082,CRM-797,user0005,2026-09-09,Besoin de plus d'informations.
COM-02083,DATA-977,user0047,2026-01-11,Correction proposée dans la prochaine version.
COM-02084,SEC-3201,user0003,2026-06-29,Le problème semble corrigé.
COM-02085,ECOM-1591,user0034,2026-08-23,Tests complémentaires nécessaires.
COM-02086,DATA-1042,user0005,2026-08-12,Attention au délai prévu.
COM-02087,ERP-3507,user0047,2026-02-07,Le problème est reproduit en environnement de test.
COM-02088,SEC-1060,user0046,2026-03-03,Le client demande une modification.
COM-02089,ECOM-595,user0025,2026-03-17,La fonctionnalité est prête pour les tests.
COM-02090,SEC-3323,user0031,2025-12-05,Correction proposée dans la prochaine version.
COM-02091,CLOUD-4161,user0043,2026-08-27,Attention au délai prévu.
COM-02092,PORTAL-4531,user0046,2026-06-14,Le développement avance correctement.
COM-02093,CLOUD-2676,user0028,2026-01-19,Il faut vérifier ce comportement.
COM-02094,BI-68,user0025,2026-01-25,Le problème est reproduit en environnement de test.
COM-02095,CLOUD-1022,user0030,2026-02-14,La fonctionnalité est prête pour les tests.
COM-02096,PORTAL-3432,user0012,2026-02-28,Attention au délai prévu.
COM-02097,CRM-4916,user0010,2025-12-25,Correction proposée dans la prochaine version.
COM-02098,ERP-1830,user0050,2026-07-19,Le problème semble corrigé.
COM-02099,ECOM-1796,user0047,2025-11-07,Correction proposée dans la prochaine version.
COM-02100,CRM-537,user0010,2026-09-14,Le client demande une modification.
COM-02101,CRM-3428,user0047,2026-06-06,Besoin de plus d'informations.
COM-02102,ERP-3073,user0032,2026-03-07,Besoin de plus d'informations.
COM-02103,PORTAL-1589,user0029,2026-08-19,Tests complémentaires nécessaires.
COM-02104,BANK-4402,user0036,2025-12-01,Tests complémentaires nécessaires.
COM-02105,ERP-164,user0001,2026-07-21,Le problème semble corrigé.
COM-02106,BI-2496,user0046,2026-06-09,Correction proposée dans la prochaine version.
COM-02107,CLOUD-4205,user0018,2025-11-16,Le problème semble corrigé.
COM-02108,BANK-3059,user0008,2025-11-30,La fonctionnalité est prête pour les tests.
COM-02109,MOB-4989,user0025,2025-11-28,Tests complémentaires nécessaires.
COM-02110,MOB-4517,user0007,2026-01-27,Correction proposée dans la prochaine version.
COM-02111,CRM-1077,user0011,2026-02-18,Il faut vérifier ce comportement.
COM-02112,MOB-1381,user0019,2025-12-21,Tests complémentaires nécessaires.
COM-02113,SEC-2959,user0018,2026-03-20,Correction proposée dans la prochaine version.
COM-02114,ECOM-1358,user0038,2026-08-16,Tests complémentaires nécessaires.
COM-02115,ECOM-202,user0013,2026-02-11,Le problème est reproduit en environnement de test.
COM-02116,ECOM-2737,user0014,2025-11-23,Attention au délai prévu.
COM-02117,BI-884,user0020,2026-06-14,Le client demande une modification.
COM-02118,ECOM-1823,user0034,2026-03-25,Le développement avance correctement.
COM-02119,CLOUD-2821,user0005,2026-05-10,La fonctionnalité est prête pour les tests.
COM-02120,SEC-4134,user0038,2026-09-08,La fonctionnalité est prête pour les tests.
COM-02121,CRM-1489,user0029,2025-10-28,Besoin de plus d'informations.
COM-02122,ECOM-4232,user0015,2026-03-04,Le client demande une modification.
COM-02123,CLOUD-505,user0019,2026-07-02,Attention au délai prévu.
COM-02124,SEC-3431,user0023,2026-06-01,Le développement avance correctement.
COM-02125,BI-2346,user0028,2026-08-04,Correction proposée dans la prochaine version.
COM-02126,MOB-4212,user0012,2025-11-11,Le problème semble corrigé.
COM-02127,CLOUD-1457,user0015,2026-08-02,Le problème est reproduit en environnement de test.
COM-02128,BI-3383,user0027,2026-04-10,Le problème semble corrigé.
COM-02129,BANK-318,user0036,2025-10-31,Attention au délai prévu.
COM-02130,CRM-3208,user0013,2026-08-28,Il faut vérifier ce comportement.
COM-02131,SEC-2928,user0011,2025-10-01,Besoin de plus d'informations.
COM-02132,CRM-804,user0029,2026-06-13,Besoin de plus d'informations.
COM-02133,SEC-3379,user0030,2026-04-24,Le client demande une modification.
COM-02134,SEC-3545,user0025,2026-02-04,Le problème est reproduit en environnement de test.
COM-02135,DATA-315,user0013,2025-10-01,La fonctionnalité est prête pour les tests.
COM-02136,SEC-3363,user0045,2026-03-20,Attention au délai prévu.
COM-02137,DATA-506,user0037,2025-10-20,Le client demande une modification.
COM-02138,ECOM-2237,user0025,2026-08-14,Tests complémentaires nécessaires.
COM-02139,MOB-4029,user0035,2025-09-18,Tests complémentaires nécessaires.
COM-02140,DATA-3031,user0023,2026-06-23,Le développement avance correctement.
COM-02141,BANK-410,user0017,2025-09-16,Besoin de plus d'informations.
COM-02142,SEC-3384,user0010,2026-03-06,Attention au délai prévu.
COM-02143,ERP-1094,user0024,2026-04-22,Besoin de plus d'informations.
COM-02144,SEC-4327,user0040,2026-02-17,Besoin de plus d'informations.
COM-02145,SEC-3334,user0008,2025-11-09,Attention au délai prévu.
COM-02146,PORTAL-4557,user0010,2025-10-02,Tests complémentaires nécessaires.
COM-02147,BANK-3324,user0036,2026-04-26,Tests complémentaires nécessaires.
COM-02148,SEC-4568,user0005,2026-01-16,Tests complémentaires nécessaires.
COM-02149,DATA-1154,user0035,2026-02-26,Il faut vérifier ce comportement.
COM-02150,MOB-27,user0033,2026-03-15,Besoin de plus d'informations.
COM-02151,BANK-879,user0032,2025-10-15,Attention au délai prévu.
COM-02152,BI-4456,user0010,2025-10-15,Il faut vérifier ce comportement.
COM-02153,PORTAL-2861,user0026,2025-10-21,La fonctionnalité est prête pour les tests.
COM-02154,ECOM-4191,user0036,2026-06-08,Attention au délai prévu.
COM-02155,BANK-4509,user0002,2026-02-13,Le problème est reproduit en environnement de test.
COM-02156,CLOUD-1405,user0028,2026-04-19,Correction proposée dans la prochaine version.
COM-02157,BANK-2290,user0031,2026-02-08,Il faut vérifier ce comportement.
COM-02158,CRM-2246,user0043,2026-08-10,Il faut vérifier ce comportement.
COM-02159,ECOM-665,user0043,2026-05-12,Correction proposée dans la prochaine version.
COM-02160,DATA-3237,user0016,2026-09-03,Il faut vérifier ce comportement.
COM-02161,ECOM-4036,user0029,2026-08-03,Attention au délai prévu.
COM-02162,PORTAL-1480,user0025,2026-03-15,Le développement avance correctement.
COM-02163,DATA-788,user0034,2026-04-15,Correction proposée dans la prochaine version.
COM-02164,ERP-2946,user0031,2026-02-01,Le problème semble corrigé.
COM-02165,PORTAL-2261,user0008,2026-04-10,Besoin de plus d'informations.
COM-02166,SEC-132,user0047,2025-09-20,Le problème semble corrigé.
COM-02167,CLOUD-3945,user0004,2026-09-03,Il faut vérifier ce comportement.
COM-02168,PORTAL-2128,user0024,2026-03-09,Le développement avance correctement.
COM-02169,PORTAL-3355,user0024,2026-07-23,Le problème semble corrigé.
COM-02170,BI-43,user0019,2025-09-15,Attention au délai prévu.
COM-02171,BI-4632,user0021,2025-12-23,Besoin de plus d'informations.
COM-02172,CLOUD-2694,user0024,2025-11-13,La fonctionnalité est prête pour les tests.
COM-02173,CLOUD-1468,user0025,2026-04-18,Attention au délai prévu.
COM-02174,ECOM-3574,user0026,2026-03-20,Le client demande une modification.
COM-02175,ERP-559,user0021,2026-01-12,La fonctionnalité est prête pour les tests.
COM-02176,DATA-3749,user0001,2026-07-17,Tests complémentaires nécessaires.
COM-02177,PORTAL-572,user0040,2025-10-09,Le développement avance correctement.
COM-02178,CLOUD-3756,user0039,2026-04-21,Le problème semble corrigé.
COM-02179,BANK-2290,user0023,2025-11-27,Il faut vérifier ce comportement.
COM-02180,ERP-3786,user0018,2026-03-11,Correction proposée dans la prochaine version.
COM-02181,SEC-4281,user0036,2026-07-31,Il faut vérifier ce comportement.
COM-02182,BANK-4305,user0045,2026-08-16,Le développement avance correctement.
COM-02183,SEC-2070,user0046,2026-04-17,Le développement avance correctement.
COM-02184,CRM-103,user0038,2026-04-08,La fonctionnalité est prête pour les tests.
COM-02185,MOB-3273,user0050,2026-08-25,Correction proposée dans la prochaine version.
COM-02186,PORTAL-4613,user0020,2026-03-28,Le client demande une modification.
COM-02187,CRM-2717,user0015,2026-06-23,Le problème est reproduit en environnement de test.
COM-02188,ERP-1289,user0006,2026-06-08,Besoin de plus d'informations.
COM-02189,ERP-4287,user0017,2025-12-03,Il faut vérifier ce comportement.
COM-02190,BANK-2792,user0006,2026-05-20,Attention au délai prévu.
COM-02191,CRM-3372,user0007,2025-11-23,Besoin de plus d'informations.
COM-02192,CRM-2976,user0037,2026-03-12,Attention au délai prévu.
COM-02193,ECOM-1540,user0006,2026-01-23,Correction proposée dans la prochaine version.
COM-02194,MOB-3353,user0048,2026-07-30,Le client demande une modification.
COM-02195,ECOM-1645,user0045,2026-05-23,Tests complémentaires nécessaires.
COM-02196,CRM-3247,user0047,2026-09-02,Le problème est reproduit en environnement de test.
COM-02197,ERP-872,user0041,2025-09-21,Tests complémentaires nécessaires.
COM-02198,BANK-4035,user0025,2026-07-24,Le client demande une modification.
COM-02199,SEC-432,user0013,2025-12-11,Tests complémentaires nécessaires.
COM-02200,CLOUD-1889,user0010,2026-03-18,Besoin de plus d'informations.
COM-02201,ECOM-1029,user0029,2026-02-18,La fonctionnalité est prête pour les tests.
COM-02202,ECOM-543,user0019,2026-06-21,Le problème est reproduit en environnement de test.
COM-02203,BI-780,user0017,2026-01-21,La fonctionnalité est prête pour les tests.
COM-02204,BI-2350,user0029,2025-12-02,Le problème semble corrigé.
COM-02205,ERP-525,user0028,2026-01-19,Le problème semble corrigé.
COM-02206,CRM-4853,user0048,2026-07-30,Attention au délai prévu.
COM-02207,CLOUD-2916,user0023,2026-07-02,Le problème est reproduit en environnement de test.
COM-02208,SEC-322,user0035,2026-01-06,Attention au délai prévu.
COM-02209,ERP-1462,user0003,2026-02-19,Besoin de plus d'informations.
COM-02210,BANK-3116,user0028,2025-12-28,Tests complémentaires nécessaires.
COM-02211,ERP-2207,user0009,2025-11-07,Il faut vérifier ce comportement.
COM-02212,SEC-3653,user0002,2026-02-19,Le développement avance correctement.
COM-02213,CRM-427,user0007,2026-04-10,Le problème semble corrigé.
COM-02214,CRM-4343,user0037,2026-05-25,Le client demande une modification.
COM-02215,BANK-3783,user0046,2026-07-04,La fonctionnalité est prête pour les tests.
COM-02216,CRM-3689,user0036,2025-12-14,Attention au délai prévu.
COM-02217,MOB-1331,user0005,2026-03-06,Le problème semble corrigé.
COM-02218,PORTAL-197,user0034,2025-12-23,Il faut vérifier ce comportement.
COM-02219,PORTAL-3350,user0016,2026-07-07,Attention au délai prévu.
COM-02220,BI-307,user0011,2025-10-10,Le développement avance correctement.
COM-02221,MOB-4699,user0047,2025-12-01,Attention au délai prévu.
COM-02222,BI-1026,user0036,2026-02-02,Attention au délai prévu.
COM-02223,DATA-4538,user0043,2026-05-15,Attention au délai prévu.
COM-02224,BANK-410,user0017,2026-01-02,Le client demande une modification.
COM-02225,MOB-31,user0047,2026-05-28,Tests complémentaires nécessaires.
COM-02226,MOB-4913,user0038,2026-04-11,Besoin de plus d'informations.
COM-02227,ECOM-2867,user0049,2025-12-04,Besoin de plus d'informations.
COM-02228,ECOM-511,user0028,2026-01-31,Il faut vérifier ce comportement.
COM-02229,BI-4589,user0024,2026-08-25,Il faut vérifier ce comportement.
COM-02230,CRM-3101,user0033,2026-07-27,Le problème semble corrigé.
COM-02231,BI-3426,user0012,2026-05-13,Le développement avance correctement.
COM-02232,BANK-2524,user0014,2026-07-12,Besoin de plus d'informations.
COM-02233,MOB-4212,user0033,2026-06-13,Il faut vérifier ce comportement.
COM-02234,CRM-2594,user0034,2025-10-02,Il faut vérifier ce comportement.
COM-02235,ERP-2419,user0005,2025-11-28,Le développement avance correctement.
COM-02236,DATA-4415,user0045,2026-07-14,Le problème semble corrigé.
COM-02237,CLOUD-1528,user0025,2026-08-17,La fonctionnalité est prête pour les tests.
COM-02238,ECOM-1164,user0048,2025-10-31,La fonctionnalité est prête pour les tests.
COM-02239,ECOM-3652,user0023,2026-02-13,Attention au délai prévu.
COM-02240,DATA-4890,user0003,2026-01-28,Besoin de plus d'informations.
COM-02241,BI-4507,user0044,2026-01-20,Le problème est reproduit en environnement de test.
COM-02242,MOB-1625,user0037,2026-07-27,Le client demande une modification.
COM-02243,ECOM-2457,user0046,2025-10-25,Le problème semble corrigé.
COM-02244,BI-389,user0041,2025-11-30,Le client demande une modification.
COM-02245,ECOM-4348,user0031,2026-05-22,Correction proposée dans la prochaine version.
COM-02246,SEC-2234,user0001,2026-06-03,La fonctionnalité est prête pour les tests.
COM-02247,BANK-3733,user0005,2026-09-14,Besoin de plus d'informations.
COM-02248,PORTAL-4290,user0022,2025-10-17,Besoin de plus d'informations.
COM-02249,BANK-2801,user0047,2026-07-31,Correction proposée dans la prochaine version.
COM-02250,ECOM-4828,user0017,2025-10-05,Attention au délai prévu.
COM-02251,CLOUD-1638,user0019,2026-03-09,Correction proposée dans la prochaine version.
COM-02252,SEC-521,user0024,2026-09-04,Le problème est reproduit en environnement de test.
COM-02253,BI-85,user0036,2026-01-03,Le problème est reproduit en environnement de test.
COM-02254,MOB-2983,user0033,2025-12-06,Le développement avance correctement.
COM-02255,CRM-1078,user0038,2026-03-01,Le problème semble corrigé.
COM-02256,ECOM-1152,user0022,2026-07-08,Il faut vérifier ce comportement.
COM-02257,ECOM-3435,user0048,2026-06-20,Le problème est reproduit en environnement de test.
COM-02258,BANK-4384,user0006,2026-09-14,Attention au délai prévu.
COM-02259,ECOM-3730,user0047,2025-10-11,Le problème est reproduit en environnement de test.
COM-02260,MOB-3645,user0040,2025-11-07,Attention au délai prévu.
COM-02261,CLOUD-3268,user0050,2026-07-18,Le client demande une modification.
COM-02262,SEC-578,user0001,2025-11-07,Le développement avance correctement.
COM-02263,ERP-592,user0009,2026-02-05,Le problème semble corrigé.
COM-02264,ERP-1911,user0046,2026-08-04,Le client demande une modification.
COM-02265,BI-2225,user0040,2026-02-05,Le problème est reproduit en environnement de test.
COM-02266,ERP-508,user0043,2026-05-30,Besoin de plus d'informations.
COM-02267,BANK-1913,user0005,2026-07-08,Le développement avance correctement.
COM-02268,MOB-4171,user0014,2026-06-04,Besoin de plus d'informations.
COM-02269,CRM-165,user0048,2026-01-14,Le problème semble corrigé.
COM-02270,ERP-55,user0022,2025-12-23,Correction proposée dans la prochaine version.
COM-02271,ERP-4060,user0032,2025-11-04,Tests complémentaires nécessaires.
COM-02272,ECOM-4722,user0046,2025-09-30,Le problème semble corrigé.
COM-02273,CLOUD-2621,user0005,2026-04-13,Tests complémentaires nécessaires.
COM-02274,DATA-3237,user0023,2026-03-09,Le problème est reproduit en environnement de test.
COM-02275,ECOM-4424,user0019,2025-09-23,Le client demande une modification.
COM-02276,ERP-2714,user0019,2025-09-21,Le développement avance correctement.
COM-02277,DATA-3133,user0018,2026-02-01,Tests complémentaires nécessaires.
COM-02278,DATA-4003,user0030,2026-08-17,Attention au délai prévu.
COM-02279,PORTAL-4433,user0039,2026-08-27,Besoin de plus d'informations.
COM-02280,CLOUD-4829,user0037,2026-08-09,Le développement avance correctement.
COM-02281,CLOUD-1741,user0010,2026-01-13,Correction proposée dans la prochaine version.
COM-02282,BI-4308,user0020,2026-02-18,Le problème semble corrigé.
COM-02283,BI-943,user0038,2026-05-05,La fonctionnalité est prête pour les tests.
COM-02284,MOB-121,user0002,2025-10-01,Le développement avance correctement.
COM-02285,DATA-811,user0050,2026-08-19,La fonctionnalité est prête pour les tests.
COM-02286,SEC-4659,user0047,2026-06-12,Attention au délai prévu.
COM-02287,CRM-4888,user0014,2026-03-22,La fonctionnalité est prête pour les tests.
COM-02288,DATA-2194,user0006,2026-09-03,Tests complémentaires nécessaires.
COM-02289,ERP-4150,user0037,2026-05-13,Correction proposée dans la prochaine version.
COM-02290,CLOUD-1434,user0003,2026-04-13,Tests complémentaires nécessaires.
COM-02291,SEC-4568,user0037,2026-07-27,Tests complémentaires nécessaires.
COM-02292,ERP-2025,user0028,2026-08-01,La fonctionnalité est prête pour les tests.
COM-02293,DATA-4844,user0021,2025-10-08,La fonctionnalité est prête pour les tests.
COM-02294,SEC-1379,user0015,2026-05-14,Attention au délai prévu.
COM-02295,ECOM-3449,user0012,2026-01-27,Attention au délai prévu.
COM-02296,MOB-2126,user0013,2025-12-07,Besoin de plus d'informations.
COM-02297,MOB-3712,user0005,2025-10-16,La fonctionnalité est prête pour les tests.
COM-02298,ECOM-3735,user0045,2026-03-22,Le problème semble corrigé.
COM-02299,ECOM-4823,user0037,2025-12-20,Correction proposée dans la prochaine version.
COM-02300,SEC-4069,user0045,2026-03-29,Le développement avance correctement.
COM-02301,ECOM-1598,user0034,2026-01-22,Besoin de plus d'informations.
COM-02302,SEC-1150,user0026,2025-10-13,Le problème est reproduit en environnement de test.
COM-02303,MOB-1015,user0030,2026-09-10,Le problème semble corrigé.
COM-02304,PORTAL-4263,user0011,2025-10-16,Tests complémentaires nécessaires.
COM-02305,DATA-1693,user0044,2025-11-12,Il faut vérifier ce comportement.
COM-02306,ERP-2207,user0020,2025-12-22,Le problème semble corrigé.
COM-02307,SEC-3684,user0047,2026-03-17,Tests complémentaires nécessaires.
COM-02308,CRM-2554,user0030,2026-03-02,Attention au délai prévu.
COM-02309,CRM-4916,user0043,2026-05-31,Correction proposée dans la prochaine version.
COM-02310,BANK-1153,user0022,2025-11-09,Besoin de plus d'informations.
COM-02311,BI-1493,user0025,2026-03-24,Le développement avance correctement.
COM-02312,MOB-2319,user0019,2025-11-25,Tests complémentaires nécessaires.
COM-02313,DATA-251,user0040,2025-12-01,Le problème est reproduit en environnement de test.
COM-02314,MOB-2881,user0044,2026-02-09,Le problème est reproduit en environnement de test.
COM-02315,BANK-1038,user0034,2026-03-22,Le développement avance correctement.
COM-02316,CRM-1878,user0038,2026-09-07,Le développement avance correctement.
COM-02317,CRM-4651,user0036,2026-03-06,Le problème semble corrigé.
COM-02318,ECOM-11,user0010,2026-09-04,La fonctionnalité est prête pour les tests.
COM-02319,BI-1927,user0024,2026-07-18,Le problème est reproduit en environnement de test.
COM-02320,CRM-2042,user0020,2025-11-05,Le problème semble corrigé.
COM-02321,MOB-2336,user0029,2026-04-14,Il faut vérifier ce comportement.
COM-02322,BI-1201,user0017,2026-06-27,Le client demande une modification.
COM-02323,ERP-4761,user0031,2026-07-29,Besoin de plus d'informations.
COM-02324,BI-4420,user0032,2025-12-12,Le problème est reproduit en environnement de test.
COM-02325,SEC-3545,user0033,2026-08-07,La fonctionnalité est prête pour les tests.
COM-02326,ERP-3366,user0021,2026-08-21,La fonctionnalité est prête pour les tests.
COM-02327,SEC-118,user0023,2026-04-12,Le problème est reproduit en environnement de test.
COM-02328,CRM-4249,user0018,2026-04-14,Correction proposée dans la prochaine version.
COM-02329,SEC-80,user0020,2026-01-21,Le client demande une modification.
COM-02330,DATA-1999,user0042,2026-03-22,Le client demande une modification.
COM-02331,SEC-1230,user0018,2026-04-07,Attention au délai prévu.
COM-02332,SEC-2173,user0049,2026-07-31,La fonctionnalité est prête pour les tests.
COM-02333,DATA-1302,user0011,2026-03-20,Le développement avance correctement.
COM-02334,BANK-1867,user0040,2025-12-21,Le client demande une modification.
COM-02335,SEC-4594,user0003,2026-03-15,La fonctionnalité est prête pour les tests.
COM-02336,MOB-2039,user0047,2026-03-02,Correction proposée dans la prochaine version.
COM-02337,BI-840,user0042,2026-09-04,Le problème semble corrigé.
COM-02338,MOB-3067,user0019,2026-02-25,Correction proposée dans la prochaine version.
COM-02339,CRM-4019,user0035,2025-11-12,Le problème est reproduit en environnement de test.
COM-02340,CLOUD-3481,user0041,2026-01-07,Le problème est reproduit en environnement de test.
COM-02341,BI-2625,user0042,2026-02-17,Tests complémentaires nécessaires.
COM-02342,ERP-2461,user0022,2026-03-02,Le problème semble corrigé.
COM-02343,BANK-1553,user0035,2025-10-03,La fonctionnalité est prête pour les tests.
COM-02344,BANK-1522,user0006,2026-07-16,Le client demande une modification.
COM-02345,BANK-4947,user0023,2026-08-20,Besoin de plus d'informations.
COM-02346,DATA-2736,user0031,2025-12-18,Attention au délai prévu.
COM-02347,ERP-4042,user0026,2025-10-13,Le développement avance correctement.
COM-02348,CLOUD-1417,user0050,2026-02-06,Le client demande une modification.
COM-02349,MOB-2307,user0004,2026-09-07,Il faut vérifier ce comportement.
COM-02350,BANK-879,user0049,2026-07-09,Le client demande une modification.
COM-02351,ERP-1590,user0012,2026-06-14,Le développement avance correctement.
COM-02352,CRM-2602,user0047,2025-12-17,Le client demande une modification.
COM-02353,CLOUD-4309,user0033,2025-10-31,Le développement avance correctement.
COM-02354,CRM-1833,user0031,2026-09-06,Le problème est reproduit en environnement de test.
COM-02355,CRM-862,user0032,2026-08-23,Le problème semble corrigé.
COM-02356,PORTAL-4270,user0029,2026-04-21,Le problème semble corrigé.
COM-02357,ERP-2549,user0020,2025-12-22,Il faut vérifier ce comportement.
COM-02358,CRM-2875,user0047,2026-07-22,Le développement avance correctement.
COM-02359,ERP-3000,user0026,2026-08-07,Le problème semble corrigé.
COM-02360,BI-1132,user0036,2025-12-20,Attention au délai prévu.
COM-02361,CRM-425,user0031,2026-02-02,Le client demande une modification.
COM-02362,MOB-4375,user0022,2026-08-05,Le problème est reproduit en environnement de test.
COM-02363,DATA-4644,user0033,2025-11-13,Attention au délai prévu.
COM-02364,BI-3773,user0050,2025-12-25,La fonctionnalité est prête pour les tests.
COM-02365,SEC-2734,user0019,2026-05-09,Le problème est reproduit en environnement de test.
COM-02366,CRM-1303,user0045,2026-04-17,Le problème semble corrigé.
COM-02367,PORTAL-1971,user0037,2026-08-29,Le problème est reproduit en environnement de test.
COM-02368,PORTAL-2535,user0032,2026-05-27,Le problème est reproduit en environnement de test.
COM-02369,ECOM-172,user0045,2026-06-16,Le problème semble corrigé.
COM-02370,PORTAL-748,user0030,2026-05-21,Le problème est reproduit en environnement de test.
COM-02371,BANK-4063,user0024,2026-03-02,La fonctionnalité est prête pour les tests.
COM-02372,MOB-1111,user0024,2025-09-29,Le problème semble corrigé.
COM-02373,PORTAL-4613,user0015,2026-07-03,Tests complémentaires nécessaires.
COM-02374,BI-2543,user0012,2026-05-18,La fonctionnalité est prête pour les tests.
COM-02375,MOB-4676,user0025,2026-06-09,Le problème est reproduit en environnement de test.
COM-02376,ECOM-1879,user0029,2026-02-23,Le client demande une modification.
COM-02377,CRM-843,user0045,2026-03-21,Il faut vérifier ce comportement.
COM-02378,SEC-858,user0012,2026-01-01,Il faut vérifier ce comportement.
COM-02379,ERP-2027,user0037,2026-05-30,La fonctionnalité est prête pour les tests.
COM-02380,CLOUD-959,user0007,2026-03-25,Attention au délai prévu.
COM-02381,SEC-3883,user0013,2026-08-27,Besoin de plus d'informations.
COM-02382,PORTAL-2143,user0043,2026-08-05,Tests complémentaires nécessaires.
COM-02383,BANK-4063,user0028,2026-04-21,Le problème est reproduit en environnement de test.
COM-02384,CLOUD-1402,user0003,2025-11-05,Le problème est reproduit en environnement de test.
COM-02385,SEC-778,user0022,2025-12-13,Le client demande une modification.
COM-02386,BANK-2504,user0009,2026-09-14,Correction proposée dans la prochaine version.
COM-02387,CRM-4353,user0040,2025-09-28,Tests complémentaires nécessaires.
COM-02388,BI-1920,user0042,2026-05-18,Le client demande une modification.
COM-02389,ECOM-3640,user0022,2026-02-17,Le problème semble corrigé.
COM-02390,ERP-2221,user0014,2026-05-22,Besoin de plus d'informations.
COM-02391,BANK-2290,user0001,2026-05-17,Le problème est reproduit en environnement de test.
COM-02392,ECOM-3996,user0042,2026-02-05,Le problème semble corrigé.
COM-02393,ERP-135,user0025,2025-09-28,Le problème est reproduit en environnement de test.
COM-02394,SEC-175,user0039,2026-08-04,Le problème est reproduit en environnement de test.
COM-02395,CRM-1346,user0029,2025-11-29,La fonctionnalité est prête pour les tests.
COM-02396,ECOM-826,user0024,2026-02-24,Le problème semble corrigé.
COM-02397,BI-2768,user0047,2026-01-14,La fonctionnalité est prête pour les tests.
COM-02398,ERP-1226,user0014,2026-01-31,Le développement avance correctement.
COM-02399,ERP-2120,user0023,2026-05-13,Il faut vérifier ce comportement.
COM-02400,CRM-2062,user0011,2026-03-14,Le client demande une modification.
COM-02401,SEC-3318,user0037,2026-08-26,Attention au délai prévu.
COM-02402,CLOUD-1712,user0031,2026-04-16,Il faut vérifier ce comportement.
COM-02403,MOB-305,user0038,2025-11-02,Tests complémentaires nécessaires.
COM-02404,SEC-4996,user0026,2025-11-23,Le client demande une modification.
COM-02405,MOB-737,user0011,2025-09-27,Le client demande une modification.
COM-02406,CRM-4806,user0024,2026-06-29,Attention au délai prévu.
COM-02407,DATA-4415,user0035,2026-03-18,Il faut vérifier ce comportement.
COM-02408,BI-4882,user0005,2026-04-27,Il faut vérifier ce comportement.
COM-02409,ECOM-875,user0050,2026-01-12,Le problème est reproduit en environnement de test.
COM-02410,PORTAL-4753,user0005,2026-03-09,Tests complémentaires nécessaires.
COM-02411,MOB-3685,user0018,2025-11-27,Le problème est reproduit en environnement de test.
COM-02412,CLOUD-3509,user0040,2026-03-05,Le client demande une modification.
COM-02413,CLOUD-944,user0005,2026-02-02,Il faut vérifier ce comportement.
COM-02414,BANK-3704,user0044,2025-10-21,Le problème est reproduit en environnement de test.
COM-02415,CLOUD-1703,user0017,2025-12-27,Attention au délai prévu.
COM-02416,SEC-3204,user0002,2025-11-25,Correction proposée dans la prochaine version.
COM-02417,BANK-4267,user0001,2026-08-02,Tests complémentaires nécessaires.
COM-02418,BANK-236,user0008,2026-06-25,Correction proposée dans la prochaine version.
COM-02419,ECOM-822,user0032,2025-11-16,Il faut vérifier ce comportement.
COM-02420,ECOM-4279,user0031,2026-02-18,Il faut vérifier ce comportement.
COM-02421,ECOM-4348,user0004,2025-11-01,Correction proposée dans la prochaine version.
COM-02422,ECOM-3408,user0014,2026-04-08,Il faut vérifier ce comportement.
COM-02423,PORTAL-1841,user0046,2025-09-27,Le client demande une modification.
COM-02424,BI-3680,user0039,2026-08-03,Le problème est reproduit en environnement de test.
COM-02425,BI-871,user0050,2025-11-05,Tests complémentaires nécessaires.
COM-02426,CRM-353,user0015,2025-11-26,Le problème est reproduit en environnement de test.
COM-02427,CRM-4233,user0044,2026-06-07,Besoin de plus d'informations.
COM-02428,BANK-927,user0031,2025-12-05,Il faut vérifier ce comportement.
COM-02429,MOB-4195,user0021,2026-06-24,Attention au délai prévu.
COM-02430,ECOM-273,user0025,2026-07-29,Besoin de plus d'informations.
COM-02431,BI-943,user0018,2025-12-24,Le problème semble corrigé.
COM-02432,PORTAL-4295,user0005,2026-04-20,La fonctionnalité est prête pour les tests.
COM-02433,BANK-1907,user0012,2025-10-22,Le développement avance correctement.
COM-02434,BANK-836,user0002,2025-11-14,Besoin de plus d'informations.
COM-02435,ECOM-1879,user0050,2026-04-08,La fonctionnalité est prête pour les tests.
COM-02436,BI-2921,user0033,2026-05-31,Correction proposée dans la prochaine version.
COM-02437,ECOM-632,user0002,2026-02-22,Attention au délai prévu.
COM-02438,CRM-1231,user0006,2026-07-04,Le problème est reproduit en environnement de test.
COM-02439,BI-4202,user0033,2026-06-14,Tests complémentaires nécessaires.
COM-02440,DATA-922,user0027,2026-03-16,Tests complémentaires nécessaires.
COM-02441,ERP-2452,user0003,2026-05-22,Le client demande une modification.
COM-02442,MOB-4676,user0025,2026-01-21,Correction proposée dans la prochaine version.
COM-02443,ERP-3388,user0022,2026-05-16,Le développement avance correctement.
COM-02444,ECOM-4427,user0045,2026-06-30,Le problème semble corrigé.
COM-02445,ECOM-1290,user0040,2026-03-22,Le développement avance correctement.
COM-02446,CLOUD-1695,user0007,2026-04-15,Il faut vérifier ce comportement.
COM-02447,SEC-4514,user0027,2026-02-02,Le développement avance correctement.
COM-02448,BANK-4947,user0004,2025-11-12,Tests complémentaires nécessaires.
COM-02449,DATA-921,user0026,2025-11-29,Attention au délai prévu.
COM-02450,BANK-3163,user0028,2026-02-23,La fonctionnalité est prête pour les tests.
COM-02451,BANK-454,user0036,2025-11-07,La fonctionnalité est prête pour les tests.
COM-02452,CLOUD-3314,user0010,2026-07-10,Le client demande une modification.
COM-02453,SEC-2683,user0022,2026-01-24,La fonctionnalité est prête pour les tests.
COM-02454,CRM-1611,user0034,2025-11-26,Il faut vérifier ce comportement.
COM-02455,DATA-421,user0040,2025-11-23,Le développement avance correctement.
COM-02456,DATA-2189,user0010,2026-06-21,Tests complémentaires nécessaires.
COM-02457,ECOM-4155,user0024,2026-01-03,Attention au délai prévu.
COM-02458,PORTAL-2585,user0036,2026-04-14,La fonctionnalité est prête pour les tests.
COM-02459,ERP-774,user0016,2025-09-28,Besoin de plus d'informations.
COM-02460,DATA-3970,user0011,2025-11-25,Besoin de plus d'informations.
COM-02461,ECOM-2656,user0017,2026-07-27,La fonctionnalité est prête pour les tests.
COM-02462,ECOM-4297,user0006,2026-08-24,Le client demande une modification.
COM-02463,BANK-1883,user0001,2025-12-15,Le problème est reproduit en environnement de test.
COM-02464,ERP-1579,user0050,2026-03-11,Le client demande une modification.
COM-02465,ERP-2860,user0039,2026-08-08,Tests complémentaires nécessaires.
COM-02466,MOB-4660,user0010,2025-12-21,Besoin de plus d'informations.
COM-02467,BANK-2233,user0050,2026-02-11,Attention au délai prévu.
COM-02468,ECOM-3463,user0011,2026-03-17,Il faut vérifier ce comportement.
COM-02469,MOB-3354,user0045,2026-05-23,Besoin de plus d'informations.
COM-02470,ECOM-4373,user0021,2026-08-13,La fonctionnalité est prête pour les tests.
COM-02471,ERP-2700,user0049,2026-02-22,Besoin de plus d'informations.
COM-02472,CRM-3422,user0001,2026-04-07,La fonctionnalité est prête pour les tests.
COM-02473,ECOM-4133,user0031,2025-10-09,Le problème semble corrigé.
COM-02474,CRM-945,user0029,2026-07-01,Attention au délai prévu.
COM-02475,CLOUD-1748,user0039,2026-03-03,Le développement avance correctement.
COM-02476,ERP-1252,user0039,2025-12-09,Attention au délai prévu.
COM-02477,ECOM-2255,user0003,2026-07-12,Le problème semble corrigé.
COM-02478,CRM-1036,user0007,2026-04-06,Le problème semble corrigé.
COM-02479,ERP-2292,user0037,2025-11-07,La fonctionnalité est prête pour les tests.
COM-02480,CLOUD-4380,user0050,2026-01-20,Le développement avance correctement.
COM-02481,CLOUD-3306,user0018,2025-12-31,La fonctionnalité est prête pour les tests.
COM-02482,ECOM-4891,user0038,2025-09-21,Attention au délai prévu.
COM-02483,ECOM-1899,user0006,2026-03-23,Le problème semble corrigé.
COM-02484,BI-4298,user0032,2026-07-23,Il faut vérifier ce comportement.
COM-02485,ERP-4349,user0031,2026-07-19,Tests complémentaires nécessaires.
COM-02486,BANK-4335,user0033,2026-01-28,Le problème est reproduit en environnement de test.
COM-02487,BI-1563,user0023,2025-10-02,Il faut vérifier ce comportement.
COM-02488,BI-4822,user0028,2026-03-13,Le développement avance correctement.
COM-02489,BANK-4664,user0024,2026-03-05,Le problème semble corrigé.
COM-02490,DATA-3182,user0004,2026-04-23,La fonctionnalité est prête pour les tests.
COM-02491,ERP-137,user0022,2026-08-26,La fonctionnalité est prête pour les tests.
COM-02492,ECOM-4133,user0007,2025-10-30,Le client demande une modification.
COM-02493,PORTAL-3742,user0038,2026-01-26,Il faut vérifier ce comportement.
COM-02494,PORTAL-1274,user0012,2026-08-17,La fonctionnalité est prête pour les tests.
COM-02495,ERP-941,user0022,2026-03-30,Besoin de plus d'informations.
COM-02496,CRM-2791,user0014,2026-06-13,Le problème semble corrigé.
COM-02497,CLOUD-340,user0038,2026-07-15,Il faut vérifier ce comportement.
COM-02498,BI-2950,user0035,2026-09-07,Le problème semble corrigé.
COM-02499,SEC-2209,user0037,2026-02-15,Le développement avance correctement.
COM-02500,CLOUD-1085,user0034,2026-05-15,Tests complémentaires nécessaires.
COM-02501,MOB-784,user0048,2026-07-09,Le développement avance correctement.
COM-02502,ECOM-2105,user0007,2026-07-08,Il faut vérifier ce comportement.
COM-02503,BANK-380,user0039,2026-04-13,Besoin de plus d'informations.
COM-02504,SEC-4990,user0043,2026-03-22,Le problème est reproduit en environnement de test.
COM-02505,MOB-4814,user0013,2026-03-12,Attention au délai prévu.
COM-02506,BANK-1304,user0021,2026-08-18,Le problème semble corrigé.
COM-02507,SEC-2453,user0003,2025-10-31,Le client demande une modification.
COM-02508,CLOUD-144,user0048,2026-06-12,Tests complémentaires nécessaires.
COM-02509,DATA-1661,user0016,2026-06-24,Besoin de plus d'informations.
COM-02510,SEC-1682,user0012,2026-03-23,Attention au délai prévu.
COM-02511,ECOM-275,user0036,2026-06-21,Le développement avance correctement.
COM-02512,CLOUD-4163,user0012,2025-12-26,Le problème semble corrigé.
COM-02513,BI-3620,user0012,2026-03-08,Correction proposée dans la prochaine version.
COM-02514,BANK-4392,user0036,2026-02-15,La fonctionnalité est prête pour les tests.
COM-02515,MOB-3297,user0050,2025-11-03,La fonctionnalité est prête pour les tests.
COM-02516,BANK-3308,user0027,2026-02-02,La fonctionnalité est prête pour les tests.
COM-02517,BI-2430,user0044,2025-12-08,Le problème semble corrigé.
COM-02518,BI-3475,user0048,2026-02-27,Le problème est reproduit en environnement de test.
COM-02519,CLOUD-488,user0009,2025-11-14,Attention au délai prévu.
COM-02520,CLOUD-1781,user0050,2026-03-07,Attention au délai prévu.
COM-02521,CLOUD-4967,user0022,2025-11-30,Le problème semble corrigé.
COM-02522,SEC-322,user0001,2026-03-11,Le développement avance correctement.
COM-02523,PORTAL-2071,user0036,2026-01-31,Tests complémentaires nécessaires.
COM-02524,ECOM-751,user0027,2026-07-21,Le problème semble corrigé.
COM-02525,CLOUD-2918,user0036,2026-07-10,Le client demande une modification.
COM-02526,BI-513,user0027,2026-02-23,La fonctionnalité est prête pour les tests.
COM-02527,CLOUD-949,user0006,2026-02-18,Attention au délai prévu.
COM-02528,MOB-1607,user0040,2026-05-24,Tests complémentaires nécessaires.
COM-02529,DATA-1651,user0007,2026-02-17,Tests complémentaires nécessaires.
COM-02530,CLOUD-3801,user0016,2026-04-10,Correction proposée dans la prochaine version.
COM-02531,SEC-395,user0043,2026-07-29,Le problème semble corrigé.
COM-02532,CLOUD-3294,user0033,2026-08-22,Tests complémentaires nécessaires.
COM-02533,BANK-1979,user0040,2026-01-13,Besoin de plus d'informations.
COM-02534,CLOUD-4040,user0029,2026-04-13,Le développement avance correctement.
COM-02535,ECOM-2457,user0012,2026-07-18,La fonctionnalité est prête pour les tests.
COM-02536,BANK-998,user0037,2025-11-05,Tests complémentaires nécessaires.
COM-02537,BI-2804,user0012,2025-12-17,Tests complémentaires nécessaires.
COM-02538,CRM-434,user0016,2026-08-19,Le développement avance correctement.
COM-02539,BANK-3418,user0039,2025-09-19,La fonctionnalité est prête pour les tests.
COM-02540,SEC-3450,user0040,2026-04-08,Le client demande une modification.
COM-02541,BI-3021,user0039,2025-11-16,Besoin de plus d'informations.
COM-02542,BI-2500,user0042,2026-01-22,Il faut vérifier ce comportement.
COM-02543,DATA-2560,user0021,2026-06-11,Il faut vérifier ce comportement.
COM-02544,ERP-4337,user0032,2025-12-30,Correction proposée dans la prochaine version.
COM-02545,ERP-3238,user0024,2025-10-12,Il faut vérifier ce comportement.
COM-02546,CLOUD-3060,user0033,2026-02-11,La fonctionnalité est prête pour les tests.
COM-02547,PORTAL-2326,user0016,2026-09-02,Le client demande une modification.
COM-02548,DATA-2759,user0038,2026-07-07,Le problème est reproduit en environnement de test.
COM-02549,BANK-110,user0010,2025-11-21,Il faut vérifier ce comportement.
COM-02550,PORTAL-2013,user0019,2026-01-21,Le problème semble corrigé.
COM-02551,PORTAL-1246,user0004,2026-03-07,Le problème est reproduit en environnement de test.
COM-02552,PORTAL-2297,user0027,2026-05-25,Correction proposée dans la prochaine version.
COM-02553,MOB-1619,user0033,2025-09-26,Correction proposée dans la prochaine version.
COM-02554,CRM-1481,user0033,2026-07-09,Le développement avance correctement.
COM-02555,BANK-1503,user0036,2026-08-16,Besoin de plus d'informations.
COM-02556,BI-1740,user0021,2026-02-19,Correction proposée dans la prochaine version.
COM-02557,ERP-4923,user0017,2026-08-12,Il faut vérifier ce comportement.
COM-02558,BANK-866,user0029,2026-01-10,Correction proposée dans la prochaine version.
COM-02559,MOB-3607,user0005,2026-02-04,Besoin de plus d'informations.
COM-02560,ECOM-4458,user0020,2026-08-25,La fonctionnalité est prête pour les tests.
COM-02561,PORTAL-4270,user0032,2026-05-08,La fonctionnalité est prête pour les tests.
COM-02562,BANK-4509,user0025,2026-07-06,Le problème est reproduit en environnement de test.
COM-02563,BANK-4556,user0021,2026-08-15,Besoin de plus d'informations.
COM-02564,BI-2222,user0013,2026-05-18,Correction proposée dans la prochaine version.
COM-02565,BANK-781,user0008,2025-10-10,Attention au délai prévu.
COM-02566,ERP-2292,user0029,2025-10-21,Le problème semble corrigé.
COM-02567,ECOM-4855,user0026,2026-08-25,Il faut vérifier ce comportement.
COM-02568,DATA-465,user0022,2025-12-08,Correction proposée dans la prochaine version.
COM-02569,SEC-3491,user0002,2025-12-16,Besoin de plus d'informations.
COM-02570,SEC-2327,user0046,2025-09-25,Correction proposée dans la prochaine version.
COM-02571,PORTAL-1947,user0037,2025-09-16,Le problème semble corrigé.
COM-02572,BANK-4786,user0048,2025-10-27,Tests complémentaires nécessaires.
COM-02573,MOB-4375,user0048,2026-04-09,Le développement avance correctement.
COM-02574,ECOM-45,user0030,2026-02-25,La fonctionnalité est prête pour les tests.
COM-02575,MOB-398,user0020,2026-05-15,Correction proposée dans la prochaine version.
COM-02576,ECOM-1826,user0007,2026-02-03,La fonctionnalité est prête pour les tests.
COM-02577,CRM-4651,user0037,2025-11-02,Tests complémentaires nécessaires.
COM-02578,PORTAL-4512,user0042,2026-03-16,Le problème semble corrigé.
COM-02579,ERP-3893,user0001,2026-06-22,Le client demande une modification.
COM-02580,CLOUD-3328,user0009,2025-12-13,Le problème semble corrigé.
COM-02581,CRM-547,user0022,2026-01-25,Tests complémentaires nécessaires.
COM-02582,BI-2048,user0014,2026-06-29,Attention au délai prévu.
COM-02583,ECOM-4133,user0033,2026-03-22,Correction proposée dans la prochaine version.
COM-02584,PORTAL-373,user0008,2025-11-29,Il faut vérifier ce comportement.
COM-02585,ECOM-3362,user0048,2025-10-25,Le développement avance correctement.
COM-02586,ECOM-3385,user0018,2026-09-09,Il faut vérifier ce comportement.
COM-02587,PORTAL-3149,user0025,2026-03-17,Le problème semble corrigé.
COM-02588,MOB-667,user0043,2025-09-24,Correction proposée dans la prochaine version.
COM-02589,MOB-2815,user0047,2026-04-18,Besoin de plus d'informations.
COM-02590,PORTAL-3508,user0016,2026-07-19,Il faut vérifier ce comportement.
COM-02591,MOB-932,user0037,2026-07-06,Besoin de plus d'informations.
COM-02592,MOB-4826,user0011,2025-12-17,Il faut vérifier ce comportement.
COM-02593,BANK-4125,user0016,2026-05-04,Il faut vérifier ce comportement.
COM-02594,ECOM-3336,user0003,2025-10-31,Le problème semble corrigé.
COM-02595,CLOUD-4397,user0030,2026-04-15,Le client demande une modification.
COM-02596,ERP-2946,user0016,2026-01-11,La fonctionnalité est prête pour les tests.
COM-02597,BANK-682,user0034,2026-06-07,Besoin de plus d'informations.
COM-02598,CLOUD-4530,user0028,2026-03-10,Correction proposée dans la prochaine version.
COM-02599,BI-4253,user0022,2026-09-09,Le problème semble corrigé.
COM-02600,SEC-2342,user0049,2026-05-02,Besoin de plus d'informations.
COM-02601,BANK-3783,user0046,2026-05-29,Le problème est reproduit en environnement de test.
COM-02602,DATA-3295,user0029,2026-04-25,Tests complémentaires nécessaires.
COM-02603,MOB-2825,user0003,2025-11-28,Correction proposée dans la prochaine version.
COM-02604,SEC-2627,user0023,2026-07-22,Le problème semble corrigé.
COM-02605,CRM-4592,user0040,2026-08-14,Le développement avance correctement.
COM-02606,BI-2768,user0014,2025-12-03,Correction proposée dans la prochaine version.
COM-02607,MOB-1331,user0021,2026-06-06,La fonctionnalité est prête pour les tests.
COM-02608,CRM-4061,user0023,2025-12-15,Tests complémentaires nécessaires.
COM-02609,BANK-3932,user0043,2026-01-01,Le client demande une modification.
COM-02610,DATA-4476,user0043,2025-12-06,Le problème semble corrigé.
COM-02611,ECOM-3978,user0026,2026-07-30,Tests complémentaires nécessaires.
COM-02612,BANK-3635,user0003,2026-02-20,Le client demande une modification.
COM-02613,CLOUD-1504,user0012,2025-12-09,Le développement avance correctement.
COM-02614,ECOM-1314,user0020,2026-03-23,Le client demande une modification.
COM-02615,MOB-2741,user0043,2026-05-21,Le problème semble corrigé.
COM-02616,BI-445,user0011,2026-03-16,Correction proposée dans la prochaine version.
COM-02617,MOB-4024,user0050,2026-09-10,Le développement avance correctement.
COM-02618,BI-1067,user0018,2025-11-08,Le développement avance correctement.
COM-02619,BI-1189,user0017,2025-12-29,Il faut vérifier ce comportement.
COM-02620,PORTAL-4162,user0031,2026-08-15,Tests complémentaires nécessaires.
COM-02621,SEC-4412,user0031,2025-11-22,Le problème semble corrigé.
COM-02622,PORTAL-2664,user0038,2026-03-29,Le problème est reproduit en environnement de test.
COM-02623,SEC-4296,user0045,2025-11-25,Attention au délai prévu.
COM-02624,CRM-4572,user0028,2025-12-07,Besoin de plus d'informations.
COM-02625,BANK-942,user0017,2026-01-03,Tests complémentaires nécessaires.
COM-02626,CRM-641,user0028,2025-12-17,Tests complémentaires nécessaires.
COM-02627,MOB-3232,user0036,2025-11-11,Le développement avance correctement.
COM-02628,PORTAL-727,user0024,2026-03-15,Tests complémentaires nécessaires.
COM-02629,ECOM-4559,user0036,2026-04-01,La fonctionnalité est prête pour les tests.
COM-02630,CRM-824,user0001,2025-12-07,Il faut vérifier ce comportement.
COM-02631,BANK-836,user0035,2026-04-18,Le client demande une modification.
COM-02632,DATA-1221,user0024,2026-04-21,Le problème est reproduit en environnement de test.
COM-02633,BANK-3474,user0018,2026-01-22,Le développement avance correctement.
COM-02634,DATA-2579,user0005,2026-07-13,Besoin de plus d'informations.
COM-02635,BANK-2726,user0034,2025-10-16,Tests complémentaires nécessaires.
COM-02636,DATA-1109,user0005,2026-03-20,Tests complémentaires nécessaires.
COM-02637,CRM-830,user0041,2026-08-11,Besoin de plus d'informations.
COM-02638,SEC-3002,user0038,2025-11-09,La fonctionnalité est prête pour les tests.
COM-02639,SEC-1216,user0007,2026-07-23,Le client demande une modification.
COM-02640,MOB-3209,user0010,2026-01-09,Le développement avance correctement.
COM-02641,BANK-4980,user0032,2025-09-17,La fonctionnalité est prête pour les tests.
COM-02642,ERP-4950,user0007,2026-09-05,Besoin de plus d'informations.
COM-02643,DATA-3904,user0027,2026-06-08,Attention au délai prévu.
COM-02644,BI-2547,user0045,2026-06-09,Le développement avance correctement.
COM-02645,CRM-426,user0029,2025-11-25,Le problème est reproduit en environnement de test.
COM-02646,MOB-253,user0014,2026-06-19,Le problème est reproduit en environnement de test.
COM-02647,ERP-1251,user0022,2025-11-03,Le problème semble corrigé.
COM-02648,ECOM-3034,user0029,2026-08-07,Le problème est reproduit en environnement de test.
COM-02649,DATA-4358,user0011,2026-04-17,Le problème semble corrigé.
COM-02650,CRM-2622,user0042,2026-01-15,Tests complémentaires nécessaires.
COM-02651,MOB-3981,user0007,2026-03-31,Le problème est reproduit en environnement de test.
COM-02652,CLOUD-944,user0022,2026-07-21,Besoin de plus d'informations.
COM-02653,DATA-4351,user0023,2025-10-06,La fonctionnalité est prête pour les tests.
COM-02654,ERP-417,user0041,2026-07-07,Le client demande une modification.
COM-02655,PORTAL-4323,user0026,2025-12-13,Le problème semble corrigé.
COM-02656,SEC-432,user0019,2026-03-06,Tests complémentaires nécessaires.
COM-02657,BI-4468,user0030,2025-10-06,La fonctionnalité est prête pour les tests.
COM-02658,CRM-198,user0039,2026-06-19,Le client demande une modification.
COM-02659,CRM-1077,user0045,2026-07-06,Il faut vérifier ce comportement.
COM-02660,CRM-3158,user0045,2025-10-23,Tests complémentaires nécessaires.
COM-02661,ERP-1420,user0005,2025-12-22,Besoin de plus d'informations.
COM-02662,PORTAL-3866,user0025,2026-06-06,Besoin de plus d'informations.
COM-02663,CRM-4937,user0029,2026-03-29,Besoin de plus d'informations.
COM-02664,CLOUD-684,user0031,2026-06-04,La fonctionnalité est prête pour les tests.
COM-02665,BI-4936,user0016,2026-03-24,Le développement avance correctement.
COM-02666,ERP-228,user0025,2026-03-03,Il faut vérifier ce comportement.
COM-02667,MOB-3734,user0032,2025-10-12,Le problème semble corrigé.
COM-02668,SEC-4995,user0018,2026-02-15,Le client demande une modification.
COM-02669,ERP-2091,user0024,2026-02-14,Il faut vérifier ce comportement.
COM-02670,BI-3946,user0050,2026-06-28,Le développement avance correctement.
COM-02671,BANK-1799,user0004,2026-06-21,Correction proposée dans la prochaine version.
COM-02672,DATA-3200,user0047,2025-10-29,Le problème semble corrigé.
COM-02673,BI-3980,user0015,2025-12-21,Correction proposée dans la prochaine version.
COM-02674,CRM-4888,user0005,2026-08-07,Il faut vérifier ce comportement.
COM-02675,CRM-2724,user0036,2026-02-27,Le client demande une modification.
COM-02676,CRM-1666,user0046,2026-01-20,Le développement avance correctement.
COM-02677,ERP-935,user0015,2025-09-17,Il faut vérifier ce comportement.
COM-02678,DATA-1999,user0018,2025-09-26,Le problème semble corrigé.
COM-02679,SEC-3911,user0019,2026-01-22,Le problème est reproduit en environnement de test.
COM-02680,DATA-1071,user0032,2026-05-08,Le client demande une modification.
COM-02681,ERP-4783,user0039,2026-03-08,Correction proposée dans la prochaine version.
COM-02682,ECOM-2681,user0010,2026-01-24,Le client demande une modification.
COM-02683,BI-960,user0019,2025-10-08,Correction proposée dans la prochaine version.
COM-02684,ECOM-4828,user0034,2026-04-25,Le client demande une modification.
COM-02685,CRM-157,user0008,2026-09-08,Le développement avance correctement.
COM-02686,MOB-2499,user0044,2026-05-08,Le problème semble corrigé.
COM-02687,PORTAL-4265,user0001,2026-05-17,Besoin de plus d'informations.
COM-02688,CLOUD-2502,user0018,2025-10-16,Le problème semble corrigé.
COM-02689,ECOM-4099,user0004,2026-08-18,Il faut vérifier ce comportement.
COM-02690,BI-1470,user0030,2026-03-23,Attention au délai prévu.
COM-02691,CLOUD-1904,user0029,2026-05-20,Le problème semble corrigé.
COM-02692,SEC-3201,user0012,2026-04-03,Le problème semble corrigé.
COM-02693,SEC-1281,user0049,2025-11-09,La fonctionnalité est prête pour les tests.
COM-02694,ECOM-239,user0041,2025-12-25,Tests complémentaires nécessaires.
COM-02695,BI-2443,user0009,2025-09-22,Le client demande une modification.
COM-02696,CRM-569,user0020,2026-08-07,La fonctionnalité est prête pour les tests.
COM-02697,SEC-1490,user0038,2026-06-04,Tests complémentaires nécessaires.
COM-02698,ERP-4818,user0044,2026-09-11,Tests complémentaires nécessaires.
COM-02699,DATA-685,user0017,2026-01-21,Correction proposée dans la prochaine version.
COM-02700,CRM-63,user0050,2025-10-18,Le développement avance correctement.
COM-02701,BANK-2208,user0042,2025-12-05,Le développement avance correctement.
COM-02702,ERP-3340,user0013,2026-03-27,Le problème semble corrigé.
COM-02703,PORTAL-4474,user0027,2026-07-28,Tests complémentaires nécessaires.
COM-02704,PORTAL-4141,user0020,2026-07-02,Besoin de plus d'informations.
COM-02705,SEC-2627,user0037,2026-06-09,La fonctionnalité est prête pour les tests.
COM-02706,CLOUD-715,user0033,2026-08-02,Attention au délai prévu.
COM-02707,SEC-2780,user0025,2026-01-29,Il faut vérifier ce comportement.
COM-02708,BI-2068,user0002,2025-12-01,Correction proposée dans la prochaine version.
COM-02709,ECOM-2673,user0018,2025-11-18,Le client demande une modification.
COM-02710,ERP-205,user0026,2025-12-21,Le développement avance correctement.
COM-02711,BI-169,user0022,2026-01-17,Correction proposée dans la prochaine version.
COM-02712,MOB-1505,user0023,2025-10-25,Le problème semble corrigé.
COM-02713,CRM-4846,user0031,2025-10-13,Le client demande une modification.
COM-02714,CLOUD-4395,user0026,2026-06-24,Tests complémentaires nécessaires.
COM-02715,ERP-4048,user0005,2026-03-24,Le problème est reproduit en environnement de test.
COM-02716,PORTAL-598,user0001,2026-02-14,Attention au délai prévu.
COM-02717,DATA-4333,user0014,2026-01-03,La fonctionnalité est prête pour les tests.
COM-02718,MOB-3811,user0029,2026-05-07,Correction proposée dans la prochaine version.
COM-02719,SEC-4817,user0029,2026-03-09,Le problème semble corrigé.
COM-02720,ERP-1725,user0041,2026-05-24,Le client demande une modification.
COM-02721,ERP-695,user0012,2025-10-01,Besoin de plus d'informations.
COM-02722,BANK-428,user0034,2026-05-21,Correction proposée dans la prochaine version.
COM-02723,ERP-2397,user0023,2026-04-09,Besoin de plus d'informations.
COM-02724,CLOUD-1737,user0001,2025-12-11,Besoin de plus d'informations.
COM-02725,BI-848,user0007,2026-01-27,Le développement avance correctement.
COM-02726,MOB-1286,user0021,2025-09-23,Le problème est reproduit en environnement de test.
COM-02727,PORTAL-4903,user0025,2026-08-24,La fonctionnalité est prête pour les tests.
COM-02728,MOB-3685,user0043,2025-11-17,Correction proposée dans la prochaine version.
COM-02729,CLOUD-4600,user0029,2026-04-25,Correction proposée dans la prochaine version.
COM-02730,BANK-1601,user0020,2026-09-02,Il faut vérifier ce comportement.
COM-02731,BI-3679,user0048,2025-10-22,Le problème est reproduit en environnement de test.
COM-02732,ERP-75,user0023,2025-12-23,Le développement avance correctement.
COM-02733,ERP-2087,user0047,2026-01-06,Attention au délai prévu.
COM-02734,BI-2985,user0029,2026-01-10,Le problème semble corrigé.
COM-02735,ECOM-2239,user0025,2026-04-06,Attention au délai prévu.
COM-02736,CRM-3101,user0010,2026-03-03,Besoin de plus d'informations.
COM-02737,SEC-844,user0014,2026-04-29,Il faut vérifier ce comportement.
COM-02738,MOB-1111,user0045,2026-04-09,Le client demande une modification.
COM-02739,BI-389,user0007,2025-11-28,Correction proposée dans la prochaine version.
COM-02740,BI-1498,user0026,2026-03-16,La fonctionnalité est prête pour les tests.
COM-02741,CRM-2010,user0029,2025-11-28,Correction proposée dans la prochaine version.
COM-02742,ERP-1853,user0037,2026-07-28,Besoin de plus d'informations.
COM-02743,BI-4377,user0024,2025-10-11,Le développement avance correctement.
COM-02744,BI-2033,user0029,2026-08-30,La fonctionnalité est prête pour les tests.
COM-02745,PORTAL-1480,user0016,2026-08-05,Correction proposée dans la prochaine version.
COM-02746,MOB-2864,user0024,2026-01-07,Le client demande une modification.
COM-02747,BANK-4998,user0043,2026-06-12,Le problème est reproduit en environnement de test.
COM-02748,CLOUD-341,user0033,2026-01-31,Attention au délai prévu.
COM-02749,BI-3799,user0046,2025-12-21,La fonctionnalité est prête pour les tests.
COM-02750,MOB-286,user0008,2026-03-28,Tests complémentaires nécessaires.
COM-02751,ERP-1955,user0013,2026-01-22,Le client demande une modification.
COM-02752,CRM-2491,user0014,2026-02-10,Attention au délai prévu.
COM-02753,ECOM-3034,user0045,2026-07-27,Tests complémentaires nécessaires.
COM-02754,ECOM-913,user0049,2025-09-20,La fonctionnalité est prête pour les tests.
COM-02755,BI-1806,user0011,2026-08-24,Besoin de plus d'informations.
COM-02756,BANK-3452,user0014,2025-09-15,Tests complémentaires nécessaires.
COM-02757,BANK-2628,user0028,2026-05-07,Le problème semble corrigé.
COM-02758,CLOUD-2876,user0005,2026-07-30,Le client demande une modification.
COM-02759,DATA-1101,user0014,2026-06-15,Besoin de plus d'informations.
COM-02760,CLOUD-437,user0018,2026-01-29,Le problème semble corrigé.
COM-02761,CRM-2777,user0024,2025-12-10,Il faut vérifier ce comportement.
COM-02762,BANK-1561,user0007,2026-06-24,Correction proposée dans la prochaine version.
COM-02763,SEC-4336,user0017,2026-03-25,Correction proposée dans la prochaine version.
COM-02764,BI-3349,user0025,2026-05-19,Il faut vérifier ce comportement.
COM-02765,MOB-620,user0013,2025-12-20,La fonctionnalité est prête pour les tests.
COM-02766,CLOUD-4173,user0046,2025-10-21,Le problème semble corrigé.
COM-02767,SEC-4518,user0018,2025-09-28,La fonctionnalité est prête pour les tests.
COM-02768,ERP-4042,user0030,2026-01-26,La fonctionnalité est prête pour les tests.
COM-02769,ERP-205,user0011,2025-12-21,Tests complémentaires nécessaires.
COM-02770,MOB-3717,user0023,2026-02-14,Tests complémentaires nécessaires.
COM-02771,BANK-4465,user0049,2026-03-02,Tests complémentaires nécessaires.
COM-02772,BI-61,user0050,2026-05-22,Le développement avance correctement.
COM-02773,CLOUD-631,user0008,2026-05-10,Il faut vérifier ce comportement.
COM-02774,ECOM-4396,user0007,2025-12-11,Tests complémentaires nécessaires.
COM-02775,BANK-2742,user0002,2026-04-29,La fonctionnalité est prête pour les tests.
COM-02776,CLOUD-1402,user0035,2026-03-18,La fonctionnalité est prête pour les tests.
COM-02777,PORTAL-4579,user0038,2026-07-11,Correction proposée dans la prochaine version.
COM-02778,CLOUD-358,user0035,2026-08-21,Le problème est reproduit en environnement de test.
COM-02779,BANK-829,user0001,2026-01-12,Besoin de plus d'informations.
COM-02780,ECOM-4719,user0005,2025-11-12,Le développement avance correctement.
COM-02781,ERP-4146,user0031,2025-12-15,Besoin de plus d'informations.
COM-02782,SEC-4815,user0036,2026-08-12,Le développement avance correctement.
COM-02783,CRM-4592,user0032,2026-02-27,Le client demande une modification.
COM-02784,ERP-2757,user0027,2026-02-27,Correction proposée dans la prochaine version.
COM-02785,PORTAL-2252,user0031,2025-10-22,Correction proposée dans la prochaine version.
COM-02786,SEC-3646,user0011,2026-01-19,Le problème semble corrigé.
COM-02787,SEC-1963,user0004,2026-09-12,Le développement avance correctement.
COM-02788,ECOM-4696,user0014,2026-05-31,Le développement avance correctement.
COM-02789,SEC-3433,user0014,2025-11-03,Correction proposée dans la prochaine version.
COM-02790,MOB-4570,user0025,2025-09-23,Il faut vérifier ce comportement.
COM-02791,CLOUD-3516,user0004,2026-03-30,Le problème est reproduit en environnement de test.
COM-02792,SEC-1262,user0010,2025-10-03,Besoin de plus d'informations.
COM-02793,BI-2230,user0043,2026-03-10,Le problème est reproduit en environnement de test.
COM-02794,MOB-721,user0031,2026-09-07,Le problème semble corrigé.
COM-02795,DATA-1497,user0045,2025-12-14,Besoin de plus d'informations.
COM-02796,DATA-3618,user0005,2026-05-21,Le développement avance correctement.
COM-02797,PORTAL-2915,user0045,2026-08-26,Le développement avance correctement.
COM-02798,BANK-651,user0046,2026-08-16,Le problème semble corrigé.
COM-02799,CLOUD-1891,user0011,2026-08-22,La fonctionnalité est prête pour les tests.
COM-02800,CLOUD-2590,user0006,2025-12-13,Le problème est reproduit en environnement de test.
COM-02801,MOB-667,user0014,2026-02-02,Le problème semble corrigé.
COM-02802,SEC-1766,user0004,2026-08-05,Le problème semble corrigé.
COM-02803,CRM-2038,user0015,2026-01-08,Tests complémentaires nécessaires.
COM-02804,ECOM-1591,user0014,2025-11-08,Le client demande une modification.
COM-02805,MOB-3539,user0010,2025-10-06,Le problème est reproduit en environnement de test.
COM-02806,PORTAL-3350,user0017,2025-10-29,Le problème est reproduit en environnement de test.
COM-02807,MOB-2073,user0001,2026-08-28,Le développement avance correctement.
COM-02808,BANK-864,user0031,2025-09-16,Le client demande une modification.
COM-02809,SEC-1387,user0024,2025-11-13,Tests complémentaires nécessaires.
COM-02810,CLOUD-817,user0019,2026-01-17,Le client demande une modification.
COM-02811,BANK-3935,user0016,2025-12-08,Le problème semble corrigé.
COM-02812,CRM-1643,user0050,2026-03-25,Correction proposée dans la prochaine version.
COM-02813,CLOUD-1741,user0026,2025-11-30,Besoin de plus d'informations.
COM-02814,DATA-329,user0029,2026-04-12,Attention au délai prévu.
COM-02815,ECOM-1329,user0047,2026-08-06,Le problème semble corrigé.
COM-02816,MOB-147,user0044,2026-04-21,Tests complémentaires nécessaires.
COM-02817,SEC-4752,user0023,2026-03-06,Attention au délai prévu.
COM-02818,BI-156,user0022,2026-05-18,Le problème est reproduit en environnement de test.
COM-02819,CRM-2533,user0041,2026-08-31,Le client demande une modification.
COM-02820,BANK-81,user0036,2026-08-02,Le client demande une modification.
COM-02821,CLOUD-4080,user0049,2025-11-04,Besoin de plus d'informations.
COM-02822,ERP-892,user0002,2026-08-03,Le développement avance correctement.
COM-02823,ERP-1176,user0029,2026-02-28,La fonctionnalité est prête pour les tests.
COM-02824,BANK-4058,user0036,2026-02-06,Tests complémentaires nécessaires.
COM-02825,BANK-4392,user0027,2026-07-22,Le problème semble corrigé.
COM-02826,BI-3946,user0044,2026-03-31,Besoin de plus d'informations.
COM-02827,DATA-4466,user0008,2026-02-26,Il faut vérifier ce comportement.
COM-02828,DATA-3554,user0018,2026-04-21,Tests complémentaires nécessaires.
COM-02829,SEC-407,user0009,2025-10-02,Le client demande une modification.
COM-02830,ERP-4439,user0013,2026-09-09,Le problème semble corrigé.
COM-02831,ECOM-4657,user0028,2025-11-20,Attention au délai prévu.
COM-02832,PORTAL-2723,user0013,2026-06-27,Attention au délai prévu.
COM-02833,MOB-3870,user0026,2025-10-13,Correction proposée dans la prochaine version.
COM-02834,SEC-407,user0029,2025-10-25,Le problème est reproduit en environnement de test.
COM-02835,MOB-4442,user0029,2025-12-09,Le problème est reproduit en environnement de test.
COM-02836,MOB-3814,user0049,2026-02-22,La fonctionnalité est prête pour les tests.
COM-02837,ERP-3727,user0041,2026-02-08,Correction proposée dans la prochaine version.
COM-02838,BANK-873,user0036,2026-05-07,Le problème est reproduit en environnement de test.
COM-02839,CLOUD-878,user0049,2026-09-01,Correction proposée dans la prochaine version.
COM-02840,SEC-609,user0015,2026-03-21,Correction proposée dans la prochaine version.
COM-02841,CLOUD-4576,user0025,2025-12-30,Le développement avance correctement.
COM-02842,BI-3680,user0037,2026-01-18,Le problème est reproduit en environnement de test.
COM-02843,BI-3998,user0019,2026-03-31,Attention au délai prévu.
COM-02844,MOB-1130,user0011,2026-04-06,Le problème est reproduit en environnement de test.
COM-02845,DATA-1109,user0021,2026-02-09,Le client demande une modification.
COM-02846,MOB-2469,user0025,2026-08-03,Correction proposée dans la prochaine version.
COM-02847,PORTAL-3299,user0043,2026-05-05,Correction proposée dans la prochaine version.
COM-02848,CLOUD-1114,user0025,2025-12-14,Attention au délai prévu.
COM-02849,ECOM-4631,user0007,2026-01-01,Tests complémentaires nécessaires.
COM-02850,ERP-3952,user0025,2026-02-03,Tests complémentaires nécessaires.
COM-02851,BI-3221,user0013,2025-10-23,Correction proposée dans la prochaine version.
COM-02852,MOB-28,user0012,2026-07-22,Le client demande une modification.
COM-02853,BANK-755,user0021,2026-04-22,Tests complémentaires nécessaires.
COM-02854,SEC-4594,user0017,2026-05-04,Le client demande une modification.
COM-02855,CRM-4827,user0028,2025-09-21,Besoin de plus d'informations.
COM-02856,SEC-4816,user0017,2026-01-19,Le problème semble corrigé.
COM-02857,ECOM-2551,user0029,2026-09-11,Il faut vérifier ce comportement.
COM-02858,CLOUD-3293,user0032,2026-09-07,La fonctionnalité est prête pour les tests.
COM-02859,SEC-3173,user0037,2026-07-20,Le client demande une modification.
COM-02860,ERP-4181,user0024,2025-11-08,Attention au délai prévu.
COM-02861,BI-2509,user0042,2026-05-13,Le problème semble corrigé.
COM-02862,BI-2048,user0047,2025-10-13,Le développement avance correctement.
COM-02863,PORTAL-4867,user0033,2025-09-18,Le problème semble corrigé.
COM-02864,CRM-4916,user0049,2026-06-26,Le développement avance correctement.
COM-02865,ECOM-4508,user0006,2025-12-30,La fonctionnalité est prête pour les tests.
COM-02866,BANK-2615,user0004,2026-08-30,Attention au délai prévu.
COM-02867,ERP-2405,user0004,2026-04-29,Correction proposée dans la prochaine version.
COM-02868,DATA-1764,user0043,2025-11-23,La fonctionnalité est prête pour les tests.
COM-02869,SEC-3143,user0044,2026-02-22,Le problème est reproduit en environnement de test.
COM-02870,BI-3504,user0050,2026-08-18,Le client demande une modification.
COM-02871,BANK-390,user0035,2026-03-22,La fonctionnalité est prête pour les tests.
COM-02872,ECOM-4665,user0022,2025-11-18,La fonctionnalité est prête pour les tests.
COM-02873,PORTAL-742,user0020,2025-12-26,Tests complémentaires nécessaires.
COM-02874,ECOM-3003,user0030,2025-10-06,Le problème est reproduit en environnement de test.
COM-02875,DATA-1302,user0036,2026-03-02,Il faut vérifier ce comportement.
COM-02876,BANK-3102,user0003,2026-01-26,La fonctionnalité est prête pour les tests.
COM-02877,ERP-3437,user0003,2025-10-28,La fonctionnalité est prête pour les tests.
COM-02878,BI-1143,user0025,2025-10-13,Besoin de plus d'informations.
COM-02879,SEC-652,user0027,2026-03-02,Tests complémentaires nécessaires.
COM-02880,ERP-3775,user0030,2026-05-30,Le problème semble corrigé.
COM-02881,PORTAL-580,user0039,2026-08-27,Besoin de plus d'informations.
COM-02882,DATA-3196,user0030,2026-02-13,Correction proposée dans la prochaine version.
COM-02883,BANK-998,user0020,2026-06-22,Le problème semble corrigé.
COM-02884,ERP-759,user0010,2025-10-11,Le client demande une modification.
COM-02885,PORTAL-4008,user0038,2026-08-13,La fonctionnalité est prête pour les tests.
COM-02886,CRM-3490,user0003,2025-10-10,La fonctionnalité est prête pour les tests.
COM-02887,MOB-147,user0045,2026-02-14,Le problème est reproduit en environnement de test.
COM-02888,BANK-380,user0026,2026-04-30,La fonctionnalité est prête pour les tests.
COM-02889,BI-518,user0021,2026-01-31,Besoin de plus d'informations.
COM-02890,BI-1143,user0002,2026-07-17,Le problème est reproduit en environnement de test.
COM-02891,DATA-2061,user0042,2026-05-07,Il faut vérifier ce comportement.
COM-02892,BI-224,user0023,2026-05-25,Correction proposée dans la prochaine version.
COM-02893,ERP-3094,user0010,2026-07-19,Attention au délai prévu.
COM-02894,MOB-1664,user0038,2026-04-28,Attention au délai prévu.
COM-02895,SEC-2034,user0036,2025-09-18,La fonctionnalité est prête pour les tests.
COM-02896,ECOM-3525,user0039,2026-05-02,Le développement avance correctement.
COM-02897,MOB-2970,user0042,2026-02-05,Correction proposée dans la prochaine version.
COM-02898,ERP-3094,user0010,2025-10-20,La fonctionnalité est prête pour les tests.
COM-02899,PORTAL-3387,user0044,2026-06-15,Attention au délai prévu.
COM-02900,BANK-3030,user0019,2026-02-25,Le problème semble corrigé.
COM-02901,BANK-864,user0038,2026-03-20,Le développement avance correctement.
COM-02902,BANK-894,user0042,2025-12-09,Il faut vérifier ce comportement.
COM-02903,DATA-3923,user0004,2026-06-21,Besoin de plus d'informations.
COM-02904,CRM-4357,user0009,2026-08-31,Il faut vérifier ce comportement.
COM-02905,CLOUD-877,user0031,2025-11-30,Attention au délai prévu.
COM-02906,ECOM-2240,user0016,2025-11-05,Tests complémentaires nécessaires.
COM-02907,CRM-4860,user0028,2026-03-07,Le développement avance correctement.
COM-02908,ERP-3245,user0030,2025-12-04,La fonctionnalité est prête pour les tests.
COM-02909,SEC-1142,user0017,2026-06-27,Besoin de plus d'informations.
COM-02910,ERP-2962,user0002,2026-07-09,Besoin de plus d'informations.
COM-02911,PORTAL-575,user0012,2025-09-28,Tests complémentaires nécessaires.
COM-02912,PORTAL-3654,user0043,2026-06-20,Le problème est reproduit en environnement de test.
COM-02913,ERP-2902,user0035,2026-04-17,Le problème semble corrigé.
COM-02914,PORTAL-3901,user0007,2026-07-01,Correction proposée dans la prochaine version.
COM-02915,CLOUD-1119,user0042,2025-10-14,Le problème est reproduit en environnement de test.
COM-02916,CRM-4210,user0031,2025-12-10,La fonctionnalité est prête pour les tests.
COM-02917,ERP-2050,user0010,2026-07-07,Le problème semble corrigé.
COM-02918,PORTAL-4753,user0002,2026-02-28,Le développement avance correctement.
COM-02919,CLOUD-3038,user0026,2025-11-11,Besoin de plus d'informations.
COM-02920,PORTAL-2482,user0005,2026-09-08,Le problème semble corrigé.
COM-02921,BI-1170,user0042,2026-07-26,Tests complémentaires nécessaires.
COM-02922,ERP-2452,user0043,2026-08-25,Correction proposée dans la prochaine version.
COM-02923,SEC-321,user0021,2026-03-03,Le développement avance correctement.
COM-02924,CRM-2282,user0018,2026-06-21,Le problème semble corrigé.
COM-02925,BI-1669,user0037,2026-04-04,Il faut vérifier ce comportement.
COM-02926,ECOM-3860,user0013,2025-11-22,Le développement avance correctement.
COM-02927,ECOM-180,user0036,2026-04-25,Attention au délai prévu.
COM-02928,PORTAL-2653,user0044,2026-08-31,Besoin de plus d'informations.
COM-02929,PORTAL-4475,user0030,2025-12-19,Tests complémentaires nécessaires.
COM-02930,MOB-4031,user0004,2026-02-21,Le client demande une modification.
COM-02931,ECOM-793,user0049,2025-12-06,La fonctionnalité est prête pour les tests.
COM-02932,ECOM-3880,user0017,2026-08-11,Le problème est reproduit en environnement de test.
COM-02933,ECOM-4719,user0017,2025-10-25,Correction proposée dans la prochaine version.
COM-02934,SEC-1211,user0005,2025-09-24,La fonctionnalité est prête pour les tests.
COM-02935,CLOUD-4973,user0027,2026-06-08,Attention au délai prévu.
COM-02936,ECOM-4400,user0010,2026-04-15,Tests complémentaires nécessaires.
COM-02937,DATA-1497,user0049,2026-03-29,Besoin de plus d'informations.
COM-02938,ERP-1736,user0004,2026-05-07,Besoin de plus d'informations.
COM-02939,CRM-2042,user0048,2026-06-22,Tests complémentaires nécessaires.
COM-02940,SEC-1963,user0029,2025-10-23,Le développement avance correctement.
COM-02941,BI-3966,user0014,2026-05-24,Le client demande une modification.
COM-02942,SEC-4584,user0021,2026-07-12,Attention au délai prévu.
COM-02943,SEC-3953,user0022,2026-07-11,Le problème semble corrigé.
COM-02944,ECOM-2520,user0042,2026-01-11,Tests complémentaires nécessaires.
COM-02945,SEC-4868,user0001,2026-06-18,Le développement avance correctement.
COM-02946,SEC-4845,user0031,2025-11-28,Le client demande une modification.
COM-02947,BANK-4842,user0038,2026-08-08,Correction proposée dans la prochaine version.
COM-02948,CLOUD-3615,user0023,2026-04-11,Besoin de plus d'informations.
COM-02949,BI-4630,user0010,2026-01-23,Besoin de plus d'informations.
COM-02950,CLOUD-470,user0046,2026-04-02,Le problème semble corrigé.
COM-02951,SEC-3063,user0024,2026-07-19,Correction proposée dans la prochaine version.
COM-02952,CLOUD-621,user0025,2026-08-17,Attention au délai prévu.
COM-02953,ERP-2852,user0004,2026-01-20,Le client demande une modification.
COM-02954,CRM-1878,user0020,2026-03-19,Le client demande une modification.
COM-02955,SEC-4419,user0019,2025-11-20,Attention au délai prévu.
COM-02956,MOB-3571,user0047,2026-05-27,Il faut vérifier ce comportement.
COM-02957,MOB-880,user0029,2026-04-26,Besoin de plus d'informations.
COM-02958,PORTAL-731,user0027,2026-03-12,Le problème est reproduit en environnement de test.
COM-02959,PORTAL-1940,user0004,2026-02-13,Le problème est reproduit en environnement de test.
COM-02960,BI-2303,user0033,2025-10-09,Le problème est reproduit en environnement de test.
COM-02961,DATA-4692,user0033,2026-04-18,Il faut vérifier ce comportement.
COM-02962,ERP-1736,user0045,2026-01-08,Le problème est reproduit en environnement de test.
COM-02963,CRM-362,user0009,2026-01-23,Besoin de plus d'informations.
COM-02964,MOB-1204,user0047,2026-06-17,La fonctionnalité est prête pour les tests.
COM-02965,MOB-3934,user0022,2026-08-11,Le problème est reproduit en environnement de test.
COM-02966,CRM-1486,user0027,2026-08-08,Le problème est reproduit en environnement de test.
COM-02967,BI-2562,user0021,2025-12-17,Le client demande une modification.
COM-02968,SEC-4352,user0015,2025-12-13,Il faut vérifier ce comportement.
COM-02969,CRM-2594,user0012,2025-10-17,Le problème est reproduit en environnement de test.
COM-02970,BANK-4664,user0014,2026-05-11,Le développement avance correctement.
COM-02971,BANK-903,user0007,2026-02-04,Besoin de plus d'informations.
COM-02972,MOB-4913,user0025,2026-06-11,Le problème semble corrigé.
COM-02973,CLOUD-2965,user0007,2025-12-13,Le client demande une modification.
COM-02974,MOB-2862,user0004,2026-07-04,Le problème semble corrigé.
COM-02975,SEC-2928,user0017,2025-12-10,Tests complémentaires nécessaires.
COM-02976,BI-638,user0009,2026-07-21,Le client demande une modification.
COM-02977,CRM-4487,user0028,2026-07-17,Attention au délai prévu.
COM-02978,CLOUD-4591,user0004,2025-10-26,Le développement avance correctement.
COM-02979,SEC-895,user0022,2026-06-30,Attention au délai prévu.
COM-02980,PORTAL-1938,user0008,2026-09-06,Le client demande une modification.
COM-02981,ERP-1736,user0030,2026-05-21,Besoin de plus d'informations.
COM-02982,SEC-151,user0043,2025-11-25,Il faut vérifier ce comportement.
COM-02983,BI-2517,user0014,2026-01-12,Le problème semble corrigé.
COM-02984,ECOM-4856,user0011,2026-01-13,Le développement avance correctement.
COM-02985,PORTAL-2482,user0019,2026-01-06,Attention au délai prévu.
COM-02986,BI-1663,user0021,2026-08-11,Le problème semble corrigé.
COM-02987,CLOUD-2730,user0009,2025-10-16,Il faut vérifier ce comportement.
COM-02988,MOB-736,user0004,2026-05-21,Il faut vérifier ce comportement.
COM-02989,BI-4049,user0039,2026-07-11,Tests complémentaires nécessaires.
COM-02990,CRM-1377,user0004,2026-02-03,Besoin de plus d'informations.
COM-02991,PORTAL-3922,user0003,2026-08-25,La fonctionnalité est prête pour les tests.
COM-02992,MOB-4006,user0031,2026-08-02,Le problème est reproduit en environnement de test.
COM-02993,BANK-3845,user0024,2025-11-22,Correction proposée dans la prochaine version.
COM-02994,SEC-1797,user0014,2026-03-09,La fonctionnalité est prête pour les tests.
COM-02995,CLOUD-3440,user0024,2026-08-09,Besoin de plus d'informations.
COM-02996,CLOUD-1599,user0010,2026-04-06,Tests complémentaires nécessaires.
COM-02997,CLOUD-2502,user0025,2026-06-25,Le développement avance correctement.
COM-02998,DATA-996,user0010,2025-09-23,Le problème semble corrigé.
COM-02999,BANK-4384,user0045,2026-05-05,Le client demande une modification.
COM-03000,PORTAL-2802,user0012,2026-01-15,Tests complémentaires nécessaires.
COM-03001,CLOUD-3194,user0045,2025-10-05,Tests complémentaires nécessaires.
COM-03002,CLOUD-1893,user0015,2026-05-09,Le problème semble corrigé.
COM-03003,PORTAL-2149,user0032,2026-05-16,Le problème est reproduit en environnement de test.
COM-03004,CRM-3496,user0038,2026-05-27,Besoin de plus d'informations.
COM-03005,CLOUD-405,user0031,2026-04-13,Le problème est reproduit en environnement de test.
COM-03006,BANK-3757,user0040,2025-09-15,Le développement avance correctement.
COM-03007,SEC-4473,user0032,2025-10-20,Correction proposée dans la prochaine version.
COM-03008,ERP-1681,user0042,2026-03-10,Correction proposée dans la prochaine version.
COM-03009,BANK-4379,user0041,2025-11-15,Il faut vérifier ce comportement.
COM-03010,PORTAL-3081,user0039,2025-09-17,Besoin de plus d'informations.
COM-03011,PORTAL-2927,user0004,2025-11-07,Besoin de plus d'informations.
COM-03012,ERP-4596,user0015,2026-05-31,Le problème semble corrigé.
COM-03013,DATA-4315,user0027,2026-04-01,La fonctionnalité est prête pour les tests.
COM-03014,CLOUD-2850,user0036,2026-04-19,Tests complémentaires nécessaires.
COM-03015,SEC-940,user0041,2026-06-17,Correction proposée dans la prochaine version.
COM-03016,BI-2687,user0020,2025-12-05,Attention au délai prévu.
COM-03017,CLOUD-3306,user0042,2026-05-01,La fonctionnalité est prête pour les tests.
COM-03018,ERP-1209,user0009,2026-08-05,Le problème semble corrigé.
COM-03019,MOB-4650,user0030,2026-06-20,La fonctionnalité est prête pour les tests.
COM-03020,MOB-1836,user0046,2026-01-24,Correction proposée dans la prochaine version.
COM-03021,DATA-3312,user0036,2026-09-08,Le problème semble corrigé.
COM-03022,CRM-3476,user0004,2026-04-15,Il faut vérifier ce comportement.
COM-03023,BANK-385,user0011,2026-08-13,La fonctionnalité est prête pour les tests.
COM-03024,ERP-3262,user0044,2026-03-20,Tests complémentaires nécessaires.
COM-03025,CLOUD-4311,user0011,2026-01-05,Tests complémentaires nécessaires.
COM-03026,MOB-4819,user0048,2026-03-11,Besoin de plus d'informations.
COM-03027,ECOM-3470,user0048,2026-04-18,Tests complémentaires nécessaires.
COM-03028,SEC-4984,user0029,2026-06-30,Il faut vérifier ce comportement.
COM-03029,PORTAL-2321,user0028,2025-09-29,Le problème semble corrigé.
COM-03030,CLOUD-4704,user0035,2025-11-14,Tests complémentaires nécessaires.
COM-03031,DATA-3234,user0041,2026-02-12,Correction proposée dans la prochaine version.
COM-03032,MOB-1065,user0030,2026-07-07,Besoin de plus d'informations.
COM-03033,ECOM-2762,user0018,2026-05-14,Le développement avance correctement.
COM-03034,BI-2690,user0024,2026-07-06,La fonctionnalité est prête pour les tests.
COM-03035,SEC-328,user0035,2026-03-17,Correction proposée dans la prochaine version.
COM-03036,BANK-2146,user0036,2026-07-31,Le client demande une modification.
COM-03037,MOB-24,user0014,2025-12-30,Attention au délai prévu.
COM-03038,ECOM-1041,user0036,2026-05-04,Tests complémentaires nécessaires.
COM-03039,PORTAL-2664,user0021,2025-11-13,Le client demande une modification.
COM-03040,ECOM-2546,user0017,2026-02-21,Besoin de plus d'informations.
COM-03041,DATA-4635,user0009,2026-05-22,Le problème semble corrigé.
COM-03042,CLOUD-4902,user0031,2026-05-25,Le développement avance correctement.
COM-03043,BI-4731,user0011,2026-07-25,Attention au délai prévu.
COM-03044,BANK-4278,user0037,2026-04-30,Le problème semble corrigé.
COM-03045,CLOUD-1022,user0010,2026-06-20,Il faut vérifier ce comportement.
COM-03046,ECOM-822,user0046,2026-07-11,Le problème semble corrigé.
COM-03047,BI-2598,user0036,2025-09-21,Le problème semble corrigé.
COM-03048,MOB-2731,user0015,2026-07-15,Correction proposée dans la prochaine version.
COM-03049,SEC-4932,user0041,2026-07-21,Le problème est reproduit en environnement de test.
COM-03050,SEC-4866,user0024,2026-08-04,Besoin de plus d'informations.
COM-03051,PORTAL-4433,user0048,2026-03-21,Attention au délai prévu.
COM-03052,PORTAL-2841,user0002,2025-11-22,Tests complémentaires nécessaires.
COM-03053,CLOUD-2827,user0043,2026-05-21,Le problème est reproduit en environnement de test.
COM-03054,DATA-2616,user0026,2026-05-24,Correction proposée dans la prochaine version.
COM-03055,BANK-493,user0034,2026-07-07,Le développement avance correctement.
COM-03056,CLOUD-405,user0003,2026-01-21,Le développement avance correctement.
COM-03057,BI-1951,user0045,2026-04-11,Le problème semble corrigé.
COM-03058,PORTAL-900,user0002,2026-02-03,Besoin de plus d'informations.
COM-03059,CRM-2236,user0008,2025-12-17,Le problème est reproduit en environnement de test.
COM-03060,CRM-3552,user0042,2026-04-10,Le développement avance correctement.
COM-03061,ERP-75,user0040,2026-03-07,Il faut vérifier ce comportement.
COM-03062,MOB-436,user0015,2026-08-02,Il faut vérifier ce comportement.
COM-03063,CRM-1137,user0034,2026-03-21,Le développement avance correctement.
COM-03064,PORTAL-3656,user0043,2026-05-11,Le problème est reproduit en environnement de test.
COM-03065,CRM-4869,user0046,2026-05-12,Tests complémentaires nécessaires.
COM-03066,CLOUD-2487,user0042,2026-08-15,Le client demande une modification.
COM-03067,DATA-3700,user0017,2026-08-15,Attention au délai prévu.
COM-03068,BANK-1323,user0012,2026-02-08,Attention au délai prévu.
COM-03069,MOB-3169,user0019,2026-04-02,Le développement avance correctement.
COM-03070,DATA-4083,user0025,2026-05-05,Correction proposée dans la prochaine version.
COM-03071,BANK-4465,user0025,2026-06-17,Correction proposée dans la prochaine version.
COM-03072,SEC-717,user0033,2026-08-03,Attention au délai prévu.
COM-03073,CRM-1864,user0017,2026-06-07,La fonctionnalité est prête pour les tests.
COM-03074,BI-2984,user0021,2025-12-02,Le client demande une modification.
COM-03075,MOB-3863,user0001,2026-05-11,Attention au délai prévu.
COM-03076,BANK-287,user0041,2026-06-19,Besoin de plus d'informations.
COM-03077,ERP-4098,user0004,2026-01-19,La fonctionnalité est prête pour les tests.
COM-03078,BI-2547,user0001,2025-12-07,Besoin de plus d'informations.
COM-03079,DATA-924,user0011,2026-05-27,Tests complémentaires nécessaires.
COM-03080,ECOM-4283,user0040,2026-05-02,Tests complémentaires nécessaires.
COM-03081,CRM-3989,user0037,2026-07-14,Le développement avance correctement.
COM-03082,ERP-896,user0006,2026-02-27,Besoin de plus d'informations.
COM-03083,MOB-3493,user0010,2026-02-02,Il faut vérifier ce comportement.
COM-03084,DATA-2749,user0033,2026-05-30,Le problème semble corrigé.
COM-03085,CRM-3843,user0015,2025-12-17,Il faut vérifier ce comportement.
COM-03086,DATA-2262,user0021,2025-09-26,Le développement avance correctement.
COM-03087,ECOM-1897,user0048,2026-07-05,Correction proposée dans la prochaine version.
COM-03088,ERP-896,user0024,2025-10-16,Le problème est reproduit en environnement de test.
COM-03089,DATA-1727,user0024,2026-08-20,Le problème est reproduit en environnement de test.
COM-03090,DATA-2654,user0013,2025-09-22,Le problème est reproduit en environnement de test.
COM-03091,PORTAL-1213,user0003,2026-07-05,Le problème semble corrigé.
COM-03092,BANK-749,user0012,2025-12-02,Besoin de plus d'informations.
COM-03093,ERP-2556,user0039,2026-02-18,Tests complémentaires nécessaires.
COM-03094,CLOUD-1976,user0039,2026-03-07,Il faut vérifier ce comportement.
COM-03095,CRM-4921,user0004,2025-12-18,Le développement avance correctement.
COM-03096,ECOM-793,user0006,2026-08-18,Le problème est reproduit en environnement de test.
COM-03097,SEC-4199,user0018,2026-04-09,Le développement avance correctement.
COM-03098,PORTAL-807,user0047,2026-05-08,Besoin de plus d'informations.
COM-03099,SEC-1150,user0015,2026-06-08,Le client demande une modification.
COM-03100,DATA-2134,user0026,2026-04-15,Besoin de plus d'informations.
COM-03101,CLOUD-3988,user0041,2025-12-21,Tests complémentaires nécessaires.
COM-03102,CRM-2993,user0011,2026-08-08,Attention au délai prévu.
COM-03103,DATA-4504,user0049,2025-10-22,Tests complémentaires nécessaires.
COM-03104,CRM-353,user0035,2025-10-01,Le problème est reproduit en environnement de test.
COM-03105,CLOUD-3306,user0033,2026-05-12,Il faut vérifier ce comportement.
COM-03106,CRM-2603,user0017,2026-09-07,Le problème est reproduit en environnement de test.
COM-03107,PORTAL-1945,user0035,2026-07-03,Le problème est reproduit en environnement de test.
COM-03108,CLOUD-4771,user0006,2026-08-03,Tests complémentaires nécessaires.
COM-03109,CRM-3413,user0039,2026-07-17,Le problème semble corrigé.
COM-03110,CLOUD-4490,user0003,2025-11-28,Le client demande une modification.
COM-03111,DATA-4735,user0045,2025-12-05,Il faut vérifier ce comportement.
COM-03112,SEC-4881,user0036,2025-09-16,Il faut vérifier ce comportement.
COM-03113,DATA-3963,user0001,2025-10-23,Le développement avance correctement.
COM-03114,MOB-956,user0024,2025-11-22,Tests complémentaires nécessaires.
COM-03115,ECOM-936,user0037,2025-12-24,Besoin de plus d'informations.
COM-03116,MOB-3669,user0001,2026-06-27,Besoin de plus d'informations.
COM-03117,SEC-2444,user0048,2026-08-31,Le client demande une modification.
COM-03118,MOB-1836,user0041,2026-09-03,Le client demande une modification.
COM-03119,ERP-3876,user0041,2025-11-23,Le problème semble corrigé.
COM-03120,PORTAL-1167,user0006,2025-12-07,Besoin de plus d'informations.
COM-03121,SEC-1772,user0036,2026-08-28,Tests complémentaires nécessaires.
COM-03122,CRM-945,user0019,2026-08-29,La fonctionnalité est prête pour les tests.
COM-03123,CLOUD-2999,user0001,2026-01-14,La fonctionnalité est prête pour les tests.
COM-03124,ERP-3366,user0042,2026-02-09,Le client demande une modification.
COM-03125,BANK-1311,user0002,2026-08-27,Le problème est reproduit en environnement de test.
COM-03126,ERP-2292,user0018,2025-09-22,Attention au délai prévu.
COM-03127,BI-2496,user0049,2026-08-03,Le problème est reproduit en environnement de test.
COM-03128,CLOUD-4285,user0048,2026-08-02,La fonctionnalité est prête pour les tests.
COM-03129,PORTAL-4757,user0024,2025-10-27,Le problème est reproduit en environnement de test.
COM-03130,SEC-2785,user0011,2025-11-20,Tests complémentaires nécessaires.
COM-03131,CLOUD-1528,user0050,2026-05-19,Le client demande une modification.
COM-03132,MOB-1120,user0045,2026-06-28,Le développement avance correctement.
COM-03133,DATA-4635,user0001,2026-02-03,Le client demande une modification.
COM-03134,BI-1256,user0043,2026-06-23,La fonctionnalité est prête pour les tests.
COM-03135,ERP-4359,user0046,2026-07-30,Le client demande une modification.
COM-03136,CLOUD-1909,user0012,2026-02-04,Tests complémentaires nécessaires.
COM-03137,CRM-4674,user0006,2025-12-16,Correction proposée dans la prochaine version.
COM-03138,PORTAL-3920,user0036,2026-02-06,Le développement avance correctement.
COM-03139,MOB-3930,user0032,2025-11-10,Le problème est reproduit en environnement de test.
COM-03140,MOB-1276,user0018,2026-09-05,Le client demande une modification.
COM-03141,ERP-896,user0018,2026-05-25,Attention au délai prévu.
COM-03142,BANK-1815,user0013,2026-03-08,Le problème est reproduit en environnement de test.
COM-03143,ECOM-3802,user0034,2026-05-07,Le problème semble corrigé.
COM-03144,MOB-2320,user0021,2026-01-02,Tests complémentaires nécessaires.
COM-03145,MOB-1795,user0002,2025-10-03,La fonctionnalité est prête pour les tests.
COM-03146,BI-68,user0028,2026-01-09,Tests complémentaires nécessaires.
COM-03147,MOB-4819,user0036,2026-05-18,Besoin de plus d'informations.
COM-03148,MOB-3067,user0034,2026-08-01,La fonctionnalité est prête pour les tests.
COM-03149,SEC-1233,user0023,2026-06-22,Besoin de plus d'informations.
COM-03150,CRM-1371,user0018,2026-06-07,Tests complémentaires nécessaires.
COM-03151,PORTAL-1274,user0050,2026-03-17,La fonctionnalité est prête pour les tests.
COM-03152,BI-4630,user0033,2026-06-18,Besoin de plus d'informations.
COM-03153,CRM-3422,user0017,2025-12-31,Le développement avance correctement.
COM-03154,CLOUD-354,user0049,2026-08-13,Attention au délai prévu.
COM-03155,ECOM-4695,user0028,2026-02-15,Le client demande une modification.
COM-03156,CLOUD-3575,user0040,2025-09-22,Le développement avance correctement.
COM-03157,MOB-932,user0027,2026-03-27,Le client demande une modification.
COM-03158,PORTAL-2261,user0043,2026-02-23,Le problème est reproduit en environnement de test.
COM-03159,CLOUD-1923,user0047,2025-10-28,Besoin de plus d'informations.
COM-03160,SEC-80,user0006,2026-05-15,Le client demande une modification.
COM-03161,DATA-570,user0022,2026-06-10,La fonctionnalité est prête pour les tests.
COM-03162,BI-540,user0048,2026-02-03,Le développement avance correctement.
COM-03163,CLOUD-2850,user0050,2025-10-26,Il faut vérifier ce comportement.
COM-03164,ECOM-3613,user0032,2026-06-08,La fonctionnalité est prête pour les tests.
COM-03165,PORTAL-3850,user0033,2026-03-13,Attention au délai prévu.
COM-03166,CRM-681,user0042,2026-02-04,Le problème est reproduit en environnement de test.
COM-03167,PORTAL-1947,user0024,2026-04-23,Le problème semble corrigé.
COM-03168,ECOM-3705,user0025,2026-09-10,Attention au délai prévu.
COM-03169,BANK-1304,user0026,2026-02-21,Tests complémentaires nécessaires.
COM-03170,BANK-410,user0038,2026-01-03,Il faut vérifier ce comportement.
COM-03171,ERP-688,user0040,2025-10-06,Attention au délai prévu.
COM-03172,BI-1970,user0050,2026-05-27,Le problème est reproduit en environnement de test.
COM-03173,CLOUD-1912,user0025,2026-03-19,Le problème est reproduit en environnement de test.
COM-03174,SEC-3061,user0013,2026-06-12,Besoin de plus d'informations.
COM-03175,SEC-4296,user0028,2026-03-24,Correction proposée dans la prochaine version.
COM-03176,BI-302,user0029,2025-10-08,Le développement avance correctement.
COM-03177,DATA-983,user0041,2026-08-03,Correction proposée dans la prochaine version.
COM-03178,PORTAL-1016,user0044,2025-12-05,Attention au délai prévu.
COM-03179,CLOUD-4566,user0036,2026-08-15,Tests complémentaires nécessaires.
COM-03180,PORTAL-3654,user0034,2026-04-01,Le développement avance correctement.
COM-03181,PORTAL-2007,user0016,2025-10-18,Le problème est reproduit en environnement de test.
COM-03182,MOB-1892,user0007,2025-10-06,Attention au délai prévu.
COM-03183,BANK-2506,user0037,2025-09-28,La fonctionnalité est prête pour les tests.
COM-03184,MOB-4375,user0026,2026-07-19,Le client demande une modification.
COM-03185,CLOUD-4704,user0005,2026-07-07,Besoin de plus d'informations.
COM-03186,SEC-301,user0021,2026-02-11,Le problème semble corrigé.
COM-03187,BI-124,user0014,2026-06-23,Le développement avance correctement.
COM-03188,MOB-3957,user0007,2026-07-29,Le client demande une modification.
COM-03189,PORTAL-3425,user0003,2026-07-13,Il faut vérifier ce comportement.
COM-03190,BI-298,user0040,2026-08-03,Tests complémentaires nécessaires.
COM-03191,BANK-2848,user0033,2025-12-27,Besoin de plus d'informations.
COM-03192,SEC-1376,user0018,2026-05-20,Le client demande une modification.
COM-03193,DATA-517,user0050,2026-07-16,Il faut vérifier ce comportement.
COM-03194,BANK-651,user0049,2026-08-19,Correction proposée dans la prochaine version.
COM-03195,DATA-4692,user0031,2026-06-15,Correction proposée dans la prochaine version.
COM-03196,CLOUD-92,user0014,2025-11-08,Il faut vérifier ce comportement.
COM-03197,ECOM-511,user0024,2026-05-14,Il faut vérifier ce comportement.
COM-03198,ECOM-4725,user0025,2026-04-03,Le problème semble corrigé.
COM-03199,DATA-687,user0050,2025-09-27,Le client demande une modification.
COM-03200,ECOM-3518,user0049,2025-11-13,Tests complémentaires nécessaires.
COM-03201,SEC-934,user0001,2026-05-29,Besoin de plus d'informations.
COM-03202,CLOUD-3140,user0017,2026-02-20,Correction proposée dans la prochaine version.
COM-03203,MOB-1212,user0026,2026-06-11,Correction proposée dans la prochaine version.
COM-03204,BANK-863,user0019,2025-12-25,Le problème est reproduit en environnement de test.
COM-03205,PORTAL-2143,user0015,2025-11-15,Le problème semble corrigé.
COM-03206,BI-1170,user0041,2025-10-07,Le problème est reproduit en environnement de test.
COM-03207,DATA-2112,user0046,2026-04-03,Le client demande une modification.
COM-03208,CRM-1536,user0037,2026-02-27,La fonctionnalité est prête pour les tests.
COM-03209,CRM-862,user0024,2026-07-06,Correction proposée dans la prochaine version.
COM-03210,DATA-4476,user0020,2026-02-08,Il faut vérifier ce comportement.
COM-03211,CRM-343,user0050,2026-05-18,Le problème est reproduit en environnement de test.
COM-03212,CRM-2554,user0002,2026-06-04,Tests complémentaires nécessaires.
COM-03213,CLOUD-3941,user0021,2026-08-04,Le problème est reproduit en environnement de test.
COM-03214,BI-3236,user0002,2026-04-15,Attention au délai prévu.
COM-03215,PORTAL-3367,user0024,2026-04-12,Le client demande une modification.
COM-03216,BI-1769,user0008,2025-11-01,Il faut vérifier ce comportement.
COM-03217,CLOUD-1827,user0041,2026-06-21,Le développement avance correctement.
COM-03218,ECOM-3360,user0016,2025-11-15,Besoin de plus d'informations.
COM-03219,CRM-3929,user0019,2026-09-09,Le développement avance correctement.
COM-03220,CRM-674,user0039,2025-11-06,Le client demande une modification.
COM-03221,BI-1414,user0011,2025-11-28,Le problème semble corrigé.
COM-03222,DATA-2934,user0009,2026-03-31,Le problème est reproduit en environnement de test.
COM-03223,BANK-304,user0020,2025-11-30,Correction proposée dans la prochaine version.
COM-03224,ERP-1914,user0046,2026-06-05,Le développement avance correctement.
COM-03225,ECOM-48,user0025,2026-01-13,Le problème est reproduit en environnement de test.
COM-03226,ECOM-1899,user0004,2026-03-01,La fonctionnalité est prête pour les tests.
COM-03227,ECOM-246,user0018,2025-12-31,Besoin de plus d'informations.
COM-03228,BANK-4444,user0009,2026-07-31,Besoin de plus d'informations.
COM-03229,SEC-4010,user0013,2026-04-17,Le client demande une modification.
COM-03230,CLOUD-2830,user0030,2026-06-06,Correction proposée dans la prochaine version.
COM-03231,ERP-2322,user0028,2026-07-28,La fonctionnalité est prête pour les tests.
COM-03232,ERP-1197,user0047,2026-05-14,Attention au délai prévu.
COM-03233,ERP-3939,user0048,2026-06-10,Le client demande une modification.
COM-03234,CLOUD-4904,user0036,2026-04-03,Le problème semble corrigé.
COM-03235,DATA-1987,user0022,2026-09-10,Il faut vérifier ce comportement.
COM-03236,CRM-4921,user0008,2026-01-09,Besoin de plus d'informations.
COM-03237,CLOUD-3623,user0016,2026-02-17,Besoin de plus d'informations.
COM-03238,BANK-3531,user0026,2026-03-22,Le développement avance correctement.
COM-03239,BI-3511,user0011,2026-02-12,La fonctionnalité est prête pour les tests.
COM-03240,CRM-4889,user0014,2026-04-25,Besoin de plus d'informations.
COM-03241,DATA-4027,user0011,2026-07-03,Le client demande une modification.
COM-03242,ECOM-2611,user0029,2026-09-01,Le client demande une modification.
COM-03243,CRM-2167,user0008,2026-02-08,La fonctionnalité est prête pour les tests.
COM-03244,SEC-1721,user0040,2025-11-10,Attention au délai prévu.
COM-03245,ERP-3245,user0003,2026-07-17,Le problème semble corrigé.
COM-03246,ECOM-3357,user0003,2026-01-27,Le client demande une modification.
COM-03247,ECOM-4183,user0039,2025-11-27,Tests complémentaires nécessaires.
COM-03248,BANK-2081,user0001,2026-05-01,Il faut vérifier ce comportement.
COM-03249,ECOM-4583,user0024,2026-04-27,Il faut vérifier ce comportement.
COM-03250,BANK-2408,user0050,2026-01-29,Tests complémentaires nécessaires.
COM-03251,BANK-3487,user0035,2026-06-04,Besoin de plus d'informations.
COM-03252,DATA-1594,user0026,2026-05-31,Le problème semble corrigé.
COM-03253,BANK-4968,user0019,2026-05-28,La fonctionnalité est prête pour les tests.
COM-03254,PORTAL-3130,user0006,2025-11-30,Le problème semble corrigé.
COM-03255,ECOM-4964,user0043,2026-06-19,Il faut vérifier ce comportement.
COM-03256,CLOUD-1923,user0019,2026-02-06,Tests complémentaires nécessaires.
COM-03257,ECOM-1620,user0046,2025-10-07,Il faut vérifier ce comportement.
COM-03258,DATA-3132,user0031,2026-05-27,La fonctionnalité est prête pour les tests.
COM-03259,PORTAL-2653,user0045,2026-06-23,Le développement avance correctement.
COM-03260,BANK-1707,user0050,2026-08-05,Il faut vérifier ce comportement.
COM-03261,SEC-7,user0040,2026-06-30,Correction proposée dans la prochaine version.
COM-03262,ERP-4337,user0050,2026-02-04,Le problème semble corrigé.
COM-03263,ECOM-4211,user0012,2026-09-07,Tests complémentaires nécessaires.
COM-03264,MOB-2980,user0025,2026-06-05,Correction proposée dans la prochaine version.
COM-03265,BI-3729,user0040,2026-08-26,Besoin de plus d'informations.
COM-03266,BANK-1867,user0048,2026-06-07,Attention au délai prévu.
COM-03267,ERP-3976,user0034,2025-12-05,Tests complémentaires nécessaires.
COM-03268,SEC-4257,user0036,2026-06-29,Le développement avance correctement.
COM-03269,DATA-792,user0038,2026-09-02,Attention au délai prévu.
COM-03270,BI-1339,user0012,2026-02-27,Correction proposée dans la prochaine version.
COM-03271,BI-780,user0017,2026-01-10,Le problème est reproduit en environnement de test.
COM-03272,SEC-844,user0007,2026-04-23,Le problème est reproduit en environnement de test.
COM-03273,ECOM-2708,user0016,2025-11-26,Le client demande une modification.
COM-03274,BI-85,user0018,2025-10-12,Le client demande une modification.
COM-03275,ECOM-2219,user0041,2026-07-24,Le client demande une modification.
COM-03276,DATA-4,user0030,2026-06-10,Le problème est reproduit en environnement de test.
COM-03277,ERP-728,user0005,2026-05-05,Il faut vérifier ce comportement.
COM-03278,SEC-1438,user0021,2026-07-07,Tests complémentaires nécessaires.
COM-03279,BI-3100,user0026,2025-10-22,Besoin de plus d'informations.
COM-03280,SEC-4703,user0050,2026-08-07,La fonctionnalité est prête pour les tests.
COM-03281,ERP-3366,user0007,2026-01-09,Il faut vérifier ce comportement.
COM-03282,SEC-1734,user0040,2026-03-10,Correction proposée dans la prochaine version.
COM-03283,BANK-2878,user0016,2025-09-25,Le développement avance correctement.
COM-03284,SEC-578,user0038,2026-03-09,Correction proposée dans la prochaine version.
COM-03285,MOB-3297,user0014,2025-11-30,Correction proposée dans la prochaine version.
COM-03286,ECOM-4746,user0022,2026-05-01,Tests complémentaires nécessaires.
COM-03287,BANK-3991,user0049,2026-08-27,La fonctionnalité est prête pour les tests.
COM-03288,DATA-3902,user0031,2026-05-12,Le problème semble corrigé.
COM-03289,MOB-4924,user0049,2026-08-20,Besoin de plus d'informations.
COM-03290,ECOM-4038,user0046,2026-04-04,Attention au délai prévu.
COM-03291,CLOUD-834,user0011,2026-05-05,Besoin de plus d'informations.
COM-03292,ECOM-3435,user0024,2026-04-08,Il faut vérifier ce comportement.
COM-03293,CLOUD-2103,user0045,2025-11-14,Tests complémentaires nécessaires.
COM-03294,BANK-1311,user0020,2026-08-24,Il faut vérifier ce comportement.
COM-03295,DATA-60,user0004,2026-06-13,Tests complémentaires nécessaires.
COM-03296,ECOM-3357,user0039,2026-03-14,Le développement avance correctement.
COM-03297,BI-160,user0018,2025-09-18,Il faut vérifier ce comportement.
COM-03298,DATA-4194,user0005,2026-07-19,Correction proposée dans la prochaine version.
COM-03299,SEC-3384,user0027,2025-10-09,Le problème est reproduit en environnement de test.
COM-03300,ECOM-289,user0027,2026-02-12,Attention au délai prévu.
COM-03301,MOB-3493,user0006,2025-10-15,Le développement avance correctement.
COM-03302,CLOUD-1386,user0049,2025-12-19,Le développement avance correctement.
COM-03303,BI-662,user0006,2026-04-10,Besoin de plus d'informations.
COM-03304,CRM-2236,user0024,2026-07-25,Il faut vérifier ce comportement.
COM-03305,CRM-4137,user0042,2025-12-19,Le problème semble corrigé.
COM-03306,DATA-4796,user0016,2026-01-23,Le client demande une modification.
COM-03307,MOB-3660,user0030,2026-07-22,Correction proposée dans la prochaine version.
COM-03308,SEC-578,user0004,2026-01-29,Il faut vérifier ce comportement.
COM-03309,MOB-648,user0047,2026-01-23,Le développement avance correctement.
COM-03310,MOB-3326,user0004,2025-12-06,Le développement avance correctement.
COM-03311,BI-1894,user0001,2025-10-29,Le problème semble corrigé.
COM-03312,CRM-2732,user0038,2026-05-15,Besoin de plus d'informations.
COM-03313,ECOM-1834,user0031,2025-09-21,Le développement avance correctement.
COM-03314,ECOM-3187,user0008,2026-05-23,Le problème est reproduit en environnement de test.
COM-03315,ERP-2281,user0021,2026-03-26,La fonctionnalité est prête pour les tests.
COM-03316,CRM-2889,user0008,2025-10-20,Tests complémentaires nécessaires.
COM-03317,BANK-3006,user0005,2026-08-03,Correction proposée dans la prochaine version.
COM-03318,ERP-1044,user0011,2025-12-27,Le problème est reproduit en environnement de test.
COM-03319,ECOM-3453,user0028,2026-01-19,La fonctionnalité est prête pour les tests.
COM-03320,BANK-351,user0039,2026-03-24,Le problème semble corrigé.
COM-03321,MOB-213,user0008,2026-01-30,Besoin de plus d'informations.
COM-03322,SEC-439,user0041,2026-07-08,La fonctionnalité est prête pour les tests.
COM-03323,CRM-3421,user0037,2026-07-22,Le client demande une modification.
COM-03324,BANK-4906,user0047,2025-10-27,Le développement avance correctement.
COM-03325,CLOUD-2302,user0021,2026-05-05,Besoin de plus d'informations.
COM-03326,BANK-4480,user0050,2025-09-16,Le problème semble corrigé.
COM-03327,CRM-2250,user0032,2026-05-23,Il faut vérifier ce comportement.
COM-03328,ERP-2116,user0041,2026-04-09,Correction proposée dans la prochaine version.
COM-03329,BI-2897,user0005,2026-03-21,Le problème est reproduit en environnement de test.
COM-03330,BANK-110,user0003,2026-06-25,Le client demande une modification.
COM-03331,CLOUD-2821,user0046,2026-07-22,Il faut vérifier ce comportement.
COM-03332,PORTAL-2588,user0033,2026-09-11,Le problème est reproduit en environnement de test.
COM-03333,ECOM-4483,user0020,2025-12-31,Correction proposée dans la prochaine version.
COM-03334,CRM-3211,user0022,2026-04-05,Attention au délai prévu.
COM-03335,ERP-4152,user0047,2026-04-19,La fonctionnalité est prête pour les tests.
COM-03336,DATA-4493,user0049,2026-04-11,Attention au délai prévu.
COM-03337,DATA-3956,user0041,2026-01-04,Le client demande une modification.
COM-03338,ERP-2169,user0050,2025-11-04,Correction proposée dans la prochaine version.
COM-03339,ECOM-241,user0010,2026-01-03,Besoin de plus d'informations.
COM-03340,SEC-4199,user0040,2026-03-20,Il faut vérifier ce comportement.
COM-03341,CRM-640,user0030,2026-08-12,Le client demande une modification.
COM-03342,CRM-2724,user0028,2026-09-05,Il faut vérifier ce comportement.
COM-03343,BANK-4246,user0022,2025-12-07,Il faut vérifier ce comportement.
COM-03344,PORTAL-1349,user0002,2026-03-05,La fonctionnalité est prête pour les tests.
COM-03345,BI-2147,user0003,2025-09-15,Le client demande une modification.
COM-03346,PORTAL-4162,user0013,2026-09-12,Le client demande une modification.
COM-03347,SEC-2868,user0041,2026-01-23,Besoin de plus d'informations.
COM-03348,CLOUD-3483,user0049,2026-05-31,Le problème semble corrigé.
COM-03349,MOB-1081,user0022,2026-05-13,Le client demande une modification.
COM-03350,PORTAL-553,user0015,2026-07-12,Le problème est reproduit en environnement de test.
COM-03351,CRM-596,user0019,2026-08-26,Attention au délai prévu.
COM-03352,ECOM-289,user0031,2025-12-12,Besoin de plus d'informations.
COM-03353,DATA-4607,user0005,2025-10-29,Le problème semble corrigé.
COM-03354,CRM-2334,user0014,2025-09-28,Tests complémentaires nécessaires.
COM-03355,ERP-1853,user0040,2026-07-21,La fonctionnalité est prête pour les tests.
COM-03356,DATA-3612,user0047,2026-06-09,Le problème semble corrigé.
COM-03357,PORTAL-2121,user0029,2026-03-23,Attention au délai prévu.
COM-03358,ERP-2860,user0001,2025-11-26,La fonctionnalité est prête pour les tests.
COM-03359,SEC-2439,user0032,2026-04-10,Attention au délai prévu.
COM-03360,CRM-4062,user0017,2026-08-08,Le client demande une modification.
COM-03361,PORTAL-2758,user0014,2025-11-13,Il faut vérifier ce comportement.
COM-03362,MOB-2016,user0033,2026-03-21,Attention au délai prévu.
COM-03363,BANK-3932,user0034,2026-01-07,Le problème est reproduit en environnement de test.
COM-03364,ERP-1634,user0028,2026-04-12,Le problème est reproduit en environnement de test.
COM-03365,BI-4053,user0048,2025-10-23,Le problème semble corrigé.
COM-03366,CLOUD-2228,user0047,2026-08-29,Le problème est reproduit en environnement de test.
COM-03367,DATA-1661,user0031,2026-05-21,Le client demande une modification.
COM-03368,CLOUD-326,user0021,2026-05-28,Il faut vérifier ce comportement.
COM-03369,ECOM-3891,user0046,2026-04-21,Il faut vérifier ce comportement.
COM-03370,BANK-3597,user0024,2026-01-15,Besoin de plus d'informations.
COM-03371,BI-1908,user0011,2026-07-24,Le problème est reproduit en environnement de test.
COM-03372,PORTAL-4540,user0013,2026-02-08,Attention au délai prévu.
COM-03373,ERP-901,user0013,2025-10-08,Le problème semble corrigé.
COM-03374,BI-898,user0020,2026-07-11,Le problème est reproduit en environnement de test.
COM-03375,SEC-132,user0044,2025-09-28,Le développement avance correctement.
COM-03376,DATA-1074,user0035,2025-10-13,Besoin de plus d'informations.
COM-03377,DATA-1992,user0044,2025-12-09,Le client demande une modification.
COM-03378,PORTAL-44,user0013,2025-10-23,Attention au délai prévu.
COM-03379,CRM-1473,user0031,2026-09-02,La fonctionnalité est prête pour les tests.
COM-03380,CLOUD-3194,user0010,2025-10-05,Tests complémentaires nécessaires.
COM-03381,BI-2831,user0010,2026-06-09,Le problème est reproduit en environnement de test.
COM-03382,CLOUD-2412,user0009,2026-07-10,Tests complémentaires nécessaires.
COM-03383,BANK-1817,user0010,2026-06-18,Attention au délai prévu.
COM-03384,ECOM-3761,user0017,2026-05-25,La fonctionnalité est prête pour les tests.
COM-03385,ERP-1251,user0045,2026-06-12,Le développement avance correctement.
COM-03386,CLOUD-4256,user0009,2026-04-15,Attention au délai prévu.
COM-03387,MOB-209,user0031,2025-10-17,La fonctionnalité est prête pour les tests.
COM-03388,SEC-4868,user0033,2026-09-12,Il faut vérifier ce comportement.
COM-03389,PORTAL-3654,user0049,2026-03-22,Correction proposée dans la prochaine version.
COM-03390,CRM-617,user0050,2026-07-16,Il faut vérifier ce comportement.
COM-03391,ECOM-3580,user0002,2026-08-22,Il faut vérifier ce comportement.
COM-03392,CLOUD-1046,user0019,2026-02-05,Le développement avance correctement.
COM-03393,BANK-1553,user0028,2025-09-21,Le développement avance correctement.
COM-03394,ERP-1609,user0027,2026-01-21,Le développement avance correctement.
COM-03395,ECOM-4424,user0010,2025-12-18,Besoin de plus d'informations.
COM-03396,CLOUD-4239,user0008,2026-05-10,La fonctionnalité est prête pour les tests.
COM-03397,PORTAL-3639,user0046,2026-06-18,La fonctionnalité est prête pour les tests.
COM-03398,PORTAL-4295,user0018,2025-11-30,Tests complémentaires nécessaires.
COM-03399,MOB-4601,user0031,2026-05-10,La fonctionnalité est prête pour les tests.
COM-03400,BI-2908,user0041,2026-05-18,Le problème est reproduit en environnement de test.
COM-03401,BANK-4278,user0005,2026-05-06,Le développement avance correctement.
COM-03402,PORTAL-4782,user0014,2026-01-17,Il faut vérifier ce comportement.
COM-03403,DATA-4945,user0042,2025-09-25,Correction proposée dans la prochaine version.
COM-03404,CRM-4197,user0037,2026-09-11,Attention au délai prévu.
COM-03405,DATA-1855,user0024,2026-01-12,La fonctionnalité est prête pour les tests.
COM-03406,CLOUD-1526,user0015,2026-07-01,Il faut vérifier ce comportement.
COM-03407,MOB-1866,user0016,2026-09-05,La fonctionnalité est prête pour les tests.
COM-03408,CRM-4235,user0047,2026-07-03,Attention au délai prévu.
COM-03409,CLOUD-1442,user0026,2026-03-26,Le problème semble corrigé.
COM-03410,ERP-2839,user0002,2025-11-08,Correction proposée dans la prochaine version.
COM-03411,CLOUD-4408,user0021,2026-02-14,Le développement avance correctement.
COM-03412,BI-2303,user0018,2026-03-19,Le problème semble corrigé.
COM-03413,BI-3122,user0042,2026-05-01,Le développement avance correctement.
COM-03414,BANK-869,user0004,2026-08-24,Il faut vérifier ce comportement.
COM-03415,SEC-3325,user0043,2026-07-20,Correction proposée dans la prochaine version.
COM-03416,SEC-1211,user0040,2026-08-20,Le développement avance correctement.
COM-03417,CLOUD-10,user0004,2026-07-10,Le client demande une modification.
COM-03418,BI-1350,user0007,2026-08-09,Tests complémentaires nécessaires.
COM-03419,PORTAL-4805,user0042,2026-03-10,Le problème semble corrigé.
COM-03420,PORTAL-4662,user0014,2025-11-21,Tests complémentaires nécessaires.
COM-03421,SEC-3173,user0045,2025-10-19,Le développement avance correctement.
COM-03422,BI-4017,user0013,2026-08-04,Correction proposée dans la prochaine version.
COM-03423,SEC-925,user0012,2026-01-23,La fonctionnalité est prête pour les tests.
COM-03424,ECOM-3435,user0045,2026-01-13,Attention au délai prévu.
COM-03425,ECOM-590,user0017,2025-11-23,Le problème est reproduit en environnement de test.
COM-03426,CRM-353,user0025,2025-11-13,Le problème est reproduit en environnement de test.
COM-03427,DATA-922,user0017,2026-04-11,Le développement avance correctement.
COM-03428,SEC-1265,user0018,2026-03-06,Tests complémentaires nécessaires.
COM-03429,CRM-4853,user0043,2026-03-19,Le problème semble corrigé.
COM-03430,DATA-4467,user0037,2025-09-23,Correction proposée dans la prochaine version.
COM-03431,ERP-2396,user0044,2025-09-27,Le problème est reproduit en environnement de test.
COM-03432,SEC-867,user0032,2025-11-27,Il faut vérifier ce comportement.
COM-03433,BI-973,user0021,2026-03-23,Le problème est reproduit en environnement de test.
COM-03434,BI-1240,user0013,2026-01-13,Il faut vérifier ce comportement.
COM-03435,CLOUD-1504,user0035,2025-09-16,Le client demande une modification.
COM-03436,MOB-739,user0024,2026-04-04,Le problème est reproduit en environnement de test.
COM-03437,PORTAL-3766,user0031,2025-09-28,Attention au délai prévu.
COM-03438,SEC-2923,user0047,2026-06-10,La fonctionnalité est prête pour les tests.
COM-03439,ECOM-4669,user0012,2025-10-07,La fonctionnalité est prête pour les tests.
COM-03440,ERP-2036,user0049,2025-11-04,Le problème est reproduit en environnement de test.
COM-03441,SEC-2182,user0011,2025-09-22,La fonctionnalité est prête pour les tests.
COM-03442,MOB-2192,user0045,2025-09-21,Besoin de plus d'informations.
COM-03443,PORTAL-2927,user0037,2026-03-09,La fonctionnalité est prête pour les tests.
COM-03444,PORTAL-3866,user0025,2026-01-13,Le problème est reproduit en environnement de test.
COM-03445,ERP-2460,user0038,2026-05-10,Le problème est reproduit en environnement de test.
COM-03446,CRM-4869,user0050,2026-01-15,Le problème semble corrigé.
COM-03447,BANK-3452,user0043,2026-02-25,Il faut vérifier ce comportement.
COM-03448,DATA-4273,user0030,2026-07-10,La fonctionnalité est prête pour les tests.
COM-03449,ERP-1367,user0034,2025-12-25,Le problème semble corrigé.
COM-03450,CRM-1474,user0034,2026-06-21,Il faut vérifier ce comportement.
COM-03451,CRM-3648,user0003,2025-12-27,Le problème est reproduit en environnement de test.
COM-03452,BI-3498,user0009,2026-05-30,Le client demande une modification.
COM-03453,CRM-2577,user0035,2026-09-02,La fonctionnalité est prête pour les tests.
COM-03454,CLOUD-1052,user0010,2026-01-21,Le client demande une modification.
COM-03455,DATA-1855,user0006,2026-03-23,Attention au délai prévu.
COM-03456,MOB-3672,user0009,2026-06-02,Le développement avance correctement.
COM-03457,BANK-4498,user0015,2026-05-15,Le problème semble corrigé.
COM-03458,BI-4228,user0034,2026-08-02,Le client demande une modification.
COM-03459,ECOM-3518,user0006,2025-12-24,Le développement avance correctement.
COM-03460,BI-4266,user0027,2026-07-20,Le problème est reproduit en environnement de test.
COM-03461,BANK-1503,user0027,2026-08-23,La fonctionnalité est prête pour les tests.
COM-03462,MOB-4989,user0006,2026-04-02,Tests complémentaires nécessaires.
COM-03463,MOB-2307,user0001,2026-04-08,Attention au délai prévu.
COM-03464,CRM-3577,user0040,2026-02-09,Le client demande une modification.
COM-03465,CRM-1113,user0021,2026-03-14,Le développement avance correctement.
COM-03466,DATA-3009,user0022,2025-12-14,Attention au délai prévu.
COM-03467,MOB-1247,user0038,2025-09-17,Besoin de plus d'informations.
COM-03468,ECOM-2762,user0024,2025-11-19,Tests complémentaires nécessaires.
COM-03469,BANK-1871,user0013,2026-04-07,Le problème semble corrigé.
COM-03470,BANK-2086,user0008,2026-07-14,Tests complémentaires nécessaires.
COM-03471,DATA-3567,user0011,2025-09-28,Il faut vérifier ce comportement.
COM-03472,MOB-4981,user0033,2026-04-28,La fonctionnalité est prête pour les tests.
COM-03473,MOB-980,user0022,2025-09-18,La fonctionnalité est prête pour les tests.
COM-03474,ERP-1550,user0036,2026-02-09,Le problème semble corrigé.
COM-03475,BI-2361,user0049,2026-04-21,Attention au délai prévu.
COM-03476,DATA-4692,user0042,2026-01-31,Besoin de plus d'informations.
COM-03477,ERP-2860,user0043,2025-11-05,Correction proposée dans la prochaine version.
COM-03478,ECOM-4279,user0019,2025-09-20,Besoin de plus d'informations.
COM-03479,MOB-1792,user0025,2025-10-08,La fonctionnalité est prête pour les tests.
COM-03480,ECOM-4665,user0011,2026-08-25,Besoin de plus d'informations.
COM-03481,BANK-3526,user0028,2026-04-20,Il faut vérifier ce comportement.
COM-03482,CLOUD-1005,user0045,2025-11-25,Correction proposée dans la prochaine version.
COM-03483,MOB-835,user0047,2026-08-12,Besoin de plus d'informations.
COM-03484,SEC-3164,user0049,2026-02-04,Il faut vérifier ce comportement.
COM-03485,DATA-2699,user0048,2025-10-29,Le problème semble corrigé.
COM-03486,CRM-3422,user0024,2025-12-02,Le développement avance correctement.
COM-03487,ERP-2232,user0046,2026-03-13,Le problème semble corrigé.
COM-03488,ECOM-3847,user0004,2026-02-15,Le problème semble corrigé.
COM-03489,DATA-3661,user0011,2026-06-30,Le problème semble corrigé.
COM-03490,ECOM-2338,user0003,2026-04-19,Il faut vérifier ce comportement.
COM-03491,MOB-97,user0028,2026-09-12,Besoin de plus d'informations.
COM-03492,DATA-3212,user0018,2026-01-02,La fonctionnalité est prête pour les tests.
COM-03493,PORTAL-2249,user0003,2026-08-06,La fonctionnalité est prête pour les tests.
COM-03494,BANK-3487,user0003,2026-08-26,Le problème est reproduit en environnement de test.
COM-03495,BI-478,user0046,2026-01-06,Il faut vérifier ce comportement.
COM-03496,PORTAL-4289,user0029,2026-04-06,Correction proposée dans la prochaine version.
COM-03497,MOB-1253,user0035,2025-12-13,La fonctionnalité est prête pour les tests.
COM-03498,BI-3258,user0021,2025-09-30,Le problème semble corrigé.
COM-03499,ECOM-511,user0041,2026-05-03,Tests complémentaires nécessaires.
COM-03500,ECOM-456,user0023,2026-04-12,Correction proposée dans la prochaine version.
COM-03501,SEC-4201,user0001,2026-07-26,La fonctionnalité est prête pour les tests.
COM-03502,CLOUD-1820,user0018,2026-03-26,Attention au délai prévu.
COM-03503,CRM-2717,user0002,2026-01-29,Correction proposée dans la prochaine version.
COM-03504,CLOUD-1243,user0019,2026-03-07,Le développement avance correctement.
COM-03505,DATA-1693,user0002,2026-09-08,Besoin de plus d'informations.
COM-03506,BI-84,user0045,2025-10-14,Correction proposée dans la prochaine version.
COM-03507,MOB-356,user0036,2026-04-02,Le problème semble corrigé.
COM-03508,CRM-2770,user0042,2025-12-24,Le client demande une modification.
COM-03509,PORTAL-1519,user0015,2026-08-28,Le client demande une modification.
COM-03510,BI-4242,user0039,2026-02-02,Le problème semble corrigé.
COM-03511,CLOUD-1762,user0049,2026-02-22,Besoin de plus d'informations.
COM-03512,MOB-3381,user0049,2026-05-30,Correction proposée dans la prochaine version.
COM-03513,ECOM-4109,user0038,2026-04-19,La fonctionnalité est prête pour les tests.
COM-03514,BI-3423,user0004,2025-12-07,Le problème semble corrigé.
COM-03515,SEC-4020,user0041,2025-11-21,Correction proposée dans la prochaine version.
COM-03516,DATA-3255,user0022,2025-12-28,Le client demande une modification.
COM-03517,DATA-4003,user0029,2026-07-26,Le client demande une modification.
COM-03518,ERP-3388,user0048,2025-12-20,Le développement avance correctement.
COM-03519,MOB-671,user0043,2026-09-01,Il faut vérifier ce comportement.
COM-03520,SEC-269,user0036,2025-10-21,Le client demande une modification.
COM-03521,CRM-1548,user0040,2025-10-11,Tests complémentaires nécessaires.
COM-03522,ERP-438,user0006,2026-07-05,Attention au délai prévu.
COM-03523,BI-2033,user0023,2026-05-27,Le problème semble corrigé.
COM-03524,DATA-4075,user0023,2026-09-14,Il faut vérifier ce comportement.
COM-03525,BI-2098,user0026,2026-03-22,Le développement avance correctement.
COM-03526,ECOM-448,user0009,2025-12-30,La fonctionnalité est prête pour les tests.
COM-03527,CRM-1659,user0002,2026-02-04,Le développement avance correctement.
COM-03528,ERP-2960,user0046,2026-05-08,Le problème semble corrigé.
COM-03529,PORTAL-2321,user0003,2026-04-19,Correction proposée dans la prochaine version.
COM-03530,DATA-2189,user0020,2026-06-04,Tests complémentaires nécessaires.
COM-03531,SEC-4730,user0047,2025-10-09,Il faut vérifier ce comportement.
COM-03532,CRM-4670,user0024,2026-03-31,Le client demande une modification.
COM-03533,MOB-27,user0008,2026-07-14,Besoin de plus d'informations.
COM-03534,ERP-3777,user0019,2025-09-17,Tests complémentaires nécessaires.
COM-03535,BANK-2937,user0002,2025-12-24,Correction proposée dans la prochaine version.
COM-03536,PORTAL-2589,user0018,2026-03-04,Le client demande une modification.
COM-03537,BANK-1027,user0021,2026-05-29,Correction proposée dans la prochaine version.
COM-03538,CRM-434,user0021,2025-11-05,Le problème semble corrigé.
COM-03539,DATA-767,user0013,2025-09-30,La fonctionnalité est prête pour les tests.
COM-03540,ERP-3018,user0008,2026-05-24,Le problème est reproduit en environnement de test.
COM-03541,DATA-3393,user0043,2026-06-23,Le client demande une modification.
COM-03542,ERP-58,user0002,2026-07-14,Le problème semble corrigé.
COM-03543,PORTAL-4892,user0047,2026-05-20,Correction proposée dans la prochaine version.
COM-03544,BI-4554,user0043,2025-11-09,Besoin de plus d'informations.
COM-03545,CLOUD-2876,user0021,2026-03-26,Tests complémentaires nécessaires.
COM-03546,CRM-4485,user0041,2025-12-04,Attention au délai prévu.
COM-03547,MOB-4442,user0004,2025-09-16,Attention au délai prévu.
COM-03548,MOB-3326,user0028,2026-04-26,Le client demande une modification.
COM-03549,CRM-1611,user0002,2026-03-24,Attention au délai prévu.
COM-03550,SEC-3684,user0013,2026-05-17,Le problème semble corrigé.
COM-03551,MOB-3977,user0021,2026-06-21,Le développement avance correctement.
COM-03552,BI-1219,user0031,2026-05-25,Le problème semble corrigé.
COM-03553,SEC-3600,user0042,2026-04-22,Correction proposée dans la prochaine version.
COM-03554,CLOUD-3190,user0011,2026-03-06,Il faut vérifier ce comportement.
COM-03555,DATA-4504,user0019,2026-02-03,Le problème semble corrigé.
COM-03556,ERP-581,user0029,2026-04-12,Besoin de plus d'informations.
COM-03557,ECOM-2107,user0022,2026-05-03,La fonctionnalité est prête pour les tests.
COM-03558,PORTAL-4323,user0019,2025-10-29,Le problème semble corrigé.
COM-03559,MOB-4819,user0008,2026-02-05,Il faut vérifier ce comportement.
COM-03560,PORTAL-3436,user0025,2026-01-19,Il faut vérifier ce comportement.
COM-03561,BANK-3962,user0016,2025-11-18,Le client demande une modification.
COM-03562,ECOM-4038,user0019,2026-07-24,Le problème est reproduit en environnement de test.
COM-03563,CLOUD-1521,user0005,2026-07-23,Tests complémentaires nécessaires.
COM-03564,ERP-4933,user0005,2026-08-22,Le client demande une modification.
COM-03565,MOB-1612,user0007,2026-07-31,La fonctionnalité est prête pour les tests.
COM-03566,DATA-9,user0044,2026-07-28,Tests complémentaires nécessaires.
COM-03567,CRM-3603,user0003,2025-09-29,Besoin de plus d'informations.
COM-03568,BI-884,user0041,2025-10-22,Le développement avance correctement.
COM-03569,ERP-1260,user0041,2026-02-19,Le développement avance correctement.
COM-03570,DATA-1280,user0042,2025-11-20,Correction proposée dans la prochaine version.
COM-03571,BI-2331,user0039,2026-06-01,Le problème est reproduit en environnement de test.
COM-03572,BI-2984,user0003,2026-05-13,Tests complémentaires nécessaires.
COM-03573,PORTAL-3299,user0006,2026-03-02,Le problème semble corrigé.
COM-03574,BANK-1867,user0002,2026-03-24,Correction proposée dans la prochaine version.
COM-03575,DATA-4177,user0027,2025-11-04,Le problème est reproduit en environnement de test.
COM-03576,BANK-4495,user0038,2026-08-17,Le problème semble corrigé.
COM-03577,BANK-974,user0036,2026-08-11,Tests complémentaires nécessaires.
COM-03578,SEC-4996,user0039,2025-12-09,Correction proposée dans la prochaine version.
COM-03579,CLOUD-1306,user0035,2025-12-20,Le client demande une modification.
COM-03580,ERP-350,user0004,2026-01-23,Besoin de plus d'informations.
COM-03581,ECOM-4198,user0009,2026-05-23,Attention au délai prévu.
COM-03582,PORTAL-4969,user0014,2026-06-02,Il faut vérifier ce comportement.
COM-03583,ERP-1776,user0011,2026-03-28,Le client demande une modification.
COM-03584,CLOUD-857,user0038,2026-05-21,Il faut vérifier ce comportement.
COM-03585,MOB-487,user0041,2025-09-19,Le développement avance correctement.
COM-03586,PORTAL-1453,user0009,2025-11-18,La fonctionnalité est prête pour les tests.
COM-03587,MOB-4814,user0045,2025-11-21,Il faut vérifier ce comportement.
COM-03588,MOB-3410,user0015,2026-04-07,Correction proposée dans la prochaine version.
COM-03589,SEC-2131,user0022,2026-07-27,Correction proposée dans la prochaine version.
COM-03590,CLOUD-2446,user0012,2026-08-24,Il faut vérifier ce comportement.
COM-03591,BI-156,user0024,2026-07-20,La fonctionnalité est prête pour les tests.
COM-03592,BI-4438,user0045,2026-01-01,Tests complémentaires nécessaires.
COM-03593,PORTAL-890,user0005,2026-01-13,Tests complémentaires nécessaires.
COM-03594,ECOM-4360,user0015,2026-04-13,Il faut vérifier ce comportement.
COM-03595,MOB-357,user0015,2026-01-10,Le développement avance correctement.
COM-03596,CLOUD-2924,user0010,2026-05-04,Besoin de plus d'informations.
COM-03597,PORTAL-168,user0013,2026-07-07,Le client demande une modification.
COM-03598,DATA-2095,user0047,2026-04-03,Il faut vérifier ce comportement.
COM-03599,DATA-4382,user0041,2026-08-08,Le client demande une modification.
COM-03600,BI-2509,user0050,2025-10-10,Le développement avance correctement.
COM-03601,CLOUD-2462,user0014,2026-01-22,Le problème semble corrigé.
COM-03602,DATA-60,user0032,2026-01-13,La fonctionnalité est prête pour les tests.
COM-03603,ECOM-2942,user0018,2026-07-14,Le développement avance correctement.
COM-03604,MOB-2725,user0049,2026-01-14,La fonctionnalité est prête pour les tests.
COM-03605,ECOM-2608,user0036,2026-05-01,Attention au délai prévu.
COM-03606,CRM-2494,user0017,2025-11-26,La fonctionnalité est prête pour les tests.
COM-03607,ERP-1179,user0026,2025-09-24,Le client demande une modification.
COM-03608,CRM-3208,user0024,2025-10-16,Le développement avance correctement.
COM-03609,ECOM-3891,user0011,2025-12-07,Correction proposée dans la prochaine version.
COM-03610,MOB-747,user0043,2026-03-01,Correction proposée dans la prochaine version.
COM-03611,SEC-2234,user0007,2026-02-06,Tests complémentaires nécessaires.
COM-03612,DATA-805,user0042,2025-11-01,Attention au délai prévu.
COM-03613,MOB-1247,user0036,2025-11-09,Le problème semble corrigé.
COM-03614,ECOM-2441,user0018,2026-03-06,Le problème semble corrigé.
COM-03615,CRM-1803,user0024,2026-05-01,Besoin de plus d'informations.
COM-03616,SEC-2753,user0015,2025-10-13,Il faut vérifier ce comportement.
COM-03617,ERP-2452,user0036,2025-12-28,Le développement avance correctement.
COM-03618,BANK-4305,user0007,2025-11-18,Le développement avance correctement.
COM-03619,BANK-1312,user0026,2026-07-16,Le problème est reproduit en environnement de test.
COM-03620,SEC-1916,user0041,2025-12-09,Correction proposée dans la prochaine version.
COM-03621,DATA-1704,user0010,2025-11-10,Tests complémentaires nécessaires.
COM-03622,BI-3346,user0006,2026-04-14,Tests complémentaires nécessaires.
COM-03623,ERP-1995,user0002,2026-08-27,Le développement avance correctement.
COM-03624,SEC-1080,user0003,2026-02-15,Besoin de plus d'informations.
COM-03625,CLOUD-72,user0025,2025-11-20,Le client demande une modification.
COM-03626,CLOUD-3651,user0014,2026-02-25,Tests complémentaires nécessaires.
COM-03627,MOB-2610,user0046,2026-08-10,Le problème semble corrigé.
COM-03628,CRM-293,user0002,2026-08-08,Le problème semble corrigé.
COM-03629,MOB-810,user0048,2026-02-26,Besoin de plus d'informations.
COM-03630,ECOM-2165,user0020,2025-11-26,Il faut vérifier ce comportement.
COM-03631,PORTAL-742,user0030,2026-08-18,Le développement avance correctement.
COM-03632,SEC-3824,user0011,2026-01-13,Correction proposée dans la prochaine version.
COM-03633,DATA-194,user0046,2026-07-15,Le problème semble corrigé.
COM-03634,ECOM-4885,user0019,2025-09-29,Attention au délai prévu.
COM-03635,SEC-3323,user0028,2026-01-21,Le problème est reproduit en environnement de test.
COM-03636,ECOM-4206,user0005,2026-06-28,Tests complémentaires nécessaires.
COM-03637,SEC-4866,user0030,2026-06-27,Le problème semble corrigé.
COM-03638,MOB-4251,user0013,2025-10-14,La fonctionnalité est prête pour les tests.
COM-03639,PORTAL-4178,user0041,2026-06-10,Le client demande une modification.
COM-03640,ECOM-1570,user0018,2025-11-05,Il faut vérifier ce comportement.
COM-03641,ECOM-3847,user0028,2025-10-21,La fonctionnalité est prête pour les tests.
COM-03642,DATA-510,user0016,2026-06-23,Attention au délai prévu.
COM-03643,BI-129,user0011,2026-07-28,Tests complémentaires nécessaires.
COM-03644,BI-658,user0039,2025-10-10,Correction proposée dans la prochaine version.
COM-03645,SEC-175,user0023,2025-10-28,Il faut vérifier ce comportement.
COM-03646,MOB-1267,user0030,2026-07-30,Il faut vérifier ce comportement.
COM-03647,ECOM-4929,user0034,2026-07-09,Il faut vérifier ce comportement.
COM-03648,BI-491,user0038,2026-03-22,Le problème semble corrigé.
COM-03649,BI-2150,user0017,2026-03-10,Attention au délai prévu.
COM-03650,DATA-2600,user0009,2026-01-18,Le client demande une modification.
COM-03651,ECOM-4329,user0036,2025-11-15,Le problème est reproduit en environnement de test.
COM-03652,BI-3494,user0023,2026-08-24,Le problème est reproduit en environnement de test.
COM-03653,CRM-1643,user0018,2026-05-31,Correction proposée dans la prochaine version.
COM-03654,ECOM-476,user0020,2025-10-09,Le développement avance correctement.
COM-03655,MOB-3154,user0015,2026-04-11,Le problème est reproduit en environnement de test.
COM-03656,BANK-2849,user0047,2026-08-15,Le problème est reproduit en environnement de test.
COM-03657,ECOM-4619,user0024,2025-10-19,Attention au délai prévu.
COM-03658,ECOM-4855,user0006,2025-12-27,Le développement avance correctement.
COM-03659,ECOM-1605,user0024,2026-09-07,Le problème est reproduit en environnement de test.
COM-03660,MOB-2340,user0047,2025-10-08,Il faut vérifier ce comportement.
COM-03661,BI-3012,user0019,2025-12-11,Le client demande une modification.
COM-03662,SEC-3716,user0040,2026-08-05,Tests complémentaires nécessaires.
COM-03663,SEC-2734,user0034,2025-09-26,Il faut vérifier ce comportement.
COM-03664,BI-4447,user0021,2026-03-20,Le développement avance correctement.
COM-03665,ERP-941,user0011,2026-06-30,Le développement avance correctement.
COM-03666,CRM-4300,user0014,2026-03-07,Le problème semble corrigé.
COM-03667,MOB-4724,user0011,2025-09-26,Il faut vérifier ce comportement.
COM-03668,CLOUD-560,user0027,2025-11-24,Correction proposée dans la prochaine version.
COM-03669,MOB-2192,user0032,2026-04-13,Le développement avance correctement.
COM-03670,MOB-969,user0026,2026-04-04,La fonctionnalité est prête pour les tests.
COM-03671,ERP-2058,user0008,2026-08-06,Le problème semble corrigé.
COM-03672,MOB-1953,user0044,2026-01-24,Le problème semble corrigé.
COM-03673,BANK-2233,user0009,2026-04-01,Tests complémentaires nécessaires.
COM-03674,SEC-1734,user0041,2026-03-19,Attention au délai prévu.
COM-03675,PORTAL-1746,user0007,2026-02-08,Besoin de plus d'informations.
COM-03676,DATA-3332,user0042,2026-01-14,Il faut vérifier ce comportement.
COM-03677,DATA-4654,user0031,2026-06-20,Correction proposée dans la prochaine version.
COM-03678,BANK-87,user0008,2026-02-02,Le client demande une modification.
COM-03679,ERP-576,user0007,2026-01-30,Il faut vérifier ce comportement.
COM-03680,CLOUD-372,user0040,2026-07-20,Le client demande une modification.
COM-03681,CRM-4873,user0033,2025-10-10,Tests complémentaires nécessaires.
COM-03682,ERP-58,user0043,2025-11-11,La fonctionnalité est prête pour les tests.
COM-03683,BANK-3374,user0031,2025-12-01,Tests complémentaires nécessaires.
COM-03684,DATA-4493,user0022,2025-10-29,Le problème semble corrigé.
COM-03685,ERP-3368,user0017,2026-06-15,Tests complémentaires nécessaires.
COM-03686,CLOUD-486,user0032,2026-03-15,Tests complémentaires nécessaires.
COM-03687,ECOM-3199,user0008,2025-12-04,Le problème semble corrigé.
COM-03688,BI-2530,user0050,2025-11-07,Le développement avance correctement.
COM-03689,DATA-2217,user0012,2026-02-10,Il faut vérifier ce comportement.
COM-03690,ECOM-756,user0027,2025-12-07,Correction proposée dans la prochaine version.
COM-03691,DATA-1785,user0018,2025-12-17,Le développement avance correctement.
COM-03692,CLOUD-1005,user0028,2025-12-09,Attention au délai prévu.
COM-03693,BI-2033,user0014,2026-01-11,Il faut vérifier ce comportement.
COM-03694,BANK-1883,user0039,2025-11-01,Correction proposée dans la prochaine version.
COM-03695,ECOM-1805,user0050,2026-02-16,Besoin de plus d'informations.
COM-03696,PORTAL-1589,user0026,2025-10-23,Il faut vérifier ce comportement.
COM-03697,BANK-4058,user0037,2026-01-10,Le problème semble corrigé.
COM-03698,PORTAL-2399,user0017,2026-05-20,Le problème semble corrigé.
COM-03699,BI-4760,user0039,2026-07-24,Le problème semble corrigé.
COM-03700,CRM-1662,user0024,2026-06-11,Le problème semble corrigé.
COM-03701,SEC-4010,user0020,2026-01-10,Le client demande une modification.
COM-03702,ERP-4314,user0022,2026-02-23,Correction proposée dans la prochaine version.
COM-03703,CRM-990,user0009,2026-06-12,Le client demande une modification.
COM-03704,DATA-517,user0032,2026-05-16,La fonctionnalité est prête pour les tests.
COM-03705,CLOUD-878,user0044,2025-12-29,Attention au délai prévu.
COM-03706,CRM-2392,user0049,2026-05-15,Le problème semble corrigé.
COM-03707,CLOUD-4997,user0049,2025-11-26,Besoin de plus d'informations.
COM-03708,PORTAL-197,user0019,2025-12-31,Attention au délai prévu.
COM-03709,ECOM-2492,user0047,2026-05-21,Le développement avance correctement.
COM-03710,CLOUD-442,user0008,2025-10-23,Le client demande une modification.
COM-03711,CRM-4831,user0006,2026-04-20,Correction proposée dans la prochaine version.
COM-03712,PORTAL-2044,user0032,2026-05-13,Le développement avance correctement.
COM-03713,ECOM-4655,user0041,2026-05-27,Le client demande une modification.
COM-03714,BI-3817,user0011,2025-11-05,Attention au délai prévu.
COM-03715,SEC-1142,user0008,2026-02-27,Attention au délai prévu.
COM-03716,SEC-1935,user0005,2025-10-06,La fonctionnalité est prête pour les tests.
COM-03717,ERP-3839,user0030,2026-06-16,Attention au délai prévu.
COM-03718,BANK-716,user0023,2026-06-23,Besoin de plus d'informations.
COM-03719,PORTAL-2362,user0015,2025-11-21,La fonctionnalité est prête pour les tests.
COM-03720,SEC-2682,user0042,2026-09-01,Il faut vérifier ce comportement.
COM-03721,SEC-1840,user0025,2026-03-24,Le client demande une modification.
COM-03722,BANK-4906,user0016,2026-02-11,Le développement avance correctement.
COM-03723,BANK-829,user0025,2025-11-20,Tests complémentaires nécessaires.
COM-03724,CRM-2313,user0048,2025-09-24,La fonctionnalité est prête pour les tests.
COM-03725,SEC-1150,user0037,2026-01-10,Attention au délai prévu.
COM-03726,ECOM-3604,user0042,2026-09-13,Le problème est reproduit en environnement de test.
COM-03727,BI-2530,user0041,2026-07-08,Correction proposée dans la prochaine version.
COM-03728,SEC-2373,user0042,2026-09-05,Besoin de plus d'informations.
COM-03729,ERP-258,user0006,2026-01-07,Le client demande une modification.
COM-03730,CLOUD-1405,user0029,2026-01-05,Tests complémentaires nécessaires.
COM-03731,ERP-813,user0004,2026-05-18,Le problème est reproduit en environnement de test.
COM-03732,ECOM-3083,user0040,2026-07-11,Besoin de plus d'informations.
COM-03733,CLOUD-2550,user0043,2026-02-17,Le problème est reproduit en environnement de test.
COM-03734,BANK-4156,user0040,2025-09-22,Le développement avance correctement.
COM-03735,MOB-3198,user0026,2026-05-24,Tests complémentaires nécessaires.
COM-03736,ERP-268,user0018,2025-12-30,Attention au délai prévu.
COM-03737,DATA-1966,user0041,2025-10-24,Attention au délai prévu.
COM-03738,PORTAL-2326,user0014,2026-06-18,Le développement avance correctement.
COM-03739,MOB-2111,user0018,2025-10-29,Tests complémentaires nécessaires.
COM-03740,BANK-3830,user0049,2026-02-17,Tests complémentaires nécessaires.
COM-03741,BI-3521,user0042,2026-03-22,Tests complémentaires nécessaires.
COM-03742,SEC-4082,user0030,2026-04-18,Il faut vérifier ce comportement.
COM-03743,PORTAL-2589,user0029,2025-12-14,Attention au délai prévu.
COM-03744,PORTAL-373,user0027,2026-03-12,Besoin de plus d'informations.
COM-03745,PORTAL-51,user0002,2026-08-14,Il faut vérifier ce comportement.
COM-03746,CRM-1427,user0044,2026-04-17,Le problème semble corrigé.
COM-03747,PORTAL-171,user0002,2026-05-13,Le problème est reproduit en environnement de test.
COM-03748,MOB-2455,user0013,2026-03-19,Il faut vérifier ce comportement.
COM-03749,PORTAL-4557,user0006,2026-09-04,Le développement avance correctement.
COM-03750,ECOM-125,user0040,2026-06-22,Le problème semble corrigé.
COM-03751,CLOUD-1320,user0047,2026-02-03,La fonctionnalité est prête pour les tests.
COM-03752,CLOUD-1773,user0014,2026-03-02,Le client demande une modification.
COM-03753,MOB-1801,user0026,2026-08-09,La fonctionnalité est prête pour les tests.
COM-03754,BI-2346,user0029,2025-10-03,Le développement avance correctement.
COM-03755,BANK-1463,user0036,2026-04-28,Il faut vérifier ce comportement.
COM-03756,CRM-3330,user0012,2026-03-21,Correction proposée dans la prochaine version.
COM-03757,SEC-3143,user0022,2026-08-28,Tests complémentaires nécessaires.
COM-03758,SEC-2734,user0028,2026-05-20,Besoin de plus d'informations.
COM-03759,SEC-4697,user0031,2025-09-26,Il faut vérifier ce comportement.
COM-03760,DATA-2283,user0046,2026-02-01,Attention au délai prévu.
COM-03761,DATA-4200,user0049,2026-08-13,La fonctionnalité est prête pour les tests.
COM-03762,CRM-3681,user0018,2025-12-18,Tests complémentaires nécessaires.
COM-03763,BANK-2464,user0022,2026-08-02,Le problème est reproduit en environnement de test.
COM-03764,DATA-4247,user0035,2026-08-17,Le problème est reproduit en environnement de test.
COM-03765,PORTAL-2617,user0049,2026-07-10,Le développement avance correctement.
COM-03766,DATA-4467,user0050,2026-06-11,Correction proposée dans la prochaine version.
COM-03767,PORTAL-1667,user0041,2026-03-29,Attention au délai prévu.
COM-03768,SEC-3813,user0034,2026-04-29,Le développement avance correctement.
COM-03769,MOB-4647,user0010,2026-09-14,Le problème est reproduit en environnement de test.
COM-03770,MOB-3814,user0013,2026-01-21,La fonctionnalité est prête pour les tests.
COM-03771,DATA-2823,user0035,2025-11-13,Besoin de plus d'informations.
COM-03772,CRM-4768,user0031,2025-12-25,Besoin de plus d'informations.
COM-03773,CRM-1199,user0040,2026-03-26,Le problème semble corrigé.
COM-03774,MOB-4124,user0029,2026-06-18,Le problème est reproduit en environnement de test.
COM-03775,ECOM-2775,user0027,2026-05-03,Tests complémentaires nécessaires.
COM-03776,ERP-1549,user0043,2025-10-07,Besoin de plus d'informations.
COM-03777,DATA-2481,user0027,2026-07-14,Le problème semble corrigé.
COM-03778,CRM-3095,user0016,2025-10-09,Tests complémentaires nécessaires.
COM-03779,SEC-4118,user0018,2026-07-14,Le développement avance correctement.
COM-03780,CRM-2976,user0021,2026-05-23,Correction proposée dans la prochaine version.
COM-03781,BANK-3985,user0012,2026-05-09,Le problème semble corrigé.
COM-03782,CRM-3051,user0034,2025-10-12,Correction proposée dans la prochaine version.
COM-03783,BANK-4656,user0016,2026-01-26,Il faut vérifier ce comportement.
COM-03784,ECOM-1758,user0020,2026-05-03,Le développement avance correctement.
COM-03785,ECOM-2011,user0045,2025-11-19,Attention au délai prévu.
COM-03786,BI-371,user0031,2026-06-14,Correction proposée dans la prochaine version.
COM-03787,CLOUD-3988,user0030,2025-12-15,Il faut vérifier ce comportement.
COM-03788,DATA-2803,user0004,2025-12-08,Attention au délai prévu.
COM-03789,MOB-602,user0016,2026-08-05,Le problème semble corrigé.
COM-03790,ERP-411,user0050,2026-04-07,Attention au délai prévu.
COM-03791,CLOUD-2213,user0039,2026-01-30,Le développement avance correctement.
COM-03792,SEC-418,user0049,2026-04-09,Le problème est reproduit en environnement de test.
COM-03793,MOB-4195,user0034,2026-03-11,Le développement avance correctement.
COM-03794,CRM-4039,user0013,2026-03-12,Correction proposée dans la prochaine version.
COM-03795,PORTAL-4433,user0015,2026-01-05,Le développement avance correctement.
COM-03796,PORTAL-2306,user0004,2026-01-11,Le client demande une modification.
COM-03797,ECOM-4038,user0039,2026-05-15,Le client demande une modification.
COM-03798,SEC-724,user0028,2026-04-23,Il faut vérifier ce comportement.
COM-03799,CRM-1263,user0015,2026-01-05,Attention au délai prévu.
COM-03800,BANK-3046,user0011,2026-06-01,Le problème semble corrigé.
COM-03801,BI-1623,user0049,2026-07-21,Tests complémentaires nécessaires.
COM-03802,ECOM-1591,user0015,2026-02-04,La fonctionnalité est prête pour les tests.
COM-03803,BANK-4034,user0021,2026-06-03,Besoin de plus d'informations.
COM-03804,ERP-2091,user0019,2026-03-25,La fonctionnalité est prête pour les tests.
COM-03805,BI-4420,user0011,2026-05-24,La fonctionnalité est prête pour les tests.
COM-03806,CLOUD-3713,user0018,2026-02-20,Le problème est reproduit en environnement de test.
COM-03807,ERP-1830,user0032,2026-06-12,Besoin de plus d'informations.
COM-03808,BI-1493,user0002,2026-07-07,Le client demande une modification.
COM-03809,DATA-1922,user0037,2026-03-20,Correction proposée dans la prochaine version.
COM-03810,DATA-2294,user0022,2026-05-21,Correction proposée dans la prochaine version.
COM-03811,CLOUD-131,user0015,2026-05-11,Tests complémentaires nécessaires.
COM-03812,BANK-3030,user0007,2026-01-27,Tests complémentaires nécessaires.
COM-03813,CLOUD-2280,user0025,2025-10-01,Le problème semble corrigé.
COM-03814,SEC-3873,user0034,2026-04-19,Besoin de plus d'informations.
COM-03815,BANK-927,user0016,2026-03-14,Tests complémentaires nécessaires.
COM-03816,ERP-2870,user0002,2026-05-10,Correction proposée dans la prochaine version.
COM-03817,MOB-4277,user0024,2026-04-12,Le client demande une modification.
COM-03818,SEC-1734,user0013,2026-04-28,Attention au délai prévu.
COM-03819,ERP-3222,user0023,2025-09-26,Le problème semble corrigé.
COM-03820,ECOM-590,user0040,2026-03-10,Correction proposée dans la prochaine version.
COM-03821,ERP-1403,user0048,2026-05-10,Le développement avance correctement.
COM-03822,ERP-4952,user0025,2026-06-22,Attention au délai prévu.
COM-03823,ECOM-3719,user0042,2026-05-15,Le problème est reproduit en environnement de test.
COM-03824,ERP-813,user0028,2026-09-01,Le problème est reproduit en environnement de test.
COM-03825,CLOUD-2561,user0044,2026-02-06,Attention au délai prévu.
COM-03826,PORTAL-4521,user0022,2026-07-01,Besoin de plus d'informations.
COM-03827,MOB-4401,user0035,2025-10-09,Le client demande une modification.
COM-03828,DATA-1727,user0020,2025-11-19,Besoin de plus d'informations.
COM-03829,BANK-2693,user0036,2025-12-16,La fonctionnalité est prête pour les tests.
COM-03830,BI-61,user0036,2026-06-14,Le développement avance correctement.
COM-03831,CLOUD-4169,user0042,2026-01-06,Attention au délai prévu.
COM-03832,ERP-524,user0003,2026-05-08,La fonctionnalité est prête pour les tests.
COM-03833,SEC-3824,user0010,2026-04-07,Attention au délai prévu.
COM-03834,BANK-2677,user0010,2026-02-03,Le problème semble corrigé.
COM-03835,CRM-2101,user0026,2026-06-29,Il faut vérifier ce comportement.
COM-03836,PORTAL-2664,user0038,2026-02-09,Attention au délai prévu.
COM-03837,BANK-2628,user0020,2025-11-11,Correction proposée dans la prochaine version.
COM-03838,CRM-4708,user0008,2026-08-30,Le développement avance correctement.
COM-03839,PORTAL-2893,user0006,2026-08-16,Le développement avance correctement.
COM-03840,CLOUD-3513,user0024,2025-10-30,Attention au délai prévu.
COM-03841,ECOM-4232,user0035,2026-01-22,Attention au délai prévu.
COM-03842,SEC-3600,user0016,2026-01-15,Le problème semble corrigé.
COM-03843,BI-1132,user0011,2026-02-27,Attention au délai prévu.
COM-03844,CLOUD-2730,user0023,2025-10-11,Tests complémentaires nécessaires.
COM-03845,ECOM-4871,user0043,2026-04-08,Tests complémentaires nécessaires.
COM-03846,ERP-1725,user0014,2026-08-27,Il faut vérifier ce comportement.
COM-03847,CRM-1093,user0040,2026-05-28,Tests complémentaires nécessaires.
COM-03848,BANK-2017,user0008,2026-06-16,La fonctionnalité est prête pour les tests.
COM-03849,CRM-1461,user0016,2025-10-17,Le développement avance correctement.
COM-03850,BANK-178,user0022,2026-06-13,Il faut vérifier ce comportement.
COM-03851,CRM-3479,user0027,2026-05-11,La fonctionnalité est prête pour les tests.
COM-03852,ERP-1181,user0014,2026-01-16,Le client demande une modification.
COM-03853,MOB-1910,user0005,2026-07-17,Tests complémentaires nécessaires.
COM-03854,ECOM-2256,user0025,2026-07-26,La fonctionnalité est prête pour les tests.
COM-03855,BI-3729,user0019,2025-09-28,Tests complémentaires nécessaires.
COM-03856,CLOUD-4236,user0005,2025-11-05,Attention au délai prévu.
COM-03857,BI-2386,user0044,2026-05-20,Le problème semble corrigé.
COM-03858,CRM-2491,user0026,2025-09-30,Le problème est reproduit en environnement de test.
COM-03859,CLOUD-2205,user0048,2026-05-22,Correction proposée dans la prochaine version.
COM-03860,BI-972,user0019,2025-10-04,Correction proposée dans la prochaine version.
COM-03861,CRM-2717,user0028,2026-03-03,Le développement avance correctement.
COM-03862,BANK-1968,user0017,2026-01-20,Il faut vérifier ce comportement.
COM-03863,ERP-573,user0018,2026-07-18,Attention au délai prévu.
COM-03864,SEC-1490,user0023,2025-11-06,Tests complémentaires nécessaires.
COM-03865,CRM-2724,user0049,2025-12-12,Le client demande une modification.
COM-03866,MOB-835,user0010,2026-02-06,Le problème semble corrigé.
COM-03867,PORTAL-219,user0044,2025-10-30,Tests complémentaires nécessaires.
COM-03868,DATA-2260,user0040,2026-04-13,Correction proposée dans la prochaine version.
COM-03869,SEC-65,user0022,2026-05-30,La fonctionnalité est prête pour les tests.
COM-03870,BI-1740,user0018,2025-10-16,Le développement avance correctement.
COM-03871,ECOM-246,user0038,2026-07-06,Le client demande une modification.
COM-03872,ERP-3376,user0030,2026-01-15,Le client demande une modification.
COM-03873,CLOUD-4309,user0002,2026-06-08,Le client demande une modification.
COM-03874,ERP-872,user0006,2026-03-18,Le client demande une modification.
COM-03875,SEC-2609,user0030,2026-05-07,La fonctionnalité est prête pour les tests.
COM-03876,CLOUD-1741,user0015,2026-03-16,Tests complémentaires nécessaires.
COM-03877,PORTAL-2704,user0044,2026-05-24,Il faut vérifier ce comportement.
COM-03878,SEC-2928,user0042,2026-06-26,Besoin de plus d'informations.
COM-03879,ERP-2210,user0050,2025-10-26,Attention au délai prévu.
COM-03880,BANK-136,user0027,2025-12-24,Besoin de plus d'informations.
COM-03881,ERP-4115,user0002,2026-03-18,Le problème semble corrigé.
COM-03882,BI-1563,user0006,2025-10-20,Le problème est reproduit en environnement de test.
COM-03883,CLOUD-2103,user0028,2025-09-16,La fonctionnalité est prête pour les tests.
COM-03884,CRM-1621,user0048,2025-10-04,Le développement avance correctement.
COM-03885,CLOUD-3988,user0047,2026-09-04,Le problème est reproduit en environnement de test.
COM-03886,MOB-1432,user0038,2025-10-01,Tests complémentaires nécessaires.
COM-03887,BANK-2973,user0022,2025-11-21,Le problème est reproduit en environnement de test.
COM-03888,PORTAL-564,user0021,2025-10-25,Besoin de plus d'informations.
COM-03889,PORTAL-1407,user0046,2025-12-23,Correction proposée dans la prochaine version.
COM-03890,DATA-811,user0017,2025-12-12,Le problème semble corrigé.
COM-03891,PORTAL-4510,user0038,2026-04-01,Besoin de plus d'informations.
COM-03892,BI-2763,user0024,2026-02-17,La fonctionnalité est prête pour les tests.
COM-03893,ECOM-4665,user0027,2025-09-19,Le problème semble corrigé.
COM-03894,ERP-2135,user0008,2026-05-04,Correction proposée dans la prochaine version.
COM-03895,PORTAL-4539,user0037,2026-06-21,Le problème est reproduit en environnement de test.
COM-03896,ERP-4314,user0036,2026-06-10,Le problème semble corrigé.
COM-03897,MOB-3814,user0022,2025-11-12,Attention au délai prévu.
COM-03898,ERP-4850,user0046,2026-03-28,Tests complémentaires nécessaires.
COM-03899,DATA-4999,user0001,2025-11-20,Le problème semble corrigé.
COM-03900,CLOUD-2569,user0050,2026-08-28,Attention au délai prévu.
COM-03901,BANK-4935,user0009,2025-09-16,Le développement avance correctement.
COM-03902,BI-1259,user0035,2026-07-15,Correction proposée dans la prochaine version.
COM-03903,PORTAL-2809,user0009,2026-08-23,Le problème semble corrigé.
COM-03904,BI-3691,user0025,2026-06-05,Besoin de plus d'informations.
COM-03905,CLOUD-2695,user0025,2025-12-23,Attention au délai prévu.
COM-03906,CLOUD-3867,user0014,2026-01-13,Il faut vérifier ce comportement.
COM-03907,BANK-3030,user0041,2026-05-04,Le problème semble corrigé.
COM-03908,CLOUD-2202,user0008,2026-05-29,Besoin de plus d'informations.
COM-03909,CLOUD-817,user0018,2025-10-19,Besoin de plus d'informations.
COM-03910,DATA-3123,user0036,2025-11-29,La fonctionnalité est prête pour les tests.
COM-03911,SEC-663,user0039,2025-11-23,Tests complémentaires nécessaires.
COM-03912,PORTAL-64,user0030,2026-08-07,Attention au délai prévu.
COM-03913,ERP-2956,user0008,2026-05-03,La fonctionnalité est prête pour les tests.
COM-03914,BANK-1163,user0002,2026-08-30,Correction proposée dans la prochaine version.
COM-03915,BANK-2693,user0003,2026-04-19,Le problème semble corrigé.
COM-03916,BANK-1808,user0049,2026-07-18,Attention au délai prévu.
COM-03917,CLOUD-4309,user0027,2026-02-24,Le développement avance correctement.
COM-03918,CRM-3558,user0031,2025-12-27,Le problème semble corrigé.
COM-03919,CLOUD-2228,user0020,2025-09-23,Tests complémentaires nécessaires.
COM-03920,MOB-3410,user0017,2025-09-22,Il faut vérifier ce comportement.
COM-03921,CLOUD-1005,user0016,2026-06-25,La fonctionnalité est prête pour les tests.
COM-03922,DATA-4351,user0041,2025-11-07,Tests complémentaires nécessaires.
COM-03923,PORTAL-1374,user0043,2026-03-28,Besoin de plus d'informations.
COM-03924,ERP-50,user0002,2026-08-09,Attention au délai prévu.
COM-03925,ECOM-4887,user0036,2026-05-26,Le problème est reproduit en environnement de test.
COM-03926,CRM-709,user0039,2026-03-22,Le problème est reproduit en environnement de test.
COM-03927,MOB-4974,user0004,2026-04-24,Le problème est reproduit en environnement de test.
COM-03928,MOB-2336,user0021,2026-01-28,Le développement avance correctement.
COM-03929,BANK-3602,user0025,2026-08-22,Le problème est reproduit en environnement de test.
COM-03930,CRM-2390,user0035,2026-01-25,Attention au délai prévu.
COM-03931,DATA-2217,user0017,2026-09-01,Tests complémentaires nécessaires.
COM-03932,CRM-4846,user0035,2026-03-14,Il faut vérifier ce comportement.
COM-03933,BI-2844,user0038,2026-07-12,La fonctionnalité est prête pour les tests.
COM-03934,DATA-805,user0041,2026-07-21,Besoin de plus d'informations.
COM-03935,MOB-3948,user0018,2026-05-12,Correction proposée dans la prochaine version.
COM-03936,PORTAL-2339,user0004,2025-11-15,Le problème est reproduit en environnement de test.
COM-03937,BANK-651,user0040,2025-11-11,Besoin de plus d'informations.
COM-03938,DATA-510,user0011,2026-02-12,Le développement avance correctement.
COM-03939,CLOUD-3399,user0015,2025-11-05,Le client demande une modification.
COM-03940,CLOUD-4236,user0014,2026-01-14,Le problème est reproduit en environnement de test.
COM-03941,ECOM-1826,user0020,2026-06-29,Le problème semble corrigé.
COM-03942,CLOUD-3472,user0013,2025-11-05,Le client demande une modification.
COM-03943,MOB-707,user0024,2026-01-26,Le problème est reproduit en environnement de test.
COM-03944,CRM-830,user0014,2026-09-13,Le problème semble corrigé.
COM-03945,DATA-3451,user0031,2026-01-13,Le client demande une modification.
COM-03946,DATA-777,user0042,2026-01-22,Besoin de plus d'informations.
COM-03947,SEC-934,user0017,2026-02-02,Le client demande une modification.
COM-03948,SEC-4222,user0023,2026-04-07,Tests complémentaires nécessaires.
COM-03949,SEC-65,user0030,2026-03-28,Il faut vérifier ce comportement.
COM-03950,BI-2001,user0036,2026-02-24,Le client demande une modification.
COM-03951,CRM-2732,user0026,2026-02-17,Le problème semble corrigé.
COM-03952,CRM-2304,user0024,2025-09-19,Le problème semble corrigé.
COM-03953,BANK-3102,user0006,2026-08-19,Attention au délai prévu.
COM-03954,BANK-1310,user0018,2026-04-24,Le problème semble corrigé.
COM-03955,PORTAL-2247,user0050,2025-11-29,Correction proposée dans la prochaine version.
COM-03956,ECOM-4515,user0033,2025-10-10,Tests complémentaires nécessaires.
COM-03957,ECOM-1783,user0047,2026-05-31,Correction proposée dans la prochaine version.
COM-03958,PORTAL-339,user0042,2026-05-15,Le client demande une modification.
COM-03959,ECOM-2338,user0037,2026-08-30,Le problème semble corrigé.
COM-03960,DATA-555,user0047,2026-02-08,Le problème semble corrigé.
COM-03961,MOB-2610,user0034,2025-11-03,Il faut vérifier ce comportement.
COM-03962,CRM-1162,user0014,2026-06-21,Le problème semble corrigé.
COM-03963,BI-3210,user0030,2026-01-09,Correction proposée dans la prochaine version.
COM-03964,ERP-4862,user0030,2025-10-29,Tests complémentaires nécessaires.
COM-03965,MOB-3159,user0002,2026-02-07,Le développement avance correctement.
COM-03966,ERP-4314,user0027,2025-11-12,Le développement avance correctement.
COM-03967,BI-3987,user0034,2026-04-04,Le développement avance correctement.
COM-03968,MOB-2379,user0037,2026-06-26,Tests complémentaires nécessaires.
COM-03969,CRM-295,user0014,2026-05-30,Correction proposée dans la prochaine version.
COM-03970,BANK-1334,user0048,2025-12-01,Attention au délai prévu.
COM-03971,SEC-1608,user0007,2026-08-17,Le problème est reproduit en environnement de test.
COM-03972,PORTAL-2723,user0042,2025-11-10,Il faut vérifier ce comportement.
COM-03973,SEC-3836,user0029,2026-06-24,Attention au délai prévu.
COM-03974,ECOM-4891,user0034,2025-11-20,Correction proposée dans la prochaine version.
COM-03975,DATA-3332,user0031,2026-04-28,Il faut vérifier ce comportement.
COM-03976,BI-1961,user0037,2025-12-12,Le développement avance correctement.
COM-03977,MOB-4532,user0036,2026-01-15,La fonctionnalité est prête pour les tests.
COM-03978,CRM-460,user0034,2026-04-05,La fonctionnalité est prête pour les tests.
COM-03979,DATA-2112,user0010,2026-07-16,Le client demande une modification.
COM-03980,BANK-351,user0008,2026-01-08,Le problème est reproduit en environnement de test.
COM-03981,CRM-4137,user0012,2026-02-11,Besoin de plus d'informations.
COM-03982,MOB-1575,user0006,2026-08-04,La fonctionnalité est prête pour les tests.
COM-03983,PORTAL-2399,user0010,2026-05-03,Il faut vérifier ce comportement.
COM-03984,DATA-1074,user0023,2025-09-20,Le problème semble corrigé.
COM-03985,CRM-4355,user0030,2025-12-18,Le développement avance correctement.
COM-03986,PORTAL-3322,user0021,2025-11-04,Besoin de plus d'informations.
COM-03987,SEC-432,user0012,2026-01-11,Le client demande une modification.
COM-03988,BI-2185,user0047,2026-05-23,La fonctionnalité est prête pour les tests.
COM-03989,DATA-1229,user0004,2026-05-06,Tests complémentaires nécessaires.
COM-03990,PORTAL-4323,user0008,2026-03-23,Le client demande une modification.
COM-03991,BI-4228,user0008,2026-04-12,Le problème semble corrigé.
COM-03992,SEC-3050,user0019,2026-02-06,Le problème semble corrigé.
COM-03993,BANK-404,user0042,2025-11-27,La fonctionnalité est prête pour les tests.
COM-03994,PORTAL-94,user0004,2026-06-15,Tests complémentaires nécessaires.
COM-03995,CRM-4243,user0022,2026-03-03,Il faut vérifier ce comportement.
COM-03996,DATA-3536,user0033,2026-04-19,La fonctionnalité est prête pour les tests.
COM-03997,ERP-126,user0021,2026-08-02,Le problème est reproduit en environnement de test.
COM-03998,CLOUD-4686,user0016,2026-05-25,La fonctionnalité est prête pour les tests.
COM-03999,ERP-2091,user0008,2026-04-04,Le développement avance correctement.
COM-04000,CLOUD-3713,user0015,2025-12-08,Besoin de plus d'informations.
COM-04001,PORTAL-1227,user0004,2026-05-29,Le problème semble corrigé.
COM-04002,BANK-4176,user0009,2025-12-29,Le problème est reproduit en environnement de test.
COM-04003,CLOUD-2916,user0029,2026-05-23,Le client demande une modification.
COM-04004,SEC-3191,user0021,2026-04-22,Le client demande une modification.
COM-04005,MOB-2073,user0034,2025-10-09,Le développement avance correctement.
COM-04006,ERP-3529,user0013,2026-06-11,Le client demande une modification.
COM-04007,SEC-2423,user0048,2025-11-14,Attention au délai prévu.
COM-04008,SEC-4201,user0003,2026-03-17,Le problème est reproduit en environnement de test.
COM-04009,SEC-1952,user0019,2026-04-23,Le développement avance correctement.
COM-04010,SEC-4004,user0002,2025-09-14,Le problème est reproduit en environnement de test.
COM-04011,ERP-3368,user0042,2025-11-26,Besoin de plus d'informations.
COM-04012,PORTAL-1105,user0049,2026-08-26,Attention au délai prévu.
COM-04013,CLOUD-340,user0007,2025-09-25,Le problème semble corrigé.
COM-04014,BI-4377,user0049,2026-06-19,Le développement avance correctement.
COM-04015,ECOM-1925,user0034,2026-01-04,Il faut vérifier ce comportement.
COM-04016,DATA-2384,user0021,2026-05-12,Tests complémentaires nécessaires.
COM-04017,BANK-106,user0039,2026-06-30,Besoin de plus d'informations.
COM-04018,BANK-106,user0030,2026-07-17,Le problème semble corrigé.
COM-04019,BI-1184,user0019,2025-12-02,Le problème semble corrigé.
COM-04020,MOB-668,user0019,2026-06-20,Tests complémentaires nécessaires.
COM-04021,PORTAL-2399,user0019,2025-11-11,Il faut vérifier ce comportement.
COM-04022,CRM-597,user0008,2026-08-09,Attention au délai prévu.
COM-04023,BANK-2146,user0037,2026-06-14,Attention au délai prévu.
COM-04024,ERP-2050,user0041,2026-09-13,Tests complémentaires nécessaires.
COM-04025,MOB-2299,user0042,2026-02-26,Le problème semble corrigé.
COM-04026,CLOUD-4741,user0043,2026-02-03,Besoin de plus d'informations.
COM-04027,PORTAL-339,user0039,2025-11-24,Attention au délai prévu.
COM-04028,ECOM-2486,user0037,2026-06-13,Attention au délai prévu.
COM-04029,BANK-2641,user0017,2026-06-10,La fonctionnalité est prête pour les tests.
COM-04030,ECOM-441,user0004,2026-01-10,Le développement avance correctement.
COM-04031,ERP-4152,user0002,2026-08-14,Besoin de plus d'informations.
COM-04032,MOB-1985,user0024,2026-02-24,Le développement avance correctement.
COM-04033,BANK-755,user0022,2026-03-03,Correction proposée dans la prochaine version.
COM-04034,CLOUD-2268,user0034,2025-09-26,Le client demande une modification.
COM-04035,BANK-1145,user0038,2026-09-13,Le problème semble corrigé.
COM-04036,BI-540,user0020,2025-11-18,Le problème semble corrigé.
COM-04037,CLOUD-4771,user0032,2025-12-24,Le problème semble corrigé.
COM-04038,PORTAL-1852,user0038,2025-12-14,Le développement avance correctement.
COM-04039,CRM-25,user0038,2026-06-07,Le développement avance correctement.
COM-04040,BI-3791,user0008,2025-11-01,Besoin de plus d'informations.
COM-04041,ERP-276,user0009,2026-03-30,Tests complémentaires nécessaires.
COM-04042,ERP-205,user0012,2025-11-25,Le problème semble corrigé.
COM-04043,CLOUD-311,user0044,2026-07-08,Il faut vérifier ce comportement.
COM-04044,CRM-1833,user0016,2025-12-28,Le problème est reproduit en environnement de test.
COM-04045,BI-3908,user0034,2026-01-12,Le développement avance correctement.
COM-04046,ERP-4986,user0008,2025-11-26,Il faut vérifier ce comportement.
COM-04047,MOB-4650,user0007,2026-09-07,Le client demande une modification.
COM-04048,ECOM-4191,user0036,2025-12-28,Correction proposée dans la prochaine version.
COM-04049,CRM-3796,user0032,2026-02-04,Correction proposée dans la prochaine version.
COM-04050,SEC-2858,user0028,2025-11-29,Besoin de plus d'informations.
COM-04051,PORTAL-580,user0040,2026-01-31,Le client demande une modification.
COM-04052,ECOM-4956,user0042,2026-05-06,La fonctionnalité est prête pour les tests.
COM-04053,CRM-2765,user0027,2025-11-22,Le problème semble corrigé.
COM-04054,CRM-1500,user0006,2026-03-22,Le développement avance correctement.
COM-04055,ERP-3376,user0039,2026-03-26,Le développement avance correctement.
COM-04056,CRM-4390,user0035,2026-07-25,Le client demande une modification.
COM-04057,CLOUD-215,user0013,2026-02-26,Le problème semble corrigé.
COM-04058,BI-4053,user0021,2026-08-12,Correction proposée dans la prochaine version.
COM-04059,BANK-2973,user0037,2026-07-21,Attention au délai prévu.
COM-04060,DATA-3090,user0010,2026-07-01,Correction proposée dans la prochaine version.
COM-04061,PORTAL-2585,user0020,2025-11-14,Attention au délai prévu.
COM-04062,ECOM-3652,user0049,2026-03-18,Tests complémentaires nécessaires.
COM-04063,PORTAL-2920,user0015,2026-02-05,Le problème semble corrigé.
COM-04064,CLOUD-1670,user0029,2026-08-13,Besoin de plus d'informations.
COM-04065,MOB-4865,user0009,2025-11-13,Tests complémentaires nécessaires.
COM-04066,CLOUD-2728,user0031,2025-09-15,Le client demande une modification.
COM-04067,CRM-300,user0049,2026-06-16,La fonctionnalité est prête pour les tests.
COM-04068,MOB-3669,user0038,2025-11-26,Correction proposée dans la prochaine version.
COM-04069,MOB-3751,user0025,2025-10-01,Le développement avance correctement.
COM-04070,ERP-1209,user0036,2025-10-06,Le problème semble corrigé.
COM-04071,MOB-3062,user0024,2026-08-03,Le problème est reproduit en environnement de test.
COM-04072,ECOM-4828,user0049,2026-04-15,Le problème semble corrigé.
COM-04073,SEC-167,user0003,2026-03-15,Le problème est reproduit en environnement de test.
COM-04074,PORTAL-2093,user0026,2025-11-12,Il faut vérifier ce comportement.
COM-04075,MOB-2372,user0005,2026-07-03,Le problème est reproduit en environnement de test.
COM-04076,ERP-1048,user0022,2026-07-28,Le problème semble corrigé.
COM-04077,PORTAL-64,user0017,2025-12-11,Le problème semble corrigé.
COM-04078,CRM-2155,user0037,2026-08-24,La fonctionnalité est prête pour les tests.
COM-04079,DATA-931,user0008,2026-09-02,Le développement avance correctement.
COM-04080,BI-2966,user0024,2025-10-25,Tests complémentaires nécessaires.
COM-04081,BI-3231,user0032,2026-03-06,Le problème est reproduit en environnement de test.
COM-04082,BI-4252,user0031,2026-06-25,Le problème semble corrigé.
COM-04083,ERP-2119,user0005,2026-06-06,Le problème semble corrigé.
COM-04084,CLOUD-2967,user0025,2026-03-08,Besoin de plus d'informations.
COM-04085,ECOM-4350,user0033,2025-12-24,Attention au délai prévu.
COM-04086,ERP-1763,user0012,2026-07-21,Il faut vérifier ce comportement.
COM-04087,SEC-3173,user0011,2025-09-20,Correction proposée dans la prochaine version.
COM-04088,DATA-4796,user0009,2026-02-14,Attention au délai prévu.
COM-04089,CRM-2898,user0042,2025-11-23,Besoin de plus d'informations.
COM-04090,BI-1514,user0049,2026-05-04,Le client demande une modification.
COM-04091,CRM-2100,user0017,2026-03-23,Correction proposée dans la prochaine version.
COM-04092,BI-4166,user0004,2026-06-14,Besoin de plus d'informations.
COM-04093,BI-3647,user0019,2025-11-02,Le client demande une modification.
COM-04094,ECOM-1482,user0006,2025-11-19,Le client demande une modification.
COM-04095,ERP-4894,user0022,2026-04-05,Le développement avance correctement.
COM-04096,BI-2518,user0044,2026-03-16,Besoin de plus d'informations.
COM-04097,BANK-4954,user0017,2026-09-11,Besoin de plus d'informations.
COM-04098,BI-3351,user0019,2025-11-29,Le client demande une modification.
COM-04099,MOB-806,user0023,2026-04-17,Le développement avance correctement.
COM-04100,ECOM-3974,user0040,2026-06-15,La fonctionnalité est prête pour les tests.
COM-04101,PORTAL-4263,user0021,2025-12-24,Correction proposée dans la prochaine version.
COM-04102,BI-1184,user0028,2026-01-21,Attention au délai prévu.
COM-04103,BI-1064,user0023,2026-09-06,Le problème est reproduit en environnement de test.
COM-04104,BANK-4556,user0031,2025-10-12,Il faut vérifier ce comportement.
COM-04105,CLOUD-3513,user0039,2025-10-25,Le client demande une modification.
COM-04106,CLOUD-2117,user0017,2026-02-08,Le problème est reproduit en environnement de test.
COM-04107,MOB-2111,user0039,2025-10-16,Le problème semble corrigé.
COM-04108,MOB-3960,user0037,2025-12-25,Attention au délai prévu.
COM-04109,PORTAL-1938,user0022,2025-10-25,Besoin de plus d'informations.
COM-04110,CLOUD-4236,user0019,2025-12-03,Attention au délai prévu.
COM-04111,ERP-524,user0007,2026-08-27,Correction proposée dans la prochaine version.
COM-04112,DATA-4342,user0017,2026-09-12,La fonctionnalité est prête pour les tests.
COM-04113,SEC-724,user0046,2026-07-26,Correction proposée dans la prochaine version.
COM-04114,ECOM-45,user0048,2026-09-03,Le problème est reproduit en environnement de test.
COM-04115,DATA-4945,user0043,2026-07-30,Tests complémentaires nécessaires.
COM-04116,MOB-4717,user0002,2026-06-15,Correction proposée dans la prochaine version.
COM-04117,PORTAL-199,user0014,2026-01-20,Besoin de plus d'informations.
COM-04118,CRM-1100,user0002,2026-05-07,Tests complémentaires nécessaires.
COM-04119,PORTAL-2989,user0027,2026-05-31,Le problème est reproduit en environnement de test.
COM-04120,PORTAL-2847,user0002,2026-03-18,La fonctionnalité est prête pour les tests.
COM-04121,ECOM-4079,user0024,2026-02-27,Le problème est reproduit en environnement de test.
COM-04122,CLOUD-944,user0017,2026-02-02,Tests complémentaires nécessaires.
COM-04123,BI-3924,user0017,2026-08-25,Le problème est reproduit en environnement de test.
COM-04124,CLOUD-515,user0004,2026-02-08,Attention au délai prévu.
COM-04125,SEC-3489,user0018,2026-04-07,Attention au délai prévu.
COM-04126,BANK-3830,user0028,2026-04-03,Correction proposée dans la prochaine version.
COM-04127,BI-3593,user0026,2026-03-28,Le développement avance correctement.
COM-04128,BI-3840,user0025,2026-04-19,Le développement avance correctement.
COM-04129,BI-3550,user0045,2026-06-08,Tests complémentaires nécessaires.
COM-04130,PORTAL-2400,user0009,2025-12-03,Le développement avance correctement.
COM-04131,MOB-1091,user0010,2025-12-05,Le problème est reproduit en environnement de test.
COM-04132,MOB-2825,user0035,2026-08-06,Le problème semble corrigé.
COM-04133,BI-3021,user0009,2026-07-16,Correction proposée dans la prochaine version.
COM-04134,ECOM-4555,user0018,2026-05-14,Il faut vérifier ce comportement.
COM-04135,ECOM-3083,user0046,2026-08-31,Le client demande une modification.
COM-04136,CRM-4616,user0029,2025-11-09,Tests complémentaires nécessaires.
COM-04137,DATA-4520,user0042,2026-03-07,Le client demande une modification.
COM-04138,MOB-3934,user0041,2026-05-18,Le client demande une modification.
COM-04139,CLOUD-234,user0008,2026-01-11,Le problème semble corrigé.
COM-04140,MOB-501,user0031,2025-10-15,Attention au délai prévu.
COM-04141,BI-4266,user0008,2026-08-19,Correction proposée dans la prochaine version.
COM-04142,BI-160,user0045,2025-10-18,Il faut vérifier ce comportement.
COM-04143,ERP-35,user0015,2025-10-08,La fonctionnalité est prête pour les tests.
COM-04144,MOB-3185,user0044,2025-11-20,Il faut vérifier ce comportement.
COM-04145,BI-2156,user0039,2026-01-20,Le client demande une modification.
COM-04146,ERP-4933,user0011,2026-07-20,Correction proposée dans la prochaine version.
COM-04147,CRM-3266,user0008,2026-01-05,Il faut vérifier ce comportement.
COM-04148,SEC-3486,user0030,2026-08-25,Besoin de plus d'informations.
COM-04149,PORTAL-2129,user0029,2026-07-27,Besoin de plus d'informations.
COM-04150,BANK-1709,user0005,2025-11-09,Correction proposée dans la prochaine version.
COM-04151,SEC-1757,user0018,2026-03-18,Il faut vérifier ce comportement.
COM-04152,DATA-847,user0031,2026-08-24,Le développement avance correctement.
COM-04153,CLOUD-1200,user0030,2026-07-06,Le problème est reproduit en environnement de test.
COM-04154,BI-4632,user0047,2026-08-18,Correction proposée dans la prochaine version.
COM-04155,BANK-2726,user0047,2025-11-22,La fonctionnalité est prête pour les tests.
COM-04156,CRM-4674,user0031,2026-09-07,Correction proposée dans la prochaine version.
COM-04157,PORTAL-1268,user0050,2026-01-12,Le problème semble corrigé.
COM-04158,DATA-3255,user0036,2025-12-04,Besoin de plus d'informations.
COM-04159,BANK-530,user0031,2026-08-21,Besoin de plus d'informations.
COM-04160,SEC-2567,user0049,2026-09-07,Le développement avance correctement.
COM-04161,SEC-1508,user0018,2026-07-05,Le problème semble corrigé.
COM-04162,BI-1588,user0039,2026-02-10,Tests complémentaires nécessaires.
COM-04163,CRM-945,user0010,2026-03-10,Le développement avance correctement.
COM-04164,BANK-3276,user0043,2026-03-16,Il faut vérifier ce comportement.
COM-04165,BI-2766,user0022,2026-03-13,Tests complémentaires nécessaires.
COM-04166,CRM-4234,user0038,2025-11-04,Le problème est reproduit en environnement de test.
COM-04167,PORTAL-4304,user0014,2026-09-03,Besoin de plus d'informations.
COM-04168,ERP-3822,user0023,2026-01-23,Le problème est reproduit en environnement de test.
COM-04169,ERP-1226,user0013,2025-12-09,La fonctionnalité est prête pour les tests.
COM-04170,CRM-3095,user0023,2026-05-21,La fonctionnalité est prête pour les tests.
COM-04171,MOB-667,user0047,2026-03-25,La fonctionnalité est prête pour les tests.
COM-04172,CLOUD-1008,user0037,2026-08-02,Le problème est reproduit en environnement de test.
COM-04173,ERP-4060,user0042,2025-10-29,La fonctionnalité est prête pour les tests.
COM-04174,CLOUD-2302,user0007,2026-02-02,Le développement avance correctement.
COM-04175,ECOM-3454,user0032,2026-02-24,La fonctionnalité est prête pour les tests.
COM-04176,MOB-4212,user0023,2026-08-16,Le problème semble corrigé.
COM-04177,ERP-4349,user0049,2025-11-05,Correction proposée dans la prochaine version.
COM-04178,CRM-2250,user0025,2025-12-18,Le problème est reproduit en environnement de test.
COM-04179,CLOUD-2686,user0045,2026-04-29,Le problème semble corrigé.
COM-04180,MOB-420,user0019,2025-10-18,Il faut vérifier ce comportement.
COM-04181,ERP-4781,user0050,2026-06-02,Il faut vérifier ce comportement.
COM-04182,BI-561,user0008,2026-06-20,Attention au délai prévu.
COM-04183,CLOUD-4132,user0036,2025-11-21,Le développement avance correctement.
COM-04184,BANK-1495,user0050,2026-05-30,Le problème semble corrigé.
COM-04185,BANK-957,user0012,2026-01-13,La fonctionnalité est prête pour les tests.
COM-04186,ERP-4793,user0023,2026-08-09,Le client demande une modification.
COM-04187,CRM-1398,user0024,2025-10-20,Le développement avance correctement.
COM-04188,ERP-2232,user0041,2025-11-16,Correction proposée dans la prochaine version.
COM-04189,ERP-2461,user0019,2025-12-09,Le problème est reproduit en environnement de test.
COM-04190,CLOUD-3478,user0043,2026-05-12,Le problème est reproduit en environnement de test.
COM-04191,CRM-188,user0018,2025-12-06,Besoin de plus d'informations.
COM-04192,MOB-744,user0047,2026-02-15,Le client demande une modification.
COM-04193,CLOUD-4408,user0037,2026-04-01,Le développement avance correctement.
COM-04194,PORTAL-4162,user0003,2025-09-28,Le client demande une modification.
COM-04195,BI-4779,user0020,2026-07-29,Besoin de plus d'informations.
COM-04196,PORTAL-4813,user0024,2026-05-19,Correction proposée dans la prochaine version.
COM-04197,BANK-2435,user0015,2026-03-12,Correction proposée dans la prochaine version.
COM-04198,CLOUD-442,user0025,2025-11-07,Attention au délai prévu.
COM-04199,BI-3462,user0026,2025-10-19,Le développement avance correctement.
COM-04200,DATA-2269,user0022,2025-11-29,Le problème est reproduit en environnement de test.
COM-04201,CLOUD-1893,user0027,2026-04-05,Tests complémentaires nécessaires.
COM-04202,DATA-1104,user0014,2025-12-14,Le problème semble corrigé.
COM-04203,DATA-1324,user0049,2026-06-12,Le problème est reproduit en environnement de test.
COM-04204,SEC-301,user0024,2026-08-22,Le développement avance correctement.
COM-04205,DATA-1497,user0023,2025-10-23,Le problème semble corrigé.
COM-04206,PORTAL-504,user0010,2026-01-26,Le problème semble corrigé.
COM-04207,CLOUD-2148,user0028,2025-12-17,Le problème semble corrigé.
COM-04208,BANK-1596,user0002,2026-08-05,La fonctionnalité est prête pour les tests.
COM-04209,BI-1894,user0031,2025-11-25,Le problème semble corrigé.
COM-04210,BI-2540,user0002,2026-05-12,Tests complémentaires nécessaires.
COM-04211,BANK-4306,user0028,2026-05-03,Attention au délai prévu.
COM-04212,PORTAL-4136,user0008,2026-08-19,Tests complémentaires nécessaires.
COM-04213,MOB-4381,user0025,2025-11-18,Le client demande une modification.
COM-04214,SEC-4281,user0050,2026-08-22,Attention au délai prévu.
COM-04215,DATA-2287,user0043,2026-07-18,Attention au délai prévu.
COM-04216,MOB-3556,user0021,2025-09-22,Tests complémentaires nécessaires.
COM-04217,DATA-1633,user0024,2025-09-24,Le problème est reproduit en environnement de test.
COM-04218,DATA-2035,user0034,2026-05-31,La fonctionnalité est prête pour les tests.
COM-04219,ERP-3952,user0046,2026-08-24,Il faut vérifier ce comportement.
COM-04220,ERP-1335,user0008,2026-06-01,Le problème est reproduit en environnement de test.
COM-04221,ECOM-1314,user0043,2025-12-26,Besoin de plus d'informations.
COM-04222,DATA-47,user0008,2026-08-20,Il faut vérifier ce comportement.
COM-04223,CLOUD-4675,user0009,2026-06-21,Correction proposée dans la prochaine version.
COM-04224,BANK-2779,user0029,2026-07-17,Correction proposée dans la prochaine version.
COM-04225,ERP-3976,user0043,2025-10-23,Correction proposée dans la prochaine version.
COM-04226,ECOM-4891,user0015,2026-08-29,Le problème est reproduit en environnement de test.
COM-04227,ERP-3040,user0049,2025-09-28,Le développement avance correctement.
COM-04228,CLOUD-608,user0039,2026-01-15,Le problème est reproduit en environnement de test.
COM-04229,ERP-1292,user0031,2026-02-18,Il faut vérifier ce comportement.
COM-04230,PORTAL-4709,user0028,2026-01-22,Besoin de plus d'informations.
COM-04231,BANK-109,user0015,2026-07-23,Il faut vérifier ce comportement.
COM-04232,BANK-102,user0021,2026-05-21,Correction proposée dans la prochaine version.
COM-04233,BI-4049,user0008,2025-10-15,Le problème semble corrigé.
COM-04234,ECOM-285,user0038,2026-02-04,Le problème semble corrigé.
COM-04235,BI-1208,user0002,2026-05-22,La fonctionnalité est prête pour les tests.
COM-04236,PORTAL-2030,user0043,2026-07-14,Correction proposée dans la prochaine version.
COM-04237,PORTAL-3747,user0044,2026-08-08,Besoin de plus d'informations.
COM-04238,ERP-2751,user0015,2025-10-08,Il faut vérifier ce comportement.
COM-04239,BI-1273,user0034,2026-04-25,Le client demande une modification.
COM-04240,DATA-3661,user0048,2026-05-25,Tests complémentaires nécessaires.
COM-04241,MOB-2072,user0016,2026-01-02,Correction proposée dans la prochaine version.
COM-04242,CLOUD-677,user0024,2026-01-30,Le problème est reproduit en environnement de test.
COM-04243,PORTAL-660,user0026,2026-09-12,Attention au délai prévu.
COM-04244,CRM-2108,user0044,2025-11-12,Le client demande une modification.
COM-04245,SEC-2342,user0022,2025-12-08,Le développement avance correctement.
COM-04246,DATA-3819,user0044,2026-02-14,Le client demande une modification.
COM-04247,PORTAL-1531,user0005,2026-07-18,Besoin de plus d'informations.
COM-04248,CRM-4234,user0032,2026-06-05,Le problème semble corrigé.
COM-04249,MOB-1859,user0002,2026-04-09,Le développement avance correctement.
COM-04250,BANK-2822,user0031,2026-09-11,La fonctionnalité est prête pour les tests.
COM-04251,CLOUD-1404,user0022,2026-03-28,Besoin de plus d'informations.
COM-04252,SEC-3013,user0044,2025-12-20,Le problème semble corrigé.
COM-04253,SEC-1568,user0025,2026-01-12,Le client demande une modification.
COM-04254,PORTAL-4959,user0044,2026-02-27,Le problème est reproduit en environnement de test.
COM-04255,ERP-4550,user0046,2026-01-06,Tests complémentaires nécessaires.
COM-04256,ECOM-3253,user0026,2025-09-26,Le problème semble corrigé.
COM-04257,SEC-639,user0001,2026-06-29,Attention au délai prévu.
COM-04258,MOB-1876,user0001,2025-10-26,Le développement avance correctement.
COM-04259,MOB-3940,user0044,2026-03-05,Le problème est reproduit en environnement de test.
COM-04260,MOB-794,user0036,2026-01-06,Le problème est reproduit en environnement de test.
COM-04261,ERP-3233,user0045,2026-07-22,La fonctionnalité est prête pour les tests.
COM-04262,ECOM-2024,user0047,2025-09-29,La fonctionnalité est prête pour les tests.
COM-04263,BI-1865,user0035,2026-05-12,Le problème est reproduit en environnement de test.
COM-04264,ECOM-946,user0034,2026-09-01,Il faut vérifier ce comportement.
COM-04265,CLOUD-232,user0035,2025-09-23,Le problème semble corrigé.
COM-04266,BI-3346,user0049,2025-11-26,Le client demande une modification.
COM-04267,PORTAL-1115,user0040,2025-11-16,Le client demande une modification.
COM-04268,MOB-1910,user0012,2026-02-09,Il faut vérifier ce comportement.
COM-04269,CRM-2164,user0030,2026-08-24,Le client demande une modification.
COM-04270,CLOUD-4740,user0015,2025-11-10,La fonctionnalité est prête pour les tests.
COM-04271,ECOM-2083,user0037,2026-04-29,Le client demande une modification.
COM-04272,DATA-952,user0001,2025-12-19,Tests complémentaires nécessaires.
COM-04273,CRM-4061,user0048,2026-08-20,La fonctionnalité est prête pour les tests.
COM-04274,DATA-4229,user0031,2026-05-11,Besoin de plus d'informations.
COM-04275,ECOM-3563,user0042,2026-07-24,Tests complémentaires nécessaires.
COM-04276,MOB-4310,user0031,2025-09-22,Tests complémentaires nécessaires.
COM-04277,CLOUD-3244,user0002,2026-05-17,Le problème semble corrigé.
COM-04278,DATA-3661,user0004,2026-06-08,Tests complémentaires nécessaires.
COM-04279,CLOUD-4830,user0040,2025-12-15,Correction proposée dans la prochaine version.
COM-04280,CRM-3005,user0018,2026-01-10,Le problème est reproduit en environnement de test.
COM-04281,CRM-3707,user0028,2026-08-16,Le problème est reproduit en environnement de test.
COM-04282,SEC-4932,user0014,2025-12-20,Il faut vérifier ce comportement.
COM-04283,CRM-3805,user0041,2026-01-16,Besoin de plus d'informations.
COM-04284,CRM-294,user0032,2026-06-15,Besoin de plus d'informations.
COM-04285,BI-1066,user0016,2025-10-24,Le développement avance correctement.
COM-04286,CLOUD-3520,user0028,2025-12-12,Tests complémentaires nécessaires.
COM-04287,PORTAL-2407,user0007,2026-04-12,Attention au délai prévu.
COM-04288,CRM-1524,user0003,2026-05-04,Correction proposée dans la prochaine version.
COM-04289,DATA-920,user0023,2026-01-20,Tests complémentaires nécessaires.
COM-04290,MOB-1015,user0022,2025-09-21,Besoin de plus d'informations.
COM-04291,DATA-1603,user0007,2026-08-05,Le client demande une modification.
COM-04292,BI-1543,user0002,2026-09-01,La fonctionnalité est prête pour les tests.
COM-04293,ERP-4970,user0026,2026-06-15,Il faut vérifier ce comportement.
COM-04294,SEC-3164,user0002,2026-04-30,La fonctionnalité est prête pour les tests.
COM-04295,BANK-218,user0024,2026-07-06,Le développement avance correctement.
COM-04296,ECOM-2024,user0022,2025-12-24,Il faut vérifier ce comportement.
COM-04297,CRM-4233,user0014,2026-08-08,Le problème semble corrigé.
COM-04298,SEC-3283,user0003,2026-08-24,Le client demande une modification.
COM-04299,MOB-147,user0002,2025-12-14,Le problème semble corrigé.
COM-04300,BI-888,user0037,2025-09-19,Le problème semble corrigé.
COM-04301,MOB-1118,user0011,2026-04-06,Le problème est reproduit en environnement de test.
COM-04302,SEC-4473,user0049,2025-10-03,Correction proposée dans la prochaine version.
COM-04303,DATA-1190,user0036,2026-09-05,Le développement avance correctement.
COM-04304,MOB-91,user0026,2026-05-12,La fonctionnalité est prête pour les tests.
COM-04305,SEC-2874,user0025,2026-06-26,Le client demande une modification.
COM-04306,MOB-1370,user0018,2025-11-20,La fonctionnalité est prête pour les tests.
COM-04307,SEC-4339,user0005,2025-10-19,Tests complémentaires nécessaires.
COM-04308,MOB-3712,user0011,2026-08-17,Correction proposée dans la prochaine version.
COM-04309,ERP-4621,user0026,2025-11-14,Il faut vérifier ce comportement.
COM-04310,BANK-1194,user0019,2026-07-15,Le problème est reproduit en environnement de test.
COM-04311,CRM-1056,user0042,2025-12-27,Le problème est reproduit en environnement de test.
COM-04312,ERP-3584,user0007,2026-08-31,Attention au délai prévu.
COM-04313,ECOM-3589,user0016,2025-11-29,Correction proposée dans la prochaine version.
COM-04314,DATA-3251,user0050,2026-03-25,Attention au délai prévu.
COM-04315,CLOUD-358,user0024,2026-08-02,Correction proposée dans la prochaine version.
COM-04316,CRM-4271,user0050,2026-04-13,Tests complémentaires nécessaires.
COM-04317,PORTAL-2297,user0017,2026-03-09,La fonctionnalité est prête pour les tests.
COM-04318,BI-1363,user0019,2025-10-04,Tests complémentaires nécessaires.
COM-04319,BANK-139,user0041,2026-05-01,La fonctionnalité est prête pour les tests.
COM-04320,BI-2395,user0047,2025-10-18,Il faut vérifier ce comportement.
COM-04321,BI-1800,user0011,2026-03-10,Correction proposée dans la prochaine version.
COM-04322,SEC-3684,user0006,2025-09-24,La fonctionnalité est prête pour les tests.
COM-04323,PORTAL-1983,user0024,2025-12-23,Besoin de plus d'informations.
COM-04324,ERP-4879,user0022,2025-09-22,Correction proposée dans la prochaine version.
COM-04325,BI-4977,user0045,2026-06-04,Le client demande une modification.
COM-04326,ECOM-2762,user0042,2026-06-06,La fonctionnalité est prête pour les tests.
COM-04327,MOB-4949,user0009,2025-11-20,Le problème semble corrigé.
COM-04328,ERP-889,user0047,2026-03-14,La fonctionnalité est prête pour les tests.
COM-04329,BI-848,user0050,2025-09-19,La fonctionnalité est prête pour les tests.
COM-04330,MOB-2548,user0031,2026-03-14,Correction proposée dans la prochaine version.
COM-04331,ECOM-3126,user0024,2026-04-07,Correction proposée dans la prochaine version.
COM-04332,SEC-724,user0037,2026-02-04,Correction proposée dans la prochaine version.
COM-04333,MOB-1607,user0026,2026-04-05,Attention au délai prévu.
COM-04334,CRM-2782,user0010,2025-10-24,Le développement avance correctement.
COM-04335,PORTAL-1962,user0021,2026-04-02,Le client demande une modification.
COM-04336,MOB-3326,user0006,2026-01-08,Le problème est reproduit en environnement de test.
COM-04337,PORTAL-4218,user0001,2025-10-11,La fonctionnalité est prête pour les tests.
COM-04338,ECOM-2503,user0016,2026-06-21,Tests complémentaires nécessaires.
COM-04339,BI-823,user0014,2026-03-31,Le problème est reproduit en environnement de test.
COM-04340,ERP-1285,user0024,2025-12-02,La fonctionnalité est prête pour les tests.
COM-04341,SEC-3471,user0049,2025-10-17,Le développement avance correctement.
COM-04342,ECOM-401,user0007,2026-04-13,Le développement avance correctement.
COM-04343,DATA-924,user0019,2026-08-30,La fonctionnalité est prête pour les tests.
COM-04344,ERP-2510,user0031,2026-06-23,Le problème semble corrigé.
COM-04345,CRM-1950,user0028,2026-07-21,Le client demande une modification.
COM-04346,ECOM-1823,user0030,2025-11-24,Le client demande une modification.
COM-04347,BI-4166,user0049,2025-10-11,Le problème est reproduit en environnement de test.
COM-04348,SEC-3303,user0009,2026-04-28,Correction proposée dans la prochaine version.
COM-04349,PORTAL-1198,user0037,2026-07-16,Le problème semble corrigé.
COM-04350,ECOM-3360,user0045,2026-04-07,Il faut vérifier ce comportement.
COM-04351,MOB-4570,user0048,2025-12-19,Le problème semble corrigé.
COM-04352,PORTAL-548,user0033,2026-07-16,Attention au délai prévu.
COM-04353,CRM-1618,user0023,2025-12-03,Tests complémentaires nécessaires.
COM-04354,CLOUD-601,user0010,2025-10-24,Le client demande une modification.
COM-04355,ERP-3592,user0001,2025-12-08,Le client demande une modification.
COM-04356,MOB-1575,user0007,2025-11-06,Le problème est reproduit en environnement de test.
COM-04357,ERP-2106,user0003,2026-07-25,Le problème est reproduit en environnement de test.
COM-04358,CRM-599,user0019,2026-06-09,Le développement avance correctement.
COM-04359,CLOUD-4771,user0007,2026-08-07,Le client demande une modification.
COM-04360,SEC-4816,user0046,2026-04-05,Le problème est reproduit en environnement de test.
COM-04361,ERP-759,user0017,2026-06-04,Il faut vérifier ce comportement.
COM-04362,BI-3588,user0007,2025-11-20,Le développement avance correctement.
COM-04363,SEC-649,user0039,2025-11-30,Il faut vérifier ce comportement.
COM-04364,ECOM-2611,user0019,2026-04-16,Le développement avance correctement.
COM-04365,BI-1348,user0010,2026-02-02,Le client demande une modification.
COM-04366,PORTAL-4457,user0047,2025-09-28,Le développement avance correctement.
COM-04367,CLOUD-3399,user0017,2026-06-29,Le problème est reproduit en environnement de test.
COM-04368,CLOUD-89,user0020,2026-03-27,Le problème semble corrigé.
COM-04369,BANK-4522,user0047,2026-09-07,Attention au délai prévu.
COM-04370,BANK-1596,user0014,2026-05-07,Le problème est reproduit en environnement de test.
COM-04371,BI-166,user0044,2025-09-14,Le développement avance correctement.
COM-04372,MOB-1529,user0028,2026-08-06,Le problème semble corrigé.
COM-04373,DATA-1785,user0038,2026-03-03,Besoin de plus d'informations.
COM-04374,ECOM-457,user0002,2026-05-11,Besoin de plus d'informations.
COM-04375,CLOUD-1558,user0018,2025-12-25,Tests complémentaires nécessaires.
COM-04376,ERP-2727,user0013,2026-02-10,Le problème semble corrigé.
COM-04377,SEC-934,user0001,2026-05-31,Il faut vérifier ce comportement.
COM-04378,ERP-1995,user0028,2026-01-08,Il faut vérifier ce comportement.
COM-04379,BI-699,user0050,2026-06-02,La fonctionnalité est prête pour les tests.
COM-04380,CRM-327,user0048,2026-08-18,Attention au délai prévu.
COM-04381,BANK-2541,user0029,2026-04-19,La fonctionnalité est prête pour les tests.
COM-04382,ECOM-3115,user0048,2026-02-27,Attention au délai prévu.
COM-04383,CLOUD-773,user0013,2026-04-18,Tests complémentaires nécessaires.
COM-04384,ERP-3411,user0005,2026-01-18,Il faut vérifier ce comportement.
COM-04385,DATA-440,user0031,2025-09-14,Attention au délai prévu.
COM-04386,CRM-2154,user0030,2026-02-17,Correction proposée dans la prochaine version.
COM-04387,CLOUD-2385,user0003,2026-06-11,Correction proposée dans la prochaine version.
COM-04388,DATA-3517,user0007,2026-02-28,Le problème semble corrigé.
COM-04389,PORTAL-2133,user0003,2026-08-06,Attention au délai prévu.
COM-04390,CLOUD-775,user0018,2026-09-06,Le problème semble corrigé.
COM-04391,PORTAL-2596,user0018,2026-05-30,Attention au délai prévu.
COM-04392,BI-267,user0004,2026-02-03,Le problème semble corrigé.
COM-04393,BI-823,user0005,2026-05-02,Le problème semble corrigé.
COM-04394,CLOUD-2370,user0026,2025-09-26,La fonctionnalité est prête pour les tests.
COM-04395,ERP-58,user0014,2026-03-24,Le problème est reproduit en environnement de test.
COM-04396,PORTAL-193,user0049,2026-02-27,Besoin de plus d'informations.
COM-04397,PORTAL-3994,user0048,2026-05-31,Le problème est reproduit en environnement de test.
COM-04398,ERP-3327,user0048,2026-04-25,Il faut vérifier ce comportement.
COM-04399,BI-2690,user0028,2026-03-20,Le problème semble corrigé.
COM-04400,BANK-2196,user0040,2026-09-12,Correction proposée dans la prochaine version.
COM-04401,MOB-1996,user0008,2026-08-05,Le client demande une modification.
COM-04402,PORTAL-3630,user0026,2026-01-09,Le problème semble corrigé.
COM-04403,MOB-2295,user0049,2025-11-27,Attention au délai prévu.
COM-04404,BI-1858,user0035,2026-07-17,Le problème semble corrigé.
COM-04405,BANK-1881,user0019,2026-08-20,Le problème semble corrigé.
COM-04406,ECOM-3454,user0042,2026-03-10,Correction proposée dans la prochaine version.
COM-04407,ECOM-231,user0005,2026-08-30,Le problème semble corrigé.
COM-04408,PORTAL-4525,user0019,2026-01-18,Le client demande une modification.
COM-04409,BANK-2726,user0045,2026-09-08,Le développement avance correctement.
COM-04410,SEC-1321,user0024,2026-03-27,Le problème est reproduit en environnement de test.
COM-04411,DATA-4605,user0018,2025-09-16,Correction proposée dans la prochaine version.
COM-04412,DATA-922,user0010,2025-11-18,Tests complémentaires nécessaires.
COM-04413,ECOM-3042,user0018,2026-08-18,Correction proposée dans la prochaine version.
COM-04414,SEC-989,user0015,2025-12-31,Le développement avance correctement.
COM-04415,DATA-1964,user0024,2026-09-09,Le problème est reproduit en environnement de test.
COM-04416,MOB-4857,user0020,2026-07-25,Besoin de plus d'informations.
COM-04417,CRM-1410,user0041,2026-02-19,Correction proposée dans la prochaine version.
COM-04418,ECOM-4715,user0002,2025-11-22,Le développement avance correctement.
COM-04419,BI-3074,user0029,2026-04-06,Le problème est reproduit en environnement de test.
COM-04420,DATA-4200,user0044,2026-05-09,Le problème est reproduit en environnement de test.
COM-04421,MOB-2658,user0011,2025-12-27,Le client demande une modification.
COM-04422,ECOM-2105,user0012,2025-11-06,Correction proposée dans la prochaine version.
COM-04423,SEC-1963,user0043,2026-05-20,Il faut vérifier ce comportement.
COM-04424,CRM-708,user0014,2026-01-18,Le problème est reproduit en environnement de test.
COM-04425,CLOUD-3710,user0031,2026-02-21,Correction proposée dans la prochaine version.
COM-04426,CRM-2271,user0009,2025-10-28,Il faut vérifier ce comportement.
COM-04427,DATA-3599,user0028,2026-03-04,Tests complémentaires nécessaires.
COM-04428,ECOM-3730,user0037,2026-09-09,Besoin de plus d'informations.
COM-04429,CRM-419,user0049,2025-09-17,Tests complémentaires nécessaires.
COM-04430,SEC-4553,user0042,2026-01-28,Le client demande une modification.
COM-04431,BANK-2988,user0011,2026-01-15,Le problème est reproduit en environnement de test.
COM-04432,BANK-245,user0022,2025-10-04,Tests complémentaires nécessaires.
COM-04433,CLOUD-3936,user0050,2025-09-20,Tests complémentaires nécessaires.
COM-04434,PORTAL-4324,user0044,2026-03-06,Le problème semble corrigé.
COM-04435,PORTAL-2273,user0043,2026-03-28,La fonctionnalité est prête pour les tests.
COM-04436,BI-2562,user0020,2026-01-18,Le problème est reproduit en environnement de test.
COM-04437,MOB-3900,user0047,2025-11-17,Correction proposée dans la prochaine version.
COM-04438,ERP-32,user0023,2026-08-19,Le problème semble corrigé.
COM-04439,MOB-904,user0027,2026-04-18,Correction proposée dans la prochaine version.
COM-04440,BANK-74,user0033,2026-01-24,Il faut vérifier ce comportement.
COM-04441,PORTAL-4265,user0015,2026-06-09,Le problème est reproduit en environnement de test.
COM-04442,BI-4288,user0008,2026-02-24,La fonctionnalité est prête pour les tests.
COM-04443,CRM-4689,user0021,2026-02-06,Besoin de plus d'informations.
COM-04444,CLOUD-1457,user0028,2025-12-22,Besoin de plus d'informations.
COM-04445,CLOUD-3513,user0043,2026-07-28,Le problème semble corrigé.
COM-04446,BI-3933,user0050,2026-09-09,Tests complémentaires nécessaires.
COM-04447,PORTAL-4500,user0030,2026-06-01,Attention au délai prévu.
COM-04448,ERP-291,user0022,2026-06-28,Tests complémentaires nécessaires.
COM-04449,CRM-745,user0046,2026-07-27,Le problème est reproduit en environnement de test.
COM-04450,DATA-3700,user0037,2026-09-09,Besoin de plus d'informations.
COM-04451,CLOUD-1129,user0033,2026-03-22,Le problème semble corrigé.
COM-04452,BANK-1183,user0017,2025-11-06,Attention au délai prévu.
COM-04453,ERP-1634,user0023,2026-08-19,Le problème semble corrigé.
COM-04454,SEC-2828,user0045,2025-12-15,Tests complémentaires nécessaires.
COM-04455,CRM-1791,user0010,2026-07-22,Il faut vérifier ce comportement.
COM-04456,MOB-483,user0040,2026-07-12,Le problème semble corrigé.
COM-04457,ERP-2714,user0023,2026-09-01,Attention au délai prévu.
COM-04458,BI-2643,user0031,2025-10-30,Attention au délai prévu.
COM-04459,ERP-4472,user0001,2026-04-20,Il faut vérifier ce comportement.
COM-04460,BANK-4073,user0035,2026-02-04,Le problème est reproduit en environnement de test.
COM-04461,DATA-4899,user0041,2026-01-15,Le problème est reproduit en environnement de test.
COM-04462,CRM-3461,user0033,2025-10-24,Le problème semble corrigé.
COM-04463,BI-4266,user0024,2026-06-28,Il faut vérifier ce comportement.
COM-04464,ERP-2902,user0023,2025-11-05,Il faut vérifier ce comportement.
COM-04465,PORTAL-4813,user0026,2025-12-06,La fonctionnalité est prête pour les tests.
COM-04466,MOB-3594,user0043,2025-09-30,Le problème semble corrigé.
COM-04467,DATA-629,user0027,2025-10-01,Tests complémentaires nécessaires.
COM-04468,ECOM-913,user0050,2025-10-02,Besoin de plus d'informations.
COM-04469,DATA-1236,user0049,2026-08-29,Correction proposée dans la prochaine version.
COM-04470,DATA-952,user0017,2026-01-18,Le développement avance correctement.
COM-04471,ERP-2169,user0008,2026-03-08,La fonctionnalité est prête pour les tests.
COM-04472,CLOUD-2019,user0023,2025-11-08,Le client demande une modification.
COM-04473,CRM-4254,user0007,2025-12-12,Correction proposée dans la prochaine version.
COM-04474,ECOM-3849,user0003,2025-10-10,Le problème est reproduit en environnement de test.
COM-04475,BI-3511,user0050,2025-09-28,Le problème semble corrigé.
COM-04476,ERP-4765,user0048,2026-08-08,Le problème est reproduit en environnement de test.
COM-04477,SEC-464,user0002,2026-04-11,La fonctionnalité est prête pour les tests.
COM-04478,MOB-4505,user0011,2026-01-01,Le développement avance correctement.
COM-04479,MOB-1984,user0023,2026-09-05,Besoin de plus d'informations.
COM-04480,ECOM-2391,user0019,2026-06-09,Il faut vérifier ce comportement.
COM-04481,BI-4328,user0007,2026-04-15,Le client demande une modification.
COM-04482,BI-3386,user0038,2025-11-26,La fonctionnalité est prête pour les tests.
COM-04483,PORTAL-373,user0031,2026-08-07,Il faut vérifier ce comportement.
COM-04484,ERP-2461,user0005,2026-05-23,La fonctionnalité est prête pour les tests.
COM-04485,ERP-4115,user0004,2025-11-05,Le client demande une modification.
COM-04486,BANK-3424,user0023,2025-12-30,Besoin de plus d'informations.
COM-04487,ECOM-1075,user0005,2025-10-17,Il faut vérifier ce comportement.
COM-04488,ERP-4523,user0029,2025-11-30,Le problème est reproduit en environnement de test.
COM-04489,MOB-4126,user0046,2025-11-03,Le problème semble corrigé.
COM-04490,PORTAL-2129,user0014,2026-05-14,La fonctionnalité est prête pour les tests.
COM-04491,MOB-3828,user0040,2026-08-31,Le développement avance correctement.
COM-04492,BI-1588,user0024,2026-02-18,Attention au délai prévu.
COM-04493,MOB-2825,user0008,2026-06-19,Il faut vérifier ce comportement.
COM-04494,CRM-3438,user0039,2026-02-26,Tests complémentaires nécessaires.
COM-04495,BANK-4105,user0028,2026-08-26,Le développement avance correctement.
COM-04496,CLOUD-4040,user0032,2026-08-16,Le problème semble corrigé.
COM-04497,ERP-2452,user0049,2026-03-05,Le développement avance correctement.
COM-04498,BI-1858,user0008,2026-07-16,Le développement avance correctement.
COM-04499,BI-3064,user0046,2026-08-04,Tests complémentaires nécessaires.
COM-04500,CLOUD-2739,user0048,2026-03-15,Correction proposée dans la prochaine version.
COM-04501,BANK-1464,user0024,2026-03-23,Le développement avance correctement.
COM-04502,SEC-4154,user0044,2026-01-01,La fonctionnalité est prête pour les tests.
COM-04503,CRM-4276,user0002,2026-07-24,Le client demande une modification.
COM-04504,MOB-1148,user0025,2025-11-19,Besoin de plus d'informations.
COM-04505,MOB-1156,user0028,2026-07-15,Tests complémentaires nécessaires.
COM-04506,BI-3403,user0025,2026-03-11,Le problème semble corrigé.
COM-04507,PORTAL-1110,user0048,2025-09-18,Le client demande une modification.
COM-04508,MOB-4851,user0018,2026-09-01,Besoin de plus d'informations.
COM-04509,CLOUD-2205,user0025,2025-12-13,Tests complémentaires nécessaires.
COM-04510,SEC-1508,user0021,2025-11-03,Tests complémentaires nécessaires.
COM-04511,MOB-3586,user0027,2025-11-14,Tests complémentaires nécessaires.
COM-04512,PORTAL-1051,user0017,2025-10-01,Attention au délai prévu.
COM-04513,BANK-2668,user0034,2026-03-01,Le client demande une modification.
COM-04514,BI-482,user0014,2026-04-18,La fonctionnalité est prête pour les tests.
COM-04515,PORTAL-1167,user0027,2026-01-29,Le problème est reproduit en environnement de test.
COM-04516,CRM-596,user0011,2026-01-13,Le développement avance correctement.
COM-04517,BANK-2366,user0001,2025-11-23,Besoin de plus d'informations.
COM-04518,BANK-4509,user0020,2026-07-12,Le client demande une modification.
COM-04519,PORTAL-1971,user0031,2026-01-02,Il faut vérifier ce comportement.
COM-04520,DATA-386,user0002,2026-06-01,Correction proposée dans la prochaine version.
COM-04521,MOB-768,user0021,2026-03-04,Correction proposée dans la prochaine version.
COM-04522,CLOUD-740,user0010,2026-04-08,Le développement avance correctement.
COM-04523,ERP-2135,user0003,2025-12-07,Le problème semble corrigé.
COM-04524,MOB-356,user0026,2025-10-07,Correction proposée dans la prochaine version.
COM-04525,BI-3677,user0026,2025-10-26,Correction proposée dans la prochaine version.
COM-04526,PORTAL-580,user0022,2025-12-07,Le problème semble corrigé.
COM-04527,BI-3406,user0039,2026-01-25,Le développement avance correctement.
COM-04528,BANK-2506,user0024,2026-05-01,Il faut vérifier ce comportement.
COM-04529,SEC-1958,user0011,2026-07-07,Tests complémentaires nécessaires.
COM-04530,ERP-1736,user0008,2026-05-26,Il faut vérifier ce comportement.
COM-04531,PORTAL-2004,user0030,2026-03-14,Il faut vérifier ce comportement.
COM-04532,MOB-4573,user0044,2025-12-10,Correction proposée dans la prochaine version.
COM-04533,BANK-2335,user0036,2025-10-21,Correction proposée dans la prochaine version.
COM-04534,CRM-294,user0033,2025-11-15,Attention au délai prévu.
COM-04535,ECOM-1977,user0031,2025-09-17,Le développement avance correctement.
COM-04536,SEC-870,user0010,2025-09-29,Attention au délai prévu.
COM-04537,BANK-4073,user0047,2026-05-11,Besoin de plus d'informations.
COM-04538,SEC-151,user0029,2026-05-27,Tests complémentaires nécessaires.
COM-04539,CLOUD-2195,user0005,2025-12-22,Le client demande une modification.
COM-04540,BANK-1053,user0034,2026-03-09,Le problème est reproduit en environnement de test.
COM-04541,PORTAL-2121,user0035,2026-04-19,Le problème semble corrigé.
COM-04542,ECOM-1977,user0006,2026-07-09,Le client demande une modification.
COM-04543,PORTAL-2247,user0044,2026-08-19,Attention au délai prévu.
COM-04544,CLOUD-4363,user0012,2026-01-29,Le développement avance correctement.
COM-04545,DATA-2194,user0002,2026-02-18,Il faut vérifier ce comportement.
COM-04546,CRM-4470,user0001,2026-01-08,Besoin de plus d'informations.
COM-04547,DATA-2294,user0039,2025-11-30,Le problème semble corrigé.
COM-04548,ERP-77,user0044,2026-03-28,Le développement avance correctement.
COM-04549,ECOM-3385,user0023,2026-08-15,Tests complémentaires nécessaires.
COM-04550,MOB-3067,user0015,2026-01-06,Le client demande une modification.
COM-04551,CRM-3843,user0037,2026-04-28,La fonctionnalité est prête pour les tests.
COM-04552,CLOUD-3959,user0025,2026-04-08,La fonctionnalité est prête pour les tests.
COM-04553,SEC-587,user0014,2026-04-04,Tests complémentaires nécessaires.
COM-04554,BANK-3583,user0004,2025-09-24,Il faut vérifier ce comportement.
COM-04555,BANK-1767,user0007,2025-10-23,Correction proposée dans la prochaine version.
COM-04556,CLOUD-1052,user0006,2026-02-14,Le développement avance correctement.
COM-04557,BANK-3983,user0041,2025-12-26,Le développement avance correctement.
COM-04558,ERP-1845,user0011,2025-10-27,Le client demande une modification.
COM-04559,ECOM-3776,user0009,2025-12-25,Besoin de plus d'informations.
COM-04560,BANK-953,user0010,2026-03-17,Le problème est reproduit en environnement de test.
COM-04561,BANK-2464,user0026,2026-04-03,Correction proposée dans la prochaine version.
COM-04562,ERP-4838,user0049,2026-04-03,Le client demande une modification.
COM-04563,ERP-4322,user0017,2026-08-07,Il faut vérifier ce comportement.
COM-04564,BANK-4586,user0019,2025-10-16,Tests complémentaires nécessaires.
COM-04565,DATA-4130,user0028,2026-09-04,Tests complémentaires nécessaires.
COM-04566,PORTAL-1852,user0021,2026-08-12,Le développement avance correctement.
COM-04567,CLOUD-1193,user0035,2026-08-02,La fonctionnalité est prête pour les tests.
COM-04568,PORTAL-33,user0007,2026-04-02,Le client demande une modification.
COM-04569,MOB-3571,user0034,2026-05-09,Tests complémentaires nécessaires.
COM-04570,ERP-3740,user0029,2026-03-25,Correction proposée dans la prochaine version.
COM-04571,ECOM-2879,user0014,2026-07-14,Attention au délai prévu.
COM-04572,BANK-4223,user0028,2026-01-07,Attention au délai prévu.
COM-04573,BANK-3531,user0047,2026-01-14,Tests complémentaires nécessaires.
COM-04574,BI-3403,user0005,2025-10-07,Besoin de plus d'informations.
COM-04575,CLOUD-326,user0012,2026-07-08,Besoin de plus d'informations.
COM-04576,BI-3831,user0050,2026-05-19,La fonctionnalité est prête pour les tests.
COM-04577,BANK-4680,user0005,2026-03-05,Il faut vérifier ce comportement.
COM-04578,BI-166,user0029,2026-07-25,Le problème est reproduit en environnement de test.
COM-04579,CLOUD-2103,user0034,2025-09-24,Correction proposée dans la prochaine version.
COM-04580,PORTAL-2586,user0007,2025-10-04,Attention au délai prévu.
COM-04581,MOB-3918,user0049,2025-11-30,Le développement avance correctement.
COM-04582,CRM-862,user0002,2026-06-17,Correction proposée dans la prochaine version.
COM-04583,BI-4043,user0030,2026-08-20,La fonctionnalité est prête pour les tests.
COM-04584,SEC-3431,user0024,2026-04-21,Le problème semble corrigé.
COM-04585,CRM-3530,user0043,2026-06-17,Tests complémentaires nécessaires.
COM-04586,CRM-2622,user0038,2026-01-07,Le client demande une modification.
COM-04587,SEC-3283,user0031,2026-03-20,Correction proposée dans la prochaine version.
COM-04588,SEC-4553,user0042,2026-05-24,La fonctionnalité est prête pour les tests.
COM-04589,BANK-1522,user0048,2025-10-21,Le problème est reproduit en environnement de test.
COM-04590,SEC-870,user0038,2026-06-08,Besoin de plus d'informations.
COM-04591,PORTAL-3473,user0026,2026-02-06,Le client demande une modification.
COM-04592,CLOUD-2951,user0036,2026-06-14,Le développement avance correctement.
COM-04593,BANK-3830,user0006,2026-03-19,Tests complémentaires nécessaires.
COM-04594,PORTAL-504,user0027,2026-08-13,Le client demande une modification.
COM-04595,CLOUD-2739,user0030,2025-10-13,Le développement avance correctement.
COM-04596,SEC-325,user0010,2026-06-11,Le client demande une modification.
COM-04597,MOB-3250,user0010,2025-10-13,Tests complémentaires nécessaires.
COM-04598,CLOUD-3004,user0043,2026-07-19,Attention au délai prévu.
COM-04599,DATA-3107,user0033,2026-05-06,Le développement avance correctement.
COM-04600,SEC-2948,user0005,2026-07-05,Il faut vérifier ce comportement.
COM-04601,PORTAL-4742,user0020,2026-06-12,Besoin de plus d'informations.
COM-04602,ERP-1228,user0021,2026-08-28,Tests complémentaires nécessaires.
COM-04603,ECOM-2369,user0033,2026-04-16,Besoin de plus d'informations.
COM-04604,MOB-3957,user0047,2026-09-11,Attention au délai prévu.
COM-04605,ERP-975,user0011,2025-11-12,Attention au délai prévu.
COM-04606,CLOUD-4205,user0022,2026-09-06,Correction proposée dans la prochaine version.
COM-04607,ECOM-595,user0019,2026-07-22,Le développement avance correctement.
COM-04608,CRM-25,user0003,2025-12-20,Le problème est reproduit en environnement de test.
COM-04609,ERP-1905,user0031,2026-04-22,Attention au délai prévu.
COM-04610,PORTAL-3905,user0014,2025-12-19,Attention au délai prévu.
COM-04611,BANK-236,user0024,2026-02-02,Il faut vérifier ce comportement.
COM-04612,ECOM-3642,user0005,2026-01-15,Correction proposée dans la prochaine version.
COM-04613,MOB-3184,user0019,2026-01-19,Le client demande une modification.
COM-04614,BI-2763,user0039,2025-10-29,Le problème est reproduit en environnement de test.
COM-04615,MOB-1994,user0028,2025-12-26,Le client demande une modification.
COM-04616,CRM-4637,user0039,2026-07-19,Besoin de plus d'informations.
COM-04617,DATA-4825,user0035,2026-08-17,La fonctionnalité est prête pour les tests.
COM-04618,SEC-663,user0009,2026-08-29,Le client demande une modification.
COM-04619,PORTAL-3299,user0005,2025-11-01,Le problème est reproduit en environnement de test.
COM-04620,DATA-2808,user0023,2026-08-15,Tests complémentaires nécessaires.
COM-04621,PORTAL-2593,user0045,2026-08-26,Attention au délai prévu.
COM-04622,SEC-4884,user0012,2025-10-29,Correction proposée dans la prochaine version.
COM-04623,PORTAL-553,user0034,2026-08-12,Correction proposée dans la prochaine version.
COM-04624,DATA-924,user0046,2026-04-10,Le client demande une modification.
COM-04625,DATA-1433,user0024,2025-11-26,Attention au délai prévu.
COM-04626,MOB-305,user0013,2026-05-08,La fonctionnalité est prête pour les tests.
COM-04627,SEC-796,user0047,2025-11-25,Le problème semble corrigé.
COM-04628,ERP-1776,user0031,2025-12-20,Correction proposée dans la prochaine version.
COM-04629,BANK-1991,user0040,2026-09-14,Il faut vérifier ce comportement.
COM-04630,ERP-4111,user0017,2025-12-25,Le problème semble corrigé.
COM-04631,PORTAL-3396,user0002,2026-01-23,Attention au délai prévu.
COM-04632,ERP-559,user0044,2026-08-25,La fonctionnalité est prête pour les tests.
COM-04633,MOB-143,user0018,2026-03-01,Le problème semble corrigé.
COM-04634,SEC-2959,user0020,2026-06-23,Le problème semble corrigé.
COM-04635,BI-3927,user0020,2026-07-02,Correction proposée dans la prochaine version.
COM-04636,CLOUD-4829,user0003,2026-05-04,Le développement avance correctement.
COM-04637,BI-1327,user0048,2026-08-29,Le développement avance correctement.
COM-04638,PORTAL-4140,user0045,2025-12-03,Tests complémentaires nécessaires.
COM-04639,BANK-873,user0017,2026-02-01,Le développement avance correctement.
COM-04640,MOB-4851,user0027,2026-04-08,Le client demande une modification.
COM-04641,PORTAL-3302,user0025,2026-07-02,Le client demande une modification.
COM-04642,BANK-1484,user0020,2026-02-23,Tests complémentaires nécessaires.
COM-04643,PORTAL-2321,user0005,2026-03-27,Le problème semble corrigé.
COM-04644,CLOUD-1392,user0031,2026-06-18,La fonctionnalité est prête pour les tests.
COM-04645,PORTAL-2421,user0045,2025-09-25,Correction proposée dans la prochaine version.
COM-04646,PORTAL-347,user0030,2026-04-11,Il faut vérifier ce comportement.
COM-04647,PORTAL-2468,user0041,2026-08-31,Il faut vérifier ce comportement.
COM-04648,DATA-3668,user0020,2025-11-09,Besoin de plus d'informations.
COM-04649,BANK-869,user0049,2026-08-28,La fonctionnalité est prête pour les tests.
COM-04650,ERP-3777,user0018,2026-06-19,Tests complémentaires nécessaires.
COM-04651,PORTAL-4858,user0050,2025-12-09,Attention au délai prévu.
COM-04652,BANK-2170,user0030,2025-12-30,Le problème est reproduit en environnement de test.
COM-04653,CLOUD-1781,user0028,2026-06-29,Attention au délai prévu.
COM-04654,BI-680,user0047,2026-04-02,Il faut vérifier ce comportement.
COM-04655,CRM-3768,user0026,2026-06-06,Il faut vérifier ce comportement.
COM-04656,BI-2225,user0032,2026-01-18,Le développement avance correctement.
COM-04657,SEC-1376,user0029,2025-12-08,Tests complémentaires nécessaires.
COM-04658,PORTAL-2128,user0042,2026-04-28,Le développement avance correctement.
COM-04659,ERP-2087,user0038,2026-07-25,Le problème semble corrigé.
COM-04660,DATA-3180,user0005,2025-10-22,Il faut vérifier ce comportement.
COM-04661,BI-852,user0029,2026-07-29,Le problème est reproduit en environnement de test.
COM-04662,BI-2188,user0029,2026-04-24,Le problème semble corrigé.
COM-04663,BANK-993,user0017,2026-09-01,Attention au délai prévu.
COM-04664,SEC-2871,user0016,2026-07-26,Le client demande une modification.
COM-04665,BI-3109,user0006,2026-01-04,Tests complémentaires nécessaires.
COM-04666,CRM-1410,user0017,2025-10-19,Le développement avance correctement.
COM-04667,SEC-21,user0006,2025-11-12,Le problème est reproduit en environnement de test.
COM-04668,CLOUD-405,user0010,2026-07-20,Tests complémentaires nécessaires.
COM-04669,ERP-4119,user0038,2025-11-03,La fonctionnalité est prête pour les tests.
COM-04670,DATA-2934,user0046,2026-04-14,Le client demande une modification.
COM-04671,PORTAL-4303,user0008,2026-04-19,Besoin de plus d'informations.
COM-04672,ECOM-1439,user0026,2025-09-23,Besoin de plus d'informations.
COM-04673,BI-1858,user0005,2025-11-15,Le problème est reproduit en environnement de test.
COM-04674,DATA-4688,user0014,2026-08-08,Le client demande une modification.
COM-04675,BI-352,user0017,2026-08-04,Besoin de plus d'informations.
COM-04676,MOB-1352,user0006,2026-02-04,Il faut vérifier ce comportement.
COM-04677,CRM-3843,user0017,2026-07-09,La fonctionnalité est prête pour les tests.
COM-04678,CLOUD-3478,user0004,2026-03-25,Le problème est reproduit en environnement de test.
COM-04679,DATA-3393,user0031,2025-11-13,Il faut vérifier ce comportement.
COM-04680,BI-2543,user0003,2026-04-15,Attention au délai prévu.
COM-04681,ERP-1226,user0002,2026-02-08,Tests complémentaires nécessaires.
COM-04682,ECOM-3155,user0041,2026-01-17,Correction proposée dans la prochaine version.
COM-04683,BI-518,user0029,2026-05-27,Le problème semble corrigé.
COM-04684,CLOUD-3120,user0017,2026-03-16,Le problème semble corrigé.
COM-04685,PORTAL-4926,user0029,2026-06-29,Il faut vérifier ce comportement.
COM-04686,BI-2068,user0016,2026-06-11,Tests complémentaires nécessaires.
COM-04687,DATA-3567,user0027,2026-02-25,Le développement avance correctement.
COM-04688,BANK-20,user0037,2025-10-27,Le problème semble corrigé.
COM-04689,PORTAL-3197,user0029,2025-09-24,Le problème semble corrigé.
COM-04690,BI-3,user0044,2025-12-12,Le développement avance correctement.
COM-04691,ECOM-241,user0005,2025-12-26,Correction proposée dans la prochaine version.
COM-04692,BANK-1650,user0003,2026-05-26,Correction proposée dans la prochaine version.
COM-04693,DATA-2377,user0050,2025-12-31,Tests complémentaires nécessaires.
COM-04694,BANK-116,user0012,2026-07-18,La fonctionnalité est prête pour les tests.
COM-04695,ERP-3938,user0022,2026-03-25,Il faut vérifier ce comportement.
COM-04696,CLOUD-486,user0046,2026-04-02,Le problème semble corrigé.
COM-04697,DATA-657,user0038,2026-09-03,Correction proposée dans la prochaine version.
COM-04698,MOB-4981,user0004,2026-07-02,Il faut vérifier ce comportement.
COM-04699,CLOUD-2830,user0020,2026-07-28,Le développement avance correctement.
COM-04700,BANK-2597,user0026,2026-01-24,Le problème est reproduit en environnement de test.
COM-04701,MOB-3352,user0037,2026-07-16,La fonctionnalité est prête pour les tests.
COM-04702,SEC-4840,user0024,2026-03-26,Il faut vérifier ce comportement.
COM-04703,ECOM-4665,user0032,2025-11-06,La fonctionnalité est prête pour les tests.
COM-04704,ERP-1681,user0039,2026-03-09,Le problème semble corrigé.
COM-04705,CRM-4641,user0023,2026-03-02,Le client demande une modification.
COM-04706,BI-3687,user0027,2026-07-11,Tests complémentaires nécessaires.
COM-04707,ERP-75,user0037,2025-10-20,Le client demande une modification.
COM-04708,ERP-759,user0022,2025-11-28,Le problème semble corrigé.
COM-04709,MOB-3147,user0015,2026-02-17,Il faut vérifier ce comportement.
COM-04710,BI-4729,user0024,2025-11-08,Tests complémentaires nécessaires.
COM-04711,BANK-404,user0016,2025-12-30,La fonctionnalité est prête pour les tests.
COM-04712,ECOM-4071,user0050,2025-10-23,Tests complémentaires nécessaires.
COM-04713,CLOUD-486,user0027,2026-03-18,Le problème est reproduit en environnement de test.
COM-04714,DATA-1295,user0018,2025-10-08,Le problème semble corrigé.
COM-04715,SEC-639,user0016,2026-02-12,Tests complémentaires nécessaires.
COM-04716,CRM-1092,user0038,2026-03-09,Le client demande une modification.
COM-04717,CRM-1524,user0050,2025-10-29,Le problème semble corrigé.
COM-04718,ERP-3939,user0009,2026-04-19,Besoin de plus d'informations.
COM-04719,CRM-3422,user0021,2026-02-01,Il faut vérifier ce comportement.
COM-04720,BI-972,user0048,2026-04-30,Le client demande une modification.
COM-04721,ECOM-285,user0011,2025-12-25,Le développement avance correctement.
COM-04722,PORTAL-148,user0048,2025-11-06,Besoin de plus d'informations.
COM-04723,ERP-1542,user0008,2026-05-27,Le développement avance correctement.
COM-04724,MOB-3136,user0043,2025-11-04,La fonctionnalité est prête pour les tests.
COM-04725,ECOM-1345,user0025,2026-08-16,Besoin de plus d'informations.
COM-04726,MOB-4006,user0026,2026-03-14,Besoin de plus d'informations.
COM-04727,ERP-3507,user0016,2025-11-26,Tests complémentaires nécessaires.
COM-04728,BANK-947,user0030,2026-02-18,Il faut vérifier ce comportement.
COM-04729,CLOUD-234,user0019,2025-10-18,Correction proposée dans la prochaine version.
COM-04730,MOB-2072,user0046,2026-02-21,Il faut vérifier ce comportement.
COM-04731,ERP-276,user0046,2026-03-05,Attention au délai prévu.
COM-04732,ERP-1076,user0033,2025-09-23,Attention au délai prévu.
COM-04733,BI-2060,user0032,2026-05-19,Tests complémentaires nécessaires.
COM-04734,BANK-1463,user0013,2025-10-30,Il faut vérifier ce comportement.
COM-04735,ECOM-3921,user0046,2026-01-31,Attention au délai prévu.
COM-04736,ERP-664,user0048,2026-07-15,Il faut vérifier ce comportement.
COM-04737,BI-2171,user0029,2026-01-01,Le problème semble corrigé.
COM-04738,MOB-4216,user0009,2026-06-14,Le client demande une modification.
COM-04739,CRM-2108,user0035,2025-12-13,Il faut vérifier ce comportement.
COM-04740,ERP-2678,user0028,2026-06-27,Le client demande une modification.
COM-04741,DATA-1084,user0026,2026-07-22,Le client demande une modification.
COM-04742,CRM-1624,user0040,2026-08-21,Attention au délai prévu.
COM-04743,SEC-2223,user0023,2026-04-28,Tests complémentaires nécessaires.
COM-04744,PORTAL-890,user0023,2026-01-25,Il faut vérifier ce comportement.
COM-04745,CLOUD-604,user0025,2025-12-22,Il faut vérifier ce comportement.
COM-04746,PORTAL-2007,user0007,2025-10-17,Le client demande une modification.
COM-04747,MOB-4216,user0050,2026-01-27,Tests complémentaires nécessaires.
COM-04748,ECOM-3604,user0045,2025-10-06,Il faut vérifier ce comportement.
COM-04749,DATA-4684,user0022,2026-01-01,La fonctionnalité est prête pour les tests.
COM-04750,CRM-916,user0017,2026-01-20,Attention au délai prévu.
COM-04751,CRM-1474,user0016,2026-01-23,Le développement avance correctement.
COM-04752,ECOM-946,user0050,2026-08-18,Correction proposée dans la prochaine version.
COM-04753,CRM-4039,user0008,2025-10-30,Le problème semble corrigé.
COM-04754,BI-4874,user0013,2026-09-04,Le problème est reproduit en environnement de test.
COM-04755,MOB-3828,user0026,2026-06-12,Attention au délai prévu.
COM-04756,BI-3029,user0009,2025-10-18,Attention au délai prévu.
COM-04757,MOB-4124,user0024,2026-05-21,Correction proposée dans la prochaine version.
COM-04758,MOB-113,user0029,2025-11-13,Le client demande une modification.
COM-04759,DATA-2525,user0003,2026-08-19,Il faut vérifier ce comportement.
COM-04760,PORTAL-2242,user0046,2025-10-26,Correction proposée dans la prochaine version.
COM-04761,CLOUD-3287,user0028,2025-09-27,Le client demande une modification.
COM-04762,CRM-2092,user0047,2026-03-03,Attention au délai prévu.
COM-04763,CRM-4667,user0001,2026-08-27,Le problème est reproduit en environnement de test.
COM-04764,CRM-2246,user0041,2025-10-29,Attention au délai prévu.
COM-04765,BI-3279,user0027,2026-07-04,Le client demande une modification.
COM-04766,BI-2910,user0003,2025-11-06,Le problème est reproduit en environnement de test.
COM-04767,ECOM-4707,user0037,2026-01-05,Besoin de plus d'informations.
COM-04768,MOB-620,user0048,2026-04-24,Le problème semble corrigé.
COM-04769,MOB-4698,user0015,2026-08-26,Correction proposée dans la prochaine version.
COM-04770,SEC-1023,user0039,2025-11-30,Le client demande une modification.
COM-04771,DATA-3599,user0042,2025-12-01,Le problème est reproduit en environnement de test.
COM-04772,ECOM-1973,user0022,2025-12-13,Le problème est reproduit en environnement de test.
COM-04773,ECOM-2105,user0034,2025-10-01,Le problème semble corrigé.
COM-04774,CLOUD-382,user0031,2025-11-06,Il faut vérifier ce comportement.
COM-04775,MOB-3297,user0015,2026-06-15,Il faut vérifier ce comportement.
COM-04776,ERP-2489,user0010,2025-12-06,Tests complémentaires nécessaires.
COM-04777,BI-518,user0034,2026-01-17,La fonctionnalité est prête pour les tests.
COM-04778,ERP-615,user0025,2026-03-03,Le problème semble corrigé.
COM-04779,ECOM-3155,user0010,2026-01-14,Il faut vérifier ce comportement.
COM-04780,MOB-1225,user0020,2026-09-02,Correction proposée dans la prochaine version.
COM-04781,PORTAL-4662,user0004,2026-07-14,Le problème semble corrigé.
COM-04782,DATA-950,user0023,2026-03-03,Tests complémentaires nécessaires.
COM-04783,BI-3831,user0042,2026-03-24,Correction proposée dans la prochaine version.
COM-04784,BI-1240,user0018,2026-01-13,Le problème semble corrigé.
COM-04785,PORTAL-1539,user0044,2026-02-15,Il faut vérifier ce comportement.
COM-04786,SEC-4994,user0006,2026-01-18,La fonctionnalité est prête pour les tests.
COM-04787,PORTAL-4848,user0017,2026-01-15,Le problème est reproduit en environnement de test.
COM-04788,PORTAL-4691,user0026,2025-10-01,Le problème semble corrigé.
COM-04789,CRM-4877,user0019,2026-04-02,La fonctionnalité est prête pour les tests.
COM-04790,BANK-4058,user0009,2026-03-24,Tests complémentaires nécessaires.
COM-04791,ECOM-4198,user0049,2026-03-01,Besoin de plus d'informations.
COM-04792,CRM-1382,user0048,2026-03-05,Attention au délai prévu.
COM-04793,ERP-137,user0032,2026-04-12,Il faut vérifier ce comportement.
COM-04794,CRM-4243,user0032,2026-01-10,Le développement avance correctement.
COM-04795,SEC-4884,user0029,2026-07-12,La fonctionnalité est prête pour les tests.
COM-04796,DATA-1109,user0050,2026-03-01,Le problème semble corrigé.
COM-04797,MOB-2658,user0005,2026-01-24,Correction proposée dans la prochaine version.
COM-04798,CRM-1056,user0040,2026-06-24,Le développement avance correctement.
COM-04799,PORTAL-4613,user0046,2025-11-05,Besoin de plus d'informations.
COM-04800,DATA-931,user0016,2025-10-24,Besoin de plus d'informations.
COM-04801,ERP-1736,user0036,2026-04-25,Le problème semble corrigé.
COM-04802,DATA-2294,user0039,2026-08-06,La fonctionnalité est prête pour les tests.
COM-04803,MOB-4230,user0013,2026-04-13,Le client demande une modification.
COM-04804,PORTAL-1960,user0021,2026-02-21,Le problème semble corrigé.
COM-04805,DATA-2431,user0039,2026-09-13,Besoin de plus d'informations.
COM-04806,SEC-1438,user0047,2026-02-17,Besoin de plus d'informations.
COM-04807,ERP-3816,user0037,2025-11-04,Il faut vérifier ce comportement.
COM-04808,PORTAL-1738,user0020,2025-11-27,La fonctionnalité est prête pour les tests.
COM-04809,BANK-410,user0037,2026-01-28,Le client demande une modification.
COM-04810,ECOM-4583,user0016,2025-12-19,Le problème est reproduit en environnement de test.
COM-04811,DATA-3168,user0005,2025-10-23,Attention au délai prévu.
COM-04812,CLOUD-3916,user0025,2026-02-14,Le client demande une modification.
COM-04813,PORTAL-2755,user0027,2025-11-27,Le problème semble corrigé.
COM-04814,SEC-3925,user0049,2025-10-01,Tests complémentaires nécessaires.
COM-04815,BANK-2504,user0026,2026-04-13,Le problème semble corrigé.
COM-04816,BI-3068,user0029,2025-09-30,Attention au délai prévu.
COM-04817,ECOM-3809,user0045,2026-07-07,Le problème semble corrigé.
COM-04818,MOB-3240,user0048,2025-11-15,Correction proposée dans la prochaine version.
COM-04819,MOB-2180,user0003,2026-07-16,La fonctionnalité est prête pour les tests.
COM-04820,CRM-4355,user0010,2026-02-18,Tests complémentaires nécessaires.
COM-04821,ECOM-289,user0040,2026-05-06,Besoin de plus d'informations.
COM-04822,ECOM-401,user0048,2026-05-24,Le client demande une modification.
COM-04823,ECOM-3463,user0034,2025-11-27,Correction proposée dans la prochaine version.
COM-04824,ECOM-1482,user0010,2026-04-06,Besoin de plus d'informations.
COM-04825,ECOM-1733,user0044,2026-05-18,La fonctionnalité est prête pour les tests.
COM-04826,DATA-4778,user0049,2026-06-02,Le client demande une modification.
COM-04827,SEC-4057,user0006,2026-09-04,Le client demande une modification.
COM-04828,BI-2935,user0048,2026-08-24,La fonctionnalité est prête pour les tests.
COM-04829,BI-1961,user0041,2026-03-29,Le client demande une modification.
COM-04830,BI-259,user0008,2026-01-27,Le développement avance correctement.
COM-04831,DATA-4710,user0037,2026-03-30,Le problème semble corrigé.
COM-04832,PORTAL-3229,user0046,2026-05-19,Attention au délai prévu.
COM-04833,BI-2123,user0029,2026-01-17,Tests complémentaires nécessaires.
COM-04834,MOB-4974,user0043,2026-05-13,Le développement avance correctement.
COM-04835,ECOM-3722,user0046,2026-08-28,Correction proposée dans la prochaine version.
COM-04836,BANK-3845,user0002,2026-05-10,Besoin de plus d'informations.
COM-04837,MOB-2226,user0013,2026-05-20,Le client demande une modification.
COM-04838,ECOM-4112,user0029,2026-07-05,La fonctionnalité est prête pour les tests.
COM-04839,CLOUD-324,user0002,2025-10-27,Le problème est reproduit en environnement de test.
COM-04840,CLOUD-4627,user0033,2026-08-31,Le développement avance correctement.
COM-04841,CLOUD-4922,user0027,2026-03-08,La fonctionnalité est prête pour les tests.
COM-04842,PORTAL-2772,user0037,2026-08-25,Le développement avance correctement.
COM-04843,CLOUD-2345,user0012,2026-02-07,Il faut vérifier ce comportement.
COM-04844,CRM-3142,user0033,2026-08-05,La fonctionnalité est prête pour les tests.
COM-04845,CRM-681,user0028,2026-02-18,Correction proposée dans la prochaine version.
COM-04846,ERP-2860,user0032,2025-12-16,Besoin de plus d'informations.
COM-04847,PORTAL-1274,user0001,2025-11-03,Le problème semble corrigé.
COM-04848,PORTAL-4753,user0030,2026-05-31,Tests complémentaires nécessaires.
COM-04849,MOB-859,user0042,2026-03-06,Le problème semble corrigé.
COM-04850,MOB-4425,user0016,2026-05-09,Attention au délai prévu.
COM-04851,ECOM-656,user0028,2025-11-23,Le client demande une modification.
COM-04852,CRM-3070,user0043,2026-02-27,Attention au délai prévu.
COM-04853,CLOUD-4904,user0043,2025-09-17,Correction proposée dans la prochaine version.
COM-04854,BI-4960,user0035,2026-05-28,Le problème est reproduit en environnement de test.
COM-04855,ECOM-584,user0026,2026-08-23,Il faut vérifier ce comportement.
COM-04856,ECOM-1001,user0039,2026-02-12,Tests complémentaires nécessaires.
COM-04857,BI-2781,user0034,2026-07-20,Le problème semble corrigé.
COM-04858,DATA-1324,user0018,2026-05-23,Le problème est reproduit en environnement de test.
COM-04859,MOB-3611,user0042,2025-10-30,Le problème semble corrigé.
COM-04860,BI-549,user0048,2026-07-05,Le développement avance correctement.
COM-04861,CLOUD-4397,user0016,2026-04-22,Le développement avance correctement.
COM-04862,BANK-452,user0049,2026-08-16,Le développement avance correctement.
COM-04863,MOB-3918,user0024,2025-12-16,Correction proposée dans la prochaine version.
COM-04864,MOB-3960,user0006,2026-07-09,Le client demande une modification.
COM-04865,MOB-1370,user0011,2026-08-26,Besoin de plus d'informations.
COM-04866,MOB-3284,user0039,2026-07-01,Le développement avance correctement.
COM-04867,MOB-1985,user0028,2025-10-19,Le problème est reproduit en environnement de test.
COM-04868,SEC-3204,user0018,2025-09-18,Le client demande une modification.
COM-04869,BANK-1817,user0015,2026-09-11,Le problème est reproduit en environnement de test.
COM-04870,MOB-3734,user0035,2026-05-22,Le problème semble corrigé.
COM-04871,MOB-2815,user0023,2025-10-09,Besoin de plus d'informations.
COM-04872,ERP-2091,user0044,2026-06-20,Tests complémentaires nécessaires.
COM-04873,CLOUD-1055,user0025,2026-09-02,Le problème est reproduit en environnement de test.
COM-04874,BANK-3979,user0030,2026-03-10,Besoin de plus d'informations.
COM-04875,ECOM-1689,user0002,2026-07-13,Le problème est reproduit en environnement de test.
COM-04876,BANK-1653,user0028,2025-11-11,Le développement avance correctement.
COM-04877,CLOUD-1967,user0007,2026-04-13,Attention au délai prévu.
COM-04878,SEC-2948,user0003,2025-11-13,Le problème semble corrigé.
COM-04879,BI-3687,user0024,2026-04-28,La fonctionnalité est prête pour les tests.
COM-04880,CLOUD-631,user0032,2025-11-22,Correction proposée dans la prochaine version.
COM-04881,ECOM-4728,user0039,2026-08-18,Le problème est reproduit en environnement de test.
COM-04882,BI-296,user0049,2026-08-09,La fonctionnalité est prête pour les tests.
COM-04883,ERP-588,user0044,2025-11-03,Besoin de plus d'informations.
COM-04884,PORTAL-3827,user0006,2026-04-17,Le problème semble corrigé.
COM-04885,ECOM-4515,user0036,2026-05-18,Besoin de plus d'informations.
COM-04886,CRM-2062,user0039,2026-06-15,Le client demande une modification.
COM-04887,ECOM-2127,user0046,2026-08-25,Le problème est reproduit en environnement de test.
COM-04888,SEC-1772,user0008,2026-03-19,Le problème semble corrigé.
COM-04889,SEC-995,user0005,2026-03-26,Le client demande une modification.
COM-04890,ERP-462,user0042,2026-06-15,Besoin de plus d'informations.
COM-04891,MOB-1985,user0007,2026-09-14,Tests complémentaires nécessaires.
COM-04892,DATA-819,user0046,2026-04-07,Tests complémentaires nécessaires.
COM-04893,CLOUD-3622,user0023,2026-06-23,Attention au délai prévu.
COM-04894,MOB-4310,user0015,2026-08-22,Le problème est reproduit en environnement de test.
COM-04895,CLOUD-3293,user0031,2026-08-26,Le développement avance correctement.
COM-04896,PORTAL-2193,user0023,2026-07-10,Attention au délai prévu.
COM-04897,ERP-4833,user0036,2025-10-09,Besoin de plus d'informations.
COM-04898,SEC-3442,user0014,2026-02-27,Le client demande une modification.
COM-04899,CLOUD-4240,user0026,2026-03-25,La fonctionnalité est prête pour les tests.
COM-04900,ECOM-2057,user0030,2026-06-03,Le problème est reproduit en environnement de test.
COM-04901,CRM-1083,user0014,2025-10-28,Le développement avance correctement.
COM-04902,CLOUD-1576,user0002,2025-12-22,Le problème semble corrigé.
COM-04903,PORTAL-2709,user0040,2026-05-27,Correction proposée dans la prochaine version.
COM-04904,DATA-4496,user0036,2026-06-16,Besoin de plus d'informations.
COM-04905,BANK-299,user0023,2026-03-05,Attention au délai prévu.
COM-04906,MOB-3977,user0028,2026-04-14,Le problème semble corrigé.
COM-04907,ECOM-473,user0011,2026-03-14,Le développement avance correctement.
COM-04908,BI-1657,user0017,2026-06-14,Besoin de plus d'informations.
COM-04909,DATA-1433,user0016,2026-05-20,Correction proposée dans la prochaine version.
COM-04910,DATA-726,user0009,2026-02-01,Le problème est reproduit en environnement de test.
COM-04911,MOB-3594,user0036,2026-02-06,Le développement avance correctement.
COM-04912,ECOM-4198,user0006,2025-09-23,Le développement avance correctement.
COM-04913,CRM-4590,user0036,2026-01-05,Le problème semble corrigé.
COM-04914,ERP-3777,user0046,2025-10-09,Le développement avance correctement.
COM-04915,CLOUD-1638,user0020,2026-08-15,Le client demande une modification.
COM-04916,MOB-2548,user0034,2026-07-15,Le développement avance correctement.
COM-04917,BANK-3803,user0031,2026-03-30,Correction proposée dans la prochaine version.
COM-04918,BANK-4105,user0045,2026-05-24,Correction proposée dans la prochaine version.
COM-04919,DATA-2377,user0023,2026-08-17,Correction proposée dans la prochaine version.
COM-04920,MOB-3209,user0021,2025-11-03,Correction proposée dans la prochaine version.
COM-04921,PORTAL-2585,user0038,2025-09-25,Attention au délai prévu.
COM-04922,BANK-4519,user0047,2026-04-20,La fonctionnalité est prête pour les tests.
COM-04923,ECOM-3263,user0043,2026-06-17,Le problème semble corrigé.
COM-04924,SEC-1580,user0035,2026-02-02,Tests complémentaires nécessaires.
COM-04925,CLOUD-120,user0023,2026-01-28,Le développement avance correctement.
COM-04926,ERP-2618,user0011,2026-01-04,Attention au délai prévu.
COM-04927,SEC-4168,user0027,2026-05-14,Attention au délai prévu.
COM-04928,CLOUD-3988,user0025,2025-10-08,La fonctionnalité est prête pour les tests.
COM-04929,PORTAL-3359,user0018,2025-11-06,Le développement avance correctement.
COM-04930,BI-3271,user0001,2026-09-08,Le développement avance correctement.
COM-04931,BANK-4645,user0014,2026-09-01,Le développement avance correctement.
COM-04932,PORTAL-2013,user0030,2025-12-28,Le client demande une modification.
COM-04933,MOB-360,user0048,2026-02-22,Le développement avance correctement.
COM-04934,MOB-3556,user0042,2026-04-13,Correction proposée dans la prochaine version.
COM-04935,PORTAL-1134,user0018,2026-03-11,Tests complémentaires nécessaires.
COM-04936,CRM-2246,user0036,2025-10-10,Le client demande une modification.
COM-04937,BANK-454,user0015,2026-07-22,Il faut vérifier ce comportement.
COM-04938,ECOM-1880,user0042,2026-02-28,Correction proposée dans la prochaine version.
COM-04939,BANK-4267,user0013,2025-09-29,Besoin de plus d'informations.
COM-04940,BI-3831,user0018,2026-04-10,Le problème est reproduit en environnement de test.
COM-04941,SEC-4518,user0018,2025-09-29,Le problème est reproduit en environnement de test.
COM-04942,BI-4328,user0021,2025-10-29,Il faut vérifier ce comportement.
COM-04943,BANK-3597,user0041,2026-01-30,Besoin de plus d'informations.
COM-04944,BI-2975,user0028,2026-03-21,La fonctionnalité est prête pour les tests.
COM-04945,BI-3264,user0022,2026-01-12,Le problème semble corrigé.
COM-04946,MOB-4237,user0045,2025-10-22,Le client demande une modification.
COM-04947,ECOM-3360,user0038,2026-01-25,Il faut vérifier ce comportement.
COM-04948,CRM-4470,user0006,2025-10-08,Attention au délai prévu.
COM-04949,DATA-2697,user0017,2025-09-30,Attention au délai prévu.
COM-04950,PORTAL-1928,user0025,2025-09-22,Le problème semble corrigé.
COM-04951,BANK-495,user0023,2025-11-23,Le problème est reproduit en environnement de test.
COM-04952,CRM-2100,user0021,2025-12-19,Besoin de plus d'informations.
COM-04953,ERP-4986,user0022,2026-01-14,Il faut vérifier ce comportement.
COM-04954,MOB-3594,user0003,2026-07-04,Attention au délai prévu.
COM-04955,ERP-2358,user0037,2025-11-29,La fonctionnalité est prête pour les tests.
COM-04956,SEC-1237,user0050,2026-04-01,Besoin de plus d'informations.
COM-04957,BANK-3102,user0006,2026-03-07,Attention au délai prévu.
COM-04958,BANK-2865,user0023,2025-10-12,Correction proposée dans la prochaine version.
COM-04959,BANK-1141,user0048,2026-05-02,Le problème est reproduit en environnement de test.
COM-04960,ERP-3310,user0028,2026-01-03,Le client demande une modification.
COM-04961,DATA-1433,user0028,2025-12-10,La fonctionnalité est prête pour les tests.
COM-04962,SEC-578,user0038,2026-04-07,Besoin de plus d'informations.
COM-04963,BANK-3531,user0009,2025-10-29,Il faut vérifier ce comportement.
COM-04964,ERP-1069,user0026,2025-09-20,Attention au délai prévu.
COM-04965,BI-1961,user0021,2026-02-27,Le développement avance correctement.
COM-04966,PORTAL-2617,user0031,2026-05-01,Le développement avance correctement.
COM-04967,CLOUD-2713,user0037,2026-05-04,Il faut vérifier ce comportement.
COM-04968,DATA-3894,user0033,2025-12-28,Besoin de plus d'informations.
COM-04969,BANK-3348,user0027,2025-09-28,Correction proposée dans la prochaine version.
COM-04970,ERP-2452,user0012,2026-06-03,Le problème semble corrigé.
COM-04971,MOB-1842,user0013,2026-03-10,Le problème est reproduit en environnement de test.
COM-04972,CLOUD-1703,user0048,2025-12-09,Le problème semble corrigé.
COM-04973,SEC-1963,user0023,2025-12-18,Attention au délai prévu.
COM-04974,BI-1327,user0032,2026-05-16,Correction proposée dans la prochaine version.
COM-04975,ECOM-3846,user0007,2025-12-10,Il faut vérifier ce comportement.
COM-04976,SEC-4661,user0006,2026-03-22,Le problème semble corrigé.
COM-04977,PORTAL-1257,user0001,2026-04-18,Attention au délai prévu.
COM-04978,PORTAL-23,user0019,2026-06-28,La fonctionnalité est prête pour les tests.
COM-04979,SEC-2448,user0002,2026-02-05,Tests complémentaires nécessaires.
COM-04980,BI-3551,user0050,2026-01-14,Le problème semble corrigé.
COM-04981,CLOUD-1442,user0014,2026-04-09,Le développement avance correctement.
COM-04982,ECOM-533,user0050,2025-10-05,Il faut vérifier ce comportement.
COM-04983,SEC-1702,user0019,2026-03-25,Le problème semble corrigé.
COM-04984,CLOUD-1404,user0027,2026-04-11,La fonctionnalité est prête pour les tests.
COM-04985,BI-2721,user0006,2025-11-20,Le problème est reproduit en environnement de test.
COM-04986,BANK-4392,user0042,2026-05-23,Besoin de plus d'informations.
COM-04987,BANK-4535,user0050,2026-03-29,Correction proposée dans la prochaine version.
COM-04988,BANK-2274,user0033,2026-02-11,Il faut vérifier ce comportement.
COM-04989,DATA-4710,user0022,2026-01-03,Besoin de plus d'informations.
COM-04990,MOB-821,user0020,2026-08-25,Attention au délai prévu.
COM-04991,SEC-1919,user0039,2025-11-11,Besoin de plus d'informations.
COM-04992,ERP-228,user0039,2025-12-18,Le développement avance correctement.
COM-04993,ECOM-1602,user0022,2026-01-29,La fonctionnalité est prête pour les tests.
COM-04994,ECOM-1369,user0041,2026-04-11,Tests complémentaires nécessaires.
COM-04995,DATA-3715,user0004,2026-04-06,Tests complémentaires nécessaires.
COM-04996,MOB-3300,user0022,2026-09-12,Le développement avance correctement.
COM-04997,BI-686,user0030,2025-12-06,Besoin de plus d'informations.
COM-04998,SEC-1233,user0032,2026-01-26,Correction proposée dans la prochaine version.
COM-04999,ERP-1742,user0034,2026-05-01,Correction proposée dans la prochaine version.
COM-05000,BI-1388,user0038,2026-03-11,Besoin de plus d'informations.
COM-05001,PORTAL-3425,user0040,2026-01-12,Il faut vérifier ce comportement.
COM-05002,BANK-906,user0016,2025-09-14,Il faut vérifier ce comportement.
COM-05003,SEC-4296,user0050,2026-04-08,Le problème semble corrigé.
COM-05004,CLOUD-2020,user0015,2025-12-25,Attention au délai prévu.
COM-05005,DATA-2877,user0046,2026-01-12,Le problème semble corrigé.
COM-05006,ECOM-4955,user0018,2025-11-12,Le problème est reproduit en environnement de test.
COM-05007,MOB-3685,user0033,2025-10-16,Correction proposée dans la prochaine version.
COM-05008,BI-4569,user0006,2026-01-23,Attention au délai prévu.
COM-05009,ECOM-2479,user0023,2026-02-09,Correction proposée dans la prochaine version.
COM-05010,ECOM-3847,user0026,2025-11-14,Attention au délai prévu.
COM-05011,ERP-897,user0017,2026-03-10,Il faut vérifier ce comportement.
COM-05012,ERP-4571,user0046,2026-02-13,Le développement avance correctement.
COM-05013,ERP-728,user0016,2026-07-04,Besoin de plus d'informations.
COM-05014,ECOM-2479,user0012,2026-05-20,La fonctionnalité est prête pour les tests.
COM-05015,SEC-4386,user0032,2026-08-03,Il faut vérifier ce comportement.
COM-05016,MOB-810,user0027,2025-11-03,Besoin de plus d'informations.
COM-05017,SEC-778,user0020,2025-10-30,Le problème est reproduit en environnement de test.
COM-05018,CLOUD-1392,user0047,2026-04-06,Besoin de plus d'informations.
COM-05019,CLOUD-3004,user0020,2025-12-04,Il faut vérifier ce comportement.
COM-05020,BANK-410,user0038,2025-10-27,La fonctionnalité est prête pour les tests.
COM-05021,DATA-3700,user0021,2026-08-03,Attention au délai prévu.
COM-05022,ERP-4129,user0022,2026-05-07,Le client demande une modification.
COM-05023,CRM-1199,user0002,2026-08-01,Attention au délai prévu.
COM-05024,PORTAL-3081,user0029,2025-11-01,Il faut vérifier ce comportement.
COM-05025,CRM-1488,user0018,2026-08-24,Tests complémentaires nécessaires.
COM-05026,BI-2218,user0018,2026-08-03,Correction proposée dans la prochaine version.
COM-05027,ECOM-2492,user0033,2026-03-28,La fonctionnalité est prête pour les tests.
COM-05028,ECOM-2166,user0010,2026-04-17,Le développement avance correctement.
COM-05029,ECOM-4631,user0036,2026-04-27,Attention au délai prévu.
COM-05030,BANK-139,user0037,2025-09-27,Besoin de plus d'informations.
COM-05031,ECOM-4133,user0017,2025-10-01,Le problème semble corrigé.
COM-05032,SEC-1578,user0034,2025-12-16,Tests complémentaires nécessaires.
COM-05033,BANK-1601,user0037,2026-05-22,Le problème est reproduit en environnement de test.
COM-05034,ERP-2489,user0011,2026-03-23,Le problème semble corrigé.
COM-05035,DATA-555,user0006,2026-01-24,Le problème est reproduit en environnement de test.
COM-05036,ECOM-1537,user0041,2026-07-05,Attention au délai prévu.
COM-05037,BANK-1297,user0038,2026-02-20,Correction proposée dans la prochaine version.
COM-05038,CRM-4470,user0010,2026-05-13,Le problème semble corrigé.
COM-05039,ECOM-4348,user0030,2026-03-07,Besoin de plus d'informations.
COM-05040,BANK-4000,user0035,2026-02-25,Besoin de plus d'informations.
COM-05041,BI-1655,user0008,2025-12-02,Correction proposée dans la prochaine version.
COM-05042,MOB-2583,user0001,2026-04-03,Correction proposée dans la prochaine version.
COM-05043,BANK-2849,user0031,2026-08-19,Le client demande une modification.
COM-05044,DATA-2029,user0016,2025-12-26,Tests complémentaires nécessaires.
COM-05045,PORTAL-2806,user0002,2025-10-02,Correction proposée dans la prochaine version.
COM-05046,CRM-4801,user0029,2026-07-11,Le problème semble corrigé.
COM-05047,CRM-4184,user0026,2026-08-20,Correction proposée dans la prochaine version.
COM-05048,CLOUD-17,user0017,2026-06-07,Le développement avance correctement.
COM-05049,MOB-3789,user0019,2025-10-04,Il faut vérifier ce comportement.
COM-05050,CRM-4869,user0033,2025-09-15,Le problème semble corrigé.
COM-05051,ECOM-4138,user0034,2026-01-20,Attention au délai prévu.
COM-05052,MOB-3313,user0016,2026-05-30,Il faut vérifier ce comportement.
COM-05053,BI-4328,user0014,2026-07-12,Attention au délai prévu.
COM-05054,DATA-3894,user0019,2026-03-23,Attention au délai prévu.
COM-05055,DATA-1652,user0016,2026-06-20,Le développement avance correctement.
COM-05056,CLOUD-2020,user0019,2026-01-20,Tests complémentaires nécessaires.
COM-05057,ECOM-2219,user0025,2025-10-28,Besoin de plus d'informations.
COM-05058,PORTAL-339,user0009,2026-07-26,Besoin de plus d'informations.
COM-05059,BI-3096,user0036,2026-06-10,Le développement avance correctement.
COM-05060,BI-3403,user0031,2026-03-23,Le développement avance correctement.
COM-05061,BI-2156,user0036,2026-06-24,Le développement avance correctement.
COM-05062,MOB-1607,user0035,2026-03-13,Correction proposée dans la prochaine version.
COM-05063,BANK-2389,user0046,2026-01-01,Correction proposée dans la prochaine version.
COM-05064,ERP-112,user0028,2026-01-14,Tests complémentaires nécessaires.
COM-05065,DATA-249,user0016,2026-07-19,La fonctionnalité est prête pour les tests.
COM-05066,BI-2908,user0025,2026-07-04,Le client demande une modification.
COM-05067,CLOUD-631,user0025,2026-02-28,Besoin de plus d'informations.
COM-05068,CLOUD-1518,user0004,2025-11-17,Tests complémentaires nécessaires.
COM-05069,SEC-65,user0028,2026-08-05,Tests complémentaires nécessaires.
COM-05070,PORTAL-976,user0010,2026-05-12,Le problème est reproduit en environnement de test.
COM-05071,SEC-844,user0036,2026-06-11,Tests complémentaires nécessaires.
COM-05072,CRM-4300,user0002,2025-09-20,Correction proposée dans la prochaine version.
COM-05073,ERP-1181,user0028,2025-10-07,Correction proposée dans la prochaine version.
COM-05074,DATA-522,user0001,2026-01-13,Il faut vérifier ce comportement.
COM-05075,BI-2041,user0033,2026-04-21,Le problème semble corrigé.
COM-05076,BI-403,user0036,2026-05-14,Attention au délai prévu.
COM-05077,ERP-1318,user0039,2026-04-21,Attention au délai prévu.
COM-05078,MOB-3352,user0011,2026-04-29,Tests complémentaires nécessaires.
COM-05079,BI-1219,user0013,2025-12-17,Il faut vérifier ce comportement.
COM-05080,BANK-4680,user0007,2025-12-26,Le problème est reproduit en environnement de test.
COM-05081,CRM-1461,user0026,2026-04-08,Attention au délai prévu.
COM-05082,SEC-3621,user0023,2026-08-14,La fonctionnalité est prête pour les tests.
COM-05083,BANK-2819,user0015,2025-11-20,Le problème semble corrigé.
COM-05084,CLOUD-1599,user0031,2026-02-05,Correction proposée dans la prochaine version.
COM-05085,ECOM-2633,user0031,2025-12-17,Tests complémentaires nécessaires.
COM-05086,MOB-4160,user0032,2026-06-01,Correction proposée dans la prochaine version.
COM-05087,CLOUD-2451,user0026,2025-12-19,Le problème semble corrigé.
COM-05088,SEC-1958,user0040,2025-11-04,Il faut vérifier ce comportement.
COM-05089,BANK-4522,user0050,2026-02-08,La fonctionnalité est prête pour les tests.
COM-05090,MOB-1130,user0008,2026-01-27,Le client demande une modification.
COM-05091,ERP-3727,user0037,2025-10-06,La fonctionnalité est prête pour les tests.
COM-05092,ERP-4970,user0037,2026-02-22,Correction proposée dans la prochaine version.
COM-05093,ECOM-4482,user0027,2026-06-11,Tests complémentaires nécessaires.
COM-05094,PORTAL-1738,user0036,2025-12-24,Correction proposée dans la prochaine version.
COM-05095,CRM-294,user0050,2026-08-07,Correction proposée dans la prochaine version.
COM-05096,ECOM-4555,user0024,2025-12-07,Le client demande une modification.
COM-05097,ECOM-3726,user0047,2026-03-02,Le problème est reproduit en environnement de test.
COM-05098,PORTAL-4238,user0037,2026-02-22,La fonctionnalité est prête pour les tests.
COM-05099,CRM-2064,user0009,2026-01-30,Il faut vérifier ce comportement.
COM-05100,CLOUD-1018,user0018,2026-04-05,La fonctionnalité est prête pour les tests.
COM-05101,MOB-4212,user0023,2026-07-10,Attention au délai prévu.
COM-05102,CRM-984,user0037,2026-09-01,Besoin de plus d'informations.
COM-05103,ECOM-4183,user0002,2026-08-18,Le client demande une modification.
COM-05104,ECOM-4578,user0048,2025-10-17,Il faut vérifier ce comportement.
COM-05105,BI-4117,user0038,2026-04-27,Le développement avance correctement.
COM-05106,MOB-1275,user0038,2026-03-26,Le développement avance correctement.
COM-05107,ECOM-793,user0034,2026-02-12,Il faut vérifier ce comportement.
COM-05108,MOB-4367,user0006,2026-03-28,Le client demande une modification.
COM-05109,CRM-293,user0030,2025-11-23,Le problème est reproduit en environnement de test.
COM-05110,CRM-4651,user0018,2026-06-04,Le problème semble corrigé.
COM-05111,MOB-4375,user0014,2026-01-22,Il faut vérifier ce comportement.
COM-05112,PORTAL-4295,user0005,2026-01-06,Le développement avance correctement.
COM-05113,CRM-295,user0032,2026-03-16,Le développement avance correctement.
COM-05114,CLOUD-2951,user0044,2026-05-17,Besoin de plus d'informations.
COM-05115,DATA-2029,user0032,2026-03-14,Besoin de plus d'informations.
COM-05116,PORTAL-2044,user0013,2026-05-28,Tests complémentaires nécessaires.
COM-05117,PORTAL-4116,user0029,2025-11-12,Il faut vérifier ce comportement.
COM-05118,ERP-2293,user0003,2026-07-23,Tests complémentaires nécessaires.
COM-05119,ERP-3233,user0005,2025-11-28,Tests complémentaires nécessaires.
COM-05120,CLOUD-4311,user0019,2026-08-03,Correction proposée dans la prochaine version.
COM-05121,CRM-1474,user0012,2026-02-20,Le développement avance correctement.
COM-05122,MOB-1625,user0011,2026-04-06,La fonctionnalité est prête pour les tests.
COM-05123,SEC-2433,user0019,2026-04-17,Le développement avance correctement.
COM-05124,ERP-4445,user0008,2025-10-19,Correction proposée dans la prochaine version.
COM-05125,CLOUD-4040,user0011,2026-04-25,Besoin de plus d'informations.
COM-05126,BI-3868,user0028,2025-10-31,Correction proposée dans la prochaine version.
COM-05127,CRM-814,user0007,2026-08-20,La fonctionnalité est prête pour les tests.
COM-05128,SEC-514,user0050,2026-04-09,Correction proposée dans la prochaine version.
COM-05129,ECOM-3338,user0026,2026-05-11,La fonctionnalité est prête pour les tests.
COM-05130,SEC-854,user0045,2026-01-21,Correction proposée dans la prochaine version.
COM-05131,BI-186,user0028,2026-01-03,Besoin de plus d'informations.
COM-05132,BANK-4906,user0049,2026-04-24,Il faut vérifier ce comportement.
COM-05133,DATA-1710,user0015,2026-01-04,Le problème semble corrigé.
COM-05134,ERP-2106,user0015,2025-11-22,Le client demande une modification.
COM-05135,CLOUD-3239,user0015,2026-06-06,Il faut vérifier ce comportement.
COM-05136,SEC-4275,user0048,2026-01-21,Le client demande une modification.
COM-05137,PORTAL-3630,user0025,2026-04-03,Il faut vérifier ce comportement.
COM-05138,ECOM-1355,user0020,2026-07-01,Le développement avance correctement.
COM-05139,PORTAL-3197,user0044,2026-02-28,Le problème est reproduit en environnement de test.
COM-05140,PORTAL-4905,user0043,2025-10-18,Correction proposée dans la prochaine version.
COM-05141,CRM-3657,user0033,2026-03-02,Tests complémentaires nécessaires.
COM-05142,BANK-2698,user0044,2026-05-27,Le client demande une modification.
COM-05143,BANK-428,user0018,2026-04-18,Besoin de plus d'informations.
COM-05144,ECOM-4025,user0031,2026-04-19,Tests complémentaires nécessaires.
COM-05145,ECOM-2032,user0011,2026-05-07,Le développement avance correctement.
COM-05146,ECOM-4138,user0009,2026-08-17,Le problème semble corrigé.
COM-05147,BI-2496,user0007,2025-11-24,Le problème semble corrigé.
COM-05148,MOB-4573,user0037,2026-08-01,Le client demande une modification.
COM-05149,PORTAL-3387,user0038,2026-04-15,La fonctionnalité est prête pour les tests.
COM-05150,PORTAL-4484,user0043,2025-09-22,Le client demande une modification.
COM-05151,ERP-4042,user0008,2026-01-15,Correction proposée dans la prochaine version.
COM-05152,ECOM-3307,user0042,2026-08-03,Le problème semble corrigé.
COM-05153,BANK-3452,user0017,2025-10-19,Correction proposée dans la prochaine version.
COM-05154,CRM-3377,user0036,2026-06-28,Il faut vérifier ce comportement.
COM-05155,ERP-1207,user0034,2026-07-23,Il faut vérifier ce comportement.
COM-05156,MOB-667,user0031,2026-05-03,Correction proposée dans la prochaine version.
COM-05157,BANK-624,user0001,2025-11-04,La fonctionnalité est prête pour les tests.
COM-05158,BI-1344,user0044,2026-04-27,Il faut vérifier ce comportement.
COM-05159,BANK-2698,user0027,2026-06-29,Le problème est reproduit en environnement de test.
COM-05160,SEC-4082,user0036,2026-04-27,Correction proposée dans la prochaine version.
COM-05161,PORTAL-580,user0009,2025-09-26,Correction proposée dans la prochaine version.
COM-05162,DATA-2259,user0010,2026-05-11,Tests complémentaires nécessaires.
COM-05163,ERP-4986,user0011,2026-03-18,Attention au délai prévu.
COM-05164,ERP-2087,user0031,2025-10-12,Attention au délai prévu.
COM-05165,CLOUD-4973,user0027,2026-01-22,La fonctionnalité est prête pour les tests.
COM-05166,CRM-419,user0016,2026-04-09,Le développement avance correctement.
COM-05167,CRM-529,user0034,2026-06-26,La fonctionnalité est prête pour les tests.
COM-05168,DATA-150,user0029,2025-12-13,Besoin de plus d'informations.
COM-05169,ECOM-1545,user0002,2025-10-13,Tests complémentaires nécessaires.
COM-05170,ECOM-3058,user0022,2026-04-25,Tests complémentaires nécessaires.
COM-05171,BANK-4035,user0029,2026-06-03,Il faut vérifier ce comportement.
COM-05172,ERP-2168,user0014,2026-03-21,Attention au délai prévu.
COM-05173,BI-4625,user0048,2025-11-14,Il faut vérifier ce comportement.
COM-05174,SEC-3643,user0005,2026-09-07,La fonctionnalité est prête pour les tests.
COM-05175,MOB-4985,user0043,2025-12-12,Il faut vérifier ce comportement.
COM-05176,BI-1067,user0004,2026-06-18,Le client demande une modification.
COM-05177,DATA-3105,user0020,2026-07-15,Le client demande une modification.
COM-05178,CLOUD-2412,user0026,2026-06-25,Le problème est reproduit en environnement de test.
COM-05179,ECOM-3849,user0017,2025-10-03,Il faut vérifier ce comportement.
COM-05180,DATA-1739,user0044,2026-04-20,Tests complémentaires nécessaires.
COM-05181,BANK-3979,user0020,2026-01-10,Attention au délai prévu.
COM-05182,SEC-3325,user0040,2026-09-13,Tests complémentaires nécessaires.
COM-05183,CRM-1890,user0020,2026-02-22,Attention au délai prévu.
COM-05184,ERP-2461,user0039,2026-01-28,Le développement avance correctement.
COM-05185,CLOUD-2916,user0045,2026-02-19,Besoin de plus d'informations.
COM-05186,ECOM-2575,user0011,2026-09-11,Le développement avance correctement.
COM-05187,MOB-3717,user0012,2025-10-04,Le client demande une modification.
COM-05188,ECOM-4547,user0042,2025-12-28,Attention au délai prévu.
COM-05189,CLOUD-1638,user0007,2026-02-20,Il faut vérifier ce comportement.
COM-05190,BI-1956,user0018,2025-11-18,Correction proposée dans la prochaine version.
COM-05191,ERP-1816,user0041,2026-03-06,Le problème semble corrigé.
COM-05192,ERP-766,user0013,2026-05-03,Le problème est reproduit en environnement de test.
COM-05193,CLOUD-92,user0042,2026-02-10,Il faut vérifier ce comportement.
COM-05194,ECOM-3525,user0002,2025-12-28,Besoin de plus d'informations.
COM-05195,MOB-3134,user0010,2026-03-04,Attention au délai prévu.
COM-05196,BI-2781,user0002,2026-07-23,Attention au délai prévu.
COM-05197,DATA-2560,user0049,2026-09-13,Le développement avance correctement.
COM-05198,ECOM-1758,user0027,2025-10-05,Le problème semble corrigé.
COM-05199,ECOM-2440,user0001,2026-03-30,Attention au délai prévu.
COM-05200,ECOM-4832,user0029,2026-08-15,Le problème est reproduit en environnement de test.
COM-05201,ECOM-1291,user0023,2025-10-28,Besoin de plus d'informations.
COM-05202,CRM-1532,user0016,2026-03-24,Il faut vérifier ce comportement.
COM-05203,PORTAL-1033,user0007,2026-06-28,Le développement avance correctement.
COM-05204,BI-3691,user0012,2025-12-31,Attention au délai prévu.
COM-05205,CLOUD-2508,user0010,2026-02-24,Besoin de plus d'informations.
COM-05206,CLOUD-1528,user0021,2026-07-24,Il faut vérifier ce comportement.
COM-05207,MOB-3269,user0003,2026-03-23,Tests complémentaires nécessaires.
COM-05208,PORTAL-3446,user0017,2026-07-12,Besoin de plus d'informations.
COM-05209,CLOUD-4002,user0006,2026-06-04,Attention au délai prévu.
COM-05210,SEC-2683,user0014,2025-10-01,La fonctionnalité est prête pour les tests.
COM-05211,ECOM-2270,user0016,2026-06-17,Le client demande une modification.
COM-05212,BANK-3583,user0039,2026-05-16,Tests complémentaires nécessaires.
COM-05213,BI-2513,user0046,2026-09-02,Le problème semble corrigé.
COM-05214,SEC-127,user0021,2026-09-09,Besoin de plus d'informations.
COM-05215,SEC-514,user0033,2026-04-06,Il faut vérifier ce comportement.
COM-05216,DATA-4575,user0032,2025-11-13,Le problème semble corrigé.
COM-05217,MOB-667,user0031,2026-07-08,Besoin de plus d'informations.
COM-05218,MOB-288,user0039,2026-04-30,Besoin de plus d'informations.
COM-05219,CRM-3218,user0013,2026-03-18,Le problème est reproduit en environnement de test.
COM-05220,BI-1219,user0014,2026-01-19,Besoin de plus d'informations.
COM-05221,PORTAL-1571,user0009,2025-10-25,Correction proposée dans la prochaine version.
COM-05222,SEC-2863,user0008,2026-02-06,Le client demande une modification.
COM-05223,ECOM-1277,user0048,2025-10-09,Correction proposée dans la prochaine version.
COM-05224,BI-2630,user0050,2025-12-15,Le client demande une modification.
COM-05225,BANK-2416,user0045,2026-01-20,Correction proposée dans la prochaine version.
COM-05226,CLOUD-1504,user0019,2025-10-28,Le développement avance correctement.
COM-05227,CRM-4274,user0045,2026-07-27,Attention au délai prévu.
COM-05228,CRM-1997,user0009,2026-05-22,Le problème semble corrigé.
COM-05229,DATA-1642,user0007,2025-09-14,Attention au délai prévu.
COM-05230,ECOM-4482,user0049,2026-02-01,Le problème est reproduit en environnement de test.
COM-05231,MOB-3136,user0036,2026-02-11,Le problème semble corrigé.
COM-05232,ECOM-1439,user0031,2026-01-28,Le développement avance correctement.
COM-05233,ECOM-4206,user0027,2026-05-27,La fonctionnalité est prête pour les tests.
COM-05234,CLOUD-341,user0047,2026-04-23,Le problème est reproduit en environnement de test.
COM-05235,ERP-554,user0047,2026-08-30,Correction proposée dans la prochaine version.
COM-05236,CRM-3457,user0004,2026-07-17,Le problème semble corrigé.
COM-05237,ECOM-338,user0025,2025-12-05,Le développement avance correctement.
COM-05238,MOB-4601,user0015,2026-06-16,Il faut vérifier ce comportement.
COM-05239,CRM-3895,user0018,2026-06-07,Le problème est reproduit en environnement de test.
COM-05240,ECOM-3971,user0017,2026-08-18,Le client demande une modification.
COM-05241,MOB-4344,user0038,2026-07-25,Tests complémentaires nécessaires.
COM-05242,ECOM-4508,user0035,2026-01-08,Il faut vérifier ce comportement.
COM-05243,CLOUD-3124,user0048,2026-03-02,Le problème semble corrigé.
COM-05244,SEC-4518,user0016,2025-12-31,Le client demande une modification.
COM-05245,BI-4104,user0046,2026-03-17,Le client demande une modification.
COM-05246,DATA-1384,user0027,2026-07-15,Le problème est reproduit en environnement de test.
COM-05247,MOB-3052,user0047,2026-09-12,Le développement avance correctement.
COM-05248,ERP-2397,user0005,2025-10-17,Il faut vérifier ce comportement.
COM-05249,CLOUD-4591,user0021,2025-10-30,La fonctionnalité est prête pour les tests.
COM-05250,DATA-3282,user0023,2025-09-26,Besoin de plus d'informations.
COM-05251,BI-3506,user0007,2026-03-29,Le développement avance correctement.
COM-05252,SEC-4529,user0011,2026-01-09,Le problème semble corrigé.
COM-05253,PORTAL-4238,user0016,2026-03-18,Le client demande une modification.
COM-05254,BI-3511,user0037,2026-03-13,Le développement avance correctement.
COM-05255,ECOM-4955,user0001,2025-10-15,Attention au délai prévu.
COM-05256,ECOM-4955,user0023,2026-03-02,La fonctionnalité est prête pour les tests.
COM-05257,ECOM-2057,user0023,2025-10-18,Attention au délai prévu.
COM-05258,CLOUD-1638,user0013,2025-12-16,La fonctionnalité est prête pour les tests.
COM-05259,MOB-1253,user0021,2026-06-24,Le problème est reproduit en environnement de test.
COM-05260,PORTAL-3448,user0005,2025-12-07,La fonctionnalité est prête pour les tests.
COM-05261,BI-4729,user0036,2026-08-25,Le problème est reproduit en environnement de test.
COM-05262,BI-3122,user0033,2026-01-31,Il faut vérifier ce comportement.
COM-05263,MOB-430,user0021,2026-02-06,Attention au délai prévu.
COM-05264,BI-1097,user0022,2026-03-08,Le développement avance correctement.
COM-05265,BI-3510,user0025,2025-11-06,Le problème semble corrigé.
COM-05266,ECOM-338,user0013,2025-12-07,Attention au délai prévu.
COM-05267,PORTAL-424,user0011,2026-03-18,Attention au délai prévu.
COM-05268,ECOM-2595,user0008,2026-07-19,Attention au délai prévu.
COM-05269,ERP-1875,user0021,2026-06-30,Correction proposée dans la prochaine version.
COM-05270,ECOM-3926,user0013,2026-06-25,Le problème est reproduit en environnement de test.
COM-05271,ERP-1725,user0019,2026-05-26,Le problème est reproduit en environnement de test.
COM-05272,BANK-4978,user0004,2026-06-29,Le développement avance correctement.
COM-05273,SEC-21,user0045,2026-03-01,Le client demande une modification.
COM-05274,CLOUD-4040,user0027,2026-02-13,Attention au délai prévu.
COM-05275,PORTAL-2089,user0021,2026-02-22,Tests complémentaires nécessaires.
COM-05276,BI-1284,user0028,2025-09-21,Le problème semble corrigé.
COM-05277,CLOUD-215,user0035,2026-01-30,Besoin de plus d'informations.
COM-05278,ECOM-1879,user0003,2026-07-27,Tests complémentaires nécessaires.
COM-05279,PORTAL-384,user0037,2026-06-01,La fonctionnalité est prête pour les tests.
COM-05280,PORTAL-1349,user0014,2026-07-10,Correction proposée dans la prochaine version.
COM-05281,PORTAL-3130,user0013,2026-01-18,Il faut vérifier ce comportement.
COM-05282,CRM-2088,user0022,2026-08-27,Le client demande une modification.
COM-05283,SEC-3382,user0006,2025-12-31,La fonctionnalité est prête pour les tests.
COM-05284,MOB-1479,user0012,2026-03-10,La fonctionnalité est prête pour les tests.
COM-05285,BI-3064,user0021,2026-07-10,Il faut vérifier ce comportement.
COM-05286,ERP-4765,user0042,2025-12-07,Attention au délai prévu.
COM-05287,BANK-4073,user0021,2025-10-10,Besoin de plus d'informations.
COM-05288,BI-4043,user0028,2025-10-01,Il faut vérifier ce comportement.
COM-05289,CRM-3577,user0018,2025-12-10,Le problème semble corrigé.
COM-05290,MOB-487,user0050,2026-05-26,Le client demande une modification.
COM-05291,ECOM-1336,user0050,2025-11-22,Il faut vérifier ce comportement.
COM-05292,CLOUD-88,user0002,2026-01-25,Le développement avance correctement.
COM-05293,ERP-3507,user0009,2026-08-17,Il faut vérifier ce comportement.
COM-05294,DATA-4496,user0012,2026-08-19,Correction proposée dans la prochaine version.
COM-05295,ERP-3022,user0034,2026-01-25,Attention au délai prévu.
COM-05296,ERP-1672,user0026,2026-05-17,Correction proposée dans la prochaine version.
COM-05297,MOB-4463,user0029,2026-04-06,Le problème semble corrigé.
COM-05298,BI-4701,user0014,2026-06-23,Il faut vérifier ce comportement.
COM-05299,CLOUD-2195,user0046,2026-04-26,Le problème semble corrigé.
COM-05300,MOB-4924,user0004,2025-11-11,Le client demande une modification.
COM-05301,DATA-2288,user0037,2025-11-18,La fonctionnalité est prête pour les tests.
COM-05302,ECOM-1491,user0027,2025-11-24,Attention au délai prévu.
COM-05303,MOB-3195,user0018,2026-05-15,La fonctionnalité est prête pour les tests.
COM-05304,ECOM-3829,user0004,2026-03-10,Le problème est reproduit en environnement de test.
COM-05305,BI-3349,user0043,2026-03-31,Tests complémentaires nécessaires.
COM-05306,SEC-978,user0020,2026-02-06,Le problème semble corrigé.
COM-05307,BANK-87,user0017,2025-09-23,Le développement avance correctement.
COM-05308,ECOM-3047,user0017,2026-03-24,Il faut vérifier ce comportement.
COM-05309,PORTAL-1246,user0032,2026-03-21,Correction proposée dans la prochaine version.
COM-05310,BI-1701,user0019,2026-07-01,La fonctionnalité est prête pour les tests.
COM-05311,BANK-387,user0046,2026-08-10,La fonctionnalité est prête pour les tests.
COM-05312,MOB-3136,user0045,2026-02-10,Correction proposée dans la prochaine version.
COM-05313,SEC-2955,user0014,2025-11-21,Le problème semble corrigé.
COM-05314,DATA-2422,user0031,2026-03-31,Attention au délai prévu.
COM-05315,ERP-1413,user0014,2026-04-04,Attention au délai prévu.
COM-05316,MOB-1158,user0010,2025-09-24,Le problème semble corrigé.
COM-05317,BI-4202,user0010,2026-07-01,Tests complémentaires nécessaires.
COM-05318,MOB-3085,user0042,2026-04-11,Le développement avance correctement.
COM-05319,CLOUD-3804,user0008,2025-10-16,Correction proposée dans la prochaine version.
COM-05320,BANK-2607,user0031,2026-02-11,Tests complémentaires nécessaires.
COM-05321,MOB-3134,user0027,2025-10-10,Tests complémentaires nécessaires.
COM-05322,MOB-2432,user0016,2026-02-19,La fonctionnalité est prête pour les tests.
COM-05323,BI-3215,user0039,2026-05-25,La fonctionnalité est prête pour les tests.
COM-05324,DATA-832,user0015,2026-05-18,Tests complémentaires nécessaires.
COM-05325,SEC-2442,user0030,2026-01-16,La fonctionnalité est prête pour les tests.
COM-05326,CLOUD-4870,user0020,2025-11-27,Correction proposée dans la prochaine version.
COM-05327,PORTAL-2227,user0040,2026-03-26,Attention au délai prévu.
COM-05328,CLOUD-3697,user0030,2025-11-25,Le problème semble corrigé.
COM-05329,PORTAL-3872,user0042,2025-11-04,Correction proposée dans la prochaine version.
COM-05330,ERP-3740,user0005,2026-08-29,La fonctionnalité est prête pour les tests.
COM-05331,BANK-1503,user0046,2026-06-21,Besoin de plus d'informations.
COM-05332,CLOUD-1615,user0015,2025-09-28,Le développement avance correctement.
COM-05333,ECOM-422,user0028,2025-09-27,Le problème est reproduit en environnement de test.
COM-05334,CLOUD-3915,user0029,2026-06-03,Le problème est reproduit en environnement de test.
COM-05335,ERP-3775,user0006,2026-01-17,Il faut vérifier ce comportement.
COM-05336,ERP-2015,user0021,2026-02-23,Attention au délai prévu.
COM-05337,MOB-4857,user0018,2025-10-08,Besoin de plus d'informations.
COM-05338,MOB-552,user0011,2026-08-18,Attention au délai prévu.
COM-05339,ERP-3976,user0015,2026-07-19,Attention au délai prévu.
COM-05340,ECOM-2737,user0004,2026-02-16,Besoin de plus d'informations.
COM-05341,CLOUD-1703,user0016,2026-01-19,Il faut vérifier ce comportement.
COM-05342,PORTAL-2071,user0002,2026-07-18,Besoin de plus d'informations.
COM-05343,ECOM-2105,user0039,2026-03-06,Le développement avance correctement.
COM-05344,DATA-53,user0028,2025-12-12,Le problème semble corrigé.
COM-05345,PORTAL-2046,user0043,2026-01-26,Le problème est reproduit en environnement de test.
COM-05346,ECOM-3574,user0010,2026-06-20,Le développement avance correctement.
COM-05347,BANK-1449,user0043,2025-09-26,Il faut vérifier ce comportement.
COM-05348,PORTAL-1374,user0015,2026-06-14,Le développement avance correctement.
COM-05349,MOB-4772,user0001,2026-09-07,Le problème semble corrigé.
COM-05350,MOB-3493,user0008,2026-08-30,Le problème est reproduit en environnement de test.
COM-05351,BANK-136,user0033,2026-02-06,Le problème semble corrigé.
COM-05352,BI-2816,user0036,2026-04-24,Correction proposée dans la prochaine version.
COM-05353,CLOUD-505,user0025,2026-06-19,La fonctionnalité est prête pour les tests.
COM-05354,SEC-3227,user0043,2026-06-10,Correction proposée dans la prochaine version.
COM-05355,BI-1887,user0045,2026-04-22,La fonctionnalité est prête pour les tests.
COM-05356,BANK-1647,user0025,2026-05-31,Le problème semble corrigé.
COM-05357,ERP-2996,user0045,2026-04-03,Correction proposée dans la prochaine version.
COM-05358,CLOUD-346,user0042,2026-09-10,Le problème est reproduit en environnement de test.
COM-05359,ECOM-2127,user0005,2026-04-12,Le problème semble corrigé.
COM-05360,BI-3540,user0021,2026-09-05,Besoin de plus d'informations.
COM-05361,PORTAL-1138,user0015,2026-01-26,Attention au délai prévu.
COM-05362,PORTAL-2402,user0001,2026-06-01,Correction proposée dans la prochaine version.
COM-05363,SEC-195,user0047,2025-09-21,Attention au délai prévu.
COM-05364,MOB-4029,user0021,2025-12-27,Le développement avance correctement.
COM-05365,CLOUD-4908,user0048,2025-12-03,Il faut vérifier ce comportement.
COM-05366,MOB-4615,user0045,2025-11-27,Besoin de plus d'informations.
COM-05367,BANK-2720,user0021,2025-11-08,La fonctionnalité est prête pour les tests.
COM-05368,SEC-2537,user0045,2025-11-03,Tests complémentaires nécessaires.
COM-05369,PORTAL-122,user0019,2026-02-02,Besoin de plus d'informations.
COM-05370,PORTAL-3144,user0050,2025-10-06,Attention au délai prévu.
COM-05371,PORTAL-1793,user0038,2025-10-12,Le développement avance correctement.
COM-05372,MOB-2944,user0045,2025-10-22,Attention au délai prévu.
COM-05373,MOB-2862,user0009,2026-06-26,Tests complémentaires nécessaires.
COM-05374,CLOUD-2728,user0012,2025-10-12,Attention au délai prévu.
COM-05375,MOB-1600,user0024,2025-10-15,Tests complémentaires nécessaires.
COM-05376,ECOM-423,user0018,2025-11-29,Correction proposée dans la prochaine version.
COM-05377,DATA-2244,user0009,2026-04-24,Le développement avance correctement.
COM-05378,BANK-3803,user0023,2026-05-28,Besoin de plus d'informations.
COM-05379,MOB-3863,user0026,2026-03-26,Attention au délai prévu.
COM-05380,PORTAL-598,user0016,2026-04-05,Le développement avance correctement.
COM-05381,ERP-1845,user0002,2025-12-10,Attention au délai prévu.
COM-05382,ECOM-48,user0007,2026-04-10,Tests complémentaires nécessaires.
COM-05383,ECOM-2608,user0025,2026-08-12,Besoin de plus d'informations.
COM-05384,MOB-4031,user0013,2026-02-11,Il faut vérifier ce comportement.
COM-05385,MOB-4366,user0036,2025-09-27,Le client demande une modification.
COM-05386,BANK-1178,user0050,2026-08-06,Le problème est reproduit en environnement de test.
COM-05387,SEC-2182,user0032,2026-01-17,Le problème semble corrigé.
COM-05388,SEC-4912,user0013,2025-12-17,Le développement avance correctement.
COM-05389,SEC-3145,user0037,2026-05-28,Le problème est reproduit en environnement de test.
COM-05390,SEC-191,user0046,2026-07-20,La fonctionnalité est prête pour les tests.
COM-05391,CRM-3070,user0019,2025-12-23,Correction proposée dans la prochaine version.
COM-05392,CLOUD-4236,user0005,2026-08-18,Le problème est reproduit en environnement de test.
COM-05393,ERP-4596,user0047,2026-06-15,La fonctionnalité est prête pour les tests.
COM-05394,DATA-4441,user0012,2026-01-04,Tests complémentaires nécessaires.
COM-05395,SEC-2209,user0014,2025-12-28,Le problème semble corrigé.
COM-05396,CRM-309,user0001,2026-02-04,Le problème est reproduit en environnement de test.
COM-05397,BANK-2539,user0007,2025-10-28,Le problème est reproduit en environnement de test.
COM-05398,BI-3316,user0048,2026-09-02,Le développement avance correctement.
COM-05399,CLOUD-1712,user0022,2025-12-09,Le client demande une modification.
COM-05400,SEC-1483,user0021,2025-12-28,Le problème semble corrigé.
COM-05401,BANK-2940,user0044,2025-10-31,Tests complémentaires nécessaires.
COM-05402,CLOUD-2569,user0033,2026-02-03,Le développement avance correctement.
COM-05403,ERP-581,user0013,2026-07-22,Le problème est reproduit en environnement de test.
COM-05404,CLOUD-3194,user0018,2026-05-23,Le client demande une modification.
COM-05405,ERP-3976,user0014,2026-07-09,Tests complémentaires nécessaires.
COM-05406,SEC-4501,user0017,2026-09-09,Besoin de plus d'informations.
COM-05407,PORTAL-255,user0040,2025-10-14,Besoin de plus d'informations.
COM-05408,ECOM-2338,user0034,2026-08-27,Attention au délai prévu.
COM-05409,BANK-2945,user0014,2026-01-07,Il faut vérifier ce comportement.
COM-05410,SEC-1428,user0045,2025-11-14,Le problème semble corrigé.
COM-05411,BANK-3023,user0024,2026-06-04,Le problème est reproduit en environnement de test.
COM-05412,CLOUD-3683,user0039,2025-11-10,Tests complémentaires nécessaires.
COM-05413,SEC-1631,user0025,2026-09-08,Attention au délai prévu.
COM-05414,ECOM-1482,user0023,2026-08-16,Le client demande une modification.
COM-05415,MOB-4128,user0042,2026-04-08,Le développement avance correctement.
COM-05416,MOB-948,user0041,2026-03-28,Le développement avance correctement.
COM-05417,CRM-1864,user0048,2026-02-05,Il faut vérifier ce comportement.
COM-05418,DATA-3741,user0044,2025-11-03,Le client demande une modification.
COM-05419,ERP-4119,user0032,2026-07-05,Le développement avance correctement.
COM-05420,BANK-2330,user0006,2026-03-30,Le problème semble corrigé.
COM-05421,CRM-3807,user0047,2026-06-29,Besoin de plus d'informations.
COM-05422,DATA-4467,user0025,2025-11-05,Correction proposée dans la prochaine version.
COM-05423,DATA-150,user0030,2026-01-26,Le problème semble corrigé.
COM-05424,CLOUD-532,user0034,2026-01-19,Le développement avance correctement.
COM-05425,MOB-3134,user0022,2026-02-25,Tests complémentaires nécessaires.
COM-05426,ECOM-3735,user0015,2026-08-10,Correction proposée dans la prochaine version.
COM-05427,SEC-4339,user0050,2026-03-14,Il faut vérifier ce comportement.
COM-05428,PORTAL-2468,user0043,2026-03-22,Correction proposée dans la prochaine version.
COM-05429,PORTAL-2596,user0043,2025-12-17,Tests complémentaires nécessaires.
COM-05430,PORTAL-3694,user0013,2025-12-09,Correction proposée dans la prochaine version.
COM-05431,CLOUD-2835,user0047,2026-05-22,Il faut vérifier ce comportement.
COM-05432,DATA-657,user0022,2026-04-06,La fonctionnalité est prête pour les tests.
COM-05433,PORTAL-1213,user0017,2026-02-08,Il faut vérifier ce comportement.
COM-05434,DATA-2853,user0047,2026-02-04,Besoin de plus d'informations.
COM-05435,ERP-3649,user0039,2026-08-24,Le problème est reproduit en environnement de test.
COM-05436,BANK-2693,user0035,2025-09-20,La fonctionnalité est prête pour les tests.
COM-05437,BI-1771,user0002,2026-05-27,Tests complémentaires nécessaires.
COM-05438,BI-1165,user0011,2026-06-22,Attention au délai prévu.
COM-05439,SEC-3108,user0024,2026-03-26,Le problème semble corrigé.
COM-05440,BI-1067,user0048,2025-11-26,Correction proposée dans la prochaine version.
COM-05441,BANK-4125,user0008,2026-08-15,Le client demande une modification.
COM-05442,MOB-2336,user0050,2026-01-02,Tests complémentaires nécessaires.
COM-05443,BI-1563,user0012,2026-08-14,Le problème semble corrigé.
COM-05444,DATA-4946,user0050,2026-08-05,La fonctionnalité est prête pour les tests.
COM-05445,SEC-2780,user0029,2026-07-12,Tests complémentaires nécessaires.
COM-05446,MOB-933,user0034,2026-03-21,Le développement avance correctement.
COM-05447,MOB-2703,user0013,2025-09-21,Correction proposée dans la prochaine version.
COM-05448,DATA-3869,user0047,2025-12-02,Le problème semble corrigé.
COM-05449,SEC-2578,user0042,2025-12-06,Il faut vérifier ce comportement.
COM-05450,PORTAL-1375,user0010,2026-04-15,Le problème est reproduit en environnement de test.
COM-05451,BANK-4687,user0024,2026-04-03,Tests complémentaires nécessaires.
COM-05452,SEC-1778,user0022,2026-01-11,Attention au délai prévu.
COM-05453,MOB-2226,user0027,2026-06-05,Le développement avance correctement.
COM-05454,BANK-109,user0024,2025-10-18,Attention au délai prévu.
COM-05455,SEC-929,user0019,2025-11-05,Il faut vérifier ce comportement.
COM-05456,PORTAL-383,user0018,2026-05-12,Le problème semble corrigé.
COM-05457,SEC-4131,user0025,2025-12-20,Le problème semble corrigé.
COM-05458,ERP-4749,user0026,2026-04-26,La fonctionnalité est prête pour les tests.
COM-05459,ERP-3587,user0005,2026-05-10,Le client demande une modification.
COM-05460,PORTAL-3436,user0033,2026-01-24,Le client demande une modification.
COM-05461,PORTAL-4028,user0012,2026-07-02,Le problème semble corrigé.
COM-05462,ERP-4850,user0026,2026-03-05,Correction proposée dans la prochaine version.
COM-05463,DATA-9,user0035,2026-02-11,Il faut vérifier ce comportement.
COM-05464,BI-1054,user0048,2025-11-07,Il faut vérifier ce comportement.
COM-05465,MOB-4826,user0028,2026-07-20,Besoin de plus d'informations.
COM-05466,PORTAL-1989,user0041,2025-09-26,Tests complémentaires nécessaires.
COM-05467,DATA-3956,user0008,2026-07-06,Le problème est reproduit en environnement de test.
COM-05468,CLOUD-3113,user0014,2025-12-12,Besoin de plus d'informations.
COM-05469,BI-3593,user0012,2026-06-14,Besoin de plus d'informations.
COM-05470,DATA-1652,user0001,2025-11-01,Il faut vérifier ce comportement.
COM-05471,ERP-2396,user0002,2026-04-23,Le problème semble corrigé.
COM-05472,MOB-2983,user0002,2026-06-16,Besoin de plus d'informations.
COM-05473,DATA-330,user0033,2026-08-17,La fonctionnalité est prête pour les tests.
COM-05474,BI-678,user0030,2026-06-17,Attention au délai prévu.
COM-05475,CLOUD-3636,user0022,2026-05-23,Il faut vérifier ce comportement.
COM-05476,MOB-3273,user0005,2025-12-10,Le développement avance correctement.
COM-05477,MOB-1045,user0032,2026-04-19,Besoin de plus d'informations.
COM-05478,BI-4743,user0036,2026-07-17,Le problème semble corrigé.
COM-05479,PORTAL-2790,user0016,2025-12-14,Correction proposée dans la prochaine version.
COM-05480,SEC-4840,user0028,2026-01-02,Il faut vérifier ce comportement.
COM-05481,DATA-1642,user0044,2026-09-05,Le problème semble corrigé.
COM-05482,ECOM-698,user0050,2026-07-09,Le développement avance correctement.
COM-05483,ERP-3937,user0036,2026-09-14,Le problème est reproduit en environnement de test.
COM-05484,CRM-4197,user0016,2026-04-26,Attention au délai prévu.
COM-05485,BI-3721,user0039,2025-09-15,Attention au délai prévu.
COM-05486,CRM-916,user0009,2026-08-16,Le développement avance correctement.
COM-05487,SEC-4026,user0037,2026-04-08,La fonctionnalité est prête pour les tests.
COM-05488,MOB-4663,user0032,2026-07-02,Le développement avance correctement.
COM-05489,BI-1585,user0011,2026-07-22,Il faut vérifier ce comportement.
COM-05490,ERP-2216,user0008,2025-11-09,Le problème semble corrigé.
COM-05491,PORTAL-689,user0044,2025-12-25,Le problème semble corrigé.
COM-05492,ERP-2419,user0015,2025-09-21,Tests complémentaires nécessaires.
COM-05493,BANK-3853,user0045,2026-06-17,Tests complémentaires nécessaires.
COM-05494,SEC-418,user0007,2026-03-25,Besoin de plus d'informations.
COM-05495,PORTAL-2326,user0002,2026-07-31,Correction proposée dans la prochaine version.
COM-05496,MOB-3631,user0012,2025-11-28,Le problème est reproduit en environnement de test.
COM-05497,CLOUD-2019,user0018,2026-08-05,Le problème est reproduit en environnement de test.
COM-05498,BANK-749,user0021,2025-10-06,Le client demande une modification.
COM-05499,SEC-1778,user0035,2026-03-04,Le développement avance correctement.
COM-05500,DATA-150,user0030,2025-11-02,Le problème est reproduit en environnement de test.
COM-05501,SEC-4661,user0009,2026-02-20,Correction proposée dans la prochaine version.
COM-05502,BANK-3452,user0023,2026-01-18,Besoin de plus d'informations.
COM-05503,MOB-4934,user0034,2025-11-13,Tests complémentaires nécessaires.
COM-05504,CLOUD-850,user0019,2025-10-04,Attention au délai prévu.
COM-05505,BANK-4587,user0022,2025-10-27,Attention au délai prévu.
COM-05506,BANK-2097,user0039,2026-05-03,Le problème est reproduit en environnement de test.
COM-05507,ERP-1264,user0028,2026-04-26,Le développement avance correctement.
COM-05508,CRM-2062,user0012,2025-11-30,Il faut vérifier ce comportement.
COM-05509,CLOUD-3950,user0010,2026-08-16,La fonctionnalité est prête pour les tests.
COM-05510,PORTAL-2266,user0048,2025-12-09,Le développement avance correctement.
COM-05511,CLOUD-775,user0017,2026-03-11,Le problème semble corrigé.
COM-05512,BI-3549,user0007,2026-08-14,Le problème est reproduit en environnement de test.
COM-05513,ECOM-3601,user0007,2026-01-01,Correction proposée dans la prochaine version.
COM-05514,ECOM-4880,user0002,2026-08-26,La fonctionnalité est prête pour les tests.
COM-05515,ECOM-1591,user0027,2025-11-10,Le problème est reproduit en environnement de test.
COM-05516,CRM-3530,user0005,2026-05-18,Besoin de plus d'informations.
COM-05517,ERP-4081,user0006,2026-04-06,Correction proposée dans la prochaine version.
COM-05518,SEC-2682,user0014,2026-08-13,Le problème semble corrigé.
COM-05519,MOB-4772,user0039,2026-05-14,Le développement avance correctement.
COM-05520,CRM-4651,user0025,2025-12-06,Tests complémentaires nécessaires.
COM-05521,MOB-2881,user0037,2026-06-22,Le client demande une modification.
COM-05522,SEC-3201,user0039,2025-11-21,Attention au délai prévu.
COM-05523,MOB-1238,user0037,2025-09-15,Le problème est reproduit en environnement de test.
COM-05524,CLOUD-2467,user0001,2025-12-29,La fonctionnalité est prête pour les tests.
COM-05525,CRM-4577,user0043,2025-11-01,Le développement avance correctement.
COM-05526,PORTAL-3630,user0016,2026-08-04,Attention au délai prévu.
COM-05527,BI-2908,user0026,2026-07-01,Il faut vérifier ce comportement.
COM-05528,PORTAL-679,user0033,2026-01-01,Besoin de plus d'informations.
COM-05529,CRM-2118,user0004,2025-12-31,Besoin de plus d'informations.
COM-05530,PORTAL-2128,user0040,2026-06-10,Tests complémentaires nécessaires.
COM-05531,CLOUD-594,user0049,2026-05-01,Il faut vérifier ce comportement.
COM-05532,ERP-2962,user0023,2026-01-19,Correction proposée dans la prochaine version.
COM-05533,BANK-236,user0008,2026-01-23,La fonctionnalité est prête pour les tests.
COM-05534,ECOM-4728,user0040,2025-11-18,Besoin de plus d'informations.
COM-05535,PORTAL-1571,user0026,2025-10-31,Le client demande une modification.
COM-05536,ECOM-1869,user0021,2026-07-04,Le développement avance correctement.
COM-05537,ECOM-3846,user0003,2026-04-30,Il faut vérifier ce comportement.
COM-05538,DATA-1295,user0049,2026-04-28,Tests complémentaires nécessaires.
COM-05539,BANK-3069,user0001,2026-01-14,La fonctionnalité est prête pour les tests.
COM-05540,ECOM-334,user0034,2025-12-24,Attention au délai prévu.
COM-05541,DATA-3196,user0006,2026-03-12,Le développement avance correctement.
COM-05542,BANK-4980,user0007,2025-12-28,Attention au délai prévu.
COM-05543,ERP-2960,user0003,2026-08-03,Le client demande une modification.
COM-05544,ECOM-1605,user0037,2025-10-22,Le problème semble corrigé.
COM-05545,ECOM-423,user0023,2026-03-30,Le développement avance correctement.
COM-05546,ERP-2478,user0020,2026-07-21,Le problème est reproduit en environnement de test.
COM-05547,CLOUD-715,user0034,2026-06-06,La fonctionnalité est prête pour les tests.
COM-05548,MOB-956,user0009,2025-12-22,Le développement avance correctement.
COM-05549,CRM-2042,user0042,2026-02-20,Attention au délai prévu.
COM-05550,BI-1195,user0028,2025-10-24,La fonctionnalité est prête pour les tests.
COM-05551,BI-1800,user0014,2026-04-17,Attention au délai prévu.
COM-05552,PORTAL-2723,user0028,2026-07-22,Le client demande une modification.
COM-05553,DATA-1992,user0028,2025-12-23,Tests complémentaires nécessaires.
COM-05554,BI-2056,user0042,2025-10-05,Le problème est reproduit en environnement de test.
COM-05555,MOB-24,user0029,2025-11-26,La fonctionnalité est prête pour les tests.
COM-05556,MOB-2307,user0010,2026-01-19,La fonctionnalité est prête pour les tests.
COM-05557,CLOUD-2842,user0011,2025-11-15,Correction proposée dans la prochaine version.
COM-05558,PORTAL-2437,user0047,2026-01-06,Tests complémentaires nécessaires.
COM-05559,BI-1998,user0046,2025-11-05,Le problème est reproduit en environnement de test.
COM-05560,PORTAL-2297,user0006,2025-11-04,La fonctionnalité est prête pour les tests.
COM-05561,CRM-3207,user0033,2026-02-05,Le problème semble corrigé.
COM-05562,SEC-328,user0049,2025-11-26,Besoin de plus d'informations.
COM-05563,CRM-1177,user0036,2025-10-13,La fonctionnalité est prête pour les tests.
COM-05564,BI-3550,user0001,2026-08-18,Le développement avance correctement.
COM-05565,BI-3998,user0015,2026-05-07,Le problème semble corrigé.
COM-05566,CLOUD-4356,user0040,2026-06-07,La fonctionnalité est prête pour les tests.
COM-05567,CRM-141,user0042,2025-12-02,Il faut vérifier ce comportement.
COM-05568,CRM-4487,user0001,2026-08-10,La fonctionnalité est prête pour les tests.
COM-05569,SEC-649,user0001,2026-04-13,La fonctionnalité est prête pour les tests.
COM-05570,MOB-958,user0045,2026-04-05,Il faut vérifier ce comportement.
COM-05571,ECOM-4677,user0014,2026-03-31,Il faut vérifier ce comportement.
COM-05572,BANK-2330,user0021,2026-05-13,Le développement avance correctement.
COM-05573,BANK-2552,user0008,2026-03-11,Il faut vérifier ce comportement.
COM-05574,ERP-2998,user0033,2026-01-30,Le problème est reproduit en environnement de test.
COM-05575,ERP-1127,user0034,2026-06-17,Le problème est reproduit en environnement de test.
COM-05576,ERP-2566,user0033,2026-04-01,La fonctionnalité est prête pour les tests.
COM-05577,CLOUD-3820,user0046,2025-11-18,Besoin de plus d'informations.
COM-05578,CLOUD-72,user0011,2026-02-04,Tests complémentaires nécessaires.
COM-05579,ERP-4564,user0041,2026-09-01,Le développement avance correctement.
COM-05580,CLOUD-3697,user0046,2026-07-19,Il faut vérifier ce comportement.
COM-05581,SEC-4990,user0050,2026-08-21,La fonctionnalité est prête pour les tests.
COM-05582,ECOM-3449,user0002,2025-12-09,La fonctionnalité est prête pour les tests.
COM-05583,DATA-1084,user0033,2026-01-29,La fonctionnalité est prête pour les tests.
COM-05584,PORTAL-3081,user0010,2026-02-21,La fonctionnalité est prête pour les tests.
COM-05585,MOB-2670,user0042,2025-10-20,Le problème semble corrigé.
COM-05586,SEC-639,user0045,2026-02-10,Correction proposée dans la prochaine version.
COM-05587,DATA-3415,user0025,2026-03-14,Attention au délai prévu.
COM-05588,BANK-691,user0050,2026-08-27,Le problème semble corrigé.
COM-05589,ECOM-4546,user0003,2026-03-05,Le développement avance correctement.
COM-05590,ECOM-3750,user0010,2026-06-27,Le client demande une modification.
COM-05591,CLOUD-3024,user0039,2025-12-21,La fonctionnalité est prête pour les tests.
COM-05592,SEC-2662,user0010,2026-09-01,Il faut vérifier ce comportement.
COM-05593,ERP-1127,user0009,2026-08-24,Il faut vérifier ce comportement.
COM-05594,CLOUD-2695,user0024,2025-11-17,Attention au délai prévu.
COM-05595,SEC-1572,user0007,2026-05-28,Le client demande une modification.
COM-05596,ECOM-2141,user0043,2026-08-15,Le développement avance correctement.
COM-05597,CRM-2199,user0021,2025-12-10,Attention au délai prévu.
COM-05598,ERP-4115,user0017,2026-09-01,Besoin de plus d'informations.
COM-05599,BANK-3733,user0021,2026-08-26,Attention au délai prévu.
COM-05600,DATA-1324,user0025,2026-08-26,Tests complémentaires nécessaires.
COM-05601,BI-960,user0019,2025-11-08,Le problème est reproduit en environnement de test.
COM-05602,BI-1327,user0042,2026-06-10,Tests complémentaires nécessaires.
COM-05603,DATA-1191,user0030,2025-09-30,Il faut vérifier ce comportement.
COM-05604,ERP-35,user0025,2026-07-02,Tests complémentaires nécessaires.
COM-05605,SEC-3949,user0026,2026-04-16,Besoin de plus d'informations.
COM-05606,BI-2592,user0047,2025-11-23,La fonctionnalité est prête pour les tests.
COM-05607,BANK-4246,user0016,2025-10-04,Il faut vérifier ce comportement.
COM-05608,ECOM-655,user0004,2026-08-03,Le problème semble corrigé.
COM-05609,DATA-860,user0011,2026-07-25,Correction proposée dans la prochaine version.
COM-05610,CLOUD-2195,user0035,2026-08-01,Tests complémentaires nécessaires.
COM-05611,DATA-2029,user0012,2025-11-05,Correction proposée dans la prochaine version.
COM-05612,MOB-3193,user0019,2025-12-13,La fonctionnalité est prête pour les tests.
COM-05613,MOB-747,user0044,2026-01-12,Il faut vérifier ce comportement.
COM-05614,BI-4468,user0028,2026-02-20,La fonctionnalité est prête pour les tests.
COM-05615,ERP-4287,user0041,2026-02-13,Il faut vérifier ce comportement.
COM-05616,MOB-3826,user0048,2026-04-05,Attention au délai prévu.
COM-05617,DATA-41,user0036,2026-08-06,Le développement avance correctement.
COM-05618,ERP-3881,user0039,2025-12-23,Le client demande une modification.
COM-05619,ECOM-3309,user0027,2026-06-29,Il faut vérifier ce comportement.
COM-05620,SEC-1850,user0004,2026-07-02,Correction proposée dans la prochaine version.
COM-05621,PORTAL-193,user0047,2026-02-12,Correction proposée dans la prochaine version.
COM-05622,BI-2844,user0025,2025-12-23,Le problème est reproduit en environnement de test.
COM-05623,ECOM-1448,user0006,2026-07-25,Correction proposée dans la prochaine version.
COM-05624,SEC-2780,user0001,2025-12-24,Attention au délai prévu.
COM-05625,MOB-2159,user0031,2026-04-10,Le problème est reproduit en environnement de test.
COM-05626,SEC-201,user0043,2026-07-12,Tests complémentaires nécessaires.
COM-05627,ECOM-3065,user0035,2025-12-30,Besoin de plus d'informations.
COM-05628,DATA-3312,user0001,2025-12-04,Il faut vérifier ce comportement.
COM-05629,BI-1313,user0048,2026-01-10,Il faut vérifier ce comportement.
COM-05630,PORTAL-1940,user0045,2026-07-21,Correction proposée dans la prochaine version.
COM-05631,CLOUD-412,user0048,2025-09-24,La fonctionnalité est prête pour les tests.
COM-05632,PORTAL-3827,user0043,2026-02-21,Il faut vérifier ce comportement.
COM-05633,CLOUD-2951,user0007,2025-12-10,Tests complémentaires nécessaires.
COM-05634,ERP-2962,user0040,2026-09-04,Correction proposée dans la prochaine version.
COM-05635,DATA-1642,user0031,2025-09-25,Le problème est reproduit en environnement de test.
COM-05636,ECOM-3015,user0006,2026-01-09,Correction proposée dans la prochaine version.
COM-05637,ERP-1853,user0035,2026-05-10,Attention au délai prévu.
COM-05638,MOB-1754,user0037,2026-04-03,Tests complémentaires nécessaires.
COM-05639,PORTAL-3694,user0023,2026-08-24,Le client demande une modification.
COM-05640,CRM-3558,user0035,2025-11-25,Le problème est reproduit en environnement de test.
COM-05641,MOB-1575,user0033,2025-09-30,La fonctionnalité est prête pour les tests.
COM-05642,SEC-3883,user0013,2026-06-01,Il faut vérifier ce comportement.
COM-05643,SEC-1058,user0024,2026-05-16,Besoin de plus d'informations.
COM-05644,CLOUD-1762,user0015,2026-08-22,Le client demande une modification.
COM-05645,BI-307,user0021,2025-10-31,Correction proposée dans la prochaine version.
COM-05646,MOB-2043,user0037,2025-10-08,Tests complémentaires nécessaires.
COM-05647,BI-68,user0050,2026-08-30,Le problème est reproduit en environnement de test.
COM-05648,ECOM-3449,user0022,2025-10-19,Tests complémentaires nécessaires.
COM-05649,SEC-1235,user0028,2026-03-13,Attention au délai prévu.
COM-05650,CRM-2719,user0002,2026-04-04,Tests complémentaires nécessaires.
COM-05651,ECOM-1933,user0031,2026-02-02,Correction proposée dans la prochaine version.
COM-05652,CRM-367,user0004,2025-10-13,Il faut vérifier ce comportement.
COM-05653,SEC-3382,user0013,2026-04-06,Le problème semble corrigé.
COM-05654,BI-4456,user0005,2026-02-15,Besoin de plus d'informations.
COM-05655,MOB-4006,user0009,2026-04-09,Le problème est reproduit en environnement de test.
COM-05656,CLOUD-120,user0006,2025-12-04,Le développement avance correctement.
COM-05657,ECOM-1545,user0012,2025-10-01,Le problème semble corrigé.
COM-05658,ECOM-1805,user0006,2026-06-16,Il faut vérifier ce comportement.
COM-05659,BANK-544,user0001,2026-02-27,Correction proposée dans la prochaine version.
COM-05660,BI-3785,user0019,2026-01-08,Besoin de plus d'informations.
COM-05661,PORTAL-1257,user0046,2025-12-22,Tests complémentaires nécessaires.
COM-05662,CRM-3051,user0028,2025-09-25,Le client demande une modification.
COM-05663,ECOM-3470,user0042,2025-10-06,Tests complémentaires nécessaires.
COM-05664,SEC-2428,user0032,2026-06-24,Il faut vérifier ce comportement.
COM-05665,MOB-2022,user0045,2025-09-28,Le développement avance correctement.
COM-05666,SEC-3739,user0010,2025-10-26,Le développement avance correctement.
COM-05667,ECOM-3449,user0007,2026-06-15,Le développement avance correctement.
COM-05668,CRM-1486,user0033,2026-08-27,Correction proposée dans la prochaine version.
COM-05669,DATA-2259,user0037,2026-08-18,Attention au délai prévu.
COM-05670,ERP-13,user0026,2026-07-16,Il faut vérifier ce comportement.
COM-05671,ECOM-3181,user0048,2025-11-29,Le client demande une modification.
COM-05672,BANK-4536,user0014,2026-06-26,Il faut vérifier ce comportement.
COM-05673,ERP-1525,user0013,2026-01-21,Le développement avance correctement.
COM-05674,DATA-3255,user0033,2026-03-22,Il faut vérifier ce comportement.
COM-05675,CLOUD-1418,user0021,2026-03-10,Le problème semble corrigé.
COM-05676,CLOUD-3884,user0034,2026-06-29,Il faut vérifier ce comportement.
COM-05677,BANK-694,user0044,2026-05-18,Le développement avance correctement.
COM-05678,DATA-1071,user0022,2026-02-02,Le problème est reproduit en environnement de test.
COM-05679,MOB-4006,user0003,2026-05-22,Attention au délai prévu.
COM-05680,ECOM-808,user0009,2026-09-09,Le problème est reproduit en environnement de test.
COM-05681,DATA-3200,user0003,2026-01-08,Attention au délai prévu.
COM-05682,ERP-779,user0019,2026-03-13,Le problème est reproduit en environnement de test.
COM-05683,ECOM-2051,user0021,2025-09-18,Le problème semble corrigé.
COM-05684,BI-3549,user0018,2026-01-15,Il faut vérifier ce comportement.
COM-05685,BI-2429,user0022,2026-03-22,Le problème semble corrigé.
COM-05686,MOB-1501,user0015,2026-01-09,Il faut vérifier ce comportement.
COM-05687,CRM-1643,user0045,2026-04-27,Le problème semble corrigé.
COM-05688,MOB-2469,user0011,2025-11-07,Le problème semble corrigé.
COM-05689,DATA-3819,user0013,2026-02-20,Correction proposée dans la prochaine version.
COM-05690,DATA-1642,user0002,2026-08-10,Besoin de plus d'informations.
COM-05691,CLOUD-3651,user0014,2025-11-04,Besoin de plus d'informations.
COM-05692,ERP-3025,user0014,2025-11-13,Le client demande une modification.
COM-05693,DATA-4092,user0018,2026-05-13,Besoin de plus d'informations.
COM-05694,BI-2275,user0025,2026-01-17,Le client demande une modification.
COM-05695,SEC-95,user0010,2026-04-01,Correction proposée dans la prochaine version.
COM-05696,ECOM-123,user0023,2025-11-29,La fonctionnalité est prête pour les tests.
COM-05697,BI-2517,user0045,2025-09-22,Il faut vérifier ce comportement.
COM-05698,ERP-1050,user0008,2026-03-08,Le problème est reproduit en environnement de test.
COM-05699,SEC-2528,user0010,2026-08-16,Le problème semble corrigé.
COM-05700,CLOUD-1737,user0022,2025-09-15,Tests complémentaires nécessaires.
COM-05701,CLOUD-2084,user0026,2025-09-29,Il faut vérifier ce comportement.
COM-05702,CLOUD-488,user0043,2026-06-04,Attention au délai prévu.
COM-05703,BANK-106,user0041,2026-01-06,Il faut vérifier ce comportement.
COM-05704,CLOUD-2302,user0004,2025-12-29,Correction proposée dans la prochaine version.
COM-05705,ERP-1895,user0025,2026-08-01,Besoin de plus d'informations.
COM-05706,CLOUD-3499,user0038,2026-01-01,Il faut vérifier ce comportement.
COM-05707,SEC-1117,user0015,2026-05-02,La fonctionnalité est prête pour les tests.
COM-05708,ECOM-3664,user0037,2025-09-25,Il faut vérifier ce comportement.
COM-05709,ERP-235,user0001,2026-04-23,Correction proposée dans la prochaine version.
COM-05710,SEC-1608,user0007,2025-09-29,Attention au délai prévu.
COM-05711,CRM-3708,user0046,2026-01-23,La fonctionnalité est prête pour les tests.
COM-05712,CLOUD-4997,user0001,2026-03-03,Attention au délai prévu.
COM-05713,BANK-1458,user0003,2026-08-24,Besoin de plus d'informations.
COM-05714,MOB-66,user0037,2026-04-21,Le problème semble corrigé.
COM-05715,MOB-3198,user0029,2026-04-20,Tests complémentaires nécessaires.
COM-05716,BANK-2722,user0006,2026-01-13,Le client demande une modification.
COM-05717,DATA-1651,user0046,2026-01-24,Il faut vérifier ce comportement.
COM-05718,CLOUD-3296,user0024,2026-07-26,Le problème semble corrigé.
COM-05719,ERP-2960,user0021,2026-03-27,Besoin de plus d'informations.
COM-05720,PORTAL-3629,user0023,2025-11-14,Le client demande une modification.
COM-05721,ECOM-2255,user0036,2026-04-13,Il faut vérifier ce comportement.
COM-05722,ECOM-3087,user0003,2025-10-31,Besoin de plus d'informations.
COM-05723,PORTAL-714,user0032,2026-08-27,Le problème est reproduit en environnement de test.
COM-05724,ECOM-655,user0023,2025-11-13,Attention au délai prévu.
COM-05725,BI-3351,user0013,2025-11-04,Tests complémentaires nécessaires.
COM-05726,BI-3506,user0012,2026-04-26,Besoin de plus d'informations.
COM-05727,BI-4874,user0024,2025-10-28,Le client demande une modification.
COM-05728,DATA-1633,user0004,2026-06-04,Le client demande une modification.
COM-05729,CLOUD-442,user0043,2026-01-27,Attention au délai prévu.
COM-05730,ECOM-2343,user0036,2025-10-28,Besoin de plus d'informations.
COM-05731,BI-628,user0001,2025-09-21,Le problème est reproduit en environnement de test.
COM-05732,BI-3868,user0048,2026-04-12,Le développement avance correctement.
COM-05733,CLOUD-2205,user0040,2026-07-12,Correction proposée dans la prochaine version.
COM-05734,PORTAL-4683,user0025,2026-02-17,Le client demande une modification.
COM-05735,MOB-835,user0007,2026-08-29,Besoin de plus d'informations.
COM-05736,PORTAL-3901,user0042,2026-07-05,Le client demande une modification.
COM-05737,CRM-2378,user0040,2025-10-19,Le client demande une modification.
COM-05738,ERP-291,user0008,2025-11-04,Correction proposée dans la prochaine version.
COM-05739,ECOM-3117,user0006,2026-05-06,Attention au délai prévu.
COM-05740,CRM-335,user0030,2025-10-10,La fonctionnalité est prête pour les tests.
COM-05741,MOB-4620,user0040,2026-01-05,Il faut vérifier ce comportement.
COM-05742,MOB-821,user0002,2026-06-18,Le développement avance correctement.
COM-05743,MOB-192,user0005,2025-12-28,Le problème est reproduit en environnement de test.
COM-05744,BANK-4414,user0014,2026-02-28,Besoin de plus d'informations.
COM-05745,BANK-319,user0010,2026-01-15,La fonctionnalité est prête pour les tests.
COM-05746,MOB-3343,user0012,2025-09-21,Le développement avance correctement.
COM-05747,DATA-1169,user0045,2025-10-27,Le problème semble corrigé.
COM-05748,ECOM-1899,user0024,2026-02-05,Attention au délai prévu.
COM-05749,CLOUD-1055,user0041,2025-11-29,Le développement avance correctement.
COM-05750,BI-2443,user0015,2025-10-27,Le problème semble corrigé.
COM-05751,CRM-4768,user0041,2026-06-08,La fonctionnalité est prête pour les tests.
COM-05752,CRM-434,user0004,2026-07-09,La fonctionnalité est prête pour les tests.
COM-05753,PORTAL-2252,user0005,2026-02-20,Correction proposée dans la prochaine version.
COM-05754,MOB-556,user0025,2026-02-13,La fonctionnalité est prête pour les tests.
COM-05755,CLOUD-4311,user0046,2026-03-13,Besoin de plus d'informations.
COM-05756,BI-973,user0010,2026-06-13,Le développement avance correctement.
COM-05757,BANK-2899,user0004,2026-08-06,Il faut vérifier ce comportement.
COM-05758,ERP-1068,user0010,2026-04-14,Correction proposée dans la prochaine version.
COM-05759,SEC-1112,user0031,2026-06-29,Il faut vérifier ce comportement.
COM-05760,DATA-1860,user0010,2026-03-03,Le développement avance correctement.
COM-05761,ECOM-4910,user0004,2025-11-29,Le client demande une modification.
COM-05762,PORTAL-3144,user0025,2025-09-26,Il faut vérifier ce comportement.
COM-05763,PORTAL-1138,user0040,2026-06-17,Attention au délai prévu.
COM-05764,PORTAL-1989,user0005,2026-08-29,Il faut vérifier ce comportement.
COM-05765,CLOUD-2995,user0026,2026-06-05,Tests complémentaires nécessaires.
COM-05766,DATA-3890,user0007,2026-04-13,Besoin de plus d'informations.
COM-05767,PORTAL-580,user0027,2026-08-06,Le problème est reproduit en environnement de test.
COM-05768,CRM-3422,user0032,2026-05-05,Le problème semble corrigé.
COM-05769,BI-1067,user0006,2026-08-08,Le client demande une modification.
COM-05770,ERP-2905,user0042,2026-02-27,Attention au délai prévu.
COM-05771,ERP-3822,user0048,2026-05-05,Le client demande une modification.
COM-05772,BANK-3698,user0021,2026-04-23,Le développement avance correctement.
COM-05773,BI-1383,user0026,2026-04-28,Il faut vérifier ce comportement.
COM-05774,BI-2935,user0034,2026-06-16,Attention au délai prévu.
COM-05775,CLOUD-886,user0036,2026-02-07,Attention au délai prévu.
COM-05776,BI-586,user0048,2026-04-21,Correction proposée dans la prochaine version.
COM-05777,CLOUD-2502,user0029,2025-09-26,Il faut vérifier ce comportement.
COM-05778,PORTAL-4076,user0026,2026-01-18,Il faut vérifier ce comportement.
COM-05779,MOB-1597,user0029,2025-12-17,Tests complémentaires nécessaires.
COM-05780,BI-4486,user0035,2026-08-22,Attention au délai prévu.
COM-05781,CRM-3807,user0019,2025-10-12,Le client demande une modification.
COM-05782,ERP-4793,user0050,2025-10-17,La fonctionnalité est prête pour les tests.
COM-05783,ECOM-4910,user0031,2025-10-18,Correction proposée dans la prochaine version.
COM-05784,CRM-3619,user0036,2026-08-31,Attention au délai prévu.
COM-05785,CRM-1377,user0026,2026-08-15,La fonctionnalité est prête pour les tests.
COM-05786,MOB-4851,user0008,2026-06-22,Il faut vérifier ce comportement.
COM-05787,ECOM-3921,user0039,2025-12-10,Tests complémentaires nécessaires.
COM-05788,PORTAL-3197,user0013,2026-05-13,Tests complémentaires nécessaires.
COM-05789,CRM-674,user0005,2026-04-16,Besoin de plus d'informations.
COM-05790,PORTAL-4892,user0012,2026-02-16,Correction proposée dans la prochaine version.
COM-05791,DATA-4431,user0033,2026-05-22,Le problème semble corrigé.
COM-05792,BANK-1915,user0018,2025-10-14,Le développement avance correctement.
COM-05793,BI-1496,user0043,2025-10-10,La fonctionnalité est prête pour les tests.
COM-05794,ERP-4135,user0025,2026-07-18,Le problème est reproduit en environnement de test.
COM-05795,PORTAL-3350,user0014,2025-10-13,Le problème semble corrigé.
COM-05796,CLOUD-238,user0034,2026-04-25,Attention au délai prévu.
COM-05797,CRM-4988,user0011,2026-03-21,Besoin de plus d'informations.
COM-05798,BI-1943,user0009,2026-01-24,Il faut vérifier ce comportement.
COM-05799,SEC-118,user0044,2026-08-07,Le problème semble corrigé.
COM-05800,CRM-3736,user0016,2026-08-13,Besoin de plus d'informations.
COM-05801,PORTAL-3694,user0020,2026-09-02,Le problème est reproduit en environnement de test.
COM-05802,PORTAL-2407,user0020,2026-05-20,Correction proposée dans la prochaine version.
COM-05803,ECOM-2611,user0028,2026-08-29,Le client demande une modification.
COM-05804,ERP-4224,user0001,2025-12-24,Besoin de plus d'informations.
COM-05805,DATA-4120,user0037,2025-10-03,Le client demande une modification.
COM-05806,CLOUD-466,user0026,2026-04-09,Le problème est reproduit en environnement de test.
COM-05807,ERP-3587,user0037,2025-11-20,Correction proposée dans la prochaine version.
COM-05808,BANK-368,user0022,2025-11-19,Besoin de plus d'informations.
COM-05809,DATA-4890,user0049,2025-09-14,Attention au délai prévu.
COM-05810,PORTAL-2535,user0015,2025-10-14,Le problème semble corrigé.
COM-05811,BANK-4519,user0029,2026-05-19,Correction proposée dans la prochaine version.
COM-05812,SEC-1702,user0019,2026-08-26,Attention au délai prévu.
COM-05813,ERP-1318,user0011,2026-06-27,Le client demande une modification.
COM-05814,DATA-3295,user0018,2026-04-01,Le client demande une modification.
COM-05815,ECOM-1029,user0035,2026-05-24,Besoin de plus d'informations.
COM-05816,CRM-1346,user0011,2026-09-02,Correction proposée dans la prochaine version.
COM-05817,BANK-818,user0047,2026-09-13,Correction proposée dans la prochaine version.
COM-05818,PORTAL-64,user0018,2026-01-16,Le développement avance correctement.
COM-05819,CRM-49,user0041,2026-05-05,La fonctionnalité est prête pour les tests.
COM-05820,CLOUD-532,user0011,2026-05-14,Tests complémentaires nécessaires.
COM-05821,CRM-2113,user0034,2026-08-05,Attention au délai prévu.
COM-05822,ECOM-1552,user0022,2026-07-18,Le développement avance correctement.
COM-05823,SEC-2439,user0039,2026-06-10,La fonctionnalité est prête pour les tests.
COM-05824,MOB-1607,user0028,2026-06-08,Le client demande une modification.
COM-05825,DATA-408,user0016,2026-08-30,La fonctionnalité est prête pour les tests.
COM-05826,CLOUD-1306,user0029,2026-01-25,Le développement avance correctement.
COM-05827,PORTAL-1751,user0044,2025-12-20,Le problème est reproduit en environnement de test.
COM-05828,ERP-50,user0013,2026-07-26,Attention au délai prévu.
COM-05829,BI-628,user0015,2026-02-09,Attention au délai prévu.
COM-05830,CLOUD-1149,user0026,2025-11-02,Correction proposée dans la prochaine version.
COM-05831,PORTAL-4713,user0035,2026-03-17,Correction proposée dans la prochaine version.
COM-05832,SEC-4118,user0018,2025-12-31,Le problème est reproduit en environnement de test.
COM-05833,SEC-2413,user0035,2026-02-16,Il faut vérifier ce comportement.
COM-05834,PORTAL-1227,user0004,2026-03-17,Le développement avance correctement.
COM-05835,BI-4608,user0039,2026-05-09,La fonctionnalité est prête pour les tests.
COM-05836,CLOUD-2213,user0006,2025-11-04,Correction proposée dans la prochaine version.
COM-05837,BANK-3048,user0010,2025-09-18,Attention au délai prévu.
COM-05838,ECOM-1032,user0011,2026-07-09,Le problème semble corrigé.
COM-05839,MOB-4724,user0046,2026-03-19,Le problème semble corrigé.
COM-05840,ERP-757,user0002,2026-07-08,Le problème semble corrigé.
COM-05841,ERP-2895,user0003,2025-12-10,Le développement avance correctement.
COM-05842,DATA-262,user0047,2025-09-27,Tests complémentaires nécessaires.
COM-05843,SEC-801,user0047,2026-04-05,Tests complémentaires nécessaires.
COM-05844,BANK-4000,user0026,2026-06-03,La fonctionnalité est prête pour les tests.
COM-05845,DATA-3837,user0039,2026-03-07,Le client demande une modification.
COM-05846,DATA-963,user0004,2025-12-25,La fonctionnalité est prête pour les tests.
COM-05847,MOB-308,user0013,2026-06-23,Il faut vérifier ce comportement.
COM-05848,CRM-4811,user0032,2026-02-15,Il faut vérifier ce comportement.
COM-05849,MOB-671,user0008,2026-05-13,Besoin de plus d'informations.
COM-05850,CRM-54,user0035,2025-11-04,Besoin de plus d'informations.
COM-05851,ECOM-4593,user0048,2026-05-09,Le problème est reproduit en environnement de test.
COM-05852,ECOM-1255,user0015,2025-10-21,Le problème semble corrigé.
COM-05853,CRM-2724,user0022,2025-11-15,Le client demande une modification.
COM-05854,ERP-4060,user0027,2026-07-16,Le problème semble corrigé.
COM-05855,ERP-2135,user0030,2026-04-23,Attention au délai prévu.
COM-05856,MOB-3940,user0021,2026-06-12,Le développement avance correctement.
COM-05857,ECOM-3181,user0013,2025-10-09,Le client demande une modification.
COM-05858,PORTAL-2071,user0030,2026-06-29,Le développement avance correctement.
COM-05859,BANK-4786,user0018,2026-01-28,Le client demande une modification.
COM-05860,BANK-2445,user0012,2025-12-30,Besoin de plus d'informations.
COM-05861,BI-2150,user0004,2025-12-22,Besoin de plus d'informations.
COM-05862,CLOUD-3328,user0027,2026-02-11,Le client demande une modification.
COM-05863,SEC-2439,user0019,2025-11-24,Il faut vérifier ce comportement.
COM-05864,ECOM-401,user0025,2026-01-18,Il faut vérifier ce comportement.
COM-05865,MOB-4698,user0011,2026-03-02,Le développement avance correctement.
COM-05866,BI-4202,user0041,2026-02-26,Le client demande une modification.
COM-05867,PORTAL-562,user0046,2026-01-22,Le problème est reproduit en environnement de test.
COM-05868,CRM-1162,user0010,2026-06-29,Le développement avance correctement.
COM-05869,BI-1944,user0047,2026-05-07,Le problème semble corrigé.
COM-05870,CRM-4046,user0044,2026-01-26,Attention au délai prévu.
COM-05871,CRM-3699,user0014,2025-12-28,Le problème semble corrigé.
COM-05872,ERP-2478,user0009,2026-08-05,Tests complémentaires nécessaires.
COM-05873,BI-540,user0033,2026-01-30,Le client demande une modification.
COM-05874,ECOM-3117,user0049,2026-06-21,Il faut vérifier ce comportement.
COM-05875,PORTAL-1167,user0009,2026-07-04,Correction proposée dans la prochaine version.
COM-05876,CLOUD-4740,user0007,2025-12-10,Le problème semble corrigé.
COM-05877,DATA-1109,user0020,2026-07-25,La fonctionnalité est prête pour les tests.
COM-05878,ECOM-793,user0048,2025-12-09,Le client demande une modification.
COM-05879,CLOUD-278,user0048,2026-01-19,Attention au délai prévu.
COM-05880,PORTAL-3019,user0016,2025-09-24,Le client demande une modification.
COM-05881,CRM-343,user0011,2026-04-20,Tests complémentaires nécessaires.
COM-05882,SEC-1483,user0026,2025-10-12,Attention au délai prévu.
COM-05883,CRM-4065,user0044,2026-05-16,Correction proposée dans la prochaine version.
COM-05884,PORTAL-865,user0028,2025-12-21,Besoin de plus d'informations.
COM-05885,ECOM-4364,user0041,2026-06-01,La fonctionnalité est prête pour les tests.
COM-05886,ECOM-230,user0020,2025-09-14,Correction proposée dans la prochaine version.
COM-05887,ERP-4054,user0049,2025-12-21,Le client demande une modification.
COM-05888,ECOM-2338,user0016,2026-07-27,Il faut vérifier ce comportement.
COM-05889,BANK-4900,user0029,2026-01-19,La fonctionnalité est prête pour les tests.
COM-05890,PORTAL-2121,user0009,2025-10-27,Correction proposée dans la prochaine version.
COM-05891,PORTAL-4757,user0030,2026-01-09,Le problème est reproduit en environnement de test.
COM-05892,CLOUD-4205,user0001,2026-03-01,Il faut vérifier ce comportement.
COM-05893,SEC-4584,user0032,2025-09-20,Le développement avance correctement.
COM-05894,BI-2783,user0048,2026-06-16,Le problème est reproduit en environnement de test.
COM-05895,ECOM-4191,user0017,2025-11-26,La fonctionnalité est prête pour les tests.
COM-05896,CRM-1918,user0043,2025-10-16,Il faut vérifier ce comportement.
COM-05897,MOB-956,user0023,2026-03-14,Le problème semble corrigé.
COM-05898,ECOM-3722,user0003,2025-11-28,Besoin de plus d'informations.
COM-05899,PORTAL-4914,user0006,2025-10-24,Le client demande une modification.
COM-05900,DATA-4524,user0045,2025-11-08,Il faut vérifier ce comportement.
COM-05901,ECOM-1545,user0039,2026-05-03,Le problème semble corrigé.
COM-05902,ECOM-1338,user0038,2026-08-12,Le problème semble corrigé.
COM-05903,CRM-612,user0041,2026-04-01,Le développement avance correctement.
COM-05904,PORTAL-4218,user0026,2026-07-09,Le développement avance correctement.
COM-05905,MOB-2484,user0018,2026-08-28,Il faut vérifier ce comportement.
COM-05906,BANK-2836,user0038,2026-01-10,Correction proposée dans la prochaine version.
COM-05907,PORTAL-4323,user0022,2026-01-17,Le développement avance correctement.
COM-05908,SEC-4845,user0035,2026-09-07,Il faut vérifier ce comportement.
COM-05909,CLOUD-4286,user0005,2025-10-13,Le client demande une modification.
COM-05910,CLOUD-4791,user0025,2026-04-19,Tests complémentaires nécessaires.
COM-05911,BI-3401,user0018,2026-05-11,La fonctionnalité est prête pour les tests.
COM-05912,PORTAL-1735,user0016,2025-10-10,Besoin de plus d'informations.
COM-05913,SEC-783,user0047,2025-10-16,La fonctionnalité est prête pour les tests.
COM-05914,SEC-4817,user0031,2026-04-07,Le client demande une modification.
COM-05915,BANK-1883,user0015,2025-10-29,Correction proposée dans la prochaine version.
COM-05916,BI-2443,user0014,2025-11-13,Le client demande une modification.
COM-05917,ERP-581,user0008,2025-10-17,Le problème semble corrigé.
COM-05918,BANK-1458,user0041,2025-12-09,La fonctionnalité est prête pour les tests.
COM-05919,DATA-841,user0018,2026-05-01,Le problème semble corrigé.
COM-05920,MOB-3273,user0048,2026-06-03,Le client demande une modification.
COM-05921,DATA-225,user0010,2026-08-19,Le problème est reproduit en environnement de test.
COM-05922,CRM-4801,user0017,2025-10-30,Le problème semble corrigé.
COM-05923,BI-1961,user0004,2025-09-24,Le problème est reproduit en environnement de test.
COM-05924,BI-1168,user0001,2026-07-14,Le client demande une modification.
COM-05925,PORTAL-4248,user0029,2026-06-17,Le problème est reproduit en environnement de test.
COM-05926,CLOUD-4311,user0029,2026-01-19,Le client demande une modification.
COM-05927,PORTAL-1841,user0042,2025-12-13,Tests complémentaires nécessaires.
COM-05928,PORTAL-2312,user0013,2025-09-14,La fonctionnalité est prête pour les tests.
COM-05929,MOB-4570,user0025,2025-09-24,Le problème est reproduit en environnement de test.
COM-05930,MOB-966,user0016,2026-05-31,Il faut vérifier ce comportement.
COM-05931,MOB-4369,user0041,2025-09-27,Le client demande une modification.
COM-05932,CRM-654,user0046,2026-06-07,Le problème semble corrigé.
COM-05933,CRM-327,user0047,2026-04-05,Besoin de plus d'informations.
COM-05934,CLOUD-959,user0041,2025-12-09,Besoin de plus d'informations.
COM-05935,CRM-4603,user0004,2026-03-28,Tests complémentaires nécessaires.
COM-05936,ERP-4550,user0035,2025-10-22,Attention au délai prévu.
COM-05937,BI-3068,user0037,2026-03-17,Le problème semble corrigé.
COM-05938,DATA-2886,user0020,2026-03-06,Il faut vérifier ce comportement.
COM-05939,CRM-4039,user0050,2026-02-04,Correction proposée dans la prochaine version.
COM-05940,CLOUD-1457,user0013,2025-11-27,Le client demande une modification.
COM-05941,DATA-1295,user0022,2026-08-13,Il faut vérifier ce comportement.
COM-05942,MOB-1619,user0033,2026-09-13,Attention au délai prévu.
COM-05943,MOB-962,user0029,2026-05-11,La fonctionnalité est prête pour les tests.
COM-05944,BANK-2597,user0027,2026-08-14,La fonctionnalité est prête pour les tests.
COM-05945,CRM-531,user0030,2026-01-30,Correction proposée dans la prochaine version.
COM-05946,CRM-2115,user0011,2026-01-24,Attention au délai prévu.
COM-05947,CLOUD-1243,user0048,2025-10-28,Le développement avance correctement.
COM-05948,ECOM-3465,user0007,2026-01-03,Tests complémentaires nécessaires.
COM-05949,MOB-2404,user0048,2025-11-18,Correction proposée dans la prochaine version.
COM-05950,BI-2158,user0034,2026-01-23,La fonctionnalité est prête pour les tests.
COM-05951,BI-1347,user0002,2026-03-24,La fonctionnalité est prête pour les tests.
COM-05952,BI-4291,user0049,2025-11-07,Le client demande une modification.
COM-05953,DATA-3732,user0047,2026-03-28,Le développement avance correctement.
COM-05954,ERP-4422,user0022,2025-10-28,Le client demande une modification.
COM-05955,CRM-597,user0044,2025-11-24,Le problème est reproduit en environnement de test.
COM-05956,CLOUD-2349,user0046,2026-08-15,Le client demande une modification.
COM-05957,BI-3998,user0034,2026-03-16,Le problème semble corrigé.
COM-05958,BANK-2368,user0014,2025-12-12,Le développement avance correctement.
COM-05959,MOB-149,user0044,2026-03-03,La fonctionnalité est prête pour les tests.
COM-05960,SEC-134,user0030,2025-10-24,Correction proposée dans la prochaine version.
COM-05961,MOB-2670,user0013,2026-02-16,La fonctionnalité est prête pour les tests.
COM-05962,CLOUD-1566,user0012,2026-06-26,Le client demande une modification.
COM-05963,BI-2530,user0017,2025-12-12,Tests complémentaires nécessaires.
COM-05964,SEC-1233,user0038,2026-03-14,La fonctionnalité est prête pour les tests.
COM-05965,ECOM-3847,user0039,2026-02-09,Besoin de plus d'informations.
COM-05966,CRM-4487,user0025,2025-12-10,Il faut vérifier ce comportement.
COM-05967,ERP-1094,user0036,2026-01-14,Attention au délai prévu.
COM-05968,PORTAL-64,user0004,2026-04-04,Correction proposée dans la prochaine version.
COM-05969,CRM-2088,user0009,2026-05-28,Le problème est reproduit en environnement de test.
COM-05970,ERP-1367,user0024,2026-05-01,Attention au délai prévu.
COM-05971,BI-1066,user0018,2026-09-07,Attention au délai prévu.
COM-05972,CLOUD-4056,user0031,2026-09-03,La fonctionnalité est prête pour les tests.
COM-05973,CRM-640,user0026,2026-03-08,Attention au délai prévu.
COM-05974,ERP-3340,user0015,2026-03-17,Le développement avance correctement.
COM-05975,DATA-1992,user0005,2026-03-28,Besoin de plus d'informations.
COM-05976,ERP-1226,user0008,2025-09-14,Il faut vérifier ce comportement.
COM-05977,MOB-3485,user0011,2026-07-07,Le client demande une modification.
COM-05978,BANK-2284,user0011,2025-10-16,Il faut vérifier ce comportement.
COM-05979,BI-3401,user0048,2025-09-19,Tests complémentaires nécessaires.
COM-05980,MOB-3136,user0005,2026-09-14,Besoin de plus d'informations.
COM-05981,CRM-3552,user0003,2026-04-24,Le développement avance correctement.
COM-05982,CRM-63,user0041,2026-08-10,Le client demande une modification.
COM-05983,SEC-467,user0045,2026-06-01,Le problème semble corrigé.
COM-05984,ERP-1538,user0050,2026-01-13,Tests complémentaires nécessaires.
COM-05985,ECOM-1570,user0028,2025-12-10,Attention au délai prévu.
COM-05986,CRM-3333,user0025,2026-03-31,Attention au délai prévu.
COM-05987,CRM-1092,user0026,2026-01-05,Le développement avance correctement.
COM-05988,ECOM-4159,user0040,2026-05-23,La fonctionnalité est prête pour les tests.
COM-05989,MOB-2703,user0036,2026-07-26,Le problème semble corrigé.
COM-05990,SEC-1631,user0041,2026-08-10,Besoin de plus d'informations.
COM-05991,BI-972,user0003,2026-03-20,Correction proposée dans la prochaine version.
COM-05992,ECOM-2708,user0041,2026-01-24,La fonctionnalité est prête pour les tests.
COM-05993,CLOUD-4591,user0018,2026-01-20,La fonctionnalité est prête pour les tests.
COM-05994,BANK-1707,user0032,2026-06-15,Besoin de plus d'informations.
COM-05995,SEC-4661,user0031,2025-09-15,Correction proposée dans la prochaine version.
COM-05996,SEC-2342,user0008,2026-02-27,Besoin de plus d'informations.
COM-05997,SEC-2537,user0001,2025-12-03,Le client demande une modification.
COM-05998,DATA-4068,user0006,2025-10-09,La fonctionnalité est prête pour les tests.
COM-05999,CRM-4873,user0009,2026-06-16,Tests complémentaires nécessaires.
COM-06000,DATA-922,user0009,2026-05-01,Il faut vérifier ce comportement.
COM-06001,BANK-2028,user0045,2026-04-09,La fonctionnalité est prête pour les tests.
COM-06002,BANK-4125,user0035,2025-09-18,Besoin de plus d'informations.
COM-06003,DATA-225,user0017,2026-06-13,Correction proposée dans la prochaine version.
COM-06004,CRM-1161,user0003,2026-05-28,Le problème semble corrigé.
COM-06005,SEC-154,user0046,2026-03-11,Le client demande une modification.
COM-06006,DATA-3447,user0034,2026-08-23,Tests complémentaires nécessaires.
COM-06007,DATA-510,user0004,2025-09-15,Tests complémentaires nécessaires.
COM-06008,ECOM-4110,user0035,2026-05-10,Attention au délai prévu.
COM-06009,BANK-2668,user0028,2025-11-18,Besoin de plus d'informations.
COM-06010,MOB-1612,user0013,2026-08-22,Le client demande une modification.
COM-06011,SEC-3039,user0038,2025-09-15,Le problème semble corrigé.
COM-06012,BI-2056,user0003,2026-03-30,Besoin de plus d'informations.
COM-06013,DATA-882,user0050,2026-06-05,Besoin de plus d'informations.
COM-06014,CLOUD-2686,user0045,2025-10-30,Le problème est reproduit en environnement de test.
COM-06015,PORTAL-2421,user0029,2025-11-07,Attention au délai prévu.
COM-06016,DATA-4895,user0015,2026-07-17,Le problème semble corrigé.
COM-06017,PORTAL-4983,user0022,2026-05-19,Le développement avance correctement.
COM-06018,SEC-1237,user0001,2026-07-19,Le développement avance correctement.
COM-06019,DATA-2649,user0012,2026-02-13,Tests complémentaires nécessaires.
COM-06020,BI-2789,user0026,2025-09-19,Le client demande une modification.
COM-06021,ERP-1285,user0026,2025-10-09,Le problème est reproduit en environnement de test.
COM-06022,SEC-2420,user0044,2026-08-26,La fonctionnalité est prête pour les tests.
COM-06023,PORTAL-4475,user0028,2026-06-19,Il faut vérifier ce comportement.
COM-06024,PORTAL-1539,user0018,2025-12-11,Besoin de plus d'informations.
COM-06025,SEC-3118,user0005,2025-10-08,La fonctionnalité est prête pour les tests.
COM-06026,MOB-2409,user0001,2025-12-16,Le développement avance correctement.
COM-06027,BI-884,user0012,2025-10-19,Le problème semble corrigé.
COM-06028,CRM-4204,user0001,2026-02-06,Il faut vérifier ce comportement.
COM-06029,CRM-2381,user0016,2026-06-24,Le client demande une modification.
COM-06030,PORTAL-997,user0035,2025-12-20,Le problème est reproduit en environnement de test.
COM-06031,ECOM-2314,user0023,2025-10-10,Correction proposée dans la prochaine version.
COM-06032,SEC-4529,user0034,2026-01-29,Le développement avance correctement.
COM-06033,BANK-3308,user0030,2025-10-04,Besoin de plus d'informations.
COM-06034,ERP-1252,user0011,2026-01-17,Le client demande une modification.
COM-06035,BANK-1653,user0015,2026-03-11,Tests complémentaires nécessaires.
COM-06036,SEC-101,user0026,2026-05-01,Tests complémentaires nécessaires.
COM-06037,BI-2587,user0047,2025-10-10,Le client demande une modification.
COM-06038,BANK-1297,user0011,2025-11-16,Correction proposée dans la prochaine version.
COM-06039,CRM-771,user0002,2026-06-22,Il faut vérifier ce comportement.
COM-06040,CRM-1426,user0048,2026-02-21,La fonctionnalité est prête pour les tests.
COM-06041,SEC-521,user0009,2026-06-12,Le problème semble corrigé.
COM-06042,BI-1800,user0015,2026-07-30,Besoin de plus d'informations.
COM-06043,MOB-143,user0046,2026-05-06,Besoin de plus d'informations.
COM-06044,CLOUD-486,user0003,2026-04-06,Correction proposée dans la prochaine version.
COM-06045,MOB-501,user0011,2026-04-24,Le problème est reproduit en environnement de test.
COM-06046,SEC-2278,user0041,2025-12-08,Le problème est reproduit en environnement de test.
COM-06047,BI-3785,user0037,2026-05-20,Correction proposée dans la prochaine version.
COM-06048,ECOM-793,user0026,2026-04-23,Attention au délai prévu.
COM-06049,SEC-1935,user0047,2026-01-23,Le problème est reproduit en environnement de test.
COM-06050,SEC-2278,user0006,2026-07-15,Le problème semble corrigé.
COM-06051,CRM-157,user0033,2026-09-02,Il faut vérifier ce comportement.
COM-06052,MOB-2253,user0031,2025-10-18,Le problème semble corrigé.
COM-06053,MOB-2536,user0048,2026-08-10,Il faut vérifier ce comportement.
COM-06054,CRM-2919,user0009,2025-09-17,Correction proposée dans la prochaine version.
COM-06055,DATA-2934,user0033,2026-04-24,Le problème semble corrigé.
COM-06056,MOB-1267,user0047,2026-03-01,Le problème semble corrigé.
COM-06057,DATA-41,user0046,2026-04-20,Correction proposée dans la prochaine version.
COM-06058,MOB-602,user0009,2026-08-25,Le client demande une modification.
COM-06059,CLOUD-1692,user0034,2025-11-25,Besoin de plus d'informations.
COM-06060,ECOM-450,user0006,2025-10-14,Besoin de plus d'informations.
COM-06061,CLOUD-3252,user0039,2026-05-29,Correction proposée dans la prochaine version.
COM-06062,BANK-899,user0019,2026-08-15,Le développement avance correctement.
COM-06063,ERP-1223,user0030,2026-01-05,Le problème semble corrigé.
COM-06064,CLOUD-2054,user0039,2025-11-14,Il faut vérifier ce comportement.
COM-06065,PORTAL-4969,user0010,2025-11-09,Tests complémentaires nécessaires.
COM-06066,CRM-1557,user0014,2025-11-24,Besoin de plus d'informations.
COM-06067,CRM-1382,user0050,2025-11-10,Tests complémentaires nécessaires.
COM-06068,BANK-3658,user0020,2025-10-24,La fonctionnalité est prête pour les tests.
COM-06069,ERP-4875,user0015,2026-04-12,La fonctionnalité est prête pour les tests.
COM-06070,BANK-2836,user0002,2025-10-06,Attention au délai prévu.
COM-06071,ERP-1207,user0049,2026-07-31,Tests complémentaires nécessaires.
COM-06072,PORTAL-2438,user0009,2026-04-06,Le développement avance correctement.
COM-06073,MOB-2192,user0041,2025-12-06,Besoin de plus d'informations.
COM-06074,ERP-3376,user0014,2026-06-25,Correction proposée dans la prochaine version.
COM-06075,MOB-66,user0006,2025-09-15,Il faut vérifier ce comportement.
COM-06076,DATA-1384,user0002,2026-04-19,La fonctionnalité est prête pour les tests.
COM-06077,CRM-1010,user0018,2025-09-28,Le client demande une modification.
COM-06078,CRM-4734,user0034,2026-02-05,Le client demande une modification.
COM-06079,CRM-1078,user0030,2025-12-24,Besoin de plus d'informations.
COM-06080,SEC-4506,user0036,2026-01-10,La fonctionnalité est prête pour les tests.
COM-06081,BANK-3635,user0005,2025-10-06,Le développement avance correctement.
COM-06082,MOB-965,user0009,2026-08-24,Besoin de plus d'informations.
COM-06083,BI-1769,user0037,2026-08-07,Besoin de plus d'informations.
COM-06084,PORTAL-4374,user0050,2025-09-15,Attention au délai prévu.
COM-06085,CRM-2154,user0022,2025-12-25,Il faut vérifier ce comportement.
COM-06086,ECOM-3278,user0032,2026-04-01,Le problème semble corrigé.
COM-06087,PORTAL-4270,user0024,2026-03-26,Le développement avance correctement.
COM-06088,ERP-3028,user0044,2026-08-10,Il faut vérifier ce comportement.
COM-06089,BI-4288,user0001,2026-04-12,Tests complémentaires nécessaires.
COM-06090,DATA-3624,user0004,2025-10-25,Il faut vérifier ce comportement.
COM-06091,PORTAL-1793,user0041,2026-06-11,Il faut vérifier ce comportement.
COM-06092,BANK-3045,user0002,2025-12-25,Le problème semble corrigé.
COM-06093,ECOM-285,user0028,2026-01-04,Le problème est reproduit en environnement de test.
COM-06094,CLOUD-3683,user0011,2025-10-04,Tests complémentaires nécessaires.
COM-06095,SEC-3883,user0020,2025-11-28,Il faut vérifier ce comportement.
COM-06096,CRM-1315,user0031,2026-02-28,Le problème semble corrigé.
COM-06097,SEC-1244,user0012,2025-09-23,Le problème est reproduit en environnement de test.
COM-06098,MOB-1581,user0019,2026-03-30,Le problème est reproduit en environnement de test.
COM-06099,BANK-1881,user0011,2025-10-11,Le problème est reproduit en environnement de test.
COM-06100,CLOUD-1683,user0003,2026-01-18,Tests complémentaires nécessaires.
COM-06101,BI-3774,user0041,2025-10-02,Le développement avance correctement.
COM-06102,PORTAL-748,user0046,2026-07-10,Le problème est reproduit en environnement de test.
COM-06103,SEC-3164,user0036,2026-07-18,Le problème est reproduit en environnement de test.
COM-06104,SEC-833,user0016,2025-11-25,Correction proposée dans la prochaine version.
COM-06105,PORTAL-2193,user0009,2026-08-30,Correction proposée dans la prochaine version.
COM-06106,BANK-3704,user0017,2026-05-18,Correction proposée dans la prochaine version.
COM-06107,ERP-3402,user0047,2026-01-06,Le problème est reproduit en environnement de test.
COM-06108,CLOUD-1114,user0013,2026-07-20,Tests complémentaires nécessaires.
COM-06109,PORTAL-4304,user0012,2026-07-23,Besoin de plus d'informations.
COM-06110,CLOUD-461,user0002,2025-09-15,Attention au délai prévu.
COM-06111,MOB-3485,user0010,2026-07-13,Tests complémentaires nécessaires.
COM-06112,CRM-2258,user0013,2026-05-07,Tests complémentaires nécessaires.
COM-06113,MOB-3948,user0041,2026-05-16,Le problème est reproduit en environnement de test.
COM-06114,SEC-2175,user0009,2025-09-15,Le problème est reproduit en environnement de test.
COM-06115,BI-3593,user0037,2025-11-24,Correction proposée dans la prochaine version.
COM-06116,SEC-2420,user0047,2025-12-29,Attention au délai prévu.
COM-06117,ERP-1289,user0043,2026-02-26,Tests complémentaires nécessaires.
COM-06118,SEC-322,user0031,2025-10-21,La fonctionnalité est prête pour les tests.
COM-06119,ECOM-1255,user0011,2025-11-02,Besoin de plus d'informations.
COM-06120,BANK-3932,user0022,2026-08-06,Le problème semble corrigé.
COM-06121,SEC-4167,user0034,2026-04-02,Besoin de plus d'informations.
COM-06122,DATA-996,user0019,2026-04-28,Correction proposée dans la prochaine version.
COM-06123,BI-3259,user0022,2025-11-23,Correction proposée dans la prochaine version.
COM-06124,ERP-4749,user0013,2026-01-28,Le client demande une modification.
COM-06125,PORTAL-3794,user0039,2026-08-11,Besoin de plus d'informations.
COM-06126,ERP-438,user0013,2026-02-01,Le problème est reproduit en environnement de test.
COM-06127,CRM-4274,user0035,2025-09-24,Le client demande une modification.
COM-06128,ECOM-400,user0018,2026-06-07,Le client demande une modification.
COM-06129,BI-3521,user0024,2026-03-19,Attention au délai prévu.
COM-06130,CRM-2797,user0037,2026-03-14,Le client demande une modification.
COM-06131,DATA-4434,user0041,2026-01-16,Correction proposée dans la prochaine version.
COM-06132,MOB-3193,user0048,2026-06-06,Besoin de plus d'informations.
COM-06133,SEC-4794,user0009,2025-12-16,Le développement avance correctement.
COM-06134,BANK-4462,user0040,2026-07-10,Le client demande une modification.
COM-06135,ECOM-2942,user0026,2026-08-31,Il faut vérifier ce comportement.
COM-06136,PORTAL-1246,user0046,2026-06-06,Il faut vérifier ce comportement.
COM-06137,MOB-177,user0031,2025-10-04,La fonctionnalité est prête pour les tests.
COM-06138,ECOM-3926,user0037,2025-09-23,Il faut vérifier ce comportement.
COM-06139,BANK-4556,user0035,2025-09-18,Le problème est reproduit en environnement de test.
COM-06140,BANK-3474,user0028,2025-12-08,Il faut vérifier ce comportement.
COM-06141,ECOM-3891,user0004,2026-02-23,Il faut vérifier ce comportement.
COM-06142,MOB-1836,user0050,2025-11-18,Attention au délai prévu.
COM-06143,CLOUD-1923,user0023,2026-06-01,Correction proposée dans la prochaine version.
COM-06144,BANK-247,user0001,2026-02-03,Le client demande une modification.
COM-06145,MOB-3539,user0023,2026-08-04,Le problème est reproduit en environnement de test.
COM-06146,MOB-1296,user0050,2026-02-04,Tests complémentaires nécessaires.
COM-06147,ERP-3649,user0034,2026-05-16,Le problème est reproduit en environnement de test.
COM-06148,ERP-4571,user0002,2026-07-23,Besoin de plus d'informations.
COM-06149,CRM-2577,user0015,2026-01-08,La fonctionnalité est prête pour les tests.
COM-06150,DATA-4909,user0018,2026-07-21,Le problème semble corrigé.
COM-06151,PORTAL-1380,user0032,2026-09-12,Il faut vérifier ce comportement.
COM-06152,ECOM-3117,user0036,2026-01-19,Le problème est reproduit en environnement de test.
COM-06153,PORTAL-519,user0015,2026-04-24,Correction proposée dans la prochaine version.
COM-06154,CLOUD-4490,user0023,2026-02-04,Il faut vérifier ce comportement.
COM-06155,ECOM-3126,user0028,2025-10-23,Correction proposée dans la prochaine version.
COM-06156,CLOUD-910,user0033,2026-03-06,Le client demande une modification.
COM-06157,SEC-4736,user0036,2026-01-16,Correction proposée dans la prochaine version.
COM-06158,CRM-2341,user0008,2026-05-22,Correction proposée dans la prochaine version.
COM-06159,ECOM-2440,user0024,2025-11-25,Besoin de plus d'informations.
COM-06160,SEC-414,user0036,2026-01-29,Il faut vérifier ce comportement.
COM-06161,ERP-4050,user0031,2026-03-12,La fonctionnalité est prête pour les tests.
COM-06162,MOB-1787,user0019,2026-01-25,Correction proposée dans la prochaine version.
COM-06163,CRM-1803,user0031,2026-06-16,Le client demande une modification.
COM-06164,ECOM-3891,user0050,2026-09-14,Tests complémentaires nécessaires.
COM-06165,MOB-4739,user0048,2026-06-30,Le client demande une modification.
COM-06166,SEC-2609,user0024,2026-03-03,Correction proposée dans la prochaine version.
COM-06167,BANK-218,user0038,2025-09-19,La fonctionnalité est prête pour les tests.
COM-06168,MOB-1175,user0041,2025-11-05,Besoin de plus d'informations.
COM-06169,PORTAL-3414,user0007,2025-11-21,Correction proposée dans la prochaine version.
COM-06170,SEC-4518,user0001,2026-04-23,Le développement avance correctement.
COM-06171,BANK-3059,user0027,2026-05-24,Correction proposée dans la prochaine version.
COM-06172,SEC-2114,user0029,2026-05-29,Le client demande une modification.
COM-06173,PORTAL-1945,user0035,2026-02-19,Le problème est reproduit en environnement de test.
COM-06174,SEC-4567,user0047,2026-03-03,Le problème semble corrigé.
COM-06175,DATA-1128,user0022,2026-06-04,Tests complémentaires nécessaires.
COM-06176,CLOUD-4973,user0031,2026-09-03,Le problème semble corrigé.
COM-06177,ERP-2998,user0020,2026-06-18,La fonctionnalité est prête pour les tests.
COM-06178,ERP-2840,user0021,2026-03-22,Le développement avance correctement.
COM-06179,BI-2540,user0007,2026-05-27,La fonctionnalité est prête pour les tests.
COM-06180,SEC-4488,user0049,2026-09-02,Besoin de plus d'informations.
COM-06181,ERP-4923,user0002,2026-01-16,Le client demande une modification.
COM-06182,ECOM-4138,user0004,2026-08-24,Attention au délai prévu.
COM-06183,SEC-325,user0050,2025-10-31,Attention au délai prévu.
COM-06184,SEC-3836,user0043,2025-10-06,Tests complémentaires nécessaires.
COM-06185,CLOUD-1468,user0018,2026-05-09,Le client demande une modification.
COM-06186,ERP-4952,user0045,2026-05-14,Correction proposée dans la prochaine version.
COM-06187,SEC-4994,user0009,2026-06-10,Correction proposée dans la prochaine version.
COM-06188,CLOUD-713,user0036,2025-10-18,Le problème est reproduit en environnement de test.
COM-06189,DATA-60,user0022,2026-01-23,Tests complémentaires nécessaires.
COM-06190,CRM-425,user0020,2026-03-08,Attention au délai prévu.
COM-06191,DATA-4467,user0047,2025-10-13,Le client demande une modification.
COM-06192,BI-364,user0033,2025-09-16,Tests complémentaires nécessaires.
COM-06193,BI-2410,user0001,2025-10-20,Tests complémentaires nécessaires.
COM-06194,SEC-2114,user0013,2026-02-27,Le client demande une modification.
COM-06195,ERP-4048,user0018,2025-10-02,Besoin de plus d'informations.
COM-06196,ECOM-3974,user0037,2025-10-27,Besoin de plus d'informations.
COM-06197,PORTAL-4225,user0010,2025-10-15,Attention au délai prévu.
COM-06198,DATA-4180,user0028,2026-06-12,Le problème est reproduit en environnement de test.
COM-06199,SEC-2423,user0021,2026-01-12,Le problème semble corrigé.
COM-06200,DATA-1592,user0005,2026-05-25,Le client demande une modification.
COM-06201,MOB-288,user0037,2026-08-01,Il faut vérifier ce comportement.
COM-06202,CLOUD-3623,user0008,2026-04-24,Le client demande une modification.
COM-06203,MOB-3957,user0012,2026-05-07,Besoin de plus d'informations.
COM-06204,ECOM-283,user0016,2026-03-19,Tests complémentaires nécessaires.
COM-06205,BI-1623,user0038,2026-01-16,La fonctionnalité est prête pour les tests.
COM-06206,SEC-2177,user0041,2026-06-11,Tests complémentaires nécessaires.
COM-06207,PORTAL-4557,user0042,2026-02-04,Correction proposée dans la prochaine version.
COM-06208,BANK-2628,user0013,2026-04-26,Correction proposée dans la prochaine version.
COM-06209,BI-3346,user0009,2025-09-28,Le problème est reproduit en environnement de test.
COM-06210,BANK-3523,user0032,2025-12-16,Besoin de plus d'informations.
COM-06211,CRM-2657,user0004,2026-06-28,Attention au délai prévu.
COM-06212,MOB-1619,user0047,2026-01-11,Besoin de plus d'informations.
COM-06213,CLOUD-1773,user0049,2025-10-30,Le problème est reproduit en environnement de test.
COM-06214,BI-2812,user0024,2026-01-07,Le client demande une modification.
COM-06215,DATA-4710,user0003,2025-10-09,Le client demande une modification.
COM-06216,BI-898,user0046,2025-10-01,Le problème semble corrigé.
COM-06217,ERP-2519,user0024,2026-01-06,Le problème semble corrigé.
COM-06218,MOB-3270,user0011,2025-12-31,Correction proposée dans la prochaine version.
COM-06219,BANK-4646,user0005,2025-10-04,Correction proposée dans la prochaine version.
COM-06220,DATA-3186,user0032,2026-01-04,Besoin de plus d'informations.
COM-06221,BI-2517,user0016,2026-02-07,Le client demande une modification.
COM-06222,BI-861,user0042,2026-02-08,Le client demande une modification.
COM-06223,ECOM-3083,user0029,2026-08-23,Il faut vérifier ce comportement.
COM-06224,ECOM-4079,user0042,2026-01-27,Le développement avance correctement.
COM-06225,CLOUD-560,user0028,2026-02-26,Le client demande une modification.
COM-06226,BANK-2648,user0011,2026-01-12,Besoin de plus d'informations.
COM-06227,SEC-1721,user0023,2026-08-10,Le problème est reproduit en environnement de test.
COM-06228,DATA-4946,user0001,2026-07-03,Il faut vérifier ce comportement.
COM-06229,MOB-1842,user0014,2025-12-24,Le client demande une modification.
COM-06230,DATA-1860,user0047,2026-05-26,Attention au délai prévu.
COM-06231,PORTAL-4805,user0020,2026-07-15,Attention au délai prévu.
COM-06232,BANK-2366,user0023,2026-06-15,Tests complémentaires nécessaires.
COM-06233,ECOM-2343,user0017,2025-09-28,La fonctionnalité est prête pour les tests.
COM-06234,PORTAL-424,user0001,2025-10-21,Le client demande une modification.
COM-06235,BANK-245,user0007,2026-02-04,Besoin de plus d'informations.
COM-06236,BANK-3704,user0045,2025-12-06,Attention au délai prévu.
COM-06237,DATA-3758,user0024,2025-12-11,Le problème est reproduit en environnement de test.
COM-06238,MOB-264,user0001,2026-07-26,Correction proposée dans la prochaine version.
COM-06239,ERP-2519,user0037,2025-10-20,Tests complémentaires nécessaires.
COM-06240,ERP-2169,user0044,2026-01-14,Il faut vérifier ce comportement.
COM-06241,BANK-914,user0021,2026-03-13,Le problème est reproduit en environnement de test.
COM-06242,MOB-4979,user0037,2026-04-03,Le problème est reproduit en environnement de test.
COM-06243,ERP-3301,user0019,2026-03-28,Le client demande une modification.
COM-06244,SEC-413,user0036,2026-08-28,Le client demande une modification.
COM-06245,SEC-783,user0002,2026-01-24,Le problème semble corrigé.
COM-06246,ERP-3073,user0031,2026-07-19,Le problème est reproduit en environnement de test.
COM-06247,MOB-2351,user0002,2026-02-16,Correction proposée dans la prochaine version.
COM-06248,BANK-145,user0022,2025-12-29,Le client demande une modification.
COM-06249,SEC-3501,user0024,2026-04-23,Le problème semble corrigé.
COM-06250,CRM-4065,user0034,2026-05-19,Besoin de plus d'informations.
COM-06251,PORTAL-2414,user0042,2026-04-03,Besoin de plus d'informations.
COM-06252,PORTAL-3538,user0033,2026-04-07,La fonctionnalité est prête pour les tests.
COM-06253,PORTAL-702,user0037,2026-03-22,Correction proposée dans la prochaine version.
COM-06254,ERP-1207,user0038,2025-12-28,Le problème semble corrigé.
COM-06255,CRM-3568,user0013,2026-07-09,Le problème est reproduit en environnement de test.
COM-06256,CLOUD-3756,user0014,2026-06-02,Il faut vérifier ce comportement.
COM-06257,BANK-914,user0041,2026-06-19,Le problème est reproduit en environnement de test.
COM-06258,CRM-4937,user0036,2026-09-06,Le problème est reproduit en environnement de test.
COM-06259,MOB-4699,user0049,2026-05-22,Le problème semble corrigé.
COM-06260,CLOUD-4256,user0016,2026-03-04,Le problème semble corrigé.
COM-06261,BANK-46,user0049,2025-12-08,Le client demande une modification.
COM-06262,PORTAL-902,user0027,2025-12-17,Tests complémentaires nécessaires.
COM-06263,CLOUD-1670,user0030,2026-09-09,Attention au délai prévu.
COM-06264,SEC-3621,user0001,2026-07-24,Le problème semble corrigé.
COM-06265,BI-3535,user0015,2026-03-07,Le problème est reproduit en environnement de test.
COM-06266,ECOM-4725,user0023,2026-05-14,Attention au délai prévu.
COM-06267,PORTAL-4067,user0022,2026-09-13,Le problème semble corrigé.
COM-06268,CLOUD-2179,user0038,2025-11-10,Correction proposée dans la prochaine version.
COM-06269,PORTAL-1012,user0038,2026-04-24,Besoin de plus d'informations.
COM-06270,CLOUD-2315,user0016,2026-08-16,Attention au délai prévu.
COM-06271,PORTAL-1257,user0032,2026-05-28,Il faut vérifier ce comportement.
COM-06272,ERP-2106,user0008,2026-01-29,Besoin de plus d'informations.
COM-06273,DATA-1425,user0010,2025-10-29,Le problème est reproduit en environnement de test.
COM-06274,BI-4489,user0016,2026-05-23,Le développement avance correctement.
COM-06275,BANK-2470,user0033,2025-12-04,Attention au délai prévu.
COM-06276,PORTAL-3764,user0050,2026-03-01,Le problème semble corrigé.
COM-06277,CLOUD-1186,user0034,2026-06-11,Le problème semble corrigé.
COM-06278,ERP-2745,user0014,2026-01-27,Besoin de plus d'informations.
COM-06279,PORTAL-4544,user0016,2026-09-09,Le problème semble corrigé.
COM-06280,BI-871,user0050,2025-11-08,Le client demande une modification.
COM-06281,CRM-4768,user0045,2025-11-12,Attention au délai prévu.
COM-06282,MOB-1441,user0016,2025-09-25,Le client demande une modification.
COM-06283,MOB-78,user0042,2025-10-11,Le problème est reproduit en environnement de test.
COM-06284,DATA-619,user0025,2026-06-04,Le client demande une modification.
COM-06285,BI-3423,user0028,2026-04-17,Besoin de plus d'informations.
COM-06286,DATA-832,user0040,2026-04-23,Correction proposée dans la prochaine version.
COM-06287,SEC-2263,user0043,2026-02-26,Le problème est reproduit en environnement de test.
COM-06288,ERP-4951,user0035,2025-12-30,Attention au délai prévu.
COM-06289,PORTAL-1033,user0020,2026-06-18,Le problème semble corrigé.
COM-06290,CRM-1083,user0040,2025-11-13,Le problème est reproduit en environnement de test.
COM-06291,DATA-1506,user0037,2025-10-13,Le client demande une modification.
COM-06292,DATA-1855,user0009,2026-03-03,Le problème est reproduit en environnement de test.
COM-06293,DATA-3781,user0049,2026-05-03,Il faut vérifier ce comportement.
COM-06294,ECOM-636,user0021,2025-09-23,Le problème est reproduit en environnement de test.
COM-06295,ERP-1700,user0047,2026-02-25,La fonctionnalité est prête pour les tests.
COM-06296,MOB-4018,user0034,2026-02-09,Il faut vérifier ce comportement.
COM-06297,PORTAL-2333,user0036,2026-02-08,Il faut vérifier ce comportement.
COM-06298,DATA-4493,user0004,2025-12-16,Le problème est reproduit en environnement de test.
COM-06299,BANK-304,user0024,2026-04-07,Le client demande une modification.
COM-06300,BANK-102,user0022,2026-04-14,Le problème semble corrigé.
COM-06301,ERP-1068,user0032,2026-08-20,Tests complémentaires nécessaires.
COM-06302,PORTAL-546,user0018,2026-07-07,Le développement avance correctement.
COM-06303,CRM-2139,user0008,2026-09-06,Le problème semble corrigé.
COM-06304,CLOUD-3392,user0045,2026-06-26,Tests complémentaires nécessaires.
COM-06305,BI-474,user0023,2026-06-18,Attention au délai prévu.
COM-06306,BANK-1957,user0033,2026-02-17,Le développement avance correctement.
COM-06307,BI-2429,user0002,2025-12-05,Le développement avance correctement.
COM-06308,CLOUD-2502,user0024,2026-06-30,La fonctionnalité est prête pour les tests.
COM-06309,BANK-1485,user0024,2026-07-16,Le problème est reproduit en environnement de test.
COM-06310,PORTAL-3355,user0021,2026-03-08,Le client demande une modification.
COM-06311,MOB-3198,user0004,2026-07-02,Attention au délai prévu.
COM-06312,CLOUD-4012,user0039,2026-02-14,Le problème est reproduit en environnement de test.
COM-06313,CLOUD-3345,user0033,2025-12-09,Le problème semble corrigé.
COM-06314,MOB-4164,user0015,2026-05-05,Correction proposée dans la prochaine version.
COM-06315,SEC-2423,user0045,2026-01-20,La fonctionnalité est prête pour les tests.
COM-06316,ERP-4314,user0001,2026-09-01,Tests complémentaires nécessaires.
COM-06317,BANK-3547,user0046,2025-12-08,Tests complémentaires nécessaires.
COM-06318,ERP-3366,user0016,2026-04-13,Le développement avance correctement.
COM-06319,CLOUD-4704,user0021,2025-10-21,Attention au délai prévu.
COM-06320,ERP-3879,user0024,2026-03-02,La fonctionnalité est prête pour les tests.
COM-06321,CRM-425,user0042,2026-03-30,Correction proposée dans la prochaine version.
COM-06322,ECOM-3627,user0026,2026-04-09,Le client demande une modification.
COM-06323,DATA-3972,user0033,2026-06-16,Tests complémentaires nécessaires.
COM-06324,MOB-933,user0015,2026-06-03,Correction proposée dans la prochaine version.
COM-06325,MOB-121,user0001,2026-08-26,Besoin de plus d'informations.
COM-06326,ERP-2461,user0028,2026-07-17,Le problème est reproduit en environnement de test.
COM-06327,CLOUD-4239,user0026,2025-10-10,Tests complémentaires nécessaires.
COM-06328,CRM-862,user0008,2026-09-12,Le développement avance correctement.
COM-06329,ERP-2714,user0001,2026-05-03,Attention au délai prévu.
COM-06330,CLOUD-4395,user0014,2025-10-17,La fonctionnalité est prête pour les tests.
COM-06331,DATA-4103,user0045,2026-03-03,Besoin de plus d'informations.
COM-06332,MOB-4052,user0025,2025-12-21,Attention au délai prévu.
COM-06333,SEC-1586,user0007,2025-12-24,Attention au délai prévu.
COM-06334,MOB-606,user0043,2026-02-06,Tests complémentaires nécessaires.
COM-06335,PORTAL-4521,user0045,2025-12-09,Attention au délai prévu.
COM-06336,DATA-2061,user0042,2026-05-28,Le développement avance correctement.
COM-06337,CRM-3051,user0016,2026-01-29,Besoin de plus d'informations.
COM-06338,ECOM-3453,user0029,2026-03-01,Le développement avance correctement.
COM-06339,ERP-2087,user0006,2025-10-13,La fonctionnalité est prête pour les tests.
COM-06340,BANK-939,user0001,2026-09-14,Attention au délai prévu.
COM-06341,MOB-732,user0012,2025-10-04,La fonctionnalité est prête pour les tests.
COM-06342,ERP-1174,user0004,2026-01-27,Attention au délai prévu.
COM-06343,CLOUD-505,user0021,2026-07-01,Besoin de plus d'informations.
COM-06344,ECOM-4883,user0039,2026-09-10,Correction proposée dans la prochaine version.
COM-06345,BI-2218,user0046,2025-12-08,Il faut vérifier ce comportement.
COM-06346,PORTAL-1450,user0005,2026-09-04,Le client demande une modification.
COM-06347,ERP-4119,user0048,2026-04-22,Le problème semble corrigé.
COM-06348,SEC-2609,user0006,2025-10-07,Le client demande une modification.
COM-06349,BI-2781,user0032,2026-01-07,Tests complémentaires nécessaires.
COM-06350,PORTAL-2664,user0026,2026-09-01,Le développement avance correctement.
COM-06351,CLOUD-2826,user0027,2026-08-07,Le développement avance correctement.
COM-06352,CRM-3929,user0016,2026-03-18,Besoin de plus d'informations.
COM-06353,SEC-3600,user0006,2026-08-09,Il faut vérifier ce comportement.
COM-06354,ERP-4152,user0035,2026-06-10,Le problème est reproduit en environnement de test.
COM-06355,CRM-2065,user0011,2025-09-21,Le développement avance correctement.
COM-06356,SEC-2609,user0008,2026-07-21,Le problème est reproduit en environnement de test.
COM-06357,MOB-3067,user0046,2025-09-25,Correction proposée dans la prochaine version.
COM-06358,MOB-1330,user0009,2025-11-14,Le développement avance correctement.
COM-06359,MOB-3284,user0041,2025-12-14,Il faut vérifier ce comportement.
COM-06360,BI-4729,user0017,2026-09-01,Il faut vérifier ce comportement.
COM-06361,PORTAL-3662,user0015,2026-04-10,Besoin de plus d'informations.
COM-06362,SEC-856,user0019,2025-10-29,Le client demande une modification.
COM-06363,BI-1516,user0008,2026-06-16,Le client demande une modification.
COM-06364,CLOUD-185,user0011,2026-02-26,Le développement avance correctement.
COM-06365,CRM-4869,user0011,2026-03-22,Il faut vérifier ce comportement.
COM-06366,ERP-480,user0047,2025-10-22,Le problème est reproduit en environnement de test.
COM-06367,BANK-4107,user0016,2026-02-27,Le client demande une modification.
COM-06368,ERP-4203,user0027,2026-03-16,Correction proposée dans la prochaine version.
COM-06369,CRM-3051,user0021,2025-12-30,Besoin de plus d'informations.
COM-06370,CRM-4039,user0048,2026-01-22,La fonctionnalité est prête pour les tests.
COM-06371,DATA-2130,user0013,2025-12-08,Besoin de plus d'informations.
COM-06372,CRM-1471,user0039,2026-07-10,La fonctionnalité est prête pour les tests.
COM-06373,ECOM-2369,user0005,2025-12-17,Le problème est reproduit en environnement de test.
COM-06374,DATA-2649,user0047,2026-08-04,Le problème est reproduit en environnement de test.
COM-06375,SEC-796,user0048,2026-05-27,Il faut vérifier ce comportement.
COM-06376,PORTAL-976,user0048,2026-09-09,Attention au délai prévu.
COM-06377,BI-4775,user0029,2026-04-10,Correction proposée dans la prochaine version.
COM-06378,SEC-3241,user0026,2025-12-16,La fonctionnalité est prête pour les tests.
COM-06379,ECOM-2231,user0001,2025-11-21,Le problème semble corrigé.
COM-06380,PORTAL-274,user0003,2026-04-26,Le client demande une modification.
COM-06381,BANK-1616,user0033,2026-08-05,Attention au délai prévu.
COM-06382,MOB-2706,user0012,2026-03-17,Attention au délai prévu.
COM-06383,SEC-4281,user0019,2026-03-10,Il faut vérifier ce comportement.
COM-06384,SEC-4514,user0048,2026-05-14,Attention au délai prévu.
COM-06385,DATA-225,user0021,2025-11-20,Correction proposée dans la prochaine version.
COM-06386,CRM-327,user0003,2026-08-16,Tests complémentaires nécessaires.
COM-06387,ERP-15,user0024,2025-11-17,Le problème semble corrigé.
COM-06388,CLOUD-2268,user0034,2025-09-26,Il faut vérifier ce comportement.
COM-06389,BI-2001,user0027,2026-07-28,Tests complémentaires nécessaires.
COM-06390,BI-2831,user0027,2026-05-08,La fonctionnalité est prête pour les tests.
COM-06391,CLOUD-3392,user0022,2026-01-31,Attention au délai prévu.
COM-06392,CRM-3247,user0026,2025-11-02,Correction proposée dans la prochaine version.
COM-06393,MOB-1625,user0003,2025-10-21,Le problème semble corrigé.
COM-06394,MOB-78,user0011,2026-04-17,La fonctionnalité est prête pour les tests.
COM-06395,CRM-2092,user0014,2026-04-24,Besoin de plus d'informations.
COM-06396,CLOUD-1703,user0007,2026-06-01,Attention au délai prévu.
COM-06397,CRM-3676,user0027,2026-09-01,Tests complémentaires nécessaires.
COM-06398,CLOUD-4106,user0030,2025-10-02,La fonctionnalité est prête pour les tests.
COM-06399,MOB-1024,user0048,2026-05-03,Le client demande une modification.
COM-06400,BI-3258,user0017,2026-07-05,Attention au délai prévu.
COM-06401,SEC-189,user0045,2026-01-10,Attention au délai prévu.
COM-06402,PORTAL-1519,user0021,2026-06-26,Il faut vérifier ce comportement.
COM-06403,ERP-258,user0018,2026-01-23,Le problème semble corrigé.
COM-06404,DATA-1433,user0049,2025-12-31,Le problème semble corrigé.
COM-06405,MOB-436,user0005,2026-07-01,Besoin de plus d'informations.
COM-06406,CLOUD-2349,user0023,2026-08-20,Le client demande une modification.
COM-06407,SEC-3545,user0039,2026-01-27,Attention au délai prévu.
COM-06408,MOB-3304,user0012,2026-08-20,Attention au délai prévu.
COM-06409,ERP-2405,user0035,2026-01-09,Tests complémentaires nécessaires.
COM-06410,MOB-3930,user0013,2026-04-24,Le développement avance correctement.
COM-06411,MOB-859,user0012,2025-11-10,Correction proposée dans la prochaine version.
COM-06412,DATA-522,user0046,2026-06-27,Tests complémentaires nécessaires.
COM-06413,MOB-4647,user0024,2026-08-22,Attention au délai prévu.
COM-06414,DATA-3180,user0011,2026-01-24,Attention au délai prévu.
COM-06415,ERP-4685,user0031,2026-08-27,Tests complémentaires nécessaires.
COM-06416,DATA-2808,user0023,2025-10-18,Correction proposée dans la prochaine version.
COM-06417,DATA-3196,user0050,2026-05-06,Le développement avance correctement.
COM-06418,BI-3356,user0018,2025-11-19,Tests complémentaires nécessaires.
COM-06419,BI-3221,user0042,2026-07-10,Le problème est reproduit en environnement de test.
COM-06420,ERP-981,user0050,2025-09-21,Tests complémentaires nécessaires.
COM-06421,CLOUD-3955,user0028,2026-08-01,La fonctionnalité est prête pour les tests.
COM-06422,SEC-4131,user0034,2025-09-26,Attention au délai prévu.
COM-06423,PORTAL-219,user0046,2026-06-16,Le problème semble corrigé.
COM-06424,BANK-927,user0047,2025-12-06,Le problème est reproduit en environnement de test.
COM-06425,ECOM-2879,user0008,2026-02-13,Il faut vérifier ce comportement.
COM-06426,PORTAL-1790,user0015,2025-11-22,Tests complémentaires nécessaires.
COM-06427,PORTAL-4262,user0038,2026-06-16,Besoin de plus d'informations.
COM-06428,PORTAL-3903,user0012,2026-01-24,Besoin de plus d'informations.
COM-06429,SEC-413,user0037,2025-11-27,Le client demande une modification.
COM-06430,MOB-556,user0025,2026-06-29,Le problème semble corrigé.
COM-06431,ECOM-2526,user0004,2026-03-09,Attention au délai prévu.
COM-06432,BANK-579,user0024,2025-10-21,Besoin de plus d'informations.
COM-06433,ERP-1565,user0028,2026-09-06,Correction proposée dans la prochaine version.
COM-06434,DATA-2941,user0027,2026-08-04,Il faut vérifier ce comportement.
COM-06435,ERP-4938,user0049,2026-01-27,Le développement avance correctement.
COM-06436,BANK-3531,user0010,2025-12-27,Le problème semble corrigé.
COM-06437,ECOM-1552,user0050,2026-05-07,Attention au délai prévu.
COM-06438,BANK-114,user0003,2025-10-16,Attention au délai prévu.
COM-06439,CRM-2603,user0008,2025-11-23,Il faut vérifier ce comportement.
COM-06440,BI-3506,user0033,2025-12-17,Le développement avance correctement.
COM-06441,CLOUD-1810,user0007,2026-01-24,Le client demande une modification.
COM-06442,SEC-724,user0016,2026-03-08,Besoin de plus d'informations.
COM-06443,BANK-3014,user0049,2026-06-30,Tests complémentaires nécessaires.
COM-06444,ERP-1207,user0028,2026-01-06,Il faut vérifier ce comportement.
COM-06445,PORTAL-1272,user0028,2026-03-02,Le client demande une modification.
COM-06446,BANK-493,user0017,2026-06-15,Le développement avance correctement.
COM-06447,SEC-3600,user0038,2025-10-11,Le problème semble corrigé.
COM-06448,PORTAL-1375,user0043,2026-06-09,Le développement avance correctement.
COM-06449,CLOUD-3478,user0013,2026-01-27,Correction proposée dans la prochaine version.
COM-06450,BANK-781,user0022,2025-12-27,Le développement avance correctement.
COM-06451,ECOM-3365,user0041,2026-06-03,Besoin de plus d'informations.
COM-06452,BANK-1396,user0027,2026-09-12,Le client demande une modification.
COM-06453,SEC-1387,user0001,2025-09-29,Besoin de plus d'informations.
COM-06454,BI-672,user0012,2026-03-13,Il faut vérifier ce comportement.
COM-06455,MOB-810,user0013,2026-04-13,Le problème semble corrigé.
COM-06456,BI-3780,user0008,2026-03-23,Le problème est reproduit en environnement de test.
COM-06457,BI-3691,user0002,2026-05-16,Le problème semble corrigé.
COM-06458,ERP-1914,user0038,2026-02-21,Besoin de plus d'informations.
COM-06459,BI-908,user0046,2026-09-03,La fonctionnalité est prête pour les tests.
COM-06460,CLOUD-1610,user0049,2025-11-01,Le client demande une modification.
COM-06461,ERP-4111,user0029,2025-11-08,Il faut vérifier ce comportement.
COM-06462,DATA-1649,user0020,2025-12-05,Le développement avance correctement.
COM-06463,ECOM-4364,user0050,2026-05-25,Correction proposée dans la prochaine version.
COM-06464,ECOM-4649,user0030,2026-08-20,La fonctionnalité est prête pour les tests.
COM-06465,DATA-3741,user0041,2026-02-04,Il faut vérifier ce comportement.
COM-06466,CLOUD-1726,user0046,2026-03-13,Le client demande une modification.
COM-06467,ECOM-3065,user0023,2026-03-15,Le problème est reproduit en environnement de test.
COM-06468,ERP-1252,user0049,2026-04-12,La fonctionnalité est prête pour les tests.
COM-06469,DATA-4077,user0028,2026-03-24,La fonctionnalité est prête pour les tests.
COM-06470,BI-43,user0049,2026-08-09,Le développement avance correctement.
COM-06471,CRM-3807,user0018,2025-09-15,Le client demande une modification.
COM-06472,SEC-4990,user0007,2026-03-23,Le client demande une modification.
COM-06473,BI-1288,user0012,2026-03-24,Correction proposée dans la prochaine version.
COM-06474,BANK-2290,user0030,2026-05-05,Il faut vérifier ce comportement.
COM-06475,MOB-4772,user0045,2026-02-21,Le développement avance correctement.
COM-06476,CRM-2798,user0030,2026-06-05,Le client demande une modification.
COM-06477,SEC-985,user0050,2026-07-26,Besoin de plus d'informations.
COM-06478,DATA-1704,user0043,2026-07-08,Le problème est reproduit en environnement de test.
COM-06479,DATA-697,user0042,2026-08-18,La fonctionnalité est prête pour les tests.
COM-06480,ERP-2347,user0020,2025-09-19,Le développement avance correctement.
COM-06481,CRM-4846,user0036,2026-08-20,Besoin de plus d'informations.
COM-06482,CRM-2118,user0050,2026-03-05,Il faut vérifier ce comportement.
COM-06483,PORTAL-4218,user0009,2025-11-24,Attention au délai prévu.
COM-06484,MOB-937,user0039,2026-08-18,Tests complémentaires nécessaires.
COM-06485,ERP-4170,user0039,2026-02-28,Le développement avance correctement.
COM-06486,PORTAL-2760,user0010,2026-04-28,Attention au délai prévu.
COM-06487,SEC-4700,user0036,2026-07-16,Il faut vérifier ce comportement.
COM-06488,BI-2350,user0036,2025-10-08,Le problème semble corrigé.
COM-06489,BI-3773,user0005,2025-10-19,Le développement avance correctement.
COM-06490,BANK-3374,user0038,2026-03-05,La fonctionnalité est prête pour les tests.
COM-06491,PORTAL-3197,user0012,2025-12-05,La fonctionnalité est prête pour les tests.
COM-06492,DATA-629,user0020,2026-03-25,Attention au délai prévu.
COM-06493,BANK-2848,user0049,2025-12-10,Le problème semble corrigé.
COM-06494,ERP-4781,user0046,2026-09-05,Le problème est reproduit en environnement de test.
COM-06495,ECOM-3224,user0040,2026-01-17,Attention au délai prévu.
COM-06496,BANK-1948,user0005,2025-10-24,Besoin de plus d'informations.
COM-06497,ECOM-3914,user0030,2026-03-14,Il faut vérifier ce comportement.
COM-06498,CRM-4276,user0006,2026-01-13,Correction proposée dans la prochaine version.
COM-06499,CLOUD-232,user0048,2026-08-06,Attention au délai prévu.
COM-06500,ECOM-1009,user0011,2025-09-18,Il faut vérifier ce comportement.
COM-06501,ECOM-1446,user0027,2026-02-09,Le problème semble corrigé.
COM-06502,BANK-1957,user0017,2026-05-11,Le problème est reproduit en environnement de test.
COM-06503,DATA-1764,user0045,2025-10-22,Il faut vérifier ce comportement.
COM-06504,PORTAL-4713,user0049,2026-06-12,Attention au délai prévu.
COM-06505,BANK-3487,user0044,2025-12-27,Le développement avance correctement.
COM-06506,CRM-379,user0023,2025-12-20,Le problème semble corrigé.
COM-06507,BANK-3979,user0049,2026-06-27,Le client demande une modification.
COM-06508,DATA-4795,user0041,2026-05-31,Tests complémentaires nécessaires.
COM-06509,BI-2518,user0023,2026-01-13,Correction proposée dans la prochaine version.
COM-06510,DATA-805,user0007,2026-02-04,Le développement avance correctement.
COM-06511,MOB-1267,user0038,2026-05-19,Le développement avance correctement.
COM-06512,CLOUD-1692,user0026,2025-09-22,Attention au délai prévu.
COM-06513,PORTAL-4116,user0018,2026-01-01,Le développement avance correctement.
COM-06514,ERP-3938,user0020,2025-09-26,Il faut vérifier ce comportement.
COM-06515,SEC-4594,user0016,2026-09-06,Le problème semble corrigé.
COM-06516,BI-3610,user0029,2026-01-03,Correction proposée dans la prochaine version.
COM-06517,CRM-1010,user0034,2026-05-15,Besoin de plus d'informations.
COM-06518,CLOUD-4612,user0035,2026-02-22,Besoin de plus d'informations.
COM-06519,ERP-4405,user0005,2026-02-08,Il faut vérifier ce comportement.
COM-06520,CRM-862,user0014,2025-10-25,Le problème est reproduit en environnement de test.
COM-06521,MOB-3594,user0036,2026-02-08,La fonctionnalité est prête pour les tests.
COM-06522,MOB-4517,user0044,2026-01-25,Le problème est reproduit en environnement de test.
COM-06523,CLOUD-611,user0003,2026-04-16,Attention au délai prévu.
COM-06524,PORTAL-1308,user0027,2026-01-04,Il faut vérifier ce comportement.
COM-06525,ERP-1050,user0025,2025-12-23,Le problème est reproduit en environnement de test.
COM-06526,ECOM-2314,user0002,2026-07-03,Le problème semble corrigé.
COM-06527,CLOUD-1386,user0044,2026-02-22,Attention au délai prévu.
COM-06528,ECOM-241,user0010,2026-04-23,Attention au délai prévu.
COM-06529,MOB-1331,user0019,2026-02-05,Tests complémentaires nécessaires.
COM-06530,ECOM-4458,user0032,2026-05-11,Le problème est reproduit en environnement de test.
COM-06531,CLOUD-2505,user0038,2026-01-19,La fonctionnalité est prête pour les tests.
COM-06532,CRM-4127,user0004,2026-08-12,Attention au délai prévu.
COM-06533,MOB-4981,user0049,2026-06-18,La fonctionnalité est prête pour les tests.
COM-06534,CLOUD-1743,user0001,2026-04-07,Le problème est reproduit en environnement de test.
COM-06535,BI-389,user0041,2025-11-21,Correction proposée dans la prochaine version.
COM-06536,BANK-1707,user0005,2026-08-17,La fonctionnalité est prête pour les tests.
COM-06537,ERP-2478,user0008,2026-01-21,Correction proposée dans la prochaine version.
COM-06538,BANK-4640,user0013,2025-09-29,Le problème semble corrigé.
COM-06539,BI-2907,user0002,2025-11-13,Correction proposée dans la prochaine version.
COM-06540,ECOM-3761,user0037,2026-06-11,Besoin de plus d'informations.
COM-06541,BANK-87,user0013,2025-12-05,La fonctionnalité est prête pour les tests.
COM-06542,BANK-2476,user0038,2026-07-01,Il faut vérifier ce comportement.
COM-06543,ECOM-2963,user0046,2025-12-29,Besoin de plus d'informations.
COM-06544,CLOUD-2640,user0008,2026-03-02,Le client demande une modification.
COM-06545,BANK-109,user0018,2026-03-01,Le client demande une modification.
COM-06546,BANK-2488,user0050,2025-12-29,La fonctionnalité est prête pour les tests.
COM-06547,ECOM-1689,user0032,2025-12-09,Attention au délai prévu.
COM-06548,BANK-498,user0043,2026-08-12,Le développement avance correctement.
COM-06549,PORTAL-3367,user0031,2026-02-25,Besoin de plus d'informations.
COM-06550,SEC-1963,user0014,2026-05-29,Le développement avance correctement.
COM-06551,BANK-3178,user0026,2026-08-21,La fonctionnalité est prête pour les tests.
COM-06552,PORTAL-2820,user0027,2026-08-27,Le problème est reproduit en environnement de test.
COM-06553,SEC-760,user0010,2026-06-20,Attention au délai prévu.
COM-06554,MOB-785,user0013,2026-02-09,Besoin de plus d'informations.
COM-06555,DATA-685,user0026,2026-02-27,Le client demande une modification.
COM-06556,MOB-152,user0016,2026-06-29,Le problème est reproduit en environnement de test.
COM-06557,CRM-2200,user0036,2025-10-22,Besoin de plus d'informations.
COM-06558,SEC-1622,user0023,2026-04-06,Besoin de plus d'informations.
COM-06559,ERP-210,user0003,2026-07-04,Le développement avance correctement.
COM-06560,CRM-3807,user0005,2025-12-02,Il faut vérifier ce comportement.
COM-06561,ERP-3524,user0048,2026-05-18,Tests complémentaires nécessaires.
COM-06562,ERP-688,user0029,2026-06-07,Le client demande une modification.
COM-06563,ECOM-820,user0036,2026-06-23,Besoin de plus d'informations.
COM-06564,ECOM-4175,user0028,2025-12-05,Il faut vérifier ce comportement.
COM-06565,MOB-2295,user0036,2026-06-18,Besoin de plus d'informations.
COM-06566,CLOUD-1665,user0006,2026-05-11,Le client demande une modification.
COM-06567,DATA-3495,user0001,2025-11-01,Il faut vérifier ce comportement.
COM-06568,ERP-406,user0017,2026-05-15,Besoin de plus d'informations.
COM-06569,BANK-2988,user0032,2026-02-26,La fonctionnalité est prête pour les tests.
COM-06570,ECOM-1591,user0005,2026-02-16,Le client demande une modification.
COM-06571,SEC-1935,user0001,2025-12-07,Il faut vérifier ce comportement.
COM-06572,CLOUD-3848,user0049,2026-05-16,Il faut vérifier ce comportement.
COM-06573,ERP-892,user0003,2026-05-11,Attention au délai prévu.
COM-06574,PORTAL-2723,user0033,2025-10-06,Correction proposée dans la prochaine version.
COM-06575,BI-4332,user0023,2025-12-12,Le problème est reproduit en environnement de test.
COM-06576,CLOUD-3675,user0030,2026-05-09,Le problème est reproduit en environnement de test.
COM-06577,PORTAL-4474,user0012,2026-05-01,Le problème semble corrigé.
COM-06578,MOB-4650,user0032,2026-05-31,La fonctionnalité est prête pour les tests.
COM-06579,ECOM-4109,user0041,2025-10-23,La fonctionnalité est prête pour les tests.
COM-06580,CRM-2719,user0007,2025-10-28,Le problème est reproduit en environnement de test.
COM-06581,PORTAL-1343,user0047,2026-09-04,Le client demande une modification.
COM-06582,BANK-2316,user0039,2026-05-07,Le client demande une modification.
COM-06583,CLOUD-4285,user0045,2025-11-11,Le problème semble corrigé.
COM-06584,SEC-4020,user0004,2026-03-05,Tests complémentaires nécessaires.
COM-06585,DATA-1750,user0018,2026-02-05,Attention au délai prévu.
COM-06586,CRM-3708,user0019,2026-09-07,Le client demande une modification.
COM-06587,DATA-4153,user0019,2026-03-20,Attention au délai prévu.
COM-06588,BI-4874,user0001,2026-08-02,Tests complémentaires nécessaires.
COM-06589,BANK-1628,user0042,2026-04-10,Attention au délai prévu.
COM-06590,CRM-1997,user0025,2025-09-28,Attention au délai prévu.
COM-06591,BI-1414,user0004,2025-11-27,La fonctionnalité est prête pour les tests.
COM-06592,CRM-3689,user0048,2026-02-06,Le développement avance correctement.
COM-06593,BI-2185,user0011,2025-11-25,Besoin de plus d'informations.
COM-06594,PORTAL-4474,user0029,2026-02-23,Besoin de plus d'informations.
COM-06595,DATA-963,user0047,2026-04-14,Il faut vérifier ce comportement.
COM-06596,CRM-1533,user0030,2025-10-15,Le problème semble corrigé.
COM-06597,PORTAL-572,user0025,2025-11-27,Il faut vérifier ce comportement.
COM-06598,CRM-1624,user0007,2025-09-28,Attention au délai prévu.
COM-06599,ERP-4115,user0035,2026-06-29,Le problème semble corrigé.
COM-06600,PORTAL-855,user0014,2026-09-08,Tests complémentaires nécessaires.
COM-06601,MOB-4620,user0003,2026-03-16,Il faut vérifier ce comportement.
COM-06602,CLOUD-3632,user0033,2025-12-08,La fonctionnalité est prête pour les tests.
COM-06603,CLOUD-2661,user0028,2026-07-13,Attention au délai prévu.
COM-06604,ERP-2712,user0030,2025-11-07,Le problème est reproduit en environnement de test.
COM-06605,CRM-300,user0002,2025-11-19,Besoin de plus d'informations.
COM-06606,CLOUD-715,user0041,2026-03-18,Le problème est reproduit en environnement de test.
COM-06607,CRM-379,user0033,2025-12-22,Il faut vérifier ce comportement.
COM-06608,CRM-1878,user0016,2026-03-20,Le problème est reproduit en environnement de test.
COM-06609,ERP-2322,user0008,2026-08-04,Le problème est reproduit en environnement de test.
COM-06610,ECOM-2624,user0019,2026-08-01,Tests complémentaires nécessaires.
COM-06611,CLOUD-3481,user0001,2026-04-17,Il faut vérifier ce comportement.
COM-06612,SEC-1694,user0016,2026-03-19,Le client demande une modification.
COM-06613,BANK-4392,user0049,2026-06-28,La fonctionnalité est prête pour les tests.
COM-06614,MOB-1555,user0026,2026-08-30,Le problème semble corrigé.
COM-06615,BANK-818,user0037,2026-04-01,Le développement avance correctement.
COM-06616,BI-4779,user0035,2026-08-23,Besoin de plus d'informations.
COM-06617,ECOM-3750,user0028,2026-08-20,Besoin de plus d'informations.
COM-06618,PORTAL-2362,user0037,2026-09-14,Attention au délai prévu.
COM-06619,BANK-3704,user0006,2026-07-24,Tests complémentaires nécessaires.
COM-06620,SEC-2131,user0049,2026-02-20,Besoin de plus d'informations.
COM-06621,SEC-746,user0010,2026-02-13,La fonctionnalité est prête pour les tests.
COM-06622,PORTAL-342,user0045,2026-04-02,Tests complémentaires nécessaires.
COM-06623,DATA-1992,user0031,2026-07-14,Le développement avance correctement.
COM-06624,PORTAL-314,user0039,2026-09-12,Il faut vérifier ce comportement.
COM-06625,BI-672,user0008,2025-11-03,Attention au délai prévu.
COM-06626,BI-2587,user0013,2026-02-28,Besoin de plus d'informations.
COM-06627,MOB-3918,user0022,2025-12-24,Le client demande une modification.
COM-06628,ERP-3434,user0012,2025-12-01,Le problème semble corrigé.
COM-06629,CRM-2466,user0003,2026-04-16,Attention au délai prévu.
COM-06630,BANK-864,user0025,2026-04-24,Correction proposée dans la prochaine version.
COM-06631,SEC-1508,user0046,2025-09-16,Le problème semble corrigé.
COM-06632,SEC-1691,user0037,2026-02-27,Attention au délai prévu.
COM-06633,CRM-4019,user0029,2026-03-20,La fonctionnalité est prête pour les tests.
COM-06634,SEC-4070,user0012,2026-07-20,Tests complémentaires nécessaires.
COM-06635,DATA-4415,user0023,2025-11-21,Le client demande une modification.
COM-06636,CLOUD-130,user0030,2026-09-07,Il faut vérifier ce comportement.
COM-06637,BI-2443,user0037,2026-03-04,Tests complémentaires nécessaires.
COM-06638,BANK-651,user0036,2026-06-04,Tests complémentaires nécessaires.
COM-06639,BI-823,user0028,2026-08-20,Le problème est reproduit en environnement de test.
COM-06640,DATA-765,user0024,2026-07-18,Le problème est reproduit en environnement de test.
COM-06641,CRM-4928,user0016,2026-05-12,Le problème semble corrigé.
COM-06642,CRM-1218,user0015,2026-05-31,Il faut vérifier ce comportement.
COM-06643,BANK-2553,user0005,2026-03-29,Le développement avance correctement.
COM-06644,BI-2361,user0042,2026-05-11,Attention au délai prévu.
COM-06645,BI-4436,user0029,2026-04-12,Il faut vérifier ce comportement.
COM-06646,MOB-2869,user0050,2026-08-31,Attention au délai prévu.
COM-06647,BANK-738,user0010,2025-11-12,Le problème est reproduit en environnement de test.
COM-06648,PORTAL-51,user0028,2026-05-12,Attention au délai prévu.
COM-06649,CLOUD-3675,user0005,2026-07-26,La fonctionnalité est prête pour les tests.
COM-06650,DATA-3011,user0044,2025-11-20,La fonctionnalité est prête pour les tests.
COM-06651,ECOM-3257,user0022,2026-04-22,Le développement avance correctement.
COM-06652,MOB-2136,user0043,2025-09-23,Attention au délai prévu.
COM-06653,CLOUD-3622,user0025,2025-09-18,La fonctionnalité est prête pour les tests.
COM-06654,BI-2783,user0003,2026-01-27,La fonctionnalité est prête pour les tests.
COM-06655,CRM-3581,user0004,2025-12-14,La fonctionnalité est prête pour les tests.
COM-06656,MOB-3790,user0009,2026-09-03,Correction proposée dans la prochaine version.
COM-06657,ERP-3094,user0041,2026-07-23,Le client demande une modification.
COM-06658,MOB-3918,user0020,2026-07-17,Le problème semble corrigé.
COM-06659,MOB-1985,user0001,2026-06-18,Tests complémentaires nécessaires.
COM-06660,ERP-1039,user0037,2026-03-22,Le développement avance correctement.
COM-06661,ERP-3937,user0028,2026-04-28,Besoin de plus d'informations.
COM-06662,ERP-661,user0045,2026-05-22,Le client demande une modification.
COM-06663,ERP-3584,user0011,2025-10-05,Correction proposée dans la prochaine version.
COM-06664,DATA-2654,user0007,2026-01-12,Il faut vérifier ce comportement.
COM-06665,SEC-4199,user0011,2026-06-12,Le problème est reproduit en environnement de test.
COM-06666,SEC-1399,user0018,2026-03-26,Le problème semble corrigé.
COM-06667,PORTAL-4512,user0020,2026-01-03,La fonctionnalité est prête pour les tests.
COM-06668,BANK-4379,user0008,2026-03-13,Tests complémentaires nécessaires.
COM-06669,DATA-2616,user0044,2026-01-16,Le problème est reproduit en environnement de test.
COM-06670,BANK-3635,user0030,2025-11-06,Il faut vérifier ce comportement.
COM-06671,CLOUD-621,user0016,2026-07-31,Il faut vérifier ce comportement.
COM-06672,CRM-2846,user0008,2026-05-19,Besoin de plus d'informations.
COM-06673,MOB-3556,user0031,2026-02-28,Le problème semble corrigé.
COM-06674,CRM-4481,user0010,2026-06-21,Correction proposée dans la prochaine version.
COM-06675,PORTAL-2927,user0024,2026-06-03,Il faut vérifier ce comportement.
COM-06676,MOB-1802,user0023,2026-04-09,Correction proposée dans la prochaine version.
COM-06677,PORTAL-1453,user0030,2026-04-20,La fonctionnalité est prête pour les tests.
COM-06678,MOB-4835,user0009,2025-11-20,Correction proposée dans la prochaine version.
COM-06679,CRM-2875,user0006,2025-12-03,Tests complémentaires nécessaires.
COM-06680,ECOM-4855,user0019,2025-12-14,Le développement avance correctement.
COM-06681,BI-1828,user0033,2026-01-02,Le développement avance correctement.
COM-06682,SEC-3887,user0036,2026-01-18,Besoin de plus d'informations.
COM-06683,CLOUD-4182,user0021,2026-06-27,Il faut vérifier ce comportement.
COM-06684,MOB-2455,user0043,2026-01-19,La fonctionnalité est prête pour les tests.
COM-06685,ECOM-2024,user0043,2026-06-19,Le problème semble corrigé.
COM-06686,SEC-4568,user0021,2026-04-21,Le problème est reproduit en environnement de test.
COM-06687,MOB-4212,user0014,2026-03-23,Le problème semble corrigé.
COM-06688,ECOM-3115,user0025,2026-03-18,Le client demande une modification.
COM-06689,SEC-3788,user0002,2026-05-17,Tests complémentaires nécessaires.
COM-06690,BI-4166,user0027,2026-05-12,Correction proposée dans la prochaine version.
COM-06691,ECOM-3454,user0030,2026-05-20,Tests complémentaires nécessaires.
COM-06692,ECOM-2083,user0014,2026-08-28,Correction proposée dans la prochaine version.
COM-06693,ERP-4621,user0021,2025-11-24,Tests complémentaires nécessaires.
COM-06694,DATA-2805,user0047,2025-11-08,Attention au délai prévu.
COM-06695,PORTAL-2254,user0010,2025-12-03,Le problème est reproduit en environnement de test.
COM-06696,ERP-1868,user0005,2026-06-26,Le client demande une modification.
COM-06697,BI-2395,user0038,2026-01-26,Le développement avance correctement.
COM-06698,MOB-4367,user0005,2025-10-15,Besoin de plus d'informations.
COM-06699,CLOUD-1468,user0009,2025-10-09,La fonctionnalité est prête pour les tests.
COM-06700,PORTAL-4225,user0004,2026-06-10,Correction proposée dans la prochaine version.
COM-06701,SEC-4751,user0046,2025-11-28,Besoin de plus d'informations.
COM-06702,CLOUD-1085,user0031,2026-06-27,Le problème semble corrigé.
COM-06703,MOB-904,user0040,2025-10-12,Attention au délai prévu.
COM-06704,BANK-1492,user0014,2026-04-15,Attention au délai prévu.
COM-06705,CRM-2417,user0037,2026-01-03,La fonctionnalité est prête pour les tests.
COM-06706,MOB-3184,user0039,2026-09-04,Il faut vérifier ce comportement.
COM-06707,MOB-3821,user0021,2025-09-27,Besoin de plus d'informations.
COM-06708,ECOM-4133,user0017,2025-12-01,Le développement avance correctement.
COM-06709,CLOUD-677,user0014,2025-10-08,Attention au délai prévu.
COM-06710,ERP-3507,user0009,2026-05-18,Le problème est reproduit en environnement de test.
COM-06711,ERP-459,user0028,2025-10-02,Correction proposée dans la prochaine version.
COM-06712,DATA-1633,user0026,2026-09-09,Le développement avance correctement.
COM-06713,SEC-3298,user0026,2025-12-16,Le développement avance correctement.
COM-06714,MOB-1501,user0031,2026-02-27,La fonctionnalité est prête pour les tests.
COM-06715,CRM-4927,user0018,2026-04-04,La fonctionnalité est prête pour les tests.
COM-06716,BANK-2170,user0010,2026-04-03,La fonctionnalité est prête pour les tests.
COM-06717,ERP-1901,user0047,2026-03-06,Correction proposée dans la prochaine version.
COM-06718,ECOM-4089,user0038,2025-10-14,Le problème semble corrigé.
COM-06719,ERP-210,user0049,2025-10-03,La fonctionnalité est prête pour les tests.
COM-06720,CLOUD-2019,user0003,2025-12-23,Le problème semble corrigé.
COM-06721,BI-705,user0028,2026-06-24,Tests complémentaires nécessaires.
COM-06722,ERP-2565,user0031,2025-10-05,Le problème semble corrigé.
COM-06723,MOB-3672,user0010,2026-06-30,Correction proposée dans la prochaine version.
COM-06724,SEC-191,user0030,2026-01-29,Le client demande une modification.
COM-06725,CLOUD-2550,user0022,2025-10-12,Tests complémentaires nécessaires.
COM-06726,ECOM-4112,user0013,2026-07-20,Le développement avance correctement.
COM-06727,CRM-2875,user0007,2026-08-18,Le problème est reproduit en environnement de test.
COM-06728,ECOM-1482,user0002,2025-12-03,Attention au délai prévu.
COM-06729,ECOM-1552,user0035,2026-07-09,Besoin de plus d'informations.
COM-06730,BI-482,user0029,2025-10-29,Le problème semble corrigé.
COM-06731,SEC-717,user0023,2026-04-18,Tests complémentaires nécessaires.
COM-06732,PORTAL-1531,user0005,2026-03-06,Le problème semble corrigé.
COM-06733,CLOUD-970,user0025,2026-08-21,Tests complémentaires nécessaires.
COM-06734,MOB-3844,user0031,2025-10-19,La fonctionnalité est prête pour les tests.
COM-06735,BI-1102,user0049,2026-06-08,La fonctionnalité est prête pour les tests.
COM-06736,ERP-3649,user0019,2025-12-04,Attention au délai prévu.
COM-06737,PORTAL-2176,user0006,2026-03-30,La fonctionnalité est prête pour les tests.
COM-06738,MOB-3826,user0017,2026-03-02,Le problème semble corrigé.
COM-06739,CLOUD-107,user0033,2025-12-16,Attention au délai prévu.
COM-06740,CRM-3137,user0013,2026-07-08,Il faut vérifier ce comportement.
COM-06741,BI-3535,user0046,2025-12-24,Le client demande une modification.
COM-06742,SEC-4336,user0041,2025-11-17,Tests complémentaires nécessaires.
COM-06743,CRM-2992,user0040,2026-06-24,Correction proposée dans la prochaine version.
COM-06744,PORTAL-2790,user0015,2026-05-07,Attention au délai prévu.
COM-06745,PORTAL-997,user0004,2025-09-18,Correction proposée dans la prochaine version.
COM-06746,ERP-4359,user0029,2025-10-07,Le client demande une modification.
COM-06747,PORTAL-4512,user0029,2026-06-25,Il faut vérifier ce comportement.
COM-06748,ECOM-3199,user0017,2025-10-22,Le client demande une modification.
COM-06749,SEC-2845,user0026,2026-06-13,Tests complémentaires nécessaires.
COM-06750,MOB-237,user0010,2025-09-29,Le développement avance correctement.
COM-06751,BANK-331,user0022,2026-03-21,Correction proposée dans la prochaine version.
COM-06752,ERP-2003,user0008,2026-06-23,Attention au délai prévu.
COM-06753,PORTAL-2321,user0001,2026-07-13,Le développement avance correctement.
COM-06754,ECOM-3829,user0037,2026-07-12,Attention au délai prévu.
COM-06755,CLOUD-3038,user0033,2026-03-04,Tests complémentaires nécessaires.
COM-06756,ECOM-538,user0019,2025-10-03,Tests complémentaires nécessaires.
COM-06757,ECOM-3670,user0026,2026-09-06,La fonctionnalité est prête pour les tests.
COM-06758,ECOM-655,user0037,2026-03-15,Le développement avance correctement.
COM-06759,DATA-819,user0031,2026-03-17,Le client demande une modification.
COM-06760,CRM-4708,user0039,2026-03-03,Correction proposée dans la prochaine version.
COM-06761,PORTAL-4225,user0013,2026-04-29,Besoin de plus d'informations.
COM-06762,MOB-4772,user0029,2025-10-07,Le problème semble corrigé.
COM-06763,BANK-2822,user0031,2025-12-19,Le développement avance correctement.
COM-06764,PORTAL-4097,user0017,2025-12-13,Besoin de plus d'informations.
COM-06765,BANK-455,user0029,2026-03-10,Tests complémentaires nécessaires.
COM-06766,CRM-3650,user0029,2026-05-22,Le développement avance correctement.
COM-06767,BI-208,user0019,2026-06-06,Le problème est reproduit en environnement de test.
COM-06768,DATA-2886,user0043,2025-11-19,Le problème est reproduit en environnement de test.
COM-06769,ECOM-3802,user0048,2025-12-06,Attention au délai prévu.
COM-06770,SEC-3063,user0038,2026-05-14,La fonctionnalité est prête pour les tests.
COM-06771,ECOM-1900,user0047,2025-11-19,Le client demande une modification.
COM-06772,MOB-1011,user0004,2025-12-15,Besoin de plus d'informations.
COM-06773,ECOM-2310,user0020,2026-09-13,Correction proposée dans la prochaine version.
COM-06774,ECOM-441,user0013,2026-04-05,Le problème est reproduit en environnement de test.
COM-06775,PORTAL-171,user0036,2026-03-06,Il faut vérifier ce comportement.
COM-06776,CRM-2137,user0002,2025-11-27,Il faut vérifier ce comportement.
COM-06777,SEC-4226,user0018,2025-10-17,Il faut vérifier ce comportement.
COM-06778,MOB-4552,user0026,2025-11-15,Le client demande une modification.
COM-06779,PORTAL-1531,user0010,2026-03-19,Correction proposée dans la prochaine version.
COM-06780,PORTAL-3020,user0038,2026-02-23,Attention au délai prévu.
COM-06781,ERP-221,user0023,2026-08-31,Correction proposée dans la prochaine version.
COM-06782,CRM-4616,user0027,2026-02-12,Le problème est reproduit en environnement de test.
COM-06783,ERP-2461,user0033,2026-09-13,Tests complémentaires nécessaires.
COM-06784,SEC-4026,user0021,2026-08-10,Le client demande une modification.
COM-06785,ERP-4224,user0011,2026-05-11,Tests complémentaires nécessaires.
COM-06786,CLOUD-2370,user0034,2025-12-25,Besoin de plus d'informations.
COM-06787,ECOM-928,user0010,2026-01-24,Attention au délai prévu.
COM-06788,BI-1975,user0019,2026-03-11,Le problème est reproduit en environnement de test.
COM-06789,BI-3426,user0030,2026-01-19,Le problème est reproduit en environnement de test.
COM-06790,MOB-2192,user0014,2026-02-23,Besoin de plus d'informations.
COM-06791,ECOM-756,user0043,2026-07-22,Le client demande une modification.
COM-06792,MOB-254,user0033,2025-10-21,Le problème est reproduit en environnement de test.
COM-06793,SEC-4553,user0046,2026-09-01,Attention au délai prévu.
COM-06794,ERP-3277,user0016,2026-08-21,Il faut vérifier ce comportement.
COM-06795,PORTAL-4521,user0038,2026-07-10,Le problème est reproduit en environnement de test.
COM-06796,CLOUD-4777,user0001,2025-12-04,Il faut vérifier ce comportement.
COM-06797,DATA-2649,user0050,2026-04-09,Le client demande une modification.
COM-06798,CLOUD-2426,user0002,2025-12-17,Il faut vérifier ce comportement.
COM-06799,CRM-2450,user0001,2026-01-02,Il faut vérifier ce comportement.
COM-06800,CLOUD-2713,user0009,2026-05-29,La fonctionnalité est prête pour les tests.
COM-06801,BANK-481,user0014,2025-10-29,Le développement avance correctement.
COM-06802,CLOUD-409,user0047,2025-09-26,Attention au délai prévu.
COM-06803,BANK-2170,user0025,2025-11-08,Le client demande une modification.
COM-06804,CLOUD-817,user0032,2026-01-24,Correction proposée dans la prochaine version.
COM-06805,ERP-779,user0043,2026-03-08,Correction proposée dans la prochaine version.
COM-06806,ECOM-2807,user0035,2026-06-21,Le développement avance correctement.
COM-06807,BANK-4900,user0040,2026-05-17,Le client demande une modification.
COM-06808,BI-2816,user0050,2025-10-27,Attention au délai prévu.
COM-06809,CLOUD-3865,user0041,2026-07-22,Le problème est reproduit en environnement de test.
COM-06810,BANK-3116,user0034,2025-10-15,Il faut vérifier ce comportement.
COM-06811,BANK-544,user0045,2025-10-17,Il faut vérifier ce comportement.
COM-06812,SEC-212,user0019,2026-07-25,Il faut vérifier ce comportement.
COM-06813,MOB-2074,user0022,2026-01-25,Il faut vérifier ce comportement.
COM-06814,DATA-3700,user0020,2026-08-28,Tests complémentaires nécessaires.
COM-06815,MOB-487,user0027,2026-05-20,Le client demande une modification.
COM-06816,CRM-3562,user0013,2026-02-23,La fonctionnalité est prête pour les tests.
COM-06817,ERP-695,user0006,2026-01-06,Le client demande une modification.
COM-06818,CRM-82,user0007,2026-07-06,Tests complémentaires nécessaires.
COM-06819,MOB-420,user0034,2026-05-30,Le client demande une modification.
COM-06820,CRM-4603,user0023,2026-01-15,Correction proposée dans la prochaine version.
COM-06821,ECOM-1993,user0005,2026-04-02,Correction proposée dans la prochaine version.
COM-06822,BANK-4586,user0038,2026-01-18,La fonctionnalité est prête pour les tests.
COM-06823,DATA-3056,user0029,2025-12-30,Il faut vérifier ce comportement.
COM-06824,BI-3825,user0042,2026-03-15,Tests complémentaires nécessaires.
COM-06825,BI-2496,user0016,2026-07-12,Attention au délai prévu.
COM-06826,PORTAL-2772,user0021,2026-06-05,Correction proposée dans la prochaine version.
COM-06827,BANK-1123,user0016,2026-08-15,Le problème est reproduit en environnement de test.
COM-06828,CLOUD-3636,user0015,2026-06-08,Correction proposée dans la prochaine version.
COM-06829,PORTAL-3747,user0039,2026-02-22,Il faut vérifier ce comportement.
COM-06830,ECOM-4348,user0001,2025-11-22,Le problème est reproduit en environnement de test.
COM-06831,DATA-2808,user0003,2025-10-31,Le problème est reproduit en environnement de test.
COM-06832,PORTAL-1257,user0028,2025-12-20,Attention au délai prévu.
COM-06833,PORTAL-2989,user0010,2026-02-15,Le problème semble corrigé.
COM-06834,MOB-1393,user0026,2026-08-20,Le client demande une modification.
COM-06835,PORTAL-4479,user0007,2025-11-14,Correction proposée dans la prochaine version.
COM-06836,BI-971,user0010,2025-10-18,Le problème est reproduit en environnement de test.
COM-06837,DATA-2095,user0014,2026-06-16,Le développement avance correctement.
COM-06838,CRM-2154,user0037,2026-07-02,Attention au délai prévu.
COM-06839,ERP-4152,user0021,2026-02-04,Attention au délai prévu.
COM-06840,BANK-2436,user0041,2025-12-16,Le client demande une modification.
COM-06841,DATA-697,user0046,2026-04-07,Correction proposée dans la prochaine version.
COM-06842,ERP-1072,user0012,2025-12-11,Le développement avance correctement.
COM-06843,SEC-3954,user0005,2026-06-13,Le développement avance correctement.
COM-06844,MOB-4442,user0050,2026-08-29,Le client demande une modification.
COM-06845,MOB-1212,user0023,2026-07-24,Attention au délai prévu.
COM-06846,CLOUD-2929,user0036,2026-08-01,Tests complémentaires nécessaires.
COM-06847,MOB-1267,user0035,2025-11-29,Le client demande une modification.
COM-06848,DATA-4120,user0034,2026-04-11,Il faut vérifier ce comportement.
COM-06849,PORTAL-2893,user0039,2026-08-20,Le développement avance correctement.
COM-06850,CRM-3570,user0047,2025-09-21,Il faut vérifier ce comportement.
COM-06851,CLOUD-4741,user0009,2026-07-04,Tests complémentaires nécessaires.
COM-06852,ERP-1271,user0049,2025-10-10,Le problème est reproduit en environnement de test.
COM-06853,SEC-607,user0017,2025-11-26,Le problème est reproduit en environnement de test.
COM-06854,DATA-3255,user0020,2026-07-24,Le problème semble corrigé.
COM-06855,DATA-2262,user0045,2025-11-01,Besoin de plus d'informations.
COM-06856,BANK-3429,user0017,2025-11-30,Il faut vérifier ce comportement.
COM-06857,PORTAL-3815,user0016,2025-12-08,Il faut vérifier ce comportement.
COM-06858,BI-2222,user0007,2026-05-14,Le développement avance correctement.
COM-06859,BANK-4156,user0041,2025-11-23,Le problème semble corrigé.
COM-06860,DATA-3972,user0035,2025-10-07,Correction proposée dans la prochaine version.
COM-06861,ERP-2512,user0026,2026-05-23,Il faut vérifier ce comportement.
COM-06862,BANK-4535,user0033,2025-09-23,Le client demande une modification.
COM-06863,BANK-2873,user0012,2025-11-27,Le client demande une modification.
COM-06864,BANK-1991,user0019,2026-03-23,La fonctionnalité est prête pour les tests.
COM-06865,ERP-1180,user0020,2026-06-04,Correction proposée dans la prochaine version.
COM-06866,MOB-3284,user0033,2026-03-30,Le développement avance correctement.
COM-06867,BI-658,user0032,2026-02-08,Le développement avance correctement.
COM-06868,DATA-4520,user0014,2026-05-06,Le problème semble corrigé.
COM-06869,SEC-3788,user0038,2026-01-03,Besoin de plus d'informations.
COM-06870,CLOUD-72,user0003,2026-06-10,Le client demande une modification.
COM-06871,BANK-74,user0035,2026-08-22,La fonctionnalité est prête pour les tests.
COM-06872,CLOUD-1599,user0012,2025-11-29,Il faut vérifier ce comportement.
COM-06873,PORTAL-3901,user0023,2026-06-20,Besoin de plus d'informations.
COM-06874,CLOUD-2929,user0005,2026-09-08,Le client demande une modification.
COM-06875,DATA-3312,user0040,2025-09-25,La fonctionnalité est prête pour les tests.
COM-06876,CLOUD-2268,user0025,2026-04-12,Le développement avance correctement.
COM-06877,SEC-4064,user0026,2026-04-17,Le problème semble corrigé.
COM-06878,ERP-1176,user0013,2025-11-17,Il faut vérifier ce comportement.
COM-06879,BANK-2387,user0050,2025-12-15,La fonctionnalité est prête pour les tests.
COM-06880,SEC-3653,user0028,2026-05-04,Il faut vérifier ce comportement.
COM-06881,DATA-921,user0004,2026-03-22,Le problème est reproduit en environnement de test.
COM-06882,MOB-1527,user0023,2025-10-01,Il faut vérifier ce comportement.
COM-06883,CRM-2417,user0019,2025-10-23,Attention au délai prévu.
COM-06884,DATA-2287,user0035,2026-02-23,Le client demande une modification.
COM-06885,DATA-712,user0015,2026-01-14,Le problème est reproduit en environnement de test.
COM-06886,MOB-3485,user0039,2026-06-10,Besoin de plus d'informations.
COM-06887,BI-513,user0031,2026-08-17,Tests complémentaires nécessaires.
COM-06888,ERP-1924,user0012,2026-08-09,Le problème semble corrigé.
COM-06889,PORTAL-3020,user0033,2026-09-12,Attention au délai prévu.
COM-06890,ECOM-2240,user0012,2026-06-26,Besoin de plus d'informations.
COM-06891,BI-549,user0042,2026-07-09,La fonctionnalité est prête pour les tests.
COM-06892,CLOUD-3665,user0003,2026-08-13,Il faut vérifier ce comportement.
COM-06893,BI-3109,user0042,2026-01-29,Correction proposée dans la prochaine version.
COM-06894,ECOM-4956,user0019,2026-01-30,Correction proposée dans la prochaine version.
COM-06895,CRM-3218,user0026,2026-06-13,La fonctionnalité est prête pour les tests.
COM-06896,BANK-836,user0006,2025-11-02,Le problème est reproduit en environnement de test.
COM-06897,CLOUD-1028,user0031,2026-04-26,Le client demande une modification.
COM-06898,MOB-3674,user0014,2025-09-27,Il faut vérifier ce comportement.
COM-06899,DATA-4946,user0034,2026-08-02,Besoin de plus d'informations.
COM-06900,ERP-2358,user0002,2026-06-19,Attention au délai prévu.
COM-06901,PORTAL-1134,user0007,2026-05-11,La fonctionnalité est prête pour les tests.
COM-06902,ECOM-1090,user0044,2025-09-20,Besoin de plus d'informations.
COM-06903,ERP-2003,user0049,2026-09-08,Le problème semble corrigé.
COM-06904,MOB-707,user0035,2026-07-29,La fonctionnalité est prête pour les tests.
COM-06905,BANK-2756,user0026,2026-04-11,Tests complémentaires nécessaires.
COM-06906,ERP-2738,user0049,2026-08-21,Le client demande une modification.
COM-06907,ERP-3040,user0029,2025-12-23,Il faut vérifier ce comportement.
COM-06908,ERP-4081,user0024,2026-08-16,Le problème est reproduit en environnement de test.
COM-06909,SEC-3267,user0006,2026-03-02,Le client demande une modification.
COM-06910,BI-1288,user0012,2026-06-24,Le développement avance correctement.
COM-06911,CRM-3603,user0039,2026-01-24,Le problème semble corrigé.
COM-06912,MOB-1416,user0032,2026-04-04,Correction proposée dans la prochaine version.
COM-06913,ECOM-273,user0030,2025-09-18,Le problème est reproduit en environnement de test.
COM-06914,BI-1203,user0046,2025-12-26,Le développement avance correctement.
COM-06915,SEC-3739,user0002,2026-04-19,La fonctionnalité est prête pour les tests.
COM-06916,BANK-1639,user0017,2026-03-29,Le problème est reproduit en environnement de test.
COM-06917,DATA-47,user0045,2026-04-20,Le problème est reproduit en environnement de test.
COM-06918,CLOUD-3513,user0015,2025-10-13,Le client demande une modification.
COM-06919,CRM-3103,user0003,2026-03-16,Besoin de plus d'informations.
COM-06920,CLOUD-185,user0044,2026-02-21,Le problème semble corrigé.
COM-06921,BI-2696,user0007,2026-06-24,Tests complémentaires nécessaires.
COM-06922,PORTAL-2438,user0041,2026-03-31,Il faut vérifier ce comportement.
COM-06923,ECOM-1369,user0006,2026-05-10,Le développement avance correctement.
COM-06924,PORTAL-1841,user0008,2026-02-28,La fonctionnalité est prête pour les tests.
COM-06925,DATA-2636,user0014,2026-04-03,Le problème semble corrigé.
COM-06926,CLOUD-1554,user0008,2026-09-09,Attention au délai prévu.
COM-06927,PORTAL-967,user0023,2026-07-08,Correction proposée dans la prochaine version.
COM-06928,DATA-4654,user0003,2026-06-28,Le problème semble corrigé.
COM-06929,MOB-1656,user0004,2026-03-20,Le problème est reproduit en environnement de test.
COM-06930,BI-1319,user0014,2026-07-21,Besoin de plus d'informations.
COM-06931,BI-3924,user0039,2026-08-21,Attention au délai prévu.
COM-06932,PORTAL-2498,user0018,2026-06-03,Correction proposée dans la prochaine version.
COM-06933,BANK-758,user0012,2026-09-02,Le développement avance correctement.
COM-06934,ECOM-4807,user0047,2025-12-04,Le problème est reproduit en environnement de test.
COM-06935,MOB-1859,user0044,2026-04-15,Besoin de plus d'informations.
COM-06936,DATA-920,user0032,2026-08-19,Le développement avance correctement.
COM-06937,CLOUD-1794,user0024,2026-09-06,Le client demande une modification.
COM-06938,PORTAL-4218,user0001,2026-06-23,Besoin de plus d'informations.
COM-06939,ECOM-584,user0038,2026-08-01,Tests complémentaires nécessaires.
COM-06940,DATA-4859,user0016,2026-06-25,Il faut vérifier ce comportement.
COM-06941,DATA-3255,user0017,2026-07-03,Le développement avance correctement.
COM-06942,SEC-3925,user0025,2026-06-22,Le développement avance correctement.
COM-06943,ERP-615,user0021,2026-06-09,Le développement avance correctement.
COM-06944,BI-186,user0020,2026-02-22,Correction proposée dans la prochaine version.
COM-06945,PORTAL-4293,user0024,2026-05-25,Le problème est reproduit en environnement de test.
COM-06946,DATA-4255,user0027,2026-06-16,Tests complémentaires nécessaires.
COM-06947,BANK-716,user0017,2026-08-28,Il faut vérifier ce comportement.
COM-06948,SEC-1705,user0009,2026-07-04,Besoin de plus d'informations.
COM-06949,BI-208,user0020,2026-07-27,Correction proposée dans la prochaine version.
COM-06950,PORTAL-4903,user0007,2025-09-18,Besoin de plus d'informations.
COM-06951,DATA-4788,user0036,2026-03-05,Correction proposée dans la prochaine version.
COM-06952,BANK-319,user0013,2026-05-13,Le problème est reproduit en environnement de test.
COM-06953,CRM-1697,user0049,2026-03-09,Il faut vérifier ce comportement.
COM-06954,MOB-1004,user0004,2026-07-10,Tests complémentaires nécessaires.
COM-06955,ERP-1684,user0033,2026-03-06,Besoin de plus d'informations.
COM-06956,BANK-4370,user0036,2025-10-18,Il faut vérifier ce comportement.
COM-06957,ECOM-1482,user0046,2026-06-19,Tests complémentaires nécessaires.
COM-06958,BANK-2973,user0025,2026-03-01,La fonctionnalité est prête pour les tests.
COM-06959,DATA-3200,user0013,2025-12-06,La fonctionnalité est prête pour les tests.
COM-06960,CLOUD-4771,user0032,2026-03-31,Le problème est reproduit en environnement de test.
COM-06961,CRM-4750,user0014,2026-09-01,Il faut vérifier ce comportement.
COM-06962,MOB-1501,user0043,2026-07-15,Correction proposée dans la prochaine version.
COM-06963,MOB-3464,user0033,2026-03-10,Tests complémentaires nécessaires.
COM-06964,BI-1498,user0040,2026-08-22,Besoin de plus d'informations.
COM-06965,BANK-2742,user0028,2026-04-21,Tests complémentaires nécessaires.
COM-06966,CRM-4235,user0035,2026-07-23,Attention au délai prévu.
COM-06967,BANK-2330,user0032,2026-07-22,Il faut vérifier ce comportement.
COM-06968,BANK-2311,user0042,2026-02-11,Tests complémentaires nécessaires.
COM-06969,ERP-2087,user0039,2026-01-16,Besoin de plus d'informations.
COM-06970,BANK-2296,user0049,2026-08-13,Attention au délai prévu.
COM-06971,MOB-4663,user0048,2026-04-03,Le problème est reproduit en environnement de test.
COM-06972,CRM-2042,user0030,2026-05-31,Attention au délai prévu.
COM-06973,PORTAL-199,user0006,2026-04-01,Besoin de plus d'informations.
COM-06974,BANK-2506,user0016,2026-06-15,Le client demande une modification.
COM-06975,ERP-1845,user0050,2026-03-08,Correction proposée dans la prochaine version.
COM-06976,BANK-4051,user0035,2026-07-16,Le développement avance correctement.
COM-06977,DATA-2194,user0035,2025-11-11,Tests complémentaires nécessaires.
COM-06978,ERP-13,user0029,2026-08-17,Le problème est reproduit en environnement de test.
COM-06979,ERP-4876,user0050,2025-12-30,Correction proposée dans la prochaine version.
COM-06980,ERP-883,user0047,2026-07-02,Le problème est reproduit en environnement de test.
COM-06981,MOB-1253,user0033,2025-11-11,Attention au délai prévu.
COM-06982,MOB-4570,user0014,2026-08-19,La fonctionnalité est prête pour les tests.
COM-06983,MOB-739,user0010,2026-04-08,Le développement avance correctement.
COM-06984,BANK-2081,user0048,2026-08-11,Le problème est reproduit en environnement de test.
COM-06985,ECOM-3027,user0027,2026-06-21,Correction proposée dans la prochaine version.
COM-06986,ECOM-2474,user0020,2025-10-05,Correction proposée dans la prochaine version.
COM-06987,MOB-526,user0012,2026-04-25,Il faut vérifier ce comportement.
COM-06988,SEC-3467,user0046,2025-10-27,Tests complémentaires nécessaires.
COM-06989,BI-217,user0038,2026-02-23,Le développement avance correctement.
COM-06990,SEC-3778,user0038,2026-05-13,Correction proposée dans la prochaine version.
COM-06991,BI-4760,user0043,2025-11-26,Attention au délai prévu.
COM-06992,CLOUD-4612,user0042,2025-12-09,Le développement avance correctement.
COM-06993,DATA-3237,user0045,2026-05-01,Le problème semble corrigé.
COM-06994,ERP-1258,user0036,2025-10-03,Besoin de plus d'informations.
COM-06995,PORTAL-168,user0002,2026-07-12,Besoin de plus d'informations.
COM-06996,ECOM-3224,user0012,2025-11-04,La fonctionnalité est prête pour les tests.
COM-06997,ECOM-4728,user0040,2025-10-02,Attention au délai prévu.
COM-06998,CLOUD-1469,user0007,2026-08-16,Le client demande une modification.
COM-06999,MOB-4917,user0012,2026-09-03,Attention au délai prévu.
COM-07000,CRM-654,user0045,2026-04-10,Le client demande une modification.
COM-07001,BI-1344,user0023,2026-02-11,Il faut vérifier ce comportement.
COM-07002,PORTAL-4942,user0019,2026-04-17,Le problème semble corrigé.
COM-07003,DATA-3375,user0045,2025-11-24,Besoin de plus d'informations.
COM-07004,PORTAL-2772,user0025,2025-11-27,Le problème semble corrigé.
COM-07005,BANK-1749,user0026,2026-09-11,Correction proposée dans la prochaine version.
COM-07006,MOB-1664,user0016,2026-08-09,Il faut vérifier ce comportement.
COM-07007,ECOM-4880,user0045,2025-10-05,Correction proposée dans la prochaine version.
COM-07008,BANK-1650,user0016,2026-07-21,Le problème semble corrigé.
COM-07009,MOB-1431,user0043,2026-03-19,Le client demande une modification.
COM-07010,CRM-3114,user0025,2026-02-05,Le développement avance correctement.
COM-07011,MOB-4985,user0047,2026-06-29,Correction proposée dans la prochaine version.
COM-07012,BANK-3983,user0016,2026-04-03,Le problème est reproduit en environnement de test.
COM-07013,MOB-4526,user0011,2026-03-30,Le développement avance correctement.
COM-07014,MOB-937,user0021,2026-08-17,La fonctionnalité est prête pour les tests.
COM-07015,SEC-402,user0028,2026-07-14,Besoin de plus d'informations.
COM-07016,CRM-2898,user0042,2026-06-25,Le problème est reproduit en environnement de test.
COM-07017,SEC-159,user0008,2025-12-20,Le problème semble corrigé.
COM-07018,DATA-3415,user0003,2025-12-13,Correction proposée dans la prochaine version.
COM-07019,BANK-1178,user0008,2026-08-29,Le client demande une modification.
COM-07020,BANK-2521,user0048,2026-07-07,Attention au délai prévu.
COM-07021,BANK-2613,user0017,2026-05-30,Le client demande une modification.
COM-07022,CLOUD-4967,user0039,2025-09-28,Le problème semble corrigé.
COM-07023,ECOM-3224,user0038,2026-08-06,Le développement avance correctement.
COM-07024,ERP-3206,user0022,2025-12-15,Le problème est reproduit en environnement de test.
COM-07025,PORTAL-1374,user0031,2026-08-18,Le problème est reproduit en environnement de test.
COM-07026,SEC-467,user0020,2026-06-03,Correction proposée dans la prochaine version.
COM-07027,PORTAL-4304,user0043,2026-08-16,Il faut vérifier ce comportement.
COM-07028,PORTAL-2400,user0006,2026-02-15,Le problème est reproduit en environnement de test.
COM-07029,ECOM-543,user0018,2026-07-24,La fonctionnalité est prête pour les tests.
COM-07030,ERP-2738,user0027,2026-02-01,Attention au délai prévu.
COM-07031,ECOM-2380,user0018,2026-04-23,La fonctionnalité est prête pour les tests.
COM-07032,DATA-3897,user0043,2025-12-12,Besoin de plus d'informations.
COM-07033,ERP-1226,user0004,2025-12-19,Le développement avance correctement.
COM-07034,ECOM-4546,user0002,2026-01-14,La fonctionnalité est prête pour les tests.
COM-07035,ERP-146,user0043,2026-02-20,Le problème semble corrigé.
COM-07036,BI-364,user0017,2026-01-03,La fonctionnalité est prête pour les tests.
COM-07037,CRM-4390,user0040,2026-04-02,La fonctionnalité est prête pour les tests.
COM-07038,DATA-2269,user0010,2026-06-23,Le problème semble corrigé.
COM-07039,DATA-2750,user0012,2026-05-03,Correction proposée dans la prochaine version.
COM-07040,SEC-760,user0021,2026-02-20,Le problème semble corrigé.
COM-07041,BI-4841,user0039,2025-10-15,Le problème semble corrigé.
COM-07042,BI-1588,user0044,2026-02-08,Le problème est reproduit en environnement de test.
COM-07043,ERP-1179,user0020,2026-08-20,Le problème est reproduit en environnement de test.
COM-07044,BANK-4511,user0017,2025-12-10,Tests complémentaires nécessaires.
COM-07045,BI-3610,user0014,2026-04-10,Le problème semble corrigé.
COM-07046,MOB-3198,user0027,2025-11-14,Attention au délai prévu.
COM-07047,BI-527,user0027,2026-05-31,Le développement avance correctement.
COM-07048,CRM-622,user0003,2026-05-07,Besoin de plus d'informations.
COM-07049,CLOUD-2545,user0044,2026-02-22,La fonctionnalité est prête pour les tests.
COM-07050,ERP-77,user0040,2026-04-21,Le problème semble corrigé.
COM-07051,ERP-2895,user0017,2026-04-14,Tests complémentaires nécessaires.
COM-07052,PORTAL-4805,user0006,2026-04-29,La fonctionnalité est prête pour les tests.
COM-07053,BANK-3864,user0040,2026-06-01,La fonctionnalité est prête pour les tests.
COM-07054,PORTAL-3322,user0005,2026-07-01,Tests complémentaires nécessaires.
COM-07055,SEC-2650,user0031,2025-10-31,Le problème est reproduit en environnement de test.
COM-07056,MOB-880,user0049,2026-08-16,Besoin de plus d'informations.
COM-07057,CRM-4254,user0049,2026-02-24,Tests complémentaires nécessaires.
COM-07058,BI-2185,user0001,2026-09-05,Le problème est reproduit en environnement de test.
COM-07059,BI-3077,user0045,2026-02-12,Attention au délai prévu.
COM-07060,ECOM-4011,user0044,2026-03-22,Attention au délai prévu.
COM-07061,ERP-2564,user0018,2026-05-11,Correction proposée dans la prochaine version.
COM-07062,PORTAL-4293,user0033,2026-06-29,La fonctionnalité est prête pour les tests.
COM-07063,MOB-1555,user0033,2026-09-03,Le développement avance correctement.
COM-07064,BI-2642,user0013,2025-12-07,Correction proposée dans la prochaine version.
COM-07065,BI-2151,user0014,2026-08-17,Le problème est reproduit en environnement de test.
COM-07066,DATA-3080,user0022,2025-11-13,Le problème semble corrigé.
COM-07067,ECOM-4541,user0012,2026-06-16,Besoin de plus d'informations.
COM-07068,BI-3346,user0033,2026-02-10,Le problème semble corrigé.
COM-07069,CLOUD-1014,user0023,2026-01-19,Le développement avance correctement.
COM-07070,MOB-4366,user0033,2026-07-30,La fonctionnalité est prête pour les tests.
COM-07071,SEC-413,user0004,2025-09-30,Le problème est reproduit en environnement de test.
COM-07072,ECOM-4915,user0040,2025-10-10,Tests complémentaires nécessaires.
COM-07073,ERP-433,user0032,2026-05-07,Besoin de plus d'informations.
COM-07074,MOB-3410,user0023,2026-02-10,Le problème semble corrigé.
COM-07075,ECOM-1140,user0035,2026-04-22,Le développement avance correctement.
COM-07076,CRM-3768,user0048,2026-02-10,Le problème est reproduit en environnement de test.
COM-07077,ECOM-4095,user0016,2025-11-19,La fonctionnalité est prête pour les tests.
COM-07078,PORTAL-4457,user0028,2026-03-01,Besoin de plus d'informations.
COM-07079,BANK-2445,user0010,2026-03-14,Le problème semble corrigé.
COM-07080,ECOM-289,user0047,2025-10-31,La fonctionnalité est prête pour les tests.
COM-07081,PORTAL-4280,user0034,2026-09-08,Attention au délai prévu.
COM-07082,BANK-4645,user0007,2025-11-20,La fonctionnalité est prête pour les tests.
COM-07083,MOB-263,user0013,2026-01-30,Le développement avance correctement.
COM-07084,ECOM-4655,user0006,2025-12-23,Correction proposée dans la prochaine version.
COM-07085,ECOM-3849,user0006,2025-09-25,Le problème est reproduit en environnement de test.
COM-07086,ECOM-4373,user0016,2026-03-22,Besoin de plus d'informations.
COM-07087,MOB-4981,user0003,2026-03-02,Le développement avance correctement.
COM-07088,ERP-164,user0010,2026-06-05,Besoin de plus d'informations.
COM-07089,ECOM-1545,user0047,2026-03-05,Attention au délai prévu.
COM-07090,BANK-1831,user0030,2026-03-14,Tests complémentaires nécessaires.
COM-07091,ERP-1822,user0022,2026-05-03,Le problème semble corrigé.
COM-07092,ECOM-4746,user0019,2026-01-06,Le client demande une modification.
COM-07093,MOB-747,user0017,2026-08-15,Correction proposée dans la prochaine version.
COM-07094,MOB-3792,user0010,2026-07-03,La fonctionnalité est prête pour les tests.
COM-07095,ECOM-4887,user0033,2026-05-25,Le client demande une modification.
COM-07096,ERP-4765,user0018,2025-10-20,Il faut vérifier ce comportement.
COM-07097,PORTAL-4858,user0009,2025-09-19,Le problème est reproduit en environnement de test.
COM-07098,BANK-4176,user0037,2025-12-29,Le problème est reproduit en environnement de test.
COM-07099,CRM-4470,user0043,2026-05-29,La fonctionnalité est prête pour les tests.
COM-07100,MOB-260,user0012,2026-05-20,Besoin de plus d'informations.
COM-07101,ECOM-2256,user0047,2026-09-13,Tests complémentaires nécessaires.
COM-07102,BI-2151,user0004,2026-09-06,Attention au délai prévu.
COM-07103,DATA-262,user0026,2025-12-02,Besoin de plus d'informations.
COM-07104,CLOUD-4286,user0016,2026-03-04,Besoin de plus d'informations.
COM-07105,CRM-362,user0015,2026-04-10,Tests complémentaires nécessaires.
COM-07106,BI-1623,user0039,2026-08-03,Attention au délai prévu.
COM-07107,BI-4554,user0032,2025-09-25,Attention au délai prévu.
COM-07108,MOB-3754,user0007,2026-03-25,Le problème est reproduit en environnement de test.
COM-07109,CLOUD-1200,user0013,2025-12-01,Besoin de plus d'informations.
COM-07110,ERP-1853,user0037,2026-05-04,Le problème est reproduit en environnement de test.
COM-07111,MOB-1296,user0003,2026-01-05,Correction proposée dans la prochaine version.
COM-07112,ECOM-453,user0030,2025-11-11,La fonctionnalité est prête pour les tests.
COM-07113,SEC-191,user0047,2026-06-30,La fonctionnalité est prête pour les tests.
COM-07114,PORTAL-3903,user0004,2026-01-05,Le problème est reproduit en environnement de test.
COM-07115,BI-3466,user0028,2026-08-29,Le développement avance correctement.
COM-07116,CLOUD-3867,user0037,2026-08-03,Le développement avance correctement.
COM-07117,PORTAL-1411,user0040,2026-04-11,Le problème semble corrigé.
COM-07118,CRM-335,user0030,2025-12-23,Le problème semble corrigé.
COM-07119,BI-703,user0011,2026-07-10,Il faut vérifier ce comportement.
COM-07120,BI-3271,user0002,2026-06-06,Le client demande une modification.
COM-07121,CLOUD-4780,user0003,2026-06-07,Il faut vérifier ce comportement.
COM-07122,CRM-4603,user0042,2026-08-12,Tests complémentaires nécessaires.
COM-07123,PORTAL-1343,user0050,2025-12-28,Attention au délai prévu.
COM-07124,BANK-2756,user0004,2026-08-09,Le développement avance correctement.
COM-07125,BANK-1888,user0040,2025-09-23,Tests complémentaires nécessaires.
COM-07126,BI-540,user0024,2025-10-07,Attention au délai prévu.
COM-07127,DATA-4477,user0013,2025-12-12,Le client demande une modification.
COM-07128,ECOM-1686,user0018,2026-03-19,Besoin de plus d'informations.
COM-07129,BI-823,user0043,2025-12-17,Il faut vérifier ce comportement.
COM-07130,CLOUD-1703,user0021,2026-07-22,Il faut vérifier ce comportement.
COM-07131,BANK-1587,user0038,2026-08-01,La fonctionnalité est prête pour les tests.
COM-07132,CLOUD-4972,user0010,2026-07-28,Besoin de plus d'informations.
COM-07133,PORTAL-2129,user0025,2025-09-15,Le problème semble corrigé.
COM-07134,CLOUD-799,user0028,2026-03-05,Le problème est reproduit en environnement de test.
COM-07135,MOB-37,user0010,2025-11-08,Attention au délai prévu.
COM-07136,MOB-4251,user0033,2026-03-07,Correction proposée dans la prochaine version.
COM-07137,PORTAL-3639,user0006,2026-09-08,La fonctionnalité est prête pour les tests.
COM-07138,BI-3946,user0006,2026-06-20,Le client demande une modification.
COM-07139,BANK-176,user0026,2026-02-03,Tests complémentaires nécessaires.
COM-07140,BI-1388,user0049,2026-07-20,Le client demande une modification.
COM-07141,ERP-4060,user0008,2026-04-29,Il faut vérifier ce comportement.
COM-07142,MOB-1173,user0016,2026-01-05,La fonctionnalité est prête pour les tests.
COM-07143,MOB-794,user0030,2025-10-16,Correction proposée dans la prochaine version.
COM-07144,MOB-2774,user0037,2026-01-11,La fonctionnalité est prête pour les tests.
COM-07145,PORTAL-4028,user0010,2026-06-12,Le client demande une modification.
COM-07146,PORTAL-2360,user0049,2026-04-01,Tests complémentaires nécessaires.
COM-07147,SEC-1578,user0030,2026-03-30,Attention au délai prévu.
COM-07148,ECOM-1559,user0005,2025-09-15,Correction proposée dans la prochaine version.
COM-07149,CRM-640,user0004,2026-09-01,Le problème semble corrigé.
COM-07150,ERP-3028,user0041,2026-02-20,La fonctionnalité est prête pour les tests.
COM-07151,DATA-3533,user0003,2026-07-27,Le client demande une modification.
COM-07152,SEC-4770,user0038,2025-12-07,Il faut vérifier ce comportement.
COM-07153,MOB-4044,user0026,2025-09-14,La fonctionnalité est prête pour les tests.
COM-07154,BI-2429,user0043,2026-03-13,Tests complémentaires nécessaires.
COM-07155,ECOM-2474,user0005,2026-06-09,Besoin de plus d'informations.
COM-07156,ECOM-3860,user0029,2026-05-27,La fonctionnalité est prête pour les tests.
COM-07157,DATA-4406,user0009,2026-04-14,Correction proposée dans la prochaine version.
COM-07158,BI-831,user0028,2025-09-29,La fonctionnalité est prête pour les tests.
COM-07159,CLOUD-4380,user0027,2026-06-20,Le client demande une modification.
COM-07160,MOB-3767,user0003,2026-08-02,Le problème est reproduit en environnement de test.
COM-07161,SEC-3512,user0002,2026-08-28,Il faut vérifier ce comportement.
COM-07162,PORTAL-3532,user0036,2025-11-21,Le développement avance correctement.
COM-07163,CRM-2064,user0031,2025-09-20,Le client demande une modification.
COM-07164,SEC-1631,user0027,2026-06-12,Tests complémentaires nécessaires.
COM-07165,PORTAL-2360,user0045,2026-03-13,Attention au délai prévu.
COM-07166,CLOUD-4591,user0004,2026-06-21,La fonctionnalité est prête pour les tests.
COM-07167,BI-2355,user0049,2026-05-19,Attention au délai prévu.
COM-07168,ECOM-1880,user0022,2025-10-10,Le client demande une modification.
COM-07169,CLOUD-701,user0021,2026-05-07,Correction proposée dans la prochaine version.
COM-07170,CLOUD-372,user0021,2025-10-18,Correction proposée dans la prochaine version.
COM-07171,PORTAL-4323,user0028,2026-06-10,Correction proposée dans la prochaine version.
COM-07172,BANK-3932,user0030,2026-09-05,Le problème est reproduit en environnement de test.
COM-07173,BANK-3069,user0014,2025-11-16,Tests complémentaires nécessaires.
COM-07174,ECOM-1326,user0046,2026-05-10,Tests complémentaires nécessaires.
COM-07175,DATA-534,user0043,2026-09-14,Le client demande une modification.
COM-07176,ECOM-3564,user0040,2026-04-16,Attention au délai prévu.
COM-07177,BANK-4305,user0023,2026-01-26,Il faut vérifier ce comportement.
COM-07178,BANK-1153,user0026,2025-11-16,Besoin de plus d'informations.
COM-07179,ECOM-1854,user0038,2025-10-11,Le développement avance correctement.
COM-07180,CLOUD-4309,user0041,2026-08-12,Attention au délai prévu.
COM-07181,BI-4822,user0042,2026-01-31,Le client demande une modification.
COM-07182,BANK-1883,user0042,2026-08-23,Le problème semble corrigé.
COM-07183,MOB-1581,user0032,2025-10-21,Le client demande une modification.
COM-07184,CLOUD-341,user0046,2026-04-30,Le problème est reproduit en environnement de test.
COM-07185,BI-2985,user0045,2026-05-19,La fonctionnalité est prête pour les tests.
COM-07186,BI-1414,user0049,2026-06-01,Le problème semble corrigé.
COM-07187,SEC-2223,user0046,2026-05-30,Le développement avance correctement.
COM-07188,CLOUD-479,user0015,2026-08-08,La fonctionnalité est prête pour les tests.
COM-07189,BANK-1782,user0010,2026-08-20,Le client demande une modification.
COM-07190,CRM-2332,user0021,2026-09-06,Besoin de plus d'informations.
COM-07191,BI-3356,user0033,2026-06-09,Le problème semble corrigé.
COM-07192,DATA-2029,user0014,2026-06-11,La fonctionnalité est prête pour les tests.
COM-07193,ERP-766,user0026,2026-01-03,Attention au délai prévu.
COM-07194,CRM-316,user0032,2025-10-30,Besoin de plus d'informations.
COM-07195,ECOM-1540,user0034,2026-06-04,Attention au délai prévu.
COM-07196,CLOUD-3217,user0030,2025-09-16,Correction proposée dans la prochaine version.
COM-07197,BANK-3803,user0033,2026-05-05,Le problème semble corrigé.
COM-07198,PORTAL-3359,user0046,2026-01-11,Le problème semble corrigé.
COM-07199,BANK-3163,user0029,2026-05-30,Il faut vérifier ce comportement.
COM-07200,BI-4941,user0046,2026-05-19,Besoin de plus d'informations.
COM-07201,BANK-863,user0047,2026-09-10,Correction proposée dans la prochaine version.
COM-07202,CLOUD-1518,user0001,2025-10-16,Tests complémentaires nécessaires.
COM-07203,DATA-1191,user0015,2025-12-11,Le problème est reproduit en environnement de test.
COM-07204,BANK-3374,user0032,2026-05-13,Besoin de plus d'informations.
COM-07205,BI-1423,user0011,2026-03-25,Besoin de plus d'informations.
COM-07206,CLOUD-3293,user0032,2025-11-22,Le problème est reproduit en environnement de test.
COM-07207,ECOM-1826,user0011,2025-10-24,Correction proposée dans la prochaine version.
COM-07208,CLOUD-1372,user0037,2026-04-03,Le développement avance correctement.
COM-07209,SEC-3778,user0022,2026-03-27,Attention au délai prévu.
COM-07210,BANK-4335,user0008,2025-09-20,Le problème semble corrigé.
COM-07211,BI-4608,user0049,2026-09-07,Il faut vérifier ce comportement.
COM-07212,MOB-4663,user0023,2025-12-26,La fonctionnalité est prête pour les tests.
COM-07213,BANK-3862,user0029,2026-04-01,Le client demande une modification.
COM-07214,PORTAL-2176,user0029,2026-06-11,Attention au délai prévu.
COM-07215,DATA-4948,user0027,2026-01-29,Il faut vérifier ce comportement.
COM-07216,ECOM-312,user0007,2025-12-08,Attention au délai prévu.
COM-07217,PORTAL-4983,user0012,2026-04-03,Il faut vérifier ce comportement.
COM-07218,SEC-201,user0040,2026-03-01,Le problème semble corrigé.
COM-07219,BANK-1969,user0047,2026-05-24,Le développement avance correctement.
COM-07220,ECOM-4891,user0010,2026-03-31,Le client demande une modification.
COM-07221,SEC-2923,user0003,2025-09-25,Le développement avance correctement.
COM-07222,ECOM-2522,user0040,2026-07-06,Attention au délai prévu.
COM-07223,ERP-4359,user0032,2026-05-24,Le développement avance correctement.
COM-07224,BANK-4278,user0037,2025-10-08,Correction proposée dans la prochaine version.
COM-07225,ECOM-3564,user0045,2026-09-10,Il faut vérifier ce comportement.
COM-07226,BI-3226,user0049,2026-06-29,Le problème est reproduit en environnement de test.
COM-07227,BANK-1334,user0011,2026-09-01,Besoin de plus d'informations.
COM-07228,DATA-440,user0003,2026-02-25,Le problème est reproduit en environnement de test.
COM-07229,ECOM-3309,user0006,2025-12-29,Attention au délai prévu.
COM-07230,CRM-3581,user0037,2026-01-31,La fonctionnalité est prête pour les tests.
COM-07231,SEC-1760,user0049,2026-07-24,Le client demande une modification.
COM-07232,BI-1809,user0012,2025-12-05,Tests complémentaires nécessaires.
COM-07233,ERP-2784,user0004,2025-12-29,Attention au délai prévu.
COM-07234,CLOUD-2125,user0026,2025-09-16,Le développement avance correctement.
COM-07235,ECOM-239,user0006,2026-06-21,La fonctionnalité est prête pour les tests.
COM-07236,PORTAL-2904,user0008,2026-07-03,Attention au délai prévu.
COM-07237,ERP-3572,user0001,2026-04-20,Besoin de plus d'informations.
COM-07238,MOB-1466,user0035,2026-06-03,Tests complémentaires nécessaires.
COM-07239,ECOM-4396,user0042,2026-04-26,Attention au délai prévu.
COM-07240,PORTAL-2666,user0033,2026-09-01,Correction proposée dans la prochaine version.
COM-07241,ECOM-388,user0038,2026-07-06,Le problème semble corrigé.
COM-07242,MOB-1836,user0028,2026-04-09,Attention au délai prévu.
COM-07243,CRM-2491,user0048,2025-09-25,Il faut vérifier ce comportement.
COM-07244,BI-3401,user0024,2026-04-04,Le développement avance correctement.
COM-07245,ERP-3876,user0046,2025-11-25,Attention au délai prévu.
COM-07246,ERP-2996,user0026,2026-05-11,Besoin de plus d'informations.
COM-07247,BANK-1957,user0035,2025-10-28,La fonctionnalité est prête pour les tests.
COM-07248,PORTAL-3753,user0024,2025-10-19,Il faut vérifier ce comportement.
COM-07249,BI-3659,user0006,2026-01-06,Le client demande une modification.
COM-07250,DATA-2934,user0011,2026-07-16,Le problème est reproduit en environnement de test.
COM-07251,BANK-2539,user0005,2026-04-03,Le client demande une modification.
COM-07252,CRM-4831,user0008,2026-04-06,Le développement avance correctement.
COM-07253,ECOM-4677,user0002,2026-07-03,La fonctionnalité est prête pour les tests.
COM-07254,CLOUD-1741,user0037,2025-12-04,Le développement avance correctement.
COM-07255,BANK-2323,user0003,2026-05-02,Le développement avance correctement.
COM-07256,CRM-2199,user0047,2025-10-22,Le client demande une modification.
COM-07257,DATA-2134,user0007,2026-08-26,Le problème semble corrigé.
COM-07258,DATA-931,user0030,2026-06-27,Attention au délai prévu.
COM-07259,CRM-4624,user0015,2026-05-03,La fonctionnalité est prête pour les tests.
COM-07260,SEC-472,user0036,2026-08-01,Correction proposée dans la prochaine version.
COM-07261,ERP-3855,user0041,2026-07-24,Le développement avance correctement.
COM-07262,ECOM-400,user0026,2026-04-04,La fonctionnalité est prête pour les tests.
COM-07263,SEC-4201,user0028,2025-12-11,Le problème semble corrigé.
COM-07264,ERP-4804,user0012,2026-06-21,Correction proposée dans la prochaine version.
COM-07265,ERP-1845,user0032,2026-06-30,Tests complémentaires nécessaires.
COM-07266,BANK-1163,user0002,2026-03-09,Attention au délai prévu.
COM-07267,DATA-1642,user0035,2026-01-21,Le développement avance correctement.
COM-07268,SEC-3907,user0026,2025-11-27,Tests complémentaires nécessaires.
COM-07269,MOB-3353,user0040,2025-12-04,Besoin de plus d'informations.
COM-07270,MOB-1275,user0039,2026-09-12,Le développement avance correctement.
COM-07271,DATA-465,user0025,2025-10-22,Le client demande une modification.
COM-07272,PORTAL-1962,user0044,2026-01-29,Le problème semble corrigé.
COM-07273,CLOUD-2545,user0010,2026-01-19,Le problème semble corrigé.
COM-07274,ERP-1226,user0016,2025-10-20,Tests complémentaires nécessaires.
COM-07275,SEC-3491,user0015,2025-09-30,Tests complémentaires nécessaires.
COM-07276,DATA-1021,user0026,2026-06-29,Correction proposée dans la prochaine version.
COM-07277,BANK-4432,user0033,2026-02-20,Le problème semble corrigé.
COM-07278,MOB-4212,user0029,2026-05-10,Le développement avance correctement.
COM-07279,SEC-2609,user0009,2025-10-23,Besoin de plus d'informations.
COM-07280,ERP-3262,user0033,2026-03-10,Correction proposée dans la prochaine version.
COM-07281,CRM-3707,user0041,2025-10-11,Correction proposée dans la prochaine version.
COM-07282,ERP-2712,user0017,2026-08-20,Le problème semble corrigé.
COM-07283,CLOUD-3190,user0026,2025-10-29,Tests complémentaires nécessaires.
COM-07284,CLOUD-775,user0019,2026-05-10,Le problème est reproduit en environnement de test.
COM-07285,CLOUD-2569,user0022,2026-07-21,Le client demande une modification.
COM-07286,BI-1168,user0021,2025-10-11,La fonctionnalité est prête pour les tests.
COM-07287,BI-2831,user0044,2026-02-17,Tests complémentaires nécessaires.
COM-07288,CRM-4798,user0010,2026-01-30,Le problème semble corrigé.
COM-07289,DATA-2803,user0044,2026-08-20,Correction proposée dans la prochaine version.
COM-07290,MOB-1637,user0044,2026-01-14,Le problème semble corrigé.
COM-07291,CRM-4065,user0026,2026-03-09,La fonctionnalité est prête pour les tests.
COM-07292,SEC-3925,user0024,2026-02-19,Le problème semble corrigé.
COM-07293,PORTAL-1167,user0017,2025-09-18,Le développement avance correctement.
COM-07294,PORTAL-4539,user0015,2026-03-04,Le client demande une modification.
COM-07295,SEC-796,user0023,2026-08-30,Le problème semble corrigé.
COM-07296,PORTAL-2806,user0036,2026-01-03,Correction proposée dans la prochaine version.
COM-07297,BANK-4797,user0013,2026-04-16,Attention au délai prévu.
COM-07298,PORTAL-3291,user0004,2026-05-14,La fonctionnalité est prête pour les tests.
COM-07299,CLOUD-3024,user0043,2026-07-28,Correction proposée dans la prochaine version.
COM-07300,ECOM-3613,user0047,2026-01-25,Le problème semble corrigé.
COM-07301,BANK-1311,user0037,2026-05-19,Il faut vérifier ce comportement.
COM-07302,ERP-2678,user0037,2026-08-02,La fonctionnalité est prête pour les tests.
COM-07303,BANK-136,user0030,2025-09-30,Il faut vérifier ce comportement.
COM-07304,BI-3482,user0009,2026-03-02,Besoin de plus d'informations.
COM-07305,CRM-4127,user0050,2025-12-03,La fonctionnalité est prête pour les tests.
COM-07306,BANK-2371,user0032,2026-06-09,Le client demande une modification.
COM-07307,SEC-1211,user0037,2026-07-04,Le développement avance correctement.
COM-07308,ECOM-3047,user0031,2026-01-31,Le problème semble corrigé.
COM-07309,BI-4759,user0023,2026-07-18,Le problème semble corrigé.
COM-07310,ECOM-2165,user0010,2026-05-13,Tests complémentaires nécessaires.
COM-07311,BI-2701,user0012,2026-02-27,Le client demande une modification.
COM-07312,SEC-3384,user0030,2026-08-15,Le problème est reproduit en environnement de test.
COM-07313,DATA-3080,user0038,2026-03-12,Attention au délai prévu.
COM-07314,PORTAL-731,user0039,2026-07-15,Il faut vérifier ce comportement.
COM-07315,CRM-1444,user0013,2026-08-13,Le problème semble corrigé.
COM-07316,SEC-111,user0022,2026-08-20,Le développement avance correctement.
COM-07317,CLOUD-4240,user0050,2025-09-28,Correction proposée dans la prochaine version.
COM-07318,CLOUD-1827,user0021,2026-02-25,Le développement avance correctement.
COM-07319,DATA-2558,user0011,2025-09-24,La fonctionnalité est prête pour les tests.
COM-07320,PORTAL-4290,user0049,2026-07-13,La fonctionnalité est prête pour les tests.
COM-07321,SEC-1702,user0041,2025-12-01,Le problème semble corrigé.
COM-07322,CRM-3247,user0033,2025-11-08,Correction proposée dans la prochaine version.
COM-07323,SEC-2785,user0008,2025-11-03,Il faut vérifier ce comportement.
COM-07324,CRM-475,user0047,2025-12-29,Correction proposée dans la prochaine version.
COM-07325,BANK-2899,user0037,2026-06-28,Correction proposée dans la prochaine version.
COM-07326,PORTAL-3656,user0046,2025-09-25,La fonctionnalité est prête pour les tests.
COM-07327,BANK-3289,user0016,2026-06-27,Le problème semble corrigé.
COM-07328,DATA-4533,user0023,2025-12-22,Attention au délai prévu.
COM-07329,ERP-4422,user0023,2025-12-15,Correction proposée dans la prochaine version.
COM-07330,BANK-719,user0048,2026-05-24,Tests complémentaires nécessaires.
COM-07331,BI-1943,user0023,2025-09-24,La fonctionnalité est prête pour les tests.
COM-07332,SEC-3489,user0042,2026-08-12,Le client demande une modification.
COM-07333,BI-1388,user0040,2026-02-24,Le problème est reproduit en environnement de test.
COM-07334,CRM-3874,user0043,2025-10-11,Besoin de plus d'informations.
COM-07335,MOB-4375,user0012,2026-07-23,Correction proposée dans la prochaine version.
COM-07336,SEC-3288,user0036,2025-11-06,Il faut vérifier ce comportement.
COM-07337,ECOM-1959,user0006,2026-02-28,Le client demande une modification.
COM-07338,SEC-1990,user0020,2026-02-28,Le problème est reproduit en environnement de test.
COM-07339,PORTAL-23,user0017,2025-11-01,Le problème est reproduit en environnement de test.
COM-07340,CRM-2554,user0040,2026-01-26,Correction proposée dans la prochaine version.
COM-07341,BI-4982,user0030,2025-10-22,Attention au délai prévu.
COM-07342,BANK-4319,user0017,2025-10-03,Le problème semble corrigé.
COM-07343,ECOM-2057,user0040,2025-11-12,Le développement avance correctement.
COM-07344,PORTAL-347,user0001,2026-04-19,Attention au délai prévu.
COM-07345,CLOUD-345,user0041,2026-06-21,Correction proposée dans la prochaine version.
COM-07346,MOB-1212,user0047,2025-09-24,Le problème est reproduit en environnement de test.
COM-07347,BI-4993,user0025,2025-09-29,Tests complémentaires nécessaires.
COM-07348,ECOM-4578,user0040,2026-02-27,Correction proposée dans la prochaine version.
COM-07349,ERP-941,user0045,2026-04-19,Le client demande une modification.
COM-07350,CRM-2655,user0025,2026-05-12,Attention au délai prévu.
COM-07351,SEC-1279,user0021,2026-04-15,Le problème est reproduit en environnement de test.
COM-07352,ERP-4346,user0012,2026-07-05,La fonctionnalité est prête pour les tests.
COM-07353,BANK-839,user0041,2026-09-06,Attention au délai prévu.
COM-07354,BI-2480,user0048,2026-03-15,Attention au délai prévu.
COM-07355,CRM-2717,user0015,2025-12-08,Le développement avance correctement.
COM-07356,SEC-706,user0040,2025-09-20,Correction proposée dans la prochaine version.
COM-07357,DATA-4415,user0020,2026-01-08,Le client demande une modification.
COM-07358,ERP-220,user0020,2025-11-28,Besoin de plus d'informations.
COM-07359,PORTAL-3701,user0046,2026-08-08,La fonctionnalité est prête pour les tests.
COM-07360,MOB-732,user0024,2026-09-12,Le problème est reproduit en environnement de test.
COM-07361,CLOUD-2561,user0027,2026-07-15,Attention au délai prévu.
COM-07362,PORTAL-1480,user0036,2025-10-20,Le problème semble corrigé.
COM-07363,SEC-2582,user0010,2025-11-07,La fonctionnalité est prête pour les tests.
COM-07364,BANK-1799,user0050,2025-11-14,Le développement avance correctement.
COM-07365,PORTAL-1453,user0006,2026-07-28,Attention au délai prévu.
COM-07366,MOB-3944,user0013,2026-04-10,Le problème semble corrigé.
COM-07367,CRM-25,user0020,2026-07-18,Besoin de plus d'informations.
COM-07368,SEC-3361,user0029,2025-12-20,Besoin de plus d'informations.
COM-07369,DATA-4434,user0042,2026-06-02,Correction proposée dans la prochaine version.
COM-07370,MOB-4985,user0004,2026-05-06,Il faut vérifier ce comportement.
COM-07371,ERP-4123,user0014,2025-10-22,Le problème semble corrigé.
COM-07372,MOB-2305,user0048,2026-09-02,Le client demande une modification.
COM-07373,ECOM-473,user0015,2025-10-14,Tests complémentaires nécessaires.
COM-07374,BANK-455,user0007,2025-10-18,Le développement avance correctement.
COM-07375,BANK-1635,user0041,2026-03-11,Le client demande une modification.
COM-07376,CRM-425,user0012,2025-09-21,Le problème est reproduit en environnement de test.
COM-07377,CLOUD-2695,user0022,2026-02-19,Tests complémentaires nécessaires.
COM-07378,ECOM-453,user0048,2026-07-29,Attention au délai prévu.
COM-07379,MOB-552,user0034,2025-12-12,Le problème semble corrigé.
COM-07380,ERP-3875,user0009,2026-02-12,Le problème est reproduit en environnement de test.
COM-07381,PORTAL-1756,user0041,2026-07-18,La fonctionnalité est prête pour les tests.
COM-07382,SEC-1916,user0048,2025-10-06,Le développement avance correctement.
COM-07383,MOB-1836,user0015,2026-01-25,Attention au délai prévu.
COM-07384,ERP-3937,user0038,2026-03-26,Le problème semble corrigé.
COM-07385,BI-2001,user0011,2026-04-07,Le problème semble corrigé.
COM-07386,MOB-4652,user0007,2026-08-05,Attention au délai prévu.
COM-07387,BANK-3424,user0049,2026-02-15,Il faut vérifier ce comportement.
COM-07388,ERP-1072,user0025,2026-04-16,Le problème semble corrigé.
COM-07389,BI-884,user0008,2026-01-27,Le problème semble corrigé.
COM-07390,CLOUD-1502,user0042,2026-08-19,Le client demande une modification.
COM-07391,ECOM-4705,user0045,2026-05-20,Correction proposée dans la prochaine version.
COM-07392,PORTAL-1246,user0036,2026-04-11,Correction proposée dans la prochaine version.
COM-07393,ECOM-1309,user0022,2026-02-02,La fonctionnalité est prête pour les tests.
COM-07394,DATA-3732,user0042,2025-09-19,Le client demande une modification.
COM-07395,CLOUD-2412,user0020,2026-06-17,La fonctionnalité est prête pour les tests.
COM-07396,BANK-3429,user0038,2026-07-04,Correction proposée dans la prochaine version.
COM-07397,SEC-3039,user0035,2026-02-20,Correction proposée dans la prochaine version.
COM-07398,MOB-3062,user0017,2026-06-26,Il faut vérifier ce comportement.
COM-07399,ERP-496,user0046,2025-12-23,Correction proposée dans la prochaine version.
COM-07400,ECOM-1357,user0047,2026-04-07,Attention au délai prévu.
COM-07401,CLOUD-3787,user0036,2026-01-14,Le problème semble corrigé.
COM-07402,BI-3721,user0039,2026-01-31,Attention au délai prévu.
COM-07403,PORTAL-3446,user0008,2026-08-16,Il faut vérifier ce comportement.
COM-07404,ECOM-1942,user0001,2026-04-26,Il faut vérifier ce comportement.
COM-07405,BI-2063,user0019,2026-06-02,Le client demande une modification.
COM-07406,BANK-2371,user0008,2025-10-18,Le développement avance correctement.
COM-07407,BI-2513,user0036,2026-01-25,Attention au délai prévu.
COM-07408,DATA-4351,user0040,2025-12-31,Le développement avance correctement.
COM-07409,MOB-3493,user0015,2026-08-13,Besoin de plus d'informations.
COM-07410,ERP-3249,user0026,2025-12-07,Il faut vérifier ce comportement.
COM-07411,BANK-2170,user0017,2026-07-03,Le problème semble corrigé.
COM-07412,BI-4861,user0004,2026-04-10,Attention au délai prévu.
COM-07413,CLOUD-2590,user0038,2026-08-05,Correction proposée dans la prochaine version.
COM-07414,BI-3721,user0040,2025-10-18,Correction proposée dans la prochaine version.
COM-07415,ECOM-14,user0005,2026-02-12,Correction proposée dans la prochaine version.
COM-07416,BI-831,user0004,2025-12-14,La fonctionnalité est prête pour les tests.
COM-07417,BANK-3765,user0007,2026-05-24,Attention au délai prévu.
COM-07418,MOB-4653,user0047,2026-06-30,Tests complémentaires nécessaires.
COM-07419,BI-2483,user0015,2026-07-30,Tests complémentaires nécessaires.
COM-07420,DATA-712,user0046,2026-03-12,Le problème semble corrigé.
COM-07421,SEC-2683,user0050,2026-08-09,Attention au délai prévu.
COM-07422,ERP-4596,user0028,2026-08-24,Besoin de plus d'informations.
COM-07423,ERP-2452,user0042,2026-07-21,Le problème semble corrigé.
COM-07424,CRM-2313,user0029,2026-06-09,La fonctionnalité est prête pour les tests.
COM-07425,CRM-4254,user0026,2026-06-30,Le problème est reproduit en environnement de test.
COM-07426,DATA-767,user0034,2026-01-11,Besoin de plus d'informations.
COM-07427,ECOM-2708,user0019,2026-03-04,Le développement avance correctement.
COM-07428,SEC-3522,user0049,2026-01-13,La fonctionnalité est prête pour les tests.
COM-07429,ECOM-3978,user0001,2025-10-24,Le problème est reproduit en environnement de test.
COM-07430,CRM-1263,user0019,2026-07-16,La fonctionnalité est prête pour les tests.
COM-07431,ERP-4550,user0023,2026-06-27,Le problème est reproduit en environnement de test.
COM-07432,ECOM-3730,user0032,2026-01-29,Il faut vérifier ce comportement.
COM-07433,ECOM-1933,user0001,2026-08-14,La fonctionnalité est prête pour les tests.
COM-07434,SEC-3852,user0028,2026-01-11,Il faut vérifier ce comportement.
COM-07435,ERP-4439,user0042,2025-10-02,Le développement avance correctement.
COM-07436,BANK-942,user0024,2025-12-29,La fonctionnalité est prête pour les tests.
COM-07437,CLOUD-1018,user0014,2026-06-04,Correction proposée dans la prochaine version.
COM-07438,SEC-2401,user0007,2025-11-13,Le problème est reproduit en environnement de test.
COM-07439,BANK-1614,user0047,2026-02-21,Il faut vérifier ce comportement.
COM-07440,ECOM-2942,user0004,2026-01-10,Correction proposée dans la prochaine version.
COM-07441,SEC-2031,user0031,2025-11-01,Besoin de plus d'informations.
COM-07442,DATA-3963,user0043,2025-10-25,Le client demande une modification.
COM-07443,CRM-3843,user0020,2026-06-21,Attention au délai prévu.
COM-07444,DATA-3878,user0016,2026-02-09,Le problème semble corrigé.
COM-07445,DATA-4971,user0027,2025-10-19,Le développement avance correctement.
COM-07446,BI-68,user0004,2026-01-15,Correction proposée dans la prochaine version.
COM-07447,MOB-1031,user0003,2025-12-01,Attention au délai prévu.
COM-07448,CLOUD-3244,user0015,2026-04-07,Il faut vérifier ce comportement.
COM-07449,CRM-3895,user0044,2025-12-20,Besoin de plus d'informations.
COM-07450,SEC-929,user0044,2026-06-02,Le problème est reproduit en environnement de test.
COM-07451,BI-1249,user0036,2025-12-19,Le développement avance correctement.
COM-07452,BI-2434,user0046,2026-04-03,Le client demande une modification.
COM-07453,MOB-1031,user0018,2025-11-12,Il faut vérifier ce comportement.
COM-07454,CLOUD-3124,user0027,2026-08-05,Le développement avance correctement.
COM-07455,BANK-3991,user0011,2025-10-04,Tests complémentaires nécessaires.
COM-07456,CLOUD-4217,user0038,2026-06-19,La fonctionnalité est prête pour les tests.
COM-07457,BI-2783,user0013,2026-06-01,Le client demande une modification.
COM-07458,BANK-2692,user0032,2026-06-30,La fonctionnalité est prête pour les tests.
COM-07459,ECOM-3257,user0034,2026-02-05,Correction proposée dans la prochaine version.
COM-07460,SEC-2423,user0034,2025-11-25,Le problème est reproduit en environnement de test.
COM-07461,DATA-1169,user0029,2026-04-07,Besoin de plus d'informations.
COM-07462,DATA-4318,user0039,2026-07-15,Correction proposée dans la prochaine version.
COM-07463,CLOUD-2117,user0034,2026-03-22,Le client demande une modification.
COM-07464,CRM-1874,user0013,2026-08-05,Correction proposée dans la prochaine version.
COM-07465,BANK-1593,user0026,2026-04-02,Le problème est reproduit en environnement de test.
COM-07466,BI-2191,user0050,2026-08-11,Le problème semble corrigé.
COM-07467,ERP-4690,user0004,2025-10-27,Le développement avance correctement.
COM-07468,ERP-164,user0007,2026-06-25,Tests complémentaires nécessaires.
COM-07469,MOB-237,user0037,2026-04-12,Correction proposée dans la prochaine version.
COM-07470,SEC-4567,user0031,2026-07-11,Attention au délai prévu.
COM-07471,DATA-687,user0041,2025-10-18,Le client demande une modification.
COM-07472,PORTAL-3806,user0013,2026-04-26,Correction proposée dans la prochaine version.
COM-07473,BI-1496,user0045,2025-10-16,Le problème est reproduit en environnement de test.
COM-07474,MOB-501,user0043,2026-07-25,Attention au délai prévu.
COM-07475,BANK-1639,user0041,2026-08-22,Correction proposée dans la prochaine version.
COM-07476,ERP-4690,user0040,2026-03-31,La fonctionnalité est prête pour les tests.
COM-07477,ECOM-1854,user0018,2026-05-27,Il faut vérifier ce comportement.
COM-07478,ERP-58,user0016,2025-11-07,Le client demande une modification.
COM-07479,CLOUD-2918,user0023,2025-12-17,La fonctionnalité est prête pour les tests.
COM-07480,ECOM-457,user0007,2026-01-21,Le client demande une modification.
COM-07481,ECOM-2762,user0014,2026-04-21,Le développement avance correctement.
COM-07482,BANK-3979,user0043,2025-12-07,Correction proposée dans la prochaine version.
COM-07483,ECOM-423,user0002,2026-05-04,Le problème est reproduit en environnement de test.
COM-07484,DATA-1101,user0038,2025-12-13,Le développement avance correctement.
COM-07485,ECOM-448,user0043,2026-07-17,Besoin de plus d'informations.
COM-07486,DATA-3612,user0016,2025-10-30,Besoin de plus d'informations.
COM-07487,CRM-3552,user0021,2025-11-03,La fonctionnalité est prête pour les tests.
COM-07488,BANK-3023,user0003,2025-10-11,Le client demande une modification.
COM-07489,BI-2507,user0047,2026-01-26,Attention au délai prévu.
COM-07490,CRM-1517,user0012,2026-05-21,Le développement avance correctement.
COM-07491,SEC-1583,user0026,2026-05-28,Tests complémentaires nécessaires.
COM-07492,MOB-4924,user0038,2025-11-28,La fonctionnalité est prête pour les tests.
COM-07493,SEC-3883,user0046,2026-07-08,La fonctionnalité est prête pour les tests.
COM-07494,ECOM-2011,user0034,2026-01-01,Le développement avance correctement.
COM-07495,MOB-1466,user0039,2026-05-08,Tests complémentaires nécessaires.
COM-07496,DATA-4859,user0007,2025-11-06,Le problème est reproduit en environnement de test.
COM-07497,MOB-177,user0009,2026-03-01,Le problème semble corrigé.
COM-07498,PORTAL-424,user0011,2026-08-19,Il faut vérifier ce comportement.
COM-07499,ECOM-1879,user0012,2026-09-06,Attention au délai prévu.
COM-07500,CRM-2246,user0046,2025-12-06,Le développement avance correctement.
COM-07501,ECOM-656,user0047,2026-08-29,Il faut vérifier ce comportement.
COM-07502,ECOM-3224,user0027,2025-12-15,Le problème est reproduit en environnement de test.
COM-07503,PORTAL-4209,user0040,2025-10-06,Le problème est reproduit en environnement de test.
COM-07504,DATA-3624,user0037,2026-04-07,Correction proposée dans la prochaine version.
COM-07505,BANK-512,user0035,2026-07-21,Il faut vérifier ce comportement.
COM-07506,CLOUD-2929,user0021,2026-02-13,La fonctionnalité est prête pour les tests.
COM-07507,ERP-258,user0030,2026-04-06,Le problème semble corrigé.
COM-07508,BI-3482,user0007,2025-12-09,Correction proposée dans la prochaine version.
COM-07509,BANK-397,user0034,2026-06-28,La fonctionnalité est prête pour les tests.
COM-07510,ERP-4208,user0046,2026-09-05,La fonctionnalité est prête pour les tests.
COM-07511,PORTAL-168,user0044,2026-03-27,Le développement avance correctement.
COM-07512,CRM-945,user0044,2026-02-19,Besoin de plus d'informations.
COM-07513,CRM-3490,user0047,2026-02-14,Tests complémentaires nécessaires.
COM-07514,PORTAL-1395,user0003,2025-10-26,Tests complémentaires nécessaires.
COM-07515,MOB-366,user0030,2025-11-09,Le problème est reproduit en environnement de test.
COM-07516,ECOM-3761,user0035,2025-09-30,Le développement avance correctement.
COM-07517,ERP-105,user0042,2025-11-10,Le problème semble corrigé.
COM-07518,MOB-2970,user0010,2026-03-13,La fonctionnalité est prête pour les tests.
COM-07519,CLOUD-4627,user0019,2025-12-26,Attention au délai prévu.
COM-07520,ECOM-1620,user0003,2026-06-04,Le problème semble corrigé.
COM-07521,MOB-4698,user0028,2026-07-26,Le client demande une modification.
COM-07522,ERP-3572,user0037,2026-03-08,Attention au délai prévu.
COM-07523,SEC-1510,user0019,2026-08-10,Correction proposée dans la prochaine version.
COM-07524,CRM-2271,user0008,2026-01-03,Correction proposée dans la prochaine version.
COM-07525,ERP-2168,user0040,2026-09-11,Tests complémentaires nécessaires.
COM-07526,ECOM-4964,user0048,2026-07-19,Le problème est reproduit en environnement de test.
COM-07527,PORTAL-2752,user0023,2026-01-30,Le client demande une modification.
COM-07528,CRM-4801,user0023,2026-07-05,Tests complémentaires nécessaires.
COM-07529,ECOM-3034,user0012,2025-10-24,Le problème semble corrigé.
COM-07530,SEC-1279,user0006,2026-02-27,Attention au délai prévu.
COM-07531,PORTAL-4009,user0009,2026-04-26,Le problème est reproduit en environnement de test.
COM-07532,ERP-2015,user0020,2025-11-21,Le développement avance correctement.
COM-07533,SEC-1459,user0036,2026-04-06,Besoin de plus d'informations.
COM-07534,MOB-4826,user0043,2026-02-11,La fonctionnalité est prête pour les tests.
COM-07535,MOB-3754,user0013,2025-09-26,Attention au délai prévu.
COM-07536,ECOM-1959,user0041,2026-07-23,Besoin de plus d'informations.
COM-07537,ERP-2565,user0039,2026-08-19,Tests complémentaires nécessaires.
COM-07538,SEC-2660,user0015,2026-09-03,Le problème est reproduit en environnement de test.
COM-07539,MOB-2214,user0049,2026-06-01,Attention au délai prévu.
COM-07540,MOB-3150,user0036,2026-01-08,Tests complémentaires nécessaires.
COM-07541,DATA-3295,user0032,2026-01-08,Attention au délai prévu.
COM-07542,CRM-596,user0014,2026-01-23,Attention au délai prévu.
COM-07543,CRM-681,user0030,2025-12-29,Correction proposée dans la prochaine version.
COM-07544,DATA-3332,user0050,2025-11-19,Tests complémentaires nécessaires.
COM-07545,SEC-3347,user0022,2026-04-09,Le client demande une modification.
COM-07546,BANK-452,user0041,2026-07-05,Correction proposée dans la prochaine version.
COM-07547,DATA-2636,user0028,2025-09-29,Le problème semble corrigé.
COM-07548,BANK-3755,user0049,2026-01-12,Le client demande une modification.
COM-07549,CRM-1098,user0040,2025-12-13,Il faut vérifier ce comportement.
COM-07550,SEC-1142,user0038,2025-10-01,Correction proposée dans la prochaine version.
COM-07551,ERP-140,user0019,2026-04-24,Correction proposée dans la prochaine version.
COM-07552,MOB-707,user0006,2026-06-15,Correction proposée dans la prochaine version.
COM-07553,DATA-270,user0006,2026-02-28,Le problème est reproduit en environnement de test.
COM-07554,CLOUD-589,user0023,2026-03-23,La fonctionnalité est prête pour les tests.
COM-07555,DATA-361,user0003,2026-08-25,Il faut vérifier ce comportement.
COM-07556,ERP-3879,user0041,2026-06-03,Tests complémentaires nécessaires.
COM-07557,BI-1337,user0009,2025-12-17,La fonctionnalité est prête pour les tests.
COM-07558,ECOM-3518,user0027,2026-07-05,Le client demande une modification.
COM-07559,MOB-627,user0034,2026-09-03,Besoin de plus d'informations.
COM-07560,PORTAL-2176,user0010,2026-03-22,Tests complémentaires nécessaires.
COM-07561,CRM-2246,user0046,2026-03-18,Le problème semble corrigé.
COM-07562,CRM-4494,user0003,2026-02-01,Attention au délai prévu.
COM-07563,ECOM-2300,user0041,2026-07-22,Le développement avance correctement.
COM-07564,BI-3220,user0034,2026-01-11,La fonctionnalité est prête pour les tests.
COM-07565,PORTAL-4479,user0001,2026-03-17,Attention au délai prévu.
COM-07566,SEC-4884,user0036,2026-06-23,Le client demande une modification.
COM-07567,MOB-1937,user0020,2026-07-14,Tests complémentaires nécessaires.
COM-07568,CLOUD-2968,user0039,2025-09-14,Besoin de plus d'informations.
COM-07569,BI-4882,user0023,2026-04-21,Le problème semble corrigé.
COM-07570,CLOUD-1368,user0044,2025-12-17,Correction proposée dans la prochaine version.
COM-07571,CRM-1231,user0020,2026-03-08,Besoin de plus d'informations.
COM-07572,BANK-565,user0006,2026-02-08,Le client demande une modification.
COM-07573,CRM-3577,user0009,2025-12-23,Besoin de plus d'informations.
COM-07574,BANK-3888,user0010,2026-06-02,Le développement avance correctement.
COM-07575,SEC-4473,user0044,2026-04-11,Le développement avance correctement.
COM-07576,ERP-3752,user0042,2025-11-10,Tests complémentaires nécessaires.
COM-07577,PORTAL-2437,user0035,2026-08-06,Correction proposée dans la prochaine version.
COM-07578,PORTAL-2617,user0024,2025-11-05,Correction proposée dans la prochaine version.
COM-07579,DATA-4476,user0006,2026-06-06,Le développement avance correctement.
COM-07580,BI-3236,user0028,2025-09-24,Attention au délai prévu.
COM-07581,MOB-707,user0012,2025-09-18,Le problème semble corrigé.
COM-07582,CLOUD-857,user0025,2026-03-30,Le client demande une modification.
COM-07583,BI-1002,user0015,2025-11-22,Le problème est reproduit en environnement de test.
COM-07584,MOB-223,user0037,2025-11-19,Attention au délai prévu.
COM-07585,MOB-1676,user0041,2026-03-18,La fonctionnalité est prête pour les tests.
COM-07586,ECOM-4453,user0045,2025-11-24,Besoin de plus d'informations.
COM-07587,CRM-4708,user0010,2026-01-25,Il faut vérifier ce comportement.
COM-07588,DATA-1169,user0040,2026-03-19,La fonctionnalité est prête pour les tests.
COM-07589,SEC-717,user0028,2025-12-18,Le développement avance correctement.
COM-07590,SEC-1919,user0037,2026-05-20,Tests complémentaires nécessaires.
COM-07591,CRM-4494,user0039,2025-12-15,Le problème semble corrigé.
COM-07592,BI-4874,user0002,2026-02-15,La fonctionnalité est prête pour les tests.
COM-07593,ECOM-1358,user0007,2026-07-28,La fonctionnalité est prête pour les tests.
COM-07594,ERP-1094,user0024,2026-02-01,Besoin de plus d'informations.
COM-07595,BI-2429,user0008,2026-07-19,Tests complémentaires nécessaires.
COM-07596,DATA-1497,user0010,2026-02-03,Tests complémentaires nécessaires.
COM-07597,MOB-670,user0021,2025-11-16,Correction proposée dans la prochaine version.
COM-07598,BI-2187,user0041,2026-01-19,Attention au délai prévu.
COM-07599,BANK-696,user0040,2026-01-15,Il faut vérifier ce comportement.
COM-07600,PORTAL-4867,user0035,2026-08-12,Besoin de plus d'informations.
COM-07601,DATA-4315,user0030,2025-10-07,La fonctionnalité est prête pour les tests.
COM-07602,CLOUD-4576,user0009,2026-02-12,Besoin de plus d'informations.
COM-07603,ECOM-1591,user0022,2025-12-03,Attention au délai prévu.
COM-07604,CLOUD-1468,user0014,2026-05-08,Le problème est reproduit en environnement de test.
COM-07605,ECOM-3181,user0008,2026-05-07,Le développement avance correctement.
COM-07606,BANK-81,user0012,2025-09-29,Besoin de plus d'informations.
COM-07607,MOB-264,user0013,2025-12-08,Il faut vérifier ce comportement.
COM-07608,BI-2500,user0049,2026-04-20,Le client demande une modification.
COM-07609,ERP-1292,user0023,2026-04-19,Il faut vérifier ce comportement.
COM-07610,DATA-465,user0048,2026-08-14,Il faut vérifier ce comportement.
COM-07611,BANK-716,user0003,2026-07-28,Tests complémentaires nécessaires.
COM-07612,ERP-77,user0050,2026-03-14,Le développement avance correctement.
COM-07613,PORTAL-2989,user0014,2026-07-05,Besoin de plus d'informations.
COM-07614,CLOUD-399,user0043,2026-03-26,Tests complémentaires nécessaires.
COM-07615,ERP-4174,user0043,2025-10-08,Attention au délai prévu.
COM-07616,DATA-983,user0050,2026-06-27,Besoin de plus d'informations.
COM-07617,CLOUD-1052,user0046,2026-01-02,Tests complémentaires nécessaires.
COM-07618,BANK-1467,user0050,2026-06-14,Le problème semble corrigé.
COM-07619,PORTAL-4225,user0014,2026-05-02,Le problème est reproduit en environnement de test.
COM-07620,DATA-1074,user0042,2026-01-16,Tests complémentaires nécessaires.
COM-07621,CRM-4338,user0016,2026-04-08,Besoin de plus d'informations.
COM-07622,SEC-2423,user0027,2026-06-15,Il faut vérifier ce comportement.
COM-07623,DATA-1409,user0011,2026-05-31,Le développement avance correctement.
COM-07624,BI-3780,user0004,2026-07-12,Besoin de plus d'informations.
COM-07625,ERP-1678,user0005,2026-01-31,Tests complémentaires nécessaires.
COM-07626,DATA-4003,user0005,2025-11-13,Besoin de plus d'informations.
COM-07627,MOB-2651,user0046,2026-02-19,Besoin de plus d'informations.
COM-07628,DATA-3251,user0012,2026-07-03,Le problème semble corrigé.
COM-07629,MOB-1768,user0029,2026-03-16,Tests complémentaires nécessaires.
COM-07630,CLOUD-3099,user0032,2026-02-13,La fonctionnalité est prête pour les tests.
COM-07631,CLOUD-3124,user0026,2025-09-26,Correction proposée dans la prochaine version.
COM-07632,ECOM-3724,user0026,2026-08-18,Correction proposée dans la prochaine version.
COM-07633,CLOUD-3695,user0013,2026-05-14,Correction proposée dans la prochaine version.
COM-07634,BI-2740,user0017,2026-06-09,Besoin de plus d'informations.
COM-07635,BI-1159,user0049,2026-06-07,Le client demande une modification.
COM-07636,DATA-251,user0005,2026-05-20,Le problème semble corrigé.
COM-07637,CLOUD-4908,user0005,2026-05-16,La fonctionnalité est prête pour les tests.
COM-07638,CRM-816,user0001,2026-08-04,Le problème semble corrigé.
COM-07639,CLOUD-2761,user0027,2026-04-14,Le problème semble corrigé.
COM-07640,PORTAL-4225,user0025,2026-04-13,Il faut vérifier ce comportement.
COM-07641,BI-2701,user0024,2026-04-03,La fonctionnalité est prête pour les tests.
COM-07642,PORTAL-1584,user0021,2026-05-26,Il faut vérifier ce comportement.
COM-07643,BI-1944,user0021,2025-11-26,Tests complémentaires nécessaires.
COM-07644,PORTAL-1343,user0004,2026-07-31,Besoin de plus d'informations.
COM-07645,CRM-3247,user0027,2026-07-02,Besoin de plus d'informations.
COM-07646,SEC-4866,user0034,2026-06-01,Le problème semble corrigé.
COM-07647,PORTAL-4848,user0027,2026-04-12,Le problème semble corrigé.
COM-07648,CRM-2101,user0009,2025-12-31,Besoin de plus d'informations.
COM-07649,CLOUD-2694,user0048,2026-05-02,Le problème semble corrigé.
COM-07650,ECOM-2398,user0044,2025-10-23,Attention au délai prévu.
COM-07651,CLOUD-3217,user0041,2026-03-06,Le problème est reproduit en environnement de test.
COM-07652,CLOUD-1615,user0020,2026-02-15,Le client demande une modification.
COM-07653,CLOUD-4904,user0026,2025-10-08,Le problème est reproduit en environnement de test.
COM-07654,CRM-1093,user0030,2026-03-07,Le problème semble corrigé.
COM-07655,MOB-3859,user0025,2025-12-24,Il faut vérifier ce comportement.
COM-07656,BI-4266,user0045,2026-04-27,Besoin de plus d'informations.
COM-07657,ERP-58,user0023,2026-06-18,Besoin de plus d'informations.
COM-07658,CLOUD-248,user0034,2026-01-25,Il faut vérifier ce comportement.
COM-07659,ECOM-500,user0038,2025-12-19,Il faut vérifier ce comportement.
COM-07660,BI-1701,user0020,2026-06-24,Correction proposée dans la prochaine version.
COM-07661,ECOM-2486,user0010,2026-08-13,Tests complémentaires nécessaires.
COM-07662,DATA-3430,user0027,2026-05-15,Le client demande une modification.
COM-07663,ERP-1736,user0007,2026-06-24,Le problème est reproduit en environnement de test.
COM-07664,MOB-958,user0033,2026-03-21,Le problème semble corrigé.
COM-07665,DATA-2654,user0008,2026-05-27,Le problème semble corrigé.
COM-07666,MOB-1247,user0006,2026-05-29,Attention au délai prévu.
COM-07667,CRM-2167,user0050,2026-09-08,Le problème est reproduit en environnement de test.
COM-07668,ECOM-400,user0001,2026-04-12,Le développement avance correctement.
COM-07669,ECOM-4955,user0001,2025-09-21,Tests complémentaires nécessaires.
COM-07670,DATA-4415,user0029,2025-11-23,Le problème semble corrigé.
COM-07671,SEC-3118,user0039,2026-04-09,Besoin de plus d'informations.
COM-07672,BANK-1297,user0035,2026-08-22,Le développement avance correctement.
COM-07673,SEC-5000,user0039,2026-04-19,La fonctionnalité est prête pour les tests.
COM-07674,CLOUD-3697,user0034,2025-09-16,Il faut vérifier ce comportement.
COM-07675,SEC-175,user0007,2026-01-30,Le développement avance correctement.
COM-07676,MOB-1946,user0024,2026-04-30,Correction proposée dans la prochaine version.
COM-07677,DATA-510,user0017,2026-07-18,Le problème semble corrigé.
COM-07678,SEC-2114,user0031,2025-11-22,Attention au délai prévu.
COM-07679,ECOM-4856,user0032,2025-11-01,Correction proposée dans la prochaine version.
COM-07680,MOB-4920,user0031,2025-10-24,Il faut vérifier ce comportement.
COM-07681,CLOUD-3314,user0019,2026-01-23,Besoin de plus d'informations.
COM-07682,BANK-74,user0040,2026-04-08,Besoin de plus d'informations.
COM-07683,MOB-2336,user0010,2026-04-04,Le problème est reproduit en environnement de test.
COM-07684,ECOM-2006,user0024,2026-01-26,Le développement avance correctement.
COM-07685,ECOM-1357,user0037,2025-12-25,Il faut vérifier ce comportement.
COM-07686,ERP-1590,user0041,2026-05-24,Tests complémentaires nécessaires.
COM-07687,SEC-1843,user0042,2026-09-03,Le développement avance correctement.
COM-07688,ECOM-1530,user0050,2025-12-29,Correction proposée dans la prochaine version.
COM-07689,CLOUD-4741,user0011,2026-06-10,Tests complémentaires nécessaires.
COM-07690,BI-563,user0020,2026-02-20,Tests complémentaires nécessaires.
COM-07691,BI-3510,user0030,2025-10-07,Correction proposée dans la prochaine version.
COM-07692,SEC-1757,user0006,2026-07-28,Le développement avance correctement.
COM-07693,PORTAL-3299,user0002,2026-07-24,Le développement avance correctement.
COM-07694,SEC-4770,user0026,2026-07-16,Le problème est reproduit en environnement de test.
COM-07695,ERP-728,user0024,2026-08-17,Tests complémentaires nécessaires.
COM-07696,SEC-2223,user0049,2026-03-17,Le problème semble corrigé.
COM-07697,ERP-276,user0021,2026-01-04,Le problème semble corrigé.
COM-07698,ECOM-3564,user0046,2026-04-20,Tests complémentaires nécessaires.
COM-07699,SEC-870,user0042,2026-02-09,Tests complémentaires nécessaires.
COM-07700,CLOUD-2637,user0025,2026-05-30,Correction proposée dans la prochaine version.
COM-07701,ECOM-4695,user0049,2025-10-08,Correction proposée dans la prochaine version.
COM-07702,ERP-4115,user0042,2025-12-29,Attention au délai prévu.
COM-07703,CRM-2798,user0007,2026-05-18,Attention au délai prévu.
COM-07704,ECOM-285,user0017,2025-12-01,Le problème semble corrigé.
COM-07705,BANK-3308,user0037,2026-06-23,Il faut vérifier ce comportement.
COM-07706,MOB-1322,user0040,2025-10-01,Le développement avance correctement.
COM-07707,BI-3511,user0022,2026-07-31,Le problème semble corrigé.
COM-07708,ERP-1462,user0035,2026-05-31,Le problème est reproduit en environnement de test.
COM-07709,DATA-920,user0007,2026-07-30,Correction proposée dans la prochaine version.
COM-07710,CRM-2889,user0040,2025-10-23,Il faut vérifier ce comportement.
COM-07711,BI-3264,user0007,2025-09-20,Correction proposée dans la prochaine version.
COM-07712,ECOM-3319,user0050,2025-12-01,La fonctionnalité est prête pour les tests.
COM-07713,PORTAL-4009,user0001,2026-05-04,La fonctionnalité est prête pour les tests.
COM-07714,CLOUD-4780,user0019,2026-04-07,Le problème semble corrigé.
COM-07715,CRM-1398,user0045,2026-03-02,Tests complémentaires nécessaires.
COM-07716,BI-1363,user0040,2026-09-01,Le problème semble corrigé.
COM-07717,ERP-2102,user0030,2025-10-02,Le problème semble corrigé.
COM-07718,DATA-1592,user0022,2026-05-17,Le développement avance correctement.
COM-07719,BANK-863,user0027,2026-07-12,Tests complémentaires nécessaires.
COM-07720,DATA-1856,user0039,2026-02-27,Correction proposée dans la prochaine version.
COM-07721,CLOUD-1658,user0042,2025-12-29,Attention au délai prévu.
COM-07722,DATA-832,user0021,2025-10-31,Tests complémentaires nécessaires.
COM-07723,MOB-377,user0030,2026-05-21,Le problème est reproduit en environnement de test.
COM-07724,BANK-3583,user0028,2026-06-08,Besoin de plus d'informations.
COM-07725,ERP-576,user0027,2026-05-06,Le problème est reproduit en environnement de test.
COM-07726,PORTAL-2580,user0025,2026-08-05,Le problème est reproduit en environnement de test.
COM-07727,BI-3096,user0028,2025-09-23,La fonctionnalité est prête pour les tests.
COM-07728,BANK-3932,user0035,2025-11-02,Il faut vérifier ce comportement.
COM-07729,SEC-3164,user0024,2025-10-27,Besoin de plus d'informations.
COM-07730,SEC-2309,user0024,2025-10-16,Le problème semble corrigé.
COM-07731,ECOM-180,user0010,2025-10-16,Le problème semble corrigé.
COM-07732,MOB-1065,user0018,2026-03-02,Le développement avance correctement.
COM-07733,BANK-1123,user0044,2026-04-19,Il faut vérifier ce comportement.
COM-07734,MOB-263,user0006,2026-06-17,Tests complémentaires nécessaires.
COM-07735,SEC-1438,user0013,2026-07-17,Besoin de plus d'informations.
COM-07736,BANK-390,user0010,2026-07-20,Attention au délai prévu.
COM-07737,ERP-3206,user0037,2026-08-21,Il faut vérifier ce comportement.
COM-07738,CLOUD-4902,user0008,2026-05-10,La fonctionnalité est prête pour les tests.
COM-07739,CLOUD-3988,user0011,2026-06-24,Attention au délai prévu.
COM-07740,ECOM-2788,user0011,2025-11-14,Il faut vérifier ce comportement.
COM-07741,CRM-1699,user0028,2026-02-17,La fonctionnalité est prête pour les tests.
COM-07742,BANK-1312,user0048,2026-08-30,Le client demande une modification.
COM-07743,ECOM-1711,user0037,2026-03-19,Le client demande une modification.
COM-07744,PORTAL-1679,user0022,2026-04-20,Attention au délai prévu.
COM-07745,SEC-4440,user0042,2026-05-07,Le client demande une modification.
COM-07746,ERP-164,user0003,2026-01-25,Attention au délai prévu.
COM-07747,CRM-2817,user0046,2026-05-06,Le problème semble corrigé.
COM-07748,BANK-3116,user0005,2026-01-03,La fonctionnalité est prête pour les tests.
COM-07749,CRM-4151,user0017,2026-07-13,Correction proposée dans la prochaine version.
COM-07750,CRM-2798,user0036,2026-05-25,Il faut vérifier ce comportement.
COM-07751,BI-2517,user0040,2026-01-14,Il faut vérifier ce comportement.
COM-07752,ERP-4129,user0034,2026-03-27,Le problème est reproduit en environnement de test.
COM-07753,CLOUD-2411,user0014,2025-12-13,Attention au délai prévu.
COM-07754,ECOM-3971,user0023,2025-11-26,Le problème semble corrigé.
COM-07755,MOB-286,user0003,2026-04-08,Attention au délai prévu.
COM-07756,MOB-3378,user0011,2026-05-13,Le problème est reproduit en environnement de test.
COM-07757,BI-3999,user0032,2025-09-25,Il faut vérifier ce comportement.
COM-07758,ERP-1271,user0007,2026-05-26,Le développement avance correctement.
COM-07759,ECOM-1357,user0004,2026-02-25,Besoin de plus d'informations.
COM-07760,SEC-2493,user0016,2026-01-26,Le problème est reproduit en environnement de test.
COM-07761,MOB-736,user0004,2026-06-13,La fonctionnalité est prête pour les tests.
COM-07762,BI-3549,user0040,2026-01-21,Le développement avance correctement.
COM-07763,BANK-974,user0050,2026-08-11,Besoin de plus d'informations.
COM-07764,MOB-859,user0026,2026-02-28,Le client demande une modification.
COM-07765,BANK-3030,user0018,2025-12-23,Le client demande une modification.
COM-07766,MOB-969,user0007,2025-12-28,Le problème est reproduit en environnement de test.
COM-07767,ERP-2757,user0005,2026-01-24,Besoin de plus d'informations.
COM-07768,SEC-1760,user0049,2025-11-04,Le problème semble corrigé.
COM-07769,BI-2277,user0006,2026-08-01,Besoin de plus d'informations.
COM-07770,BANK-3069,user0002,2025-10-31,Le problème est reproduit en environnement de test.
COM-07771,PORTAL-1172,user0031,2026-01-25,Le problème semble corrigé.
COM-07772,ECOM-1834,user0043,2026-01-03,Il faut vérifier ce comportement.
COM-07773,BANK-993,user0025,2026-09-12,Tests complémentaires nécessaires.
COM-07774,CRM-2797,user0010,2026-01-06,Correction proposée dans la prochaine version.
COM-07775,CRM-2992,user0047,2026-08-23,Tests complémentaires nécessaires.
COM-07776,ECOM-1591,user0037,2026-02-18,Le problème est reproduit en environnement de test.
COM-07777,BANK-1396,user0004,2026-01-18,Tests complémentaires nécessaires.
COM-07778,CRM-460,user0015,2026-04-06,Le problème est reproduit en environnement de test.
COM-07779,SEC-2267,user0004,2026-08-14,Le développement avance correctement.
COM-07780,ECOM-3705,user0011,2026-01-09,Il faut vérifier ce comportement.
COM-07781,CLOUD-1089,user0007,2026-02-12,Le problème semble corrigé.
COM-07782,BANK-3698,user0036,2026-09-04,La fonctionnalité est prête pour les tests.
COM-07783,ECOM-2391,user0042,2026-08-28,Le problème est reproduit en environnement de test.
COM-07784,PORTAL-3920,user0001,2026-05-07,Le problème est reproduit en environnement de test.
COM-07785,BI-179,user0038,2026-08-18,Le client demande une modification.
COM-07786,SEC-2660,user0022,2026-07-14,Besoin de plus d'informations.
COM-07787,MOB-2073,user0045,2026-04-18,Attention au délai prévu.
COM-07788,BANK-1614,user0040,2026-06-12,Tests complémentaires nécessaires.
COM-07789,ECOM-172,user0049,2026-01-20,Le client demande une modification.
COM-07790,CRM-1980,user0047,2026-03-02,Correction proposée dans la prochaine version.
COM-07791,BANK-927,user0044,2026-01-06,Attention au délai prévu.
COM-07792,BANK-4563,user0010,2025-11-12,Le développement avance correctement.
COM-07793,ERP-3745,user0029,2025-10-11,Le problème semble corrigé.
COM-07794,PORTAL-3019,user0011,2025-10-09,Besoin de plus d'informations.
COM-07795,BANK-2722,user0016,2026-09-12,Le problème est reproduit en environnement de test.
COM-07796,DATA-306,user0026,2026-05-03,Il faut vérifier ce comportement.
COM-07797,MOB-1597,user0020,2026-06-26,Il faut vérifier ce comportement.
COM-07798,ECOM-4964,user0011,2026-06-13,Besoin de plus d'informations.
COM-07799,CLOUD-886,user0013,2026-08-02,Correction proposée dans la prochaine version.
COM-07800,BANK-4640,user0030,2026-07-13,Le client demande une modification.
COM-07801,CRM-2776,user0003,2025-10-05,Le problème est reproduit en environnement de test.
COM-07802,MOB-966,user0019,2026-07-02,La fonctionnalité est prête pour les tests.
COM-07803,ECOM-1939,user0007,2026-01-18,Il faut vérifier ce comportement.
COM-07804,ERP-3018,user0037,2025-12-15,Besoin de plus d'informations.
COM-07805,BANK-2436,user0040,2025-10-27,Besoin de plus d'informations.
COM-07806,MOB-4552,user0041,2026-02-05,Attention au délai prévu.
COM-07807,ERP-3402,user0019,2026-06-17,Correction proposée dans la prochaine version.
COM-07808,BANK-863,user0014,2025-12-12,Le problème est reproduit en environnement de test.
COM-07809,SEC-3283,user0005,2025-10-04,Le client demande une modification.
COM-07810,SEC-3002,user0022,2025-11-09,Le développement avance correctement.
COM-07811,MOB-4913,user0011,2026-01-12,La fonctionnalité est prête pour les tests.
COM-07812,PORTAL-2266,user0001,2026-01-16,Le problème semble corrigé.
COM-07813,ECOM-1897,user0020,2025-10-07,La fonctionnalité est prête pour les tests.
COM-07814,ECOM-618,user0010,2026-02-15,Tests complémentaires nécessaires.
COM-07815,ERP-774,user0042,2026-02-19,Tests complémentaires nécessaires.
COM-07816,BI-2630,user0035,2026-04-30,Besoin de plus d'informations.
COM-07817,CLOUD-382,user0039,2026-01-16,La fonctionnalité est prête pour les tests.
COM-07818,DATA-1409,user0028,2025-11-12,Correction proposée dans la prochaine version.
COM-07819,DATA-3098,user0050,2025-11-18,Le problème est reproduit en environnement de test.
COM-07820,PORTAL-3629,user0018,2026-02-17,Le problème est reproduit en environnement de test.
COM-07821,CLOUD-1136,user0021,2026-08-26,Le problème semble corrigé.
COM-07822,DATA-2581,user0014,2026-07-02,Tests complémentaires nécessaires.
COM-07823,ERP-3412,user0016,2026-09-12,La fonctionnalité est prête pour les tests.
COM-07824,ERP-210,user0010,2026-07-16,Tests complémentaires nécessaires.
COM-07825,ECOM-4728,user0034,2026-01-05,Correction proposée dans la prochaine version.
COM-07826,ECOM-2775,user0022,2026-01-05,Besoin de plus d'informations.
COM-07827,CLOUD-17,user0041,2025-09-15,Le problème semble corrigé.
COM-07828,SEC-3653,user0017,2026-04-28,Besoin de plus d'informations.
COM-07829,ERP-3376,user0021,2026-06-30,Le problème est reproduit en environnement de test.
COM-07830,PORTAL-4304,user0026,2026-06-04,Le problème semble corrigé.
COM-07831,CRM-1714,user0044,2026-01-18,Le problème semble corrigé.
COM-07832,CLOUD-2125,user0013,2026-06-02,Le problème est reproduit en environnement de test.
COM-07833,DATA-2244,user0031,2026-08-09,Attention au délai prévu.
COM-07834,MOB-744,user0005,2026-08-19,Le client demande une modification.
COM-07835,DATA-1856,user0017,2025-09-19,Correction proposée dans la prochaine version.
COM-07836,BI-4187,user0015,2026-02-19,Correction proposée dans la prochaine version.
COM-07837,BANK-3048,user0002,2026-08-31,Attention au délai prévu.
COM-07838,ECOM-4297,user0037,2026-06-01,Besoin de plus d'informations.
COM-07839,BI-2303,user0019,2026-01-13,Le client demande une modification.
COM-07840,PORTAL-3473,user0036,2025-11-23,Besoin de plus d'informations.
COM-07841,PORTAL-1016,user0029,2025-12-02,Le client demande une modification.
COM-07842,MOB-4965,user0001,2026-06-05,Tests complémentaires nécessaires.
COM-07843,PORTAL-2664,user0021,2026-02-02,Le problème est reproduit en environnement de test.
COM-07844,PORTAL-4451,user0001,2026-03-12,Besoin de plus d'informations.
COM-07845,CLOUD-750,user0032,2026-07-29,Tests complémentaires nécessaires.
COM-07846,BI-3458,user0046,2026-07-15,La fonctionnalité est prête pour les tests.
COM-07847,PORTAL-1679,user0012,2026-08-12,Il faut vérifier ce comportement.
COM-07848,SEC-3591,user0041,2026-08-26,Le développement avance correctement.
COM-07849,CLOUD-4830,user0008,2026-07-07,Il faut vérifier ce comportement.
COM-07850,ERP-4048,user0031,2026-03-24,Le problème semble corrigé.
COM-07851,SEC-3334,user0048,2025-10-27,Le client demande une modification.
COM-07852,PORTAL-4942,user0045,2026-06-13,Attention au délai prévu.
COM-07853,BI-2544,user0047,2026-03-27,Attention au délai prévu.
COM-07854,SEC-2667,user0034,2026-04-23,Le problème semble corrigé.
COM-07855,CLOUD-2477,user0039,2026-08-05,Le problème est reproduit en environnement de test.
COM-07856,BANK-613,user0044,2025-09-29,Le client demande une modification.
COM-07857,ERP-4054,user0024,2026-07-03,Le problème semble corrigé.
COM-07858,BANK-2628,user0029,2025-10-08,Le développement avance correctement.
COM-07859,BI-2060,user0002,2026-06-07,Tests complémentaires nécessaires.
COM-07860,BI-4874,user0043,2025-10-28,Le problème est reproduit en environnement de test.
COM-07861,PORTAL-3248,user0018,2025-12-20,Correction proposée dans la prochaine version.
COM-07862,BI-3264,user0040,2025-12-20,Le développement avance correctement.
COM-07863,CLOUD-1055,user0046,2026-01-07,La fonctionnalité est prête pour les tests.
COM-07864,BI-4228,user0021,2026-03-07,La fonctionnalité est prête pour les tests.
COM-07865,CRM-1481,user0023,2026-07-03,Il faut vérifier ce comportement.
COM-07866,DATA-3375,user0008,2026-08-06,Le problème est reproduit en environnement de test.
COM-07867,CRM-4768,user0021,2026-06-03,Le client demande une modification.
COM-07868,ECOM-231,user0006,2026-07-25,Besoin de plus d'informations.
COM-07869,CRM-4976,user0046,2025-10-18,La fonctionnalité est prête pour les tests.
COM-07870,CLOUD-2965,user0037,2025-11-19,Le problème semble corrigé.
COM-07871,ECOM-4964,user0036,2026-06-20,Correction proposée dans la prochaine version.
COM-07872,PORTAL-2089,user0013,2025-11-06,Besoin de plus d'informations.
COM-07873,BI-364,user0011,2025-11-12,Le client demande une modification.
COM-07874,BI-561,user0003,2026-03-04,La fonctionnalité est prête pour les tests.
COM-07875,BI-1383,user0033,2026-04-23,Correction proposée dans la prochaine version.
COM-07876,ECOM-2987,user0040,2026-09-05,Attention au délai prévu.
COM-07877,CLOUD-1986,user0013,2026-01-14,Le développement avance correctement.
COM-07878,CRM-393,user0015,2026-08-08,Besoin de plus d'informations.
COM-07879,MOB-2153,user0008,2026-01-12,Besoin de plus d'informations.
COM-07880,ECOM-1437,user0031,2026-01-16,Il faut vérifier ce comportement.
COM-07881,CLOUD-2054,user0049,2026-08-27,Besoin de plus d'informations.
COM-07882,PORTAL-3769,user0036,2026-03-16,Le développement avance correctement.
COM-07883,CRM-3207,user0001,2026-04-01,Le problème est reproduit en environnement de test.
COM-07884,ERP-406,user0005,2026-07-25,La fonctionnalité est prête pour les tests.
COM-07885,BI-4589,user0007,2025-11-29,Le problème est reproduit en environnement de test.
COM-07886,SEC-4226,user0031,2025-12-11,Le développement avance correctement.
COM-07887,ERP-2403,user0029,2025-12-30,Tests complémentaires nécessaires.
COM-07888,CLOUD-1566,user0009,2026-06-12,Le développement avance correctement.
COM-07889,CLOUD-130,user0009,2026-05-08,Le client demande une modification.
COM-07890,BI-1273,user0028,2025-11-09,Correction proposée dans la prochaine version.
COM-07891,DATA-3235,user0016,2026-01-17,Le problème est reproduit en environnement de test.
COM-07892,ECOM-3263,user0005,2026-03-10,Le problème semble corrigé.
COM-07893,BANK-2284,user0030,2026-01-15,Attention au délai prévu.
COM-07894,MOB-86,user0025,2025-12-25,Tests complémentaires nécessaires.
COM-07895,BI-1961,user0032,2026-03-18,Il faut vérifier ce comportement.
COM-07896,ECOM-1385,user0007,2025-09-16,Le problème semble corrigé.
COM-07897,BANK-1808,user0021,2026-08-31,Correction proposée dans la prochaine version.
COM-07898,ECOM-4423,user0018,2025-11-28,Il faut vérifier ce comportement.
COM-07899,CRM-1426,user0029,2026-03-08,Correction proposée dans la prochaine version.
COM-07900,BANK-998,user0002,2026-07-29,Attention au délai prévu.
COM-07901,BI-1588,user0036,2025-11-07,Il faut vérifier ce comportement.
COM-07902,SEC-2705,user0008,2026-01-17,Le problème semble corrigé.
COM-07903,CLOUD-57,user0046,2026-05-15,Le client demande une modification.
COM-07904,ECOM-4823,user0044,2026-08-02,Attention au délai prévu.
COM-07905,BANK-1767,user0031,2026-04-10,Besoin de plus d'informations.
COM-07906,PORTAL-339,user0043,2026-08-26,Le problème est reproduit en environnement de test.
COM-07907,BANK-4073,user0004,2026-03-26,Le développement avance correctement.
COM-07908,MOB-1431,user0008,2026-03-16,Le développement avance correctement.
COM-07909,CLOUD-227,user0043,2026-08-28,La fonctionnalité est prête pour les tests.
COM-07910,BANK-4498,user0002,2026-02-16,Tests complémentaires nécessaires.
COM-07911,BI-4977,user0034,2025-09-16,Le problème est reproduit en environnement de test.
COM-07912,MOB-3185,user0048,2025-09-28,Le problème est reproduit en environnement de test.
COM-07913,ERP-3507,user0027,2025-10-16,La fonctionnalité est prête pour les tests.
COM-07914,BI-3406,user0036,2025-10-24,Le développement avance correctement.
COM-07915,PORTAL-2333,user0010,2026-09-07,Le problème semble corrigé.
COM-07916,ERP-2933,user0001,2026-09-03,Correction proposée dans la prochaine version.
COM-07917,PORTAL-4368,user0035,2026-05-24,La fonctionnalité est prête pour les tests.
COM-07918,MOB-1842,user0028,2026-01-30,Besoin de plus d'informations.
COM-07919,ERP-581,user0030,2026-04-04,Attention au délai prévu.
COM-07920,SEC-2609,user0014,2026-02-08,Le client demande une modification.
COM-07921,DATA-3890,user0015,2026-06-13,Le problème semble corrigé.
COM-07922,MOB-1994,user0024,2025-09-28,Le problème est reproduit en environnement de test.
COM-07923,PORTAL-868,user0049,2026-05-14,Le client demande une modification.
COM-07924,PORTAL-548,user0034,2026-05-11,Le développement avance correctement.
COM-07925,DATA-2122,user0045,2026-02-06,Besoin de plus d'informations.
COM-07926,ERP-872,user0033,2025-10-27,Le problème semble corrigé.
COM-07927,CRM-1878,user0002,2026-03-31,Correction proposée dans la prochaine version.
COM-07928,DATA-847,user0003,2025-10-24,Il faut vérifier ce comportement.
COM-07929,CLOUD-644,user0050,2026-08-19,Le problème est reproduit en environnement de test.
COM-07930,SEC-3793,user0017,2026-05-18,Besoin de plus d'informations.
COM-07931,ECOM-285,user0043,2026-02-11,La fonctionnalité est prête pour les tests.
COM-07932,ECOM-2374,user0004,2026-05-30,Tests complémentaires nécessaires.
COM-07933,DATA-4315,user0021,2026-03-25,Attention au délai prévu.
COM-07934,DATA-3749,user0003,2025-09-28,Attention au délai prévu.
COM-07935,CLOUD-1521,user0006,2025-09-27,La fonctionnalité est prête pour les tests.
COM-07936,BI-2078,user0017,2025-12-05,Attention au délai prévu.
COM-07937,ERP-2403,user0050,2025-09-20,Besoin de plus d'informations.
COM-07938,PORTAL-4969,user0049,2026-07-13,Besoin de plus d'informations.
COM-07939,DATA-3274,user0007,2026-05-11,Le problème semble corrigé.
COM-07940,BI-2598,user0031,2026-09-09,Le client demande une modification.
COM-07941,BANK-1982,user0033,2026-05-28,Attention au délai prévu.
COM-07942,MOB-3354,user0009,2025-09-30,La fonctionnalité est prête pour les tests.
COM-07943,DATA-408,user0011,2025-09-30,Le problème semble corrigé.
COM-07944,DATA-2294,user0049,2026-02-09,La fonctionnalité est prête pour les tests.
COM-07945,CLOUD-713,user0035,2026-01-13,Il faut vérifier ce comportement.
COM-07946,CLOUD-4132,user0022,2026-07-24,Correction proposée dans la prochaine version.
COM-07947,MOB-4216,user0005,2025-09-17,Le problème est reproduit en environnement de test.
COM-07948,PORTAL-2176,user0016,2026-05-10,Le problème semble corrigé.
COM-07949,ECOM-1645,user0006,2026-06-16,Il faut vérifier ce comportement.
COM-07950,DATA-2215,user0007,2026-06-09,Le développement avance correctement.
COM-07951,PORTAL-347,user0039,2025-12-08,La fonctionnalité est prête pour les tests.
COM-07952,PORTAL-3815,user0034,2026-08-05,Le problème est reproduit en environnement de test.
COM-07953,ERP-4756,user0018,2026-09-07,Il faut vérifier ce comportement.
COM-07954,ERP-4950,user0031,2025-12-31,Attention au délai prévu.
COM-07955,ECOM-2608,user0045,2026-01-24,Correction proposée dans la prochaine version.
COM-07956,SEC-432,user0043,2026-06-03,Le client demande une modification.
COM-07957,ECOM-4294,user0011,2026-07-12,Besoin de plus d'informations.
COM-07958,BI-1122,user0006,2026-01-13,La fonctionnalité est prête pour les tests.
COM-07959,SEC-2858,user0003,2025-10-23,Correction proposée dans la prochaine version.
COM-07960,CLOUD-4836,user0041,2026-08-06,Attention au délai prévu.
COM-07961,ERP-4121,user0046,2026-07-13,Le développement avance correctement.
COM-07962,DATA-1013,user0005,2026-08-26,Attention au délai prévu.
COM-07963,MOB-4552,user0010,2026-06-09,Il faut vérifier ce comportement.
COM-07964,BI-4428,user0030,2025-10-26,Le client demande une modification.
COM-07965,BI-298,user0025,2025-09-24,Le client demande une modification.
COM-07966,SEC-4659,user0010,2026-03-25,Le problème est reproduit en environnement de test.
COM-07967,SEC-321,user0029,2026-08-09,Correction proposée dans la prochaine version.
COM-07968,CLOUD-3060,user0043,2026-08-03,La fonctionnalité est prête pour les tests.
COM-07969,MOB-3219,user0009,2026-03-17,Le développement avance correctement.
COM-07970,ECOM-1075,user0044,2026-05-13,Le problème est reproduit en environnement de test.
COM-07971,CLOUD-4799,user0017,2026-02-24,Tests complémentaires nécessaires.
COM-07972,CRM-2313,user0024,2026-03-24,Il faut vérifier ce comportement.
COM-07973,SEC-1586,user0041,2026-04-04,Il faut vérifier ce comportement.
COM-07974,SEC-4912,user0035,2026-07-14,Tests complémentaires nécessaires.
COM-07975,PORTAL-2249,user0043,2026-01-07,Le problème semble corrigé.
COM-07976,CRM-2533,user0049,2026-08-10,Besoin de plus d'informations.
COM-07977,CLOUD-345,user0046,2026-05-25,Besoin de plus d'informations.
COM-07978,CRM-537,user0046,2026-01-04,Besoin de plus d'informations.
COM-07979,PORTAL-1971,user0002,2026-02-05,Le problème est reproduit en environnement de test.
COM-07980,PORTAL-704,user0023,2025-12-02,Attention au délai prévu.
COM-07981,ECOM-246,user0007,2025-10-20,Correction proposée dans la prochaine version.
COM-07982,CRM-4811,user0038,2026-07-28,Le client demande une modification.
COM-07983,PORTAL-3871,user0026,2026-08-19,La fonctionnalité est prête pour les tests.
COM-07984,SEC-4994,user0033,2025-11-15,Le client demande une modification.
COM-07985,ERP-2870,user0030,2025-11-29,Attention au délai prévu.
COM-07986,CRM-1315,user0005,2026-02-10,Le développement avance correctement.
COM-07987,PORTAL-2580,user0011,2025-09-17,Le développement avance correctement.
COM-07988,BANK-3547,user0035,2026-01-25,Il faut vérifier ce comportement.
COM-07989,CRM-108,user0046,2026-01-14,Attention au délai prévu.
COM-07990,CRM-4831,user0027,2025-12-24,Il faut vérifier ce comportement.
COM-07991,BANK-1596,user0036,2026-03-19,Besoin de plus d'informations.
COM-07992,DATA-1999,user0044,2026-01-13,Le client demande une modification.
COM-07993,BI-1844,user0021,2025-09-14,Besoin de plus d'informations.
COM-07994,ECOM-636,user0045,2026-01-23,Il faut vérifier ce comportement.
COM-07995,CRM-170,user0046,2026-07-05,Le problème est reproduit en environnement de test.
COM-07996,BI-1873,user0020,2026-03-15,Besoin de plus d'informations.
COM-07997,MOB-3751,user0045,2025-09-15,Le développement avance correctement.
COM-07998,MOB-2299,user0031,2026-04-19,Le problème est reproduit en environnement de test.
COM-07999,BANK-4687,user0004,2026-07-27,Le problème est reproduit en environnement de test.
COM-08000,SEC-1583,user0034,2026-04-25,Le problème semble corrigé.
