link_id,source_issue,target_issue,link_type
LINK-00001,ERP-576,SEC-1060,duplicates
LINK-00002,DATA-2473,PORTAL-1674,is duplicated by
LINK-00003,SEC-2448,BI-2060,duplicates
LINK-00004,DATA-4520,PORTAL-4969,blocks
LINK-00005,SEC-1103,PORTAL-2400,is duplicated by
LINK-00006,DATA-4524,DATA-2894,is blocked by
LINK-00007,CLOUD-277,MOB-1130,blocks
LINK-00008,CRM-4727,DATA-1099,is duplicated by
LINK-00009,ERP-2489,ERP-2104,relates to
LINK-00010,PORTAL-3827,SEC-3173,blocks
LINK-00011,SEC-666,BANK-836,blocks
LINK-00012,BANK-2488,ECOM-3463,duplicates
LINK-00013,PORTAL-3995,MOB-1144,blocks
LINK-00014,ERP-1378,BI-85,is duplicated by
LINK-00015,ECOM-4871,BI-2630,duplicates
LINK-00016,BANK-818,PORTAL-2133,relates to
LINK-00017,CLOUD-4239,ERP-3744,is blocked by
LINK-00018,CLOUD-1452,DATA-1497,relates to
LINK-00019,CRM-1010,BI-3264,duplicates
LINK-00020,PORTAL-1239,BI-478,blocks
LINK-00021,PORTAL-4911,MOB-308,duplicates
LINK-00022,BANK-4931,ERP-508,is duplicated by
LINK-00023,DATA-3544,CLOUD-3520,is duplicated by
LINK-00024,SEC-189,BI-2077,is blocked by
LINK-00025,MOB-3169,PORTAL-2242,is duplicated by
LINK-00026,ERP-417,ECOM-3071,is duplicated by
LINK-00027,SEC-4167,DATA-60,is duplicated by
LINK-00028,DATA-3234,BI-2303,blocks
LINK-00029,BANK-331,MOB-1286,blocks
LINK-00030,CRM-4592,CLOUD-3272,duplicates
LINK-00031,ECOM-1439,ECOM-1733,is duplicated by
LINK-00032,MOB-2320,SEC-3039,duplicates
LINK-00033,BI-3175,DATA-1269,duplicates
LINK-00034,CRM-2113,CLOUD-1119,is blocked by
LINK-00035,BI-3236,BI-2883,blocks
LINK-00036,MOB-3344,DATA-1824,blocks
LINK-00037,PORTAL-2482,MOB-2073,blocks
LINK-00038,PORTAL-3305,CLOUD-3823,is blocked by
LINK-00039,CRM-4249,BANK-2389,relates to
LINK-00040,PORTAL-2516,ECOM-2793,is blocked by
LINK-00041,ERP-2964,ECOM-1116,duplicates
LINK-00042,ECOM-3338,CRM-814,blocks
LINK-00043,BANK-1913,SEC-3086,relates to
LINK-00044,CRM-814,BANK-3321,is blocked by
LINK-00045,CLOUD-4196,CRM-4494,is duplicated by
LINK-00046,BANK-2819,ECOM-289,relates to
LINK-00047,SEC-3522,PORTAL-2917,blocks
LINK-00048,SEC-3379,SEC-1454,relates to
LINK-00049,SEC-4167,PORTAL-2644,relates to
LINK-00050,SEC-1146,CLOUD-1715,is blocked by
LINK-00051,MOB-4006,BANK-3053,blocks
LINK-00052,PORTAL-1105,ERP-4833,blocks
LINK-00053,MOB-12,ERP-3222,relates to
LINK-00054,ECOM-3996,BI-2171,is blocked by
LINK-00055,PORTAL-3350,BANK-2389,relates to
LINK-00056,DATA-3182,ERP-3786,is duplicated by
LINK-00057,SEC-1682,CRM-674,duplicates
LINK-00058,DATA-3451,CRM-4470,is blocked by
LINK-00059,MOB-1247,BI-2540,blocks
LINK-00060,BI-4365,DATA-1190,blocks
LINK-00061,SEC-4529,BI-703,is blocked by
LINK-00062,BI-971,DATA-2649,blocks
LINK-00063,ERP-2998,MOB-956,relates to
LINK-00064,CRM-2250,MOB-4074,duplicates
LINK-00065,BI-1132,CRM-4313,relates to
LINK-00066,ERP-981,CLOUD-324,blocks
LINK-00067,MOB-3354,ERP-2036,relates to
LINK-00068,CRM-1878,ECOM-4880,relates to
LINK-00069,CLOUD-1405,BANK-397,blocks
LINK-00070,ECOM-1397,CRM-3895,is duplicated by
LINK-00071,ERP-3388,BANK-498,is blocked by
LINK-00072,SEC-1728,BI-2147,is blocked by
LINK-00073,ERP-735,BANK-2822,is duplicated by
LINK-00074,SEC-2780,CLOUD-2251,duplicates
LINK-00075,MOB-556,PORTAL-693,is blocked by
LINK-00076,BI-2230,CRM-1713,is duplicated by
LINK-00077,SEC-432,BANK-3119,blocks
LINK-00078,ECOM-3986,ECOM-3858,blocks
LINK-00079,DATA-1693,PORTAL-568,is blocked by
LINK-00080,CRM-654,CRM-2065,is blocked by
LINK-00081,ERP-3876,BI-3549,is blocked by
LINK-00082,ECOM-1029,CRM-2724,is duplicated by
LINK-00083,MOB-1839,ECOM-1823,is duplicated by
LINK-00084,CLOUD-1155,PORTAL-2709,relates to
LINK-00085,MOB-1432,BI-3242,is duplicated by
LINK-00086,CRM-3714,BANK-2899,blocks
LINK-00087,CRM-1671,CRM-681,duplicates
LINK-00088,ECOM-655,MOB-96,is blocked by
LINK-00089,ERP-257,PORTAL-23,is duplicated by
LINK-00090,SEC-3379,CLOUD-3623,is blocked by
LINK-00091,BANK-387,CRM-344,blocks
LINK-00092,CRM-3805,DATA-1592,is blocked by
LINK-00093,BI-4088,MOB-1422,is blocked by
LINK-00094,PORTAL-2220,ERP-1040,blocks
LINK-00095,BANK-1688,BANK-81,relates to
LINK-00096,SEC-2773,MOB-667,is blocked by
LINK-00097,CLOUD-2308,CLOUD-3787,duplicates
LINK-00098,CLOUD-715,ECOM-1507,is duplicated by
LINK-00099,CLOUD-2761,ECOM-2166,is blocked by
LINK-00100,CRM-3266,ECOM-3065,duplicates
LINK-00101,CRM-1451,SEC-3315,relates to
LINK-00102,MOB-4774,ECOM-4099,duplicates
LINK-00103,BI-2763,SEC-7,relates to
LINK-00104,SEC-1757,MOB-3828,is blocked by
LINK-00105,DATA-3626,CRM-3476,relates to
LINK-00106,DATA-4524,PORTAL-4614,duplicates
LINK-00107,CLOUD-3499,BI-161,relates to
LINK-00108,PORTAL-1480,DATA-2431,is duplicated by
LINK-00109,SEC-2163,CRM-335,blocks
LINK-00110,ERP-181,ECOM-456,duplicates
LINK-00111,CRM-1488,ERP-1367,blocks
LINK-00112,ECOM-1164,PORTAL-979,duplicates
LINK-00113,BANK-4207,ECOM-3047,is blocked by
LINK-00114,ERP-3376,MOB-2725,duplicates
LINK-00115,ERP-2058,ERP-1723,duplicates
LINK-00116,BANK-4687,BANK-1312,relates to
LINK-00117,MOB-3078,ECOM-2942,is blocked by
LINK-00118,ERP-3592,ERP-3437,duplicates
LINK-00119,MOB-1158,ECOM-1152,is blocked by
LINK-00120,PORTAL-2254,ECOM-845,is duplicated by
LINK-00121,CRM-2118,PORTAL-1571,relates to
LINK-00122,BANK-3757,ECOM-964,blocks
LINK-00123,CRM-3581,PORTAL-580,blocks
LINK-00124,SEC-2439,SEC-1631,is blocked by
LINK-00125,DATA-4872,DATA-1992,blocks
LINK-00126,DATA-2094,CLOUD-1773,duplicates
LINK-00127,ECOM-1752,MOB-4785,relates to
LINK-00128,PORTAL-1765,DATA-4190,relates to
LINK-00129,DATA-2649,CRM-1611,duplicates
LINK-00130,SEC-1237,SEC-3433,is blocked by
LINK-00131,CLOUD-277,BANK-758,duplicates
LINK-00132,BI-3638,ERP-3822,relates to
LINK-00133,ECOM-2219,BANK-245,relates to
LINK-00134,SEC-95,MOB-2658,relates to
LINK-00135,PORTAL-3350,SEC-4886,blocks
LINK-00136,PORTAL-1807,BANK-3765,blocks
LINK-00137,PORTAL-1738,SEC-4737,blocks
LINK-00138,BANK-3862,ECOM-3087,relates to
LINK-00139,CLOUD-2045,PORTAL-4474,duplicates
LINK-00140,MOB-812,MOB-1111,is blocked by
LINK-00141,BANK-3324,ERP-897,blocks
LINK-00142,ERP-935,ERP-1725,is duplicated by
LINK-00143,BANK-3932,DATA-4692,is blocked by
LINK-00144,ERP-4596,MOB-209,is duplicated by
LINK-00145,MOB-603,SEC-4994,blocks
LINK-00146,BI-776,DATA-3009,duplicates
LINK-00147,SEC-1103,ERP-2746,is duplicated by
LINK-00148,BI-2500,CRM-4916,relates to
LINK-00149,PORTAL-3866,DATA-3567,is duplicated by
LINK-00150,ECOM-2457,MOB-4212,relates to
LINK-00151,SEC-2923,ERP-2181,duplicates
LINK-00152,SEC-1230,PORTAL-616,is blocked by
LINK-00153,BI-563,BI-3738,blocks
LINK-00154,ERP-2996,CRM-4276,relates to
LINK-00155,BI-2883,BI-1809,is duplicated by
LINK-00156,BANK-3547,MOB-2475,duplicates
LINK-00157,BANK-3991,BI-3671,is duplicated by
LINK-00158,BI-1273,SEC-1916,blocks
LINK-00159,MOB-3041,ERP-459,is blocked by
LINK-00160,MOB-487,PORTAL-2723,blocks
LINK-00161,ERP-438,ECOM-473,blocks
LINK-00162,DATA-629,CRM-103,is blocked by
LINK-00163,SEC-2609,ECOM-1686,is blocked by
LINK-00164,PORTAL-2913,PORTAL-4399,blocks
LINK-00165,PORTAL-1928,SEC-5000,is duplicated by
LINK-00166,BANK-1593,ERP-1853,blocks
LINK-00167,ECOM-3847,BANK-4037,is duplicated by
LINK-00168,BANK-1808,ERP-1978,blocks
LINK-00169,ERP-484,MOB-3767,blocks
LINK-00170,CRM-2378,ERP-3233,relates to
LINK-00171,CRM-1606,MOB-4126,relates to
LINK-00172,ERP-754,PORTAL-4713,blocks
LINK-00173,DATA-1101,PORTAL-2938,duplicates
LINK-00174,MOB-2340,ERP-4492,is blocked by
LINK-00175,SEC-414,PORTAL-3152,is blocked by
LINK-00176,BI-623,SEC-3778,is blocked by
LINK-00177,CRM-4937,CRM-1366,is blocked by
LINK-00178,SEC-1919,CLOUD-311,is duplicated by
LINK-00179,CLOUD-3038,CLOUD-541,is duplicated by
LINK-00180,PORTAL-3753,MOB-4620,is blocked by
LINK-00181,CLOUD-2411,DATA-792,blocks
LINK-00182,SEC-4020,ERP-411,is blocked by
LINK-00183,MOB-4277,BANK-2470,relates to
LINK-00184,CRM-3457,MOB-4195,blocks
LINK-00185,ECOM-3974,CRM-2115,is duplicated by
LINK-00186,BI-4729,BI-527,duplicates
LINK-00187,BANK-2607,SEC-1510,duplicates
LINK-00188,CRM-1098,ERP-507,is blocked by
LINK-00189,DATA-811,BANK-4671,is blocked by
LINK-00190,BANK-2096,CLOUD-601,is blocked by
LINK-00191,MOB-2881,MOB-4237,blocks
LINK-00192,MOB-4381,ERP-4346,blocks
LINK-00193,BI-960,CLOUD-3756,is duplicated by
LINK-00194,SEC-2173,ECOM-4079,blocks
LINK-00195,ERP-3816,MOB-4930,duplicates
LINK-00196,ECOM-2127,CRM-425,duplicates
LINK-00197,ECOM-4707,CRM-625,duplicates
LINK-00198,BANK-4900,ECOM-4206,is duplicated by
LINK-00199,MOB-1668,SEC-3026,duplicates
LINK-00200,DATA-3011,PORTAL-1316,is blocked by
LINK-00201,CLOUD-1893,DATA-1506,is duplicated by
LINK-00202,ECOM-2522,BI-1064,duplicates
LINK-00203,CLOUD-1629,CRM-1377,duplicates
LINK-00204,BI-1184,ECOM-1436,is blocked by
LINK-00205,BI-1054,ECOM-401,is duplicated by
LINK-00206,CRM-4827,SEC-418,is duplicated by
LINK-00207,SEC-4327,BI-3498,blocks
LINK-00208,ERP-462,PORTAL-4304,duplicates
LINK-00209,DATA-361,CRM-170,is blocked by
LINK-00210,ERP-126,PORTAL-865,relates to
LINK-00211,CLOUD-3314,MOB-1144,blocks
LINK-00212,MOB-1322,ERP-4326,duplicates
LINK-00213,BI-623,PORTAL-4388,duplicates
LINK-00214,MOB-2055,CRM-1056,relates to
LINK-00215,ECOM-1001,MOB-736,relates to
LINK-00216,MOB-4367,CLOUD-3675,is blocked by
LINK-00217,PORTAL-3355,PORTAL-4867,is blocked by
LINK-00218,ERP-3881,BI-3215,is duplicated by
LINK-00219,BI-1284,DATA-3235,duplicates
LINK-00220,SEC-4668,BANK-2408,blocks
LINK-00221,ECOM-4232,CRM-4376,is blocked by
LINK-00222,MOB-3300,CLOUD-4758,duplicates
LINK-00223,PORTAL-3152,ERP-1816,is blocked by
LINK-00224,BI-3885,BANK-914,duplicates
LINK-00225,CLOUD-2462,ERP-897,blocks
LINK-00226,SEC-4165,MOB-4610,duplicates
LINK-00227,MOB-3464,MOB-3008,relates to
LINK-00228,BANK-1968,DATA-251,blocks
LINK-00229,BI-3029,DATA-1445,is blocked by
LINK-00230,BANK-1957,ECOM-4294,duplicates
LINK-00231,CRM-2118,SEC-1958,relates to
LINK-00232,ECOM-3263,ECOM-1854,is blocked by
LINK-00233,CLOUD-2052,BANK-4378,blocks
LINK-00234,CRM-2200,BANK-720,is duplicated by
LINK-00235,CRM-4019,BI-3510,duplicates
LINK-00236,SEC-2928,BI-370,is duplicated by
LINK-00237,BANK-4370,CRM-3461,duplicates
LINK-00238,CRM-393,PORTAL-4983,is duplicated by
LINK-00239,PORTAL-4028,CLOUD-3615,is duplicated by
LINK-00240,CRM-3807,MOB-2214,is duplicated by
LINK-00241,CLOUD-1014,MOB-2499,is blocked by
LINK-00242,ERP-1048,ECOM-3882,is blocked by
LINK-00243,BI-2277,DATA-2122,relates to
LINK-00244,CLOUD-1022,SEC-642,relates to
LINK-00245,ERP-4571,MOB-1296,is duplicated by
LINK-00246,CLOUD-1372,CLOUD-1677,blocks
LINK-00247,ECOM-4133,SEC-895,is blocked by
LINK-00248,BANK-3265,PORTAL-2927,relates to
LINK-00249,SEC-2453,CRM-3417,is duplicated by
LINK-00250,BI-2763,ERP-3952,is blocked by
LINK-00251,BANK-4978,ECOM-2957,duplicates
LINK-00252,BANK-449,MOB-4647,is blocked by
LINK-00253,DATA-4021,MOB-483,duplicates
LINK-00254,BI-982,BANK-2170,blocks
LINK-00255,BI-3677,DATA-629,is duplicated by
LINK-00256,MOB-812,BI-1956,is blocked by
LINK-00257,BANK-2552,CRM-4988,blocks
LINK-00258,SEC-3191,PORTAL-4903,blocks
LINK-00259,BI-3966,ECOM-500,blocks
LINK-00260,CLOUD-1046,MOB-2192,is blocked by
LINK-00261,DATA-2244,PORTAL-2664,relates to
LINK-00262,PORTAL-4097,BI-4775,duplicates
LINK-00263,SEC-3633,SEC-4529,duplicates
LINK-00264,CLOUD-185,CLOUD-3296,is blocked by
LINK-00265,PORTAL-868,BANK-2880,relates to
LINK-00266,BANK-3129,ERP-1072,relates to
LINK-00267,SEC-2868,BANK-1883,is blocked by
LINK-00268,DATA-1999,BI-1769,blocks
LINK-00269,PORTAL-4753,SEC-663,is duplicated by
LINK-00270,ECOM-2374,SEC-2177,is duplicated by
LINK-00271,CRM-3943,SEC-4070,is duplicated by
LINK-00272,CLOUD-4617,PORTAL-4214,is blocked by
LINK-00273,MOB-4930,ERP-1160,duplicates
LINK-00274,SEC-325,ECOM-3181,duplicates
LINK-00275,BANK-2354,PORTAL-1375,blocks
LINK-00276,BANK-1232,ERP-290,is blocked by
LINK-00277,ERP-4314,PORTAL-2580,is blocked by
LINK-00278,CLOUD-1762,SEC-1778,relates to
LINK-00279,ERP-220,ERP-1634,relates to
LINK-00280,CLOUD-1402,ECOM-2166,duplicates
LINK-00281,BI-1301,DATA-2805,duplicates
LINK-00282,CLOUD-3392,SEC-3201,is blocked by
LINK-00283,SEC-4751,CLOUD-4799,is duplicated by
LINK-00284,CLOUD-4236,MOB-4517,is blocked by
LINK-00285,DATA-907,PORTAL-3081,is duplicated by
LINK-00286,DATA-1302,BI-1423,duplicates
LINK-00287,MOB-2866,DATA-4247,is duplicated by
LINK-00288,ERP-42,ERP-2211,relates to
LINK-00289,ECOM-4297,DATA-2680,is duplicated by
LINK-00290,MOB-3734,ECOM-4373,duplicates
LINK-00291,ERP-173,CLOUD-4408,relates to
LINK-00292,MOB-2409,ECOM-1899,duplicates
LINK-00293,PORTAL-955,DATA-697,blocks
LINK-00294,ECOM-4929,CRM-4889,is blocked by
LINK-00295,CRM-4860,CLOUD-2686,relates to
LINK-00296,BI-4228,BI-2966,is duplicated by
LINK-00297,ERP-4050,MOB-4785,is blocked by
LINK-00298,BI-1273,SEC-3949,blocks
LINK-00299,SEC-4794,MOB-143,relates to
LINK-00300,ERP-3437,BANK-3492,blocks
LINK-00301,PORTAL-415,CRM-2834,duplicates
LINK-00302,DATA-4,SEC-3898,duplicates
LINK-00303,MOB-3672,BANK-3492,is blocked by
LINK-00304,CLOUD-3945,BANK-4640,is duplicated by
LINK-00305,BI-776,PORTAL-930,is blocked by
LINK-00306,BI-4455,BI-3546,relates to
LINK-00307,ERP-1403,BI-1143,is blocked by
LINK-00308,DATA-1295,DATA-251,is duplicated by
LINK-00309,BI-2395,ERP-1197,relates to
LINK-00310,MOB-1144,PORTAL-2666,is duplicated by
LINK-00311,CLOUD-3915,BI-4542,relates to
LINK-00312,BANK-4421,SEC-1490,is duplicated by
LINK-00313,ERP-3411,PORTAL-3806,is duplicated by
LINK-00314,MOB-377,DATA-3668,duplicates
LINK-00315,CLOUD-340,CRM-3479,relates to
LINK-00316,CLOUD-608,MOB-4052,duplicates
LINK-00317,ECOM-241,MOB-3147,is blocked by
LINK-00318,BANK-4389,BANK-2668,duplicates
LINK-00319,DATA-1101,ECOM-2520,duplicates
LINK-00320,CRM-1410,BANK-2488,blocks
LINK-00321,DATA-2262,DATA-819,blocks
LINK-00322,MOB-3808,BI-3590,blocks
LINK-00323,CLOUD-2561,MOB-4835,blocks
LINK-00324,ECOM-1959,DATA-3430,blocks
LINK-00325,BANK-4480,CRM-2655,is duplicated by
LINK-00326,CLOUD-1465,BANK-106,blocks
LINK-00327,PORTAL-4388,BI-3386,blocks
LINK-00328,MOB-784,SEC-2433,duplicates
LINK-00329,CLOUD-959,BANK-3160,is duplicated by
LINK-00330,ERP-1057,DATA-3133,is blocked by
LINK-00331,BI-3401,BI-2908,relates to
LINK-00332,BI-3074,BANK-914,is duplicated by
LINK-00333,CRM-1659,PORTAL-2570,blocks
LINK-00334,CLOUD-1469,BI-1846,is blocked by
LINK-00335,CLOUD-1748,BI-518,duplicates
LINK-00336,ERP-1294,ECOM-1255,is blocked by
LINK-00337,DATA-2853,PORTAL-2438,relates to
LINK-00338,CLOUD-324,MOB-557,duplicates
LINK-00339,SEC-3303,CLOUD-311,relates to
LINK-00340,CRM-816,BI-2495,duplicates
LINK-00341,MOB-3821,CRM-4271,duplicates
LINK-00342,BI-1786,BANK-4227,blocks
LINK-00343,CRM-2594,MOB-3754,relates to
LINK-00344,DATA-2285,DATA-534,blocks
LINK-00345,SEC-1916,CRM-1861,is blocked by
LINK-00346,ECOM-4578,BI-1809,duplicates
LINK-00347,MOB-4545,BANK-2323,blocks
LINK-00348,CLOUD-62,ERP-4756,is blocked by
LINK-00349,BI-3500,BANK-613,relates to
LINK-00350,BANK-2506,CLOUD-4321,is blocked by
LINK-00351,CRM-141,PORTAL-997,relates to
LINK-00352,MOB-2980,SEC-3433,duplicates
LINK-00353,CRM-2099,PORTAL-2927,is blocked by
LINK-00354,BANK-2541,BANK-1311,is duplicated by
LINK-00355,MOB-1270,CRM-3037,is duplicated by
LINK-00356,SEC-7,PORTAL-1589,duplicates
LINK-00357,BI-3125,PORTAL-1257,relates to
LINK-00358,SEC-1265,ECOM-2238,duplicates
LINK-00359,PORTAL-3092,ERP-3073,relates to
LINK-00360,CRM-1697,DATA-610,is blocked by
LINK-00361,CRM-816,BANK-749,is blocked by
LINK-00362,DATA-3274,MOB-4693,is blocked by
LINK-00363,BANK-993,ECOM-2239,is blocked by
LINK-00364,DATA-4068,CRM-3843,is blocked by
LINK-00365,BI-2429,CLOUD-4829,blocks
LINK-00366,ERP-50,ECOM-2788,is blocked by
LINK-00367,ECOM-2492,CRM-1536,blocks
LINK-00368,CLOUD-1670,ECOM-1477,relates to
LINK-00369,CLOUD-4741,DATA-3741,is blocked by
LINK-00370,DATA-3536,DATA-3837,relates to
LINK-00371,MOB-1660,ERP-2347,is duplicated by
LINK-00372,DATA-4504,PORTAL-676,duplicates
LINK-00373,CRM-2791,SEC-5000,is blocked by
LINK-00374,BANK-863,DATA-363,blocks
LINK-00375,ERP-1260,BI-1496,relates to
LINK-00376,DATA-4358,ERP-1870,relates to
LINK-00377,SEC-3323,CLOUD-203,is duplicated by
LINK-00378,PORTAL-2802,PORTAL-997,relates to
LINK-00379,CRM-674,ERP-2047,is blocked by
LINK-00380,PORTAL-4225,ECOM-1477,is blocked by
LINK-00381,ECOM-2240,CRM-2250,relates to
LINK-00382,ECOM-1041,PORTAL-2297,duplicates
LINK-00383,ECOM-1472,ECOM-2352,relates to
LINK-00384,CLOUD-715,CLOUD-4636,relates to
LINK-00385,PORTAL-2129,BANK-3129,is blocked by
LINK-00386,DATA-3533,BANK-2028,is duplicated by
LINK-00387,CRM-2647,ERP-3366,is blocked by
LINK-00388,CRM-3333,SEC-635,is blocked by
LINK-00389,ECOM-905,ECOM-1993,is duplicated by
LINK-00390,CRM-1218,DATA-534,blocks
LINK-00391,PORTAL-4028,ECOM-4423,is duplicated by
LINK-00392,ERP-2419,ECOM-1783,duplicates
LINK-00393,PORTAL-2242,MOB-3844,is duplicated by
LINK-00394,PORTAL-1239,ECOM-4541,is duplicated by
LINK-00395,ECOM-4665,BANK-2688,is blocked by
LINK-00396,CLOUD-1155,CLOUD-4530,is duplicated by
LINK-00397,ECOM-1834,MOB-3134,is blocked by
LINK-00398,BI-3593,ERP-4756,is blocked by
LINK-00399,ECOM-1854,CLOUD-107,blocks
LINK-00400,MOB-1787,CRM-3707,is duplicated by
LINK-00401,CLOUD-4469,BANK-4462,duplicates
LINK-00402,BANK-4560,ECOM-1032,is blocked by
LINK-00403,SEC-1376,BI-2921,is blocked by
LINK-00404,PORTAL-2321,BANK-1153,is blocked by
LINK-00405,CRM-3247,BI-2544,duplicates
LINK-00406,CLOUD-3427,CLOUD-227,blocks
LINK-00407,CRM-654,BI-2048,is blocked by
LINK-00408,CLOUD-2037,PORTAL-2666,blocks
LINK-00409,PORTAL-1429,MOB-744,is blocked by
LINK-00410,PORTAL-2847,DATA-805,is blocked by
LINK-00411,ERP-2472,CLOUD-4311,duplicates
LINK-00412,DATA-4975,BANK-428,is blocked by
LINK-00413,DATA-3741,ECOM-1879,is duplicated by
LINK-00414,SEC-3709,BANK-3424,is duplicated by
LINK-00415,ECOM-246,SEC-4391,is duplicated by
LINK-00416,SEC-4668,ECOM-2474,is blocked by
LINK-00417,ECOM-273,DATA-3162,relates to
LINK-00418,ECOM-497,CLOUD-1136,relates to
LINK-00419,CLOUD-1155,CRM-4233,is duplicated by
LINK-00420,BANK-749,CRM-157,duplicates
LINK-00421,BI-1920,BI-43,is blocked by
LINK-00422,ECOM-751,ECOM-3181,duplicates
LINK-00423,SEC-2034,BI-1585,is blocked by
LINK-00424,SEC-652,CLOUD-1418,blocks
LINK-00425,DATA-3393,SEC-4840,blocks
LINK-00426,BANK-1767,CLOUD-4196,relates to
LINK-00427,ECOM-2931,MOB-1613,is blocked by
LINK-00428,SEC-175,BANK-4156,relates to
LINK-00429,SEC-4275,SEC-2177,duplicates
LINK-00430,ERP-4091,SEC-2342,is duplicated by
LINK-00431,CLOUD-442,DATA-3186,is duplicated by
LINK-00432,BI-40,SEC-2845,blocks
LINK-00433,BANK-114,SEC-3143,relates to
LINK-00434,MOB-3240,MOB-1432,is duplicated by
LINK-00435,MOB-1802,PORTAL-4076,duplicates
LINK-00436,PORTAL-1110,SEC-1,relates to
LINK-00437,SEC-414,DATA-3405,duplicates
LINK-00438,ECOM-632,ERP-1978,is duplicated by
LINK-00439,CLOUD-4012,BI-4632,is duplicated by
LINK-00440,ECOM-2708,CLOUD-2487,blocks
LINK-00441,PORTAL-2913,SEC-1580,blocks
LINK-00442,SEC-5000,BI-2187,blocks
LINK-00443,SEC-3118,BI-3785,relates to
LINK-00444,CRM-2229,ERP-4944,duplicates
LINK-00445,SEC-4840,PORTAL-1807,is duplicated by
LINK-00446,SEC-4167,BANK-1153,duplicates
LINK-00447,SEC-1935,BI-2361,is blocked by
LINK-00448,BI-848,ECOM-4350,blocks
LINK-00449,SEC-1459,ERP-585,is blocked by
LINK-00450,CRM-188,BI-4775,is blocked by
LINK-00451,BANK-2628,CRM-3530,is duplicated by
LINK-00452,BANK-3160,BANK-1965,blocks
LINK-00453,DATA-4092,BANK-2284,duplicates
LINK-00454,BI-1970,BI-4554,is duplicated by
LINK-00455,CLOUD-375,BI-3942,is blocked by
LINK-00456,CRM-343,SEC-1580,blocks
LINK-00457,DATA-3567,BI-1898,relates to
LINK-00458,BI-2969,ECOM-4828,blocks
LINK-00459,DATA-881,ECOM-4112,relates to
LINK-00460,CLOUD-4638,DATA-3166,blocks
LINK-00461,SEC-4327,ERP-2489,relates to
LINK-00462,BANK-1593,CRM-1719,is blocked by
LINK-00463,MOB-4084,MOB-4826,is blocked by
LINK-00464,SEC-369,MOB-4029,relates to
LINK-00465,MOB-1555,MOB-357,blocks
LINK-00466,ERP-3584,DATA-3286,duplicates
LINK-00467,MOB-1581,MOB-1802,duplicates
LINK-00468,MOB-3185,ECOM-3891,is blocked by
LINK-00469,ERP-1294,BI-2386,is blocked by
LINK-00470,BANK-4370,DATA-1693,relates to
LINK-00471,BANK-4176,PORTAL-4557,relates to
LINK-00472,CLOUD-1364,CRM-2115,blocks
LINK-00473,SEC-4673,CLOUD-986,blocks
LINK-00474,CRM-809,DATA-3312,blocks
LINK-00475,ERP-893,CLOUD-2412,duplicates
LINK-00476,DATA-1704,SEC-101,relates to
LINK-00477,SEC-4752,BANK-3289,duplicates
LINK-00478,ERP-2160,MOB-1575,blocks
LINK-00479,CLOUD-3710,MOB-2610,is blocked by
LINK-00480,DATA-332,DATA-2754,is duplicated by
LINK-00481,CLOUD-4040,MOB-3136,relates to
LINK-00482,ERP-4513,MOB-3041,blocks
LINK-00483,BANK-397,ECOM-239,is duplicated by
LINK-00484,BI-1655,SEC-2923,relates to
LINK-00485,PORTAL-199,ERP-205,is duplicated by
LINK-00486,ECOM-2486,CRM-434,blocks
LINK-00487,BI-1284,BI-1865,is duplicated by
LINK-00488,SEC-3145,ECOM-3117,duplicates
LINK-00489,SEC-4764,SEC-1265,is duplicated by
LINK-00490,PORTAL-2790,DATA-4317,is blocked by
LINK-00491,CRM-378,BI-3391,is blocked by
LINK-00492,MOB-3150,PORTAL-3425,blocks
LINK-00493,SEC-4070,BI-628,relates to
LINK-00494,ECOM-3670,CRM-4204,relates to
LINK-00495,BI-2151,CLOUD-3140,duplicates
LINK-00496,PORTAL-1408,CLOUD-4714,relates to
LINK-00497,PORTAL-168,BI-2434,is blocked by
LINK-00498,CLOUD-3478,CLOUD-3632,relates to
LINK-00499,PORTAL-1115,SEC-467,is duplicated by
LINK-00500,BI-686,ERP-3693,duplicates
LINK-00501,MOB-3297,ERP-4685,relates to
LINK-00502,CRM-3805,BI-4291,is duplicated by
LINK-00503,BANK-1636,CLOUD-3287,is duplicated by
LINK-00504,DATA-355,ECOM-3726,is blocked by
LINK-00505,CLOUD-2545,MOB-965,is blocked by
LINK-00506,MOB-1546,PORTAL-2468,duplicates
LINK-00507,SEC-2814,PORTAL-1646,is duplicated by
LINK-00508,BI-3383,BANK-455,is duplicated by
LINK-00509,BANK-3862,BANK-2698,duplicates
LINK-00510,PORTAL-3473,CRM-1218,is blocked by
LINK-00511,PORTAL-1453,CLOUD-1712,is duplicated by
LINK-00512,BANK-3006,CLOUD-1404,is duplicated by
LINK-00513,ECOM-3891,ERP-3644,duplicates
LINK-00514,PORTAL-4303,BANK-4227,is duplicated by
LINK-00515,ERP-55,BI-3550,duplicates
LINK-00516,CLOUD-2545,MOB-4943,blocks
LINK-00517,CLOUD-1904,BI-1350,blocks
LINK-00518,PORTAL-1105,MOB-1802,is duplicated by
LINK-00519,ECOM-2631,CLOUD-3038,relates to
LINK-00520,ECOM-3670,ERP-3216,is duplicated by
LINK-00521,SEC-3164,BANK-110,blocks
LINK-00522,BI-3659,PORTAL-1395,blocks
LINK-00523,BI-4455,ERP-1258,blocks
LINK-00524,PORTAL-4662,BI-4104,is blocked by
LINK-00525,CLOUD-3575,BI-1054,blocks
LINK-00526,PORTAL-3553,CRM-2791,is duplicated by
LINK-00527,ERP-3402,CRM-4127,relates to
LINK-00528,DATA-4179,PORTAL-4579,is blocked by
LINK-00529,PORTAL-1807,CLOUD-3665,duplicates
LINK-00530,BI-3667,MOB-3240,blocks
LINK-00531,PORTAL-890,BANK-4305,is blocked by
LINK-00532,SEC-659,ERP-58,duplicates
LINK-00533,PORTAL-4067,SEC-4154,blocks
LINK-00534,PORTAL-2588,SEC-1819,relates to
LINK-00535,CRM-1382,CRM-3044,duplicates
LINK-00536,MOB-1842,CLOUD-2103,is duplicated by
LINK-00537,BI-662,CRM-3530,relates to
LINK-00538,MOB-2670,ERP-272,blocks
LINK-00539,SEC-2773,ERP-2058,blocks
LINK-00540,ECOM-1436,ECOM-2762,is blocked by
LINK-00541,CLOUD-144,ERP-2512,duplicates
LINK-00542,BANK-3784,SEC-4755,duplicates
LINK-00543,SEC-3737,ERP-2337,relates to
LINK-00544,BANK-694,BANK-3163,is blocked by
LINK-00545,ERP-3245,SEC-783,is duplicated by
LINK-00546,PORTAL-1239,CRM-4827,is duplicated by
LINK-00547,SEC-4069,PORTAL-598,is duplicated by
LINK-00548,DATA-4476,BANK-2110,duplicates
LINK-00549,CRM-2229,BANK-4931,is blocked by
LINK-00550,MOB-2484,MOB-2351,duplicates
LINK-00551,SEC-3739,SEC-3911,is blocked by
LINK-00552,BANK-2110,BI-1951,is blocked by
LINK-00553,MOB-2796,BANK-2233,duplicates
LINK-00554,MOB-4237,BANK-2368,duplicates
LINK-00555,ERP-1069,CRM-1890,relates to
LINK-00556,BI-207,ECOM-1090,relates to
LINK-00557,CLOUD-3988,DATA-4644,relates to
LINK-00558,BI-2883,DATA-1280,is duplicated by
LINK-00559,SEC-3911,PORTAL-2004,is duplicated by
LINK-00560,PORTAL-4662,BI-4486,is blocked by
LINK-00561,SEC-5000,MOB-2379,is blocked by
LINK-00562,CLOUD-4704,DATA-4190,relates to
LINK-00563,MOB-4045,MOB-606,is blocked by
LINK-00564,BI-2410,ECOM-266,is blocked by
LINK-00565,SEC-1551,BANK-2859,relates to
LINK-00566,SEC-4086,PORTAL-4474,is blocked by
LINK-00567,MOB-4965,MOB-4215,duplicates
LINK-00568,CRM-1486,ERP-3951,duplicates
LINK-00569,SEC-3039,ECOM-3802,blocks
LINK-00570,CLOUD-4217,CLOUD-2148,relates to
LINK-00571,SEC-3086,CRM-1218,blocks
LINK-00572,BANK-1304,MOB-4965,relates to
LINK-00573,DATA-1190,PORTAL-2723,relates to
LINK-00574,BANK-4462,DATA-1981,duplicates
LINK-00575,ERP-3524,BANK-4786,is duplicated by
LINK-00576,ERP-2405,ECOM-4593,relates to
LINK-00577,BANK-3053,CLOUD-718,is blocked by
LINK-00578,CRM-4624,ERP-1847,blocks
LINK-00579,CRM-1524,BI-3774,is blocked by
LINK-00580,BANK-4519,DATA-3133,blocks
LINK-00581,MOB-1120,BI-3780,is duplicated by
LINK-00582,PORTAL-1539,ERP-396,duplicates
LINK-00583,MOB-2459,PORTAL-3508,is blocked by
LINK-00584,ECOM-4915,BI-4623,relates to
LINK-00585,BI-4455,ECOM-4955,blocks
LINK-00586,BI-3469,MOB-744,relates to
LINK-00587,SEC-407,CRM-2919,relates to
LINK-00588,DATA-996,CLOUD-1022,is blocked by
LINK-00589,BI-1956,BI-3980,relates to
LINK-00590,CLOUD-3988,BI-2188,is blocked by
LINK-00591,BI-186,CLOUD-740,blocks
LINK-00592,ERP-2050,MOB-1829,blocks
LINK-00593,ERP-4181,BANK-4980,blocks
LINK-00594,ERP-1179,MOB-492,blocks
LINK-00595,CLOUD-4771,ERP-137,relates to
LINK-00596,DATA-4476,ERP-1832,is duplicated by
LINK-00597,SEC-2828,ECOM-4657,is duplicated by
LINK-00598,CLOUD-238,CRM-1427,is duplicated by
LINK-00599,CLOUD-1632,CRM-2834,is blocked by
LINK-00600,MOB-3930,CLOUD-608,is duplicated by
LINK-00601,DATA-3818,SEC-2567,blocks
LINK-00602,BI-838,CLOUD-1692,relates to
LINK-00603,CLOUD-3483,CRM-1717,is duplicated by
LINK-00604,BANK-3845,ERP-1048,duplicates
LINK-00605,DATA-4476,DATA-3544,duplicates
LINK-00606,BANK-394,ECOM-3601,is blocked by
LINK-00607,ECOM-3470,PORTAL-1790,is duplicated by
LINK-00608,SEC-951,DATA-2095,blocks
LINK-00609,CLOUD-3762,MOB-1393,duplicates
LINK-00610,SEC-1217,SEC-2069,blocks
LINK-00611,MOB-4354,ECOM-1336,duplicates
LINK-00612,MOB-732,ERP-3376,relates to
LINK-00613,CRM-4916,ECOM-2631,blocks
LINK-00614,BI-2816,BI-1894,duplicates
LINK-00615,ECOM-1879,ECOM-1823,relates to
LINK-00616,ECOM-2551,BI-2410,is duplicated by
LINK-00617,CRM-2554,CRM-915,is blocked by
LINK-00618,PORTAL-4597,SEC-2069,blocks
LINK-00619,PORTAL-3905,ECOM-3926,duplicates
LINK-00620,BANK-802,CLOUD-715,relates to
LINK-00621,DATA-2259,CRM-1473,relates to
LINK-00622,ERP-3745,MOB-3859,is blocked by
LINK-00623,BANK-4432,CLOUD-1424,duplicates
LINK-00624,ERP-4326,ECOM-3642,is duplicated by
LINK-00625,CLOUD-2634,ERP-1680,is blocked by
LINK-00626,CLOUD-229,ERP-417,blocks
LINK-00627,SEC-3621,BI-908,relates to
LINK-00628,DATA-3779,PORTAL-4479,blocks
LINK-00629,ERP-2415,MOB-3934,blocks
LINK-00630,SEC-4391,ERP-3000,blocks
LINK-00631,SEC-3954,DATA-3628,is blocked by
LINK-00632,ECOM-2526,DATA-4863,blocks
LINK-00633,MOB-1120,DATA-2623,blocks
LINK-00634,DATA-3451,BANK-1298,is duplicated by
LINK-00635,MOB-1656,MOB-3821,blocks
LINK-00636,MOB-3150,CLOUD-4299,duplicates
LINK-00637,SEC-2342,ECOM-172,duplicates
LINK-00638,PORTAL-2071,CLOUD-2523,duplicates
LINK-00639,CLOUD-2924,ECOM-2957,is blocked by
LINK-00640,CRM-3707,CRM-1574,blocks
LINK-00641,CLOUD-1695,MOB-1625,is blocked by
LINK-00642,MOB-1151,CLOUD-4245,relates to
LINK-00643,PORTAL-2128,DATA-657,is blocked by
LINK-00644,ECOM-4407,ECOM-3971,is duplicated by
LINK-00645,ECOM-3058,BI-1998,duplicates
LINK-00646,DATA-2558,SEC-4093,duplicates
LINK-00647,SEC-4167,MOB-4404,duplicates
LINK-00648,CRM-3759,PORTAL-255,relates to
LINK-00649,CLOUD-1125,MOB-747,is duplicated by
LINK-00650,ERP-3876,ECOM-3453,is blocked by
LINK-00651,CLOUD-1465,DATA-3965,blocks
LINK-00652,PORTAL-2961,MOB-4158,blocks
LINK-00653,DATA-610,BI-823,is blocked by
LINK-00654,SEC-3911,ERP-3976,blocks
LINK-00655,PORTAL-197,MOB-3918,blocks
LINK-00656,MOB-4814,BI-2985,is duplicated by
LINK-00657,MOB-835,BI-2353,is duplicated by
LINK-00658,MOB-1456,PORTAL-4136,blocks
LINK-00659,ERP-588,CLOUD-647,relates to
LINK-00660,CLOUD-3675,CRM-4670,is duplicated by
LINK-00661,DATA-860,BI-1066,blocks
LINK-00662,CRM-4390,DATA-2669,blocks
LINK-00663,BI-527,CRM-362,is blocked by
LINK-00664,BI-3351,BI-2418,is blocked by
LINK-00665,BI-4982,BANK-987,duplicates
LINK-00666,DATA-3544,DATA-2857,blocks
LINK-00667,DATA-4180,SEC-3949,blocks
LINK-00668,BI-3729,ERP-4781,is duplicated by
LINK-00669,CLOUD-4080,DATA-2525,relates to
LINK-00670,ERP-2618,SEC-2433,duplicates
LINK-00671,MOB-69,CLOUD-887,is duplicated by
LINK-00672,CRM-379,CRM-3619,duplicates
LINK-00673,CRM-4727,CLOUD-1715,duplicates
LINK-00674,SEC-2537,BANK-3148,relates to
LINK-00675,BI-1240,PORTAL-3656,is duplicated by
LINK-00676,ERP-3327,ECOM-2972,duplicates
LINK-00677,MOB-2825,CLOUD-817,relates to
LINK-00678,MOB-1801,SEC-269,is duplicated by
LINK-00679,CLOUD-4904,SEC-1877,is duplicated by
LINK-00680,BANK-2865,ECOM-808,is blocked by
LINK-00681,ERP-3952,DATA-4684,relates to
LINK-00682,CRM-2113,BANK-4260,duplicates
LINK-00683,ECOM-2503,BI-2386,is duplicated by
LINK-00684,ERP-1207,BI-2984,duplicates
LINK-00685,BANK-3526,BI-1706,duplicates
LINK-00686,CRM-3558,BANK-2628,duplicates
LINK-00687,PORTAL-4388,BI-1273,duplicates
LINK-00688,ERP-1763,ERP-173,duplicates
LINK-00689,ECOM-1430,ERP-126,relates to
LINK-00690,BI-3231,MOB-3859,is blocked by
LINK-00691,BI-1954,ECOM-3670,is blocked by
LINK-00692,SEC-1580,CRM-4282,relates to
LINK-00693,CRM-3158,BI-1170,blocks
LINK-00694,BANK-894,BANK-579,duplicates
LINK-00695,ECOM-3034,MOB-3394,relates to
LINK-00696,MOB-768,BI-2816,is blocked by
LINK-00697,BI-2471,ERP-2142,duplicates
LINK-00698,DATA-2283,ECOM-3735,blocks
LINK-00699,BANK-1982,DATA-1633,is duplicated by
LINK-00700,ECOM-1582,SEC-111,duplicates
LINK-00701,CLOUD-1200,BANK-1312,is blocked by
LINK-00702,BANK-2646,DATA-1220,is blocked by
LINK-00703,DATA-2481,ECOM-4546,blocks
LINK-00704,BI-1951,CLOUD-2728,blocks
LINK-00705,BI-2592,PORTAL-3367,relates to
LINK-00706,CRM-1474,BANK-3348,is blocked by
LINK-00707,BI-1203,DATA-4520,is blocked by
LINK-00708,PORTAL-415,CLOUD-3762,blocks
LINK-00709,ERP-3245,CLOUD-3823,is blocked by
LINK-00710,SEC-395,BANK-452,blocks
LINK-00711,PORTAL-3753,PORTAL-4512,blocks
LINK-00712,PORTAL-3144,ERP-961,blocks
LINK-00713,ERP-228,CRM-4992,duplicates
LINK-00714,ECOM-4547,BI-1786,is duplicated by
LINK-00715,SEC-101,BI-1168,relates to
LINK-00716,PORTAL-2563,BI-1301,blocks
LINK-00717,BI-1054,ERP-1447,blocks
LINK-00718,ECOM-2885,ERP-4970,is blocked by
LINK-00719,ERP-661,MOB-2272,is duplicated by
LINK-00720,BI-2672,BANK-3023,relates to
LINK-00721,ECOM-1477,ERP-3412,is duplicated by
LINK-00722,ERP-1300,BANK-4900,relates to
LINK-00723,PORTAL-2247,CRM-3707,blocks
LINK-00724,ERP-1814,DATA-534,is blocked by
LINK-00725,CLOUD-1202,PORTAL-4525,is blocked by
LINK-00726,SEC-1761,SEC-4884,is blocked by
LINK-00727,BI-2230,SEC-154,relates to
LINK-00728,SEC-4168,ERP-2714,blocks
LINK-00729,BI-2080,ERP-1955,blocks
LINK-00730,BI-3175,BI-2151,relates to
LINK-00731,CLOUD-558,MOB-1994,duplicates
LINK-00732,CLOUD-2280,BANK-109,duplicates
LINK-00733,PORTAL-4926,DATA-3107,is blocked by
LINK-00734,CRM-2101,MOB-932,relates to
LINK-00735,MOB-3297,BI-4820,relates to
LINK-00736,CLOUD-3443,ECOM-3338,is duplicated by
LINK-00737,DATA-3548,PORTAL-2044,duplicates
LINK-00738,PORTAL-2220,PORTAL-3020,is blocked by
LINK-00739,BANK-4598,SEC-439,relates to
LINK-00740,PORTAL-2580,DATA-3624,duplicates
LINK-00741,ERP-769,SEC-1281,duplicates
LINK-00742,BI-3671,MOB-3273,relates to
LINK-00743,SEC-4041,ERP-559,is blocked by
LINK-00744,SEC-4995,DATA-811,duplicates
LINK-00745,DATA-4692,ERP-265,is duplicated by
LINK-00746,CRM-3142,SEC-1146,relates to
LINK-00747,ECOM-2107,BI-3077,is blocked by
LINK-00748,BI-3551,MOB-3669,is duplicated by
LINK-00749,PORTAL-1227,PORTAL-3769,is blocked by
LINK-00750,MOB-1120,ECOM-4910,is blocked by
LINK-00751,ERP-3376,CRM-2162,relates to
LINK-00752,BANK-4278,ECOM-3155,relates to
LINK-00753,CLOUD-1748,ERP-55,relates to
LINK-00754,ECOM-2824,ECOM-142,is duplicated by
LINK-00755,DATA-3618,BI-1249,blocks
LINK-00756,ECOM-4746,MOB-398,blocks
LINK-00757,PORTAL-679,ERP-4875,blocks
LINK-00758,ERP-1609,BANK-1616,is duplicated by
LINK-00759,BI-2394,BANK-1564,relates to
LINK-00760,BI-4625,BANK-1312,duplicates
LINK-00761,CRM-4197,PORTAL-1793,blocks
LINK-00762,SEC-1510,ERP-813,blocks
LINK-00763,CRM-4313,MOB-3682,relates to
LINK-00764,BANK-3602,CLOUD-16,duplicates
LINK-00765,CLOUD-2148,CRM-4385,duplicates
LINK-00766,ECOM-3071,BI-3482,is duplicated by
LINK-00767,CLOUD-1566,BANK-2028,is blocked by
LINK-00768,CLOUD-4363,MOB-4029,duplicates
LINK-00769,MOB-3539,MOB-4981,relates to
LINK-00770,DATA-977,ERP-4721,is blocked by
LINK-00771,BANK-252,PORTAL-1753,blocks
LINK-00772,BI-3021,BANK-4260,duplicates
LINK-00773,MOB-1081,ECOM-2788,is duplicated by
LINK-00774,CRM-537,DATA-2134,is blocked by
LINK-00775,BANK-4893,BI-1812,relates to
LINK-00776,ERP-1901,DATA-920,blocks
LINK-00777,SEC-2578,ECOM-4885,is blocked by
LINK-00778,CRM-2282,PORTAL-3877,blocks
LINK-00779,CRM-745,CRM-2657,relates to
LINK-00780,CRM-4313,BI-403,is duplicated by
LINK-00781,CRM-1532,CRM-4300,duplicates
LINK-00782,BANK-2464,MOB-3672,relates to
LINK-00783,BI-4960,ECOM-2546,blocks
LINK-00784,BANK-204,BI-4936,is duplicated by
LINK-00785,SEC-4041,SEC-1142,relates to
LINK-00786,DATA-3878,CRM-675,is blocked by
LINK-00787,CLOUD-92,ERP-3245,is duplicated by
LINK-00788,PORTAL-3448,SEC-3813,relates to
LINK-00789,BI-4554,BANK-974,is blocked by
LINK-00790,ERP-3437,ECOM-3858,duplicates
LINK-00791,DATA-4962,PORTAL-4903,relates to
LINK-00792,BI-4436,BI-1256,is blocked by
LINK-00793,BI-3868,CRM-654,is duplicated by
LINK-00794,DATA-408,ECOM-4297,is duplicated by
LINK-00795,ECOM-3688,BI-3175,relates to
LINK-00796,ECOM-3576,BI-2783,duplicates
LINK-00797,PORTAL-4136,BI-3259,is duplicated by
LINK-00798,PORTAL-1213,CRM-4992,relates to
LINK-00799,PORTAL-4262,BANK-544,relates to
LINK-00800,BI-776,PORTAL-2704,relates to
LINK-00801,BANK-1449,MOB-3136,relates to
LINK-00802,MOB-1173,BI-2386,is blocked by
LINK-00803,PORTAL-4926,CRM-1861,duplicates
LINK-00804,ECOM-4828,SEC-2439,blocks
LINK-00805,ERP-411,SEC-4840,blocks
LINK-00806,SEC-4296,SEC-1694,is duplicated by
LINK-00807,SEC-4026,CRM-3699,duplicates
LINK-00808,BANK-2648,SEC-3634,relates to
LINK-00809,MOB-1866,CRM-4637,is duplicated by
LINK-00810,CLOUD-4163,MOB-1839,is blocked by
LINK-00811,BI-161,ERP-4850,is blocked by
LINK-00812,BANK-1817,DATA-2941,is blocked by
LINK-00813,ERP-1413,DATA-4692,is duplicated by
LINK-00814,DATA-847,BANK-502,relates to
LINK-00815,MOB-668,ECOM-3847,duplicates
LINK-00816,CLOUD-1762,ERP-1700,is duplicated by
LINK-00817,BI-1657,PORTAL-4136,relates to
LINK-00818,CLOUD-4771,CRM-1890,blocks
LINK-00819,BI-4253,CLOUD-1434,is duplicated by
LINK-00820,CLOUD-3427,PORTAL-2227,blocks
LINK-00821,CLOUD-1521,ECOM-4071,is duplicated by
LINK-00822,CLOUD-4161,CRM-550,duplicates
LINK-00823,BANK-3733,SEC-2858,relates to
LINK-00824,MOB-1456,ECOM-511,relates to
LINK-00825,ERP-4203,BANK-2729,is blocked by
LINK-00826,BANK-449,CRM-1524,is duplicated by
LINK-00827,BI-68,MOB-1441,is blocked by
LINK-00828,DATA-1042,ECOM-4705,is duplicated by
LINK-00829,ERP-893,CRM-1161,duplicates
LINK-00830,BANK-682,DATA-355,is blocked by
LINK-00831,PORTAL-598,SEC-3337,is duplicated by
LINK-00832,MOB-213,BANK-4444,is duplicated by
LINK-00833,PORTAL-997,ERP-4287,relates to
LINK-00834,MOB-430,DATA-3902,relates to
LINK-00835,DATA-3781,BANK-3757,blocks
LINK-00836,CRM-4768,ECOM-4423,duplicates
LINK-00837,BI-4428,MOB-4401,is duplicated by
LINK-00838,BI-3458,DATA-619,duplicates
LINK-00839,CRM-2099,PORTAL-2961,duplicates
LINK-00840,BI-307,BI-2562,relates to
LINK-00841,CLOUD-2661,ERP-2566,blocks
LINK-00842,MOB-739,CRM-3714,is duplicated by
LINK-00843,ECOM-2595,ERP-4042,relates to
LINK-00844,CRM-2381,DATA-4948,is duplicated by
LINK-00845,CLOUD-4829,SEC-4752,is duplicated by
LINK-00846,CLOUD-4800,BI-1800,is duplicated by
LINK-00847,BI-4187,SEC-4026,is blocked by
LINK-00848,ERP-4170,PORTAL-3766,relates to
LINK-00849,MOB-4126,BANK-3755,duplicates
LINK-00850,DATA-3133,ERP-2415,is blocked by
LINK-00851,ECOM-172,ECOM-4071,blocks
LINK-00852,BI-4428,MOB-4652,duplicates
LINK-00853,DATA-53,CRM-2732,is duplicated by
LINK-00854,DATA-3967,ERP-3342,duplicates
LINK-00855,CLOUD-3945,BI-3773,blocks
LINK-00856,MOB-4663,BI-3391,blocks
LINK-00857,CRM-2571,ERP-576,is blocked by
LINK-00858,CLOUD-1762,MOB-2983,relates to
LINK-00859,ECOM-2239,BI-3220,is duplicated by
LINK-00860,ECOM-3071,BANK-3321,is blocked by
LINK-00861,DATA-2926,BI-2691,is blocked by
LINK-00862,ECOM-4294,SEC-3909,duplicates
LINK-00863,CRM-1532,CRM-4258,is duplicated by
LINK-00864,CRM-4204,CRM-3958,duplicates
LINK-00865,ECOM-3857,ERP-1549,is blocked by
LINK-00866,PORTAL-3092,DATA-2157,is blocked by
LINK-00867,PORTAL-2920,ECOM-1899,duplicates
LINK-00868,MOB-4031,ERP-695,is blocked by
LINK-00869,SEC-3949,BI-4936,blocks
LINK-00870,ECOM-2631,ECOM-1001,blocks
LINK-00871,CLOUD-1504,ECOM-2520,is duplicated by
LINK-00872,PORTAL-1841,CLOUD-2876,is blocked by
LINK-00873,SEC-783,BI-2068,is duplicated by
LINK-00874,ERP-508,ECOM-2314,is blocked by
LINK-00875,BI-2394,BI-4623,relates to
LINK-00876,ERP-1550,MOB-673,is duplicated by
LINK-00877,CLOUD-4395,DATA-506,blocks
LINK-00878,CLOUD-887,PORTAL-1793,is blocked by
LINK-00879,ERP-4203,BANK-682,duplicates
LINK-00880,MOB-4974,BI-628,blocks
LINK-00881,CRM-3479,DATA-3447,relates to
LINK-00882,CRM-2533,BI-2355,relates to
LINK-00883,PORTAL-598,BI-972,is duplicated by
LINK-00884,PORTAL-516,CRM-3657,is blocked by
LINK-00885,SEC-279,CLOUD-1457,relates to
LINK-00886,CLOUD-1089,SEC-3973,duplicates
LINK-00887,ERP-4748,PORTAL-3370,blocks
LINK-00888,SEC-1025,CLOUD-2345,duplicates
LINK-00889,PORTAL-469,PORTAL-1885,relates to
LINK-00890,PORTAL-4983,PORTAL-2913,is blocked by
LINK-00891,BI-359,ECOM-3625,relates to
LINK-00892,BANK-535,CLOUD-1082,is duplicated by
LINK-00893,BI-2276,SEC-1916,is blocked by
LINK-00894,CRM-3005,DATA-3956,blocks
LINK-00895,CLOUD-2661,BI-831,relates to
LINK-00896,BI-4993,SEC-659,duplicates
LINK-00897,BANK-3803,PORTAL-4683,is blocked by
LINK-00898,DATA-1987,MOB-962,relates to
LINK-00899,MOB-1953,MOB-3900,is blocked by
LINK-00900,ECOM-4823,SEC-189,is duplicated by
LINK-00901,BANK-368,CRM-3044,relates to
LINK-00902,ECOM-632,MOB-308,blocks
LINK-00903,CRM-3490,CRM-2454,blocks
LINK-00904,CRM-4491,PORTAL-3020,relates to
LINK-00905,BANK-83,SEC-1851,is blocked by
LINK-00906,ERP-1318,SEC-322,is blocked by
LINK-00907,CLOUD-1638,BI-3868,relates to
LINK-00908,SEC-3512,PORTAL-2013,blocks
LINK-00909,PORTAL-918,BANK-2389,is blocked by
LINK-00910,BANK-613,ERP-774,is duplicated by
LINK-00911,CLOUD-3916,BANK-1749,duplicates
LINK-00912,CLOUD-4363,PORTAL-4140,duplicates
LINK-00913,ERP-2712,CRM-2229,blocks
LINK-00914,BANK-4954,CRM-4189,blocks
LINK-00915,DATA-4014,BI-848,duplicates
LINK-00916,ERP-1378,DATA-2269,blocks
LINK-00917,PORTAL-90,MOB-3062,blocks
LINK-00918,SEC-2079,MOB-3631,duplicates
LINK-00919,PORTAL-2402,PORTAL-918,blocks
LINK-00920,ERP-3740,BI-2783,blocks
LINK-00921,BANK-4671,CRM-1078,blocks
LINK-00922,MOB-3353,ERP-4181,is duplicated by
LINK-00923,CLOUD-405,BANK-3704,duplicates
LINK-00924,SEC-1230,CLOUD-3615,is duplicated by
LINK-00925,CLOUD-3170,SEC-1112,blocks
LINK-00926,ECOM-476,ERP-4639,blocks
LINK-00927,BI-509,PORTAL-2007,is duplicated by
LINK-00928,BI-3475,MOB-4425,blocks
LINK-00929,CLOUD-1513,BI-3885,duplicates
LINK-00930,BANK-3177,DATA-2285,duplicates
LINK-00931,MOB-4699,PORTAL-580,relates to
LINK-00932,SEC-4047,CLOUD-3478,is blocked by
LINK-00933,BI-3795,CLOUD-2995,is duplicated by
LINK-00934,ERP-787,BI-4602,is blocked by
LINK-00935,SEC-4275,MOB-2073,duplicates
LINK-00936,MOB-3082,ERP-1924,is duplicated by
LINK-00937,SEC-3433,CLOUD-3113,relates to
LINK-00938,ECOM-4360,SEC-3173,is blocked by
LINK-00939,SEC-978,BI-658,is blocked by
LINK-00940,ERP-975,CRM-2101,duplicates
LINK-00941,PORTAL-3742,PORTAL-3766,duplicates
LINK-00942,MOB-1322,BANK-463,duplicates
LINK-00943,SEC-3813,BI-2458,is duplicated by
LINK-00944,ECOM-423,BI-1920,is blocked by
LINK-00945,MOB-2351,CLOUD-1037,is duplicated by
LINK-00946,SEC-2309,BANK-2290,relates to
LINK-00947,BI-4066,CRM-3476,relates to
LINK-00948,CLOUD-3091,BANK-2284,is duplicated by
LINK-00949,BI-3349,ERP-4513,is blocked by
LINK-00950,CRM-3247,CLOUD-1114,is duplicated by
LINK-00951,CLOUD-2487,BI-680,duplicates
LINK-00952,ERP-524,CRM-1461,duplicates
LINK-00953,DATA-3544,PORTAL-3656,is duplicated by
LINK-00954,DATA-2794,DATA-2040,duplicates
LINK-00955,BANK-4384,ERP-4818,is blocked by
LINK-00956,ECOM-4297,SEC-4847,relates to
LINK-00957,SEC-115,SEC-1233,duplicates
LINK-00958,BI-2289,ECOM-494,duplicates
LINK-00959,ERP-1672,MOB-3997,relates to
LINK-00960,ERP-4690,ECOM-2551,is blocked by
LINK-00961,BANK-46,MOB-3594,is duplicated by
LINK-00962,ERP-350,SEC-2175,relates to
LINK-00963,ERP-3744,CRM-4271,is blocked by
LINK-00964,PORTAL-3305,BI-1184,is duplicated by
LINK-00965,ECOM-3926,CRM-2203,duplicates
LINK-00966,PORTAL-2989,DATA-1604,is duplicated by
LINK-00967,DATA-2040,ERP-961,relates to
LINK-00968,MOB-1158,BI-2156,is blocked by
LINK-00969,CRM-2817,PORTAL-4347,blocks
LINK-00970,MOB-2983,PORTAL-2704,is blocked by
LINK-00971,ERP-3503,SEC-607,blocks
LINK-00972,DATA-2061,CRM-1659,is blocked by
LINK-00973,CRM-4928,PORTAL-3850,is blocked by
LINK-00974,CLOUD-2605,ECOM-3058,is blocked by
LINK-00975,ECOM-283,CLOUD-3306,blocks
LINK-00976,ECOM-3189,DATA-3902,is blocked by
LINK-00977,CRM-2674,ECOM-4373,is blocked by
LINK-00978,CLOUD-3801,BI-1865,duplicates
LINK-00979,DATA-249,BANK-381,relates to
LINK-00980,DATA-3011,SEC-2872,blocks
LINK-00981,BI-3029,MOB-471,relates to
LINK-00982,MOB-821,ERP-1789,blocks
LINK-00983,BANK-4444,CLOUD-1049,blocks
LINK-00984,CRM-4292,BANK-633,is blocked by
LINK-00985,MOB-4369,DATA-194,duplicates
LINK-00986,BI-2275,ECOM-3161,duplicates
LINK-00987,BANK-2274,BI-1184,is blocked by
LINK-00988,CRM-3519,MOB-4865,duplicates
LINK-00989,CLOUD-3804,MOB-2651,is duplicated by
LINK-00990,DATA-2684,CRM-3931,duplicates
LINK-00991,ECOM-4649,PORTAL-3188,duplicates
LINK-00992,MOB-4739,PORTAL-2588,blocks
LINK-00993,DATA-610,SEC-4386,duplicates
LINK-00994,ERP-2036,CLOUD-4330,is duplicated by
LINK-00995,MOB-1668,SEC-3949,is duplicated by
LINK-00996,MOB-1754,PORTAL-3753,relates to
LINK-00997,ERP-4054,DATA-2636,relates to
LINK-00998,ERP-3746,PORTAL-1667,duplicates
LINK-00999,BI-1319,BANK-3803,relates to
LINK-01000,CLOUD-2385,ERP-480,relates to
LINK-01001,CLOUD-3988,ECOM-239,relates to
LINK-01002,BI-160,DATA-4431,is blocked by
LINK-01003,CLOUD-3091,BI-1388,is duplicated by
LINK-01004,BANK-3014,SEC-2413,is blocked by
LINK-01005,DATA-2377,ERP-2996,is blocked by
LINK-01006,MOB-4974,BI-3773,is blocked by
LINK-01007,MOB-3660,MOB-4006,relates to
LINK-01008,MOB-4615,CLOUD-2951,relates to
LINK-01009,CLOUD-4380,MOB-2039,is blocked by
LINK-01010,MOB-3586,ERP-1378,is duplicated by
LINK-01011,SEC-746,CLOUD-4714,duplicates
LINK-01012,ECOM-3246,PORTAL-4809,is duplicated by
LINK-01013,DATA-4520,ERP-787,duplicates
LINK-01014,DATA-3080,DATA-2029,is duplicated by
LINK-01015,CLOUD-345,BANK-3733,is blocked by
LINK-01016,PORTAL-562,CLOUD-3024,blocks
LINK-01017,SEC-3323,BI-838,relates to
LINK-01018,CRM-1098,PORTAL-122,relates to
LINK-01019,SEC-464,CLOUD-4363,relates to
LINK-01020,ECOM-1029,CRM-2065,is blocked by
LINK-01021,DATA-3715,MOB-4044,is duplicated by
LINK-01022,ERP-4492,BI-680,blocks
LINK-01023,DATA-3837,ECOM-1552,is duplicated by
LINK-01024,ECOM-584,CLOUD-1513,is blocked by
LINK-01025,PORTAL-4368,ECOM-1939,relates to
LINK-01026,DATA-847,BANK-4221,blocks
LINK-01027,CRM-4258,MOB-487,duplicates
LINK-01028,BI-3271,PORTAL-825,relates to
LINK-01029,ECOM-4792,ERP-396,duplicates
LINK-01030,PORTAL-490,BANK-2833,is blocked by
LINK-01031,CRM-3558,BANK-3223,duplicates
LINK-01032,SEC-1487,DATA-3628,is duplicated by
LINK-01033,SEC-2241,BANK-1323,blocks
LINK-01034,BANK-2849,ECOM-1062,is blocked by
LINK-01035,SEC-4737,CRM-4831,duplicates
LINK-01036,MOB-3717,PORTAL-1308,blocks
LINK-01037,CRM-3266,BI-416,blocks
LINK-01038,DATA-4194,ERP-508,is blocked by
LINK-01039,ERP-779,PORTAL-868,relates to
LINK-01040,CRM-1010,BI-1800,duplicates
LINK-01041,BI-2355,ERP-4113,is blocked by
LINK-01042,CLOUD-1715,ECOM-3357,is blocked by
LINK-01043,BI-389,MOB-810,relates to
LINK-01044,SEC-3283,ERP-2058,is blocked by
LINK-01045,PORTAL-2841,PORTAL-4178,is blocked by
LINK-01046,ERP-4919,CLOUD-2502,is blocked by
LINK-01047,ECOM-4036,DATA-3894,duplicates
LINK-01048,BANK-3128,CRM-1662,is duplicated by
LINK-01049,MOB-2774,BANK-2389,blocks
LINK-01050,ERP-3584,CRM-4271,is blocked by
LINK-01051,BI-2303,BI-3426,is blocked by
LINK-01052,BANK-2097,BANK-3045,duplicates
LINK-01053,BI-2562,SEC-3384,duplicates
LINK-01054,CRM-650,CLOUD-2451,is duplicated by
LINK-01055,MOB-4188,ERP-1174,relates to
LINK-01056,BANK-4176,CLOUD-4490,is duplicated by
LINK-01057,DATA-2699,ECOM-4348,duplicates
LINK-01058,ERP-2027,SEC-1654,duplicates
LINK-01059,SEC-2444,SEC-778,is blocked by
LINK-01060,PORTAL-2802,CRM-4065,is duplicated by
LINK-01061,BI-971,CRM-816,relates to
LINK-01062,CLOUD-4780,ECOM-1730,is duplicated by
LINK-01063,ERP-164,ECOM-4403,is duplicated by
LINK-01064,BANK-2170,ECOM-476,is blocked by
LINK-01065,DATA-2736,CRM-4670,is duplicated by
LINK-01066,BANK-3888,DATA-386,is duplicated by
LINK-01067,ERP-2757,CLOUD-38,relates to
LINK-01068,DATA-2654,MOB-4610,relates to
LINK-01069,MOB-2610,BI-2540,blocks
LINK-01070,PORTAL-4597,PORTAL-679,duplicates
LINK-01071,ECOM-2633,MOB-1045,is duplicated by
LINK-01072,BI-1873,ERP-592,relates to
LINK-01073,BI-1511,ERP-2405,is blocked by
LINK-01074,PORTAL-4347,ECOM-1796,duplicates
LINK-01075,SEC-2923,DATA-2112,is blocked by
LINK-01076,CLOUD-773,BI-678,is duplicated by
LINK-01077,BANK-2296,BI-2150,is duplicated by
LINK-01078,PORTAL-4388,CLOUD-799,is duplicated by
LINK-01079,DATA-1433,BANK-3178,is blocked by
LINK-01080,PORTAL-1807,DATA-4859,blocks
LINK-01081,PORTAL-1105,SEC-3298,duplicates
LINK-01082,ERP-3752,ERP-4244,duplicates
LINK-01083,MOB-1212,SEC-2773,is blocked by
LINK-01084,BANK-947,ERP-1285,duplicates
LINK-01085,CRM-30,SEC-778,blocks
LINK-01086,BI-973,ERP-4042,blocks
LINK-01087,BANK-2317,SEC-4134,is duplicated by
LINK-01088,DATA-1190,PORTAL-1227,is duplicated by
LINK-01089,CRM-3570,SEC-609,relates to
LINK-01090,CLOUD-4922,SEC-1919,is duplicated by
LINK-01091,DATA-3923,BANK-2607,relates to
LINK-01092,PORTAL-4136,BANK-4207,is duplicated by
LINK-01093,SEC-2528,DATA-1088,is blocked by
LINK-01094,CLOUD-1986,DATA-924,is blocked by
LINK-01095,CLOUD-4636,SEC-4716,is blocked by
LINK-01096,CRM-3373,PORTAL-3654,duplicates
LINK-01097,DATA-3375,CRM-4939,is duplicated by
LINK-01098,ECOM-1645,BI-884,is duplicated by
LINK-01099,ECOM-1730,SEC-3739,relates to
LINK-01100,BANK-873,DATA-2134,blocks
LINK-01101,MOB-933,BANK-1421,is duplicated by
LINK-01102,DATA-4139,CRM-2291,blocks
LINK-01103,BI-307,BANK-2529,is duplicated by
LINK-01104,BI-3795,PORTAL-2752,duplicates
LINK-01105,BANK-3424,ECOM-1711,blocks
LINK-01106,CLOUD-1748,CRM-2846,blocks
LINK-01107,MOB-4924,CLOUD-541,is blocked by
LINK-01108,BI-1102,ERP-1905,is duplicated by
LINK-01109,ECOM-2105,CLOUD-1402,blocks
LINK-01110,ECOM-3719,SEC-1233,duplicates
LINK-01111,BI-359,CLOUD-3293,duplicates
LINK-01112,BANK-4671,DATA-3741,is duplicated by
LINK-01113,CRM-2164,BANK-3853,is duplicated by
LINK-01114,BI-1862,PORTAL-967,blocks
LINK-01115,CRM-3708,BANK-738,is blocked by
LINK-01116,BI-2781,BI-700,relates to
LINK-01117,DATA-920,ERP-883,relates to
LINK-01118,DATA-4844,BI-4589,relates to
LINK-01119,CLOUD-3675,ERP-3524,relates to
LINK-01120,ECOM-4956,SEC-4847,blocks
LINK-01121,MOB-4452,ECOM-3199,is blocked by
LINK-01122,CRM-2450,ECOM-1925,blocks
LINK-01123,ERP-1550,ERP-4174,is duplicated by
LINK-01124,CLOUD-1405,BANK-781,is duplicated by
LINK-01125,ERP-3879,PORTAL-3753,blocks
LINK-01126,DATA-2654,PORTAL-415,blocks
LINK-01127,SEC-4868,ECOM-1277,blocks
LINK-01128,ECOM-539,BI-124,blocks
LINK-01129,SEC-4716,BANK-1640,relates to
LINK-01130,BANK-1709,CRM-2304,duplicates
LINK-01131,CRM-1533,CRM-1644,relates to
LINK-01132,ECOM-3365,ECOM-3860,blocks
LINK-01133,CRM-2100,PORTAL-1171,duplicates
LINK-01134,ERP-2512,CRM-4065,blocks
LINK-01135,ERP-4919,ERP-3094,is duplicated by
LINK-01136,MOB-3147,CLOUD-486,relates to
LINK-01137,DATA-4331,BI-3172,relates to
LINK-01138,BANK-218,ERP-842,blocks
LINK-01139,ECOM-180,BI-3659,is blocked by
LINK-01140,BI-3825,SEC-4764,relates to
LINK-01141,PORTAL-3260,ERP-2210,relates to
LINK-01142,ERP-576,MOB-1286,duplicates
LINK-01143,PORTAL-2709,SEC-3323,relates to
LINK-01144,SEC-4567,ERP-1403,relates to
LINK-01145,DATA-3447,BI-1339,relates to
LINK-01146,DATA-3779,PORTAL-4837,duplicates
LINK-01147,ECOM-3253,CRM-1921,is blocked by
LINK-01148,MOB-1985,SEC-4672,relates to
LINK-01149,CLOUD-88,DATA-2813,relates to
LINK-01150,DATA-4333,BANK-545,is blocked by
LINK-01151,ERP-585,MOB-917,duplicates
LINK-01152,ERP-4878,BI-1067,is blocked by
LINK-01153,PORTAL-2266,MOB-1253,relates to
LINK-01154,CRM-4249,BANK-749,blocks
LINK-01155,MOB-4620,ERP-2221,duplicates
LINK-01156,PORTAL-693,CLOUD-1386,relates to
LINK-01157,MOB-2372,MOB-3789,is blocked by
LINK-01158,ECOM-14,CLOUD-3472,is blocked by
LINK-01159,BI-129,CLOUD-2315,is blocked by
LINK-01160,BANK-2899,BANK-716,is duplicated by
LINK-01161,MOB-2372,CLOUD-2190,duplicates
LINK-01162,BI-3109,MOB-1984,is duplicated by
LINK-01163,SEC-4257,SEC-4803,is blocked by
LINK-01164,SEC-2173,BI-2544,duplicates
LINK-01165,ERP-1294,DATA-3332,is duplicated by
LINK-01166,CRM-4151,BI-4589,relates to
LINK-01167,DATA-2838,BI-2783,is blocked by
LINK-01168,BANK-4278,BANK-1808,is blocked by
LINK-01169,MOB-2499,CRM-1488,is blocked by
LINK-01170,PORTAL-2772,CRM-1921,is blocked by
LINK-01171,DATA-506,BI-2188,blocks
LINK-01172,PORTAL-3990,CRM-4355,relates to
LINK-01173,MOB-736,DATA-93,duplicates
LINK-01174,BI-1496,CLOUD-2467,relates to
LINK-01175,BI-22,CRM-2203,is blocked by
LINK-01176,ERP-4745,BANK-2371,is duplicated by
LINK-01177,ECOM-4915,ERP-4639,relates to
LINK-01178,BANK-1396,DATA-4528,relates to
LINK-01179,ECOM-3126,MOB-4375,duplicates
LINK-01180,BANK-2878,SEC-4020,relates to
LINK-01181,ERP-3855,BI-2191,is blocked by
LINK-01182,ERP-4804,BANK-4480,blocks
LINK-01183,ECOM-905,BANK-2110,relates to
LINK-01184,CRM-797,BANK-1639,is duplicated by
LINK-01185,SEC-1235,BI-1669,is blocked by
LINK-01186,CLOUD-4636,BANK-381,blocks
LINK-01187,CLOUD-3936,MOB-1151,blocks
LINK-01188,MOB-1676,BI-3593,relates to
LINK-01189,CRM-4061,ERP-258,is blocked by
LINK-01190,SEC-995,CRM-1617,relates to
LINK-01191,CLOUD-4106,DATA-983,is duplicated by
LINK-01192,ERP-4081,ERP-1847,duplicates
LINK-01193,ECOM-2008,SEC-2863,blocks
LINK-01194,ERP-4561,BI-370,duplicates
LINK-01195,MOB-2226,CLOUD-4236,is duplicated by
LINK-01196,PORTAL-2176,PORTAL-1016,relates to
LINK-01197,DATA-3582,PORTAL-2589,is blocked by
LINK-01198,BANK-280,SEC-4145,is blocked by
LINK-01199,CLOUD-2764,DATA-4520,blocks
LINK-01200,MOB-1529,ECOM-1073,is blocked by
LINK-01201,ECOM-3253,MOB-4552,relates to
LINK-01202,PORTAL-219,BANK-4260,duplicates
LINK-01203,ERP-4410,MOB-2257,blocks
LINK-01204,SEC-2780,SEC-3108,blocks
LINK-01205,SEC-3241,SEC-4257,is duplicated by
LINK-01206,ERP-2142,BANK-1464,is blocked by
LINK-01207,CRM-2533,BI-4187,relates to
LINK-01208,ERP-1209,BANK-1969,is blocked by
LINK-01209,BI-2592,CRM-4249,is duplicated by
LINK-01210,DATA-3228,ECOM-3420,duplicates
LINK-01211,DATA-2130,BANK-1616,blocks
LINK-01212,PORTAL-2326,ERP-615,relates to
LINK-01213,ERP-774,MOB-4724,duplicates
LINK-01214,PORTAL-4484,ECOM-4918,is duplicated by
LINK-01215,SEC-3173,CLOUD-4002,is duplicated by
LINK-01216,CLOUD-3294,ERP-3434,duplicates
LINK-01217,BANK-939,BI-1887,is duplicated by
LINK-01218,ECOM-3857,CRM-4013,is blocked by
LINK-01219,PORTAL-3414,BI-4371,is blocked by
LINK-01220,PORTAL-4662,MOB-1795,is blocked by
LINK-01221,PORTAL-4008,ERP-1069,duplicates
LINK-01222,CRM-327,CRM-3127,duplicates
LINK-01223,BANK-2865,DATA-3320,is duplicated by
LINK-01224,MOB-1081,DATA-3666,is duplicated by
LINK-01225,MOB-4720,PORTAL-704,relates to
LINK-01226,PORTAL-1443,SEC-1047,relates to
LINK-01227,PORTAL-4953,CLOUD-2924,duplicates
LINK-01228,CRM-1451,ERP-4564,blocks
LINK-01229,CRM-4860,DATA-4180,relates to
LINK-01230,CRM-1921,CRM-3807,relates to
LINK-01231,SEC-4093,BI-4266,duplicates
LINK-01232,CLOUD-2190,ECOM-2829,duplicates
LINK-01233,CRM-165,ERP-4933,is blocked by
LINK-01234,ECOM-1338,CRM-1644,blocks
LINK-01235,BI-3100,BI-1998,is duplicated by
LINK-01236,BANK-280,BI-2471,blocks
LINK-01237,CRM-2381,ECOM-2486,relates to
LINK-01238,BI-1363,CRM-353,blocks
LINK-01239,BANK-2470,ECOM-1879,duplicates
LINK-01240,CLOUD-3945,SEC-1882,relates to
LINK-01241,PORTAL-1316,ERP-2745,is blocked by
LINK-01242,SEC-3512,PORTAL-1735,relates to
LINK-01243,DATA-1409,CRM-1293,relates to
LINK-01244,BI-3510,CLOUD-1521,relates to
LINK-01245,ECOM-4423,BI-2643,relates to
LINK-01246,ERP-2727,ECOM-1826,duplicates
LINK-01247,BANK-4947,SEC-2448,relates to
LINK-01248,CRM-2271,SEC-724,is blocked by
LINK-01249,PORTAL-2586,MOB-1204,relates to
LINK-01250,DATA-3567,ECOM-3435,duplicates
LINK-01251,DATA-685,PORTAL-2321,is duplicated by
LINK-01252,CRM-3798,ECOM-2503,blocks
LINK-01253,CRM-797,BI-4455,blocks
LINK-01254,ERP-2902,CLOUD-3165,relates to
LINK-01255,DATA-3282,CRM-919,duplicates
LINK-01256,ECOM-1685,BI-2518,duplicates
LINK-01257,PORTAL-1012,CLOUD-2487,is blocked by
LINK-01258,BANK-4931,CLOUD-3637,is blocked by
LINK-01259,CLOUD-1762,BANK-2607,is duplicated by
LINK-01260,MOB-3614,BI-3550,relates to
LINK-01261,SEC-2241,ERP-350,is blocked by
LINK-01262,CLOUD-3915,BI-662,duplicates
LINK-01263,CLOUD-677,DATA-4075,relates to
LINK-01264,PORTAL-171,ECOM-4095,is blocked by
LINK-01265,ERP-2135,SEC-4131,is duplicated by
LINK-01266,CRM-1177,BI-1828,is blocked by
LINK-01267,CRM-4470,SEC-4284,relates to
LINK-01268,ECOM-4036,DATA-355,duplicates
LINK-01269,MOB-483,PORTAL-3528,blocks
LINK-01270,CLOUD-130,MOB-1296,relates to
LINK-01271,DATA-4476,CRM-1471,blocks
LINK-01272,SEC-4026,ERP-3587,is duplicated by
LINK-01273,SEC-3543,DATA-4999,duplicates
LINK-01274,ECOM-3580,CLOUD-2268,duplicates
LINK-01275,CRM-3964,PORTAL-4966,is blocked by
LINK-01276,SEC-4847,CRM-3648,blocks
LINK-01277,PORTAL-3197,CLOUD-1909,duplicates
LINK-01278,SEC-3151,MOB-3378,blocks
LINK-01279,ECOM-3365,CRM-2108,blocks
LINK-01280,PORTAL-2143,BANK-899,duplicates
LINK-01281,SEC-1766,BI-3506,duplicates
LINK-01282,PORTAL-4892,BI-207,duplicates
LINK-01283,BANK-190,CLOUD-3889,relates to
LINK-01284,ERP-883,ERP-2998,duplicates
LINK-01285,BI-1288,ECOM-2675,blocks
LINK-01286,ERP-4146,MOB-4913,is duplicated by
LINK-01287,MOB-933,BI-2388,relates to
LINK-01288,CLOUD-3622,MOB-3826,is duplicated by
LINK-01289,SEC-4840,CRM-1137,relates to
LINK-01290,BANK-4998,BANK-3119,blocks
LINK-01291,BI-1961,MOB-732,is blocked by
LINK-01292,SEC-4069,BI-680,blocks
LINK-01293,MOB-4653,DATA-977,blocks
LINK-01294,ERP-3881,ECOM-2656,is duplicated by
LINK-01295,PORTAL-1268,BI-2188,is blocked by
LINK-01296,PORTAL-3827,ERP-2839,blocks
LINK-01297,BI-1339,BI-2386,relates to
LINK-01298,ECOM-4400,SEC-3947,blocks
LINK-01299,DATA-1236,MOB-24,relates to
LINK-01300,SEC-2582,SEC-4336,is blocked by
LINK-01301,DATA-3624,CRM-4921,is blocked by
LINK-01302,BI-2191,MOB-3394,duplicates
LINK-01303,ERP-3572,CRM-2557,blocks
LINK-01304,PORTAL-1272,MOB-1456,blocks
LINK-01305,SEC-3323,ECOM-2879,is blocked by
LINK-01306,ERP-1914,ECOM-3369,is blocked by
LINK-01307,MOB-398,BANK-2742,is duplicated by
LINK-01308,ECOM-4109,BI-2701,duplicates
LINK-01309,MOB-835,SEC-2005,relates to
LINK-01310,SEC-4284,ECOM-3858,blocks
LINK-01311,CLOUD-1715,BI-359,duplicates
LINK-01312,SEC-1797,SEC-1631,is blocked by
LINK-01313,ERP-4571,CRM-4734,blocks
LINK-01314,BANK-1027,BANK-758,blocks
LINK-01315,PORTAL-2399,PORTAL-4848,duplicates
LINK-01316,PORTAL-94,DATA-1922,is blocked by
LINK-01317,ERP-2281,DATA-4467,relates to
LINK-01318,ERP-29,MOB-436,duplicates
LINK-01319,ECOM-3253,PORTAL-1534,duplicates
LINK-01320,CRM-3330,DATA-711,is blocked by
LINK-01321,BI-186,ECOM-3847,is blocked by
LINK-01322,ECOM-1570,MOB-1431,blocks
LINK-01323,ECOM-3735,ERP-2221,blocks
LINK-01324,ECOM-3369,BI-2812,is duplicated by
LINK-01325,BI-2804,CRM-3422,blocks
LINK-01326,MOB-3304,ERP-4055,is blocked by
LINK-01327,MOB-1118,DATA-1433,is duplicated by
LINK-01328,CLOUD-799,SEC-2665,duplicates
LINK-01329,ECOM-4112,CLOUD-2523,blocks
LINK-01330,DATA-517,MOB-1575,blocks
LINK-01331,BANK-1147,CLOUD-1891,is blocked by
LINK-01332,DATA-1206,PORTAL-4969,duplicates
LINK-01333,MOB-4663,ERP-1252,is duplicated by
LINK-01334,ERP-4571,CLOUD-4220,blocks
LINK-01335,MOB-806,MOB-1015,duplicates
LINK-01336,SEC-2567,CLOUD-850,relates to
LINK-01337,SEC-1216,BI-2831,blocks
LINK-01338,CLOUD-4830,DATA-4948,blocks
LINK-01339,CLOUD-4012,CLOUD-1005,duplicates
LINK-01340,ECOM-3362,CLOUD-3622,relates to
LINK-01341,CRM-2674,ERP-779,is duplicated by
LINK-01342,ERP-2003,PORTAL-2861,relates to
LINK-01343,BANK-1421,BANK-3803,is blocked by
LINK-01344,BI-3021,ECOM-3847,is blocked by
LINK-01345,DATA-853,PORTAL-255,blocks
LINK-01346,ERP-2619,PORTAL-2666,blocks
LINK-01347,CRM-1724,BANK-2354,relates to
LINK-01348,ERP-181,BANK-1297,relates to
LINK-01349,ERP-13,SEC-4884,relates to
LINK-01350,PORTAL-2570,CRM-3377,is duplicated by
LINK-01351,DATA-1652,MOB-3485,is blocked by
LINK-01352,CLOUD-3520,CRM-814,is duplicated by
LINK-01353,MOB-747,DATA-4710,is blocked by
LINK-01354,CLOUD-621,ERP-2746,blocks
LINK-01355,ECOM-3465,BI-3221,duplicates
LINK-01356,ECOM-180,DATA-3186,duplicates
LINK-01357,CRM-708,MOB-1625,is blocked by
LINK-01358,MOB-3410,ECOM-3857,relates to
LINK-01359,PORTAL-3766,DATA-1497,is duplicated by
LINK-01360,MOB-2336,DATA-1764,duplicates
LINK-01361,SEC-635,CLOUD-701,is blocked by
LINK-01362,DATA-1021,MOB-4653,blocks
LINK-01363,SEC-3486,MOB-1267,duplicates
LINK-01364,BI-2540,SEC-1,duplicates
LINK-01365,ECOM-1939,CLOUD-3731,is blocked by
LINK-01366,PORTAL-4416,SEC-783,is duplicated by
LINK-01367,ERP-4208,SEC-2000,is duplicated by
LINK-01368,CLOUD-1502,CLOUD-3637,blocks
LINK-01369,CRM-2341,BI-2298,is duplicated by
LINK-01370,CRM-1161,ERP-774,blocks
LINK-01371,CRM-654,MOB-2214,relates to
LINK-01372,CLOUD-1703,CRM-4577,blocks
LINK-01373,ERP-205,DATA-4551,relates to
LINK-01374,MOB-143,SEC-3143,is duplicated by
LINK-01375,ECOM-6,DATA-3544,duplicates
LINK-01376,BANK-4034,MOB-121,relates to
LINK-01377,CLOUD-4311,CLOUD-2084,blocks
LINK-01378,ECOM-1582,PORTAL-3092,blocks
LINK-01379,MOB-430,PORTAL-2913,relates to
LINK-01380,ECOM-239,ERP-1174,relates to
LINK-01381,CLOUD-185,DATA-1221,duplicates
LINK-01382,SEC-322,CRM-800,relates to
LINK-01383,MOB-2796,BANK-1000,duplicates
LINK-01384,PORTAL-4219,ECOM-964,relates to
LINK-01385,DATA-2279,BI-3386,is duplicated by
LINK-01386,DATA-4678,MOB-3085,duplicates
LINK-01387,ERP-507,ECOM-3360,is blocked by
LINK-01388,BANK-4037,BANK-4446,relates to
LINK-01389,PORTAL-2841,BANK-1304,duplicates
LINK-01390,CLOUD-1089,SEC-3953,is duplicated by
LINK-01391,PORTAL-4911,BANK-4059,is blocked by
LINK-01392,CRM-640,CRM-157,is duplicated by
LINK-01393,BI-3072,CLOUD-2280,is blocked by
LINK-01394,CLOUD-3575,CRM-1426,duplicates
LINK-01395,DATA-3878,DATA-1652,duplicates
LINK-01396,CRM-2732,ECOM-231,duplicates
LINK-01397,BI-982,CLOUD-486,is blocked by
LINK-01398,ECOM-1448,SEC-4815,is blocked by
LINK-01399,BI-2171,CRM-1137,is blocked by
LINK-01400,CLOUD-1762,BANK-3023,duplicates
LINK-01401,ERP-759,BI-4630,is duplicated by
LINK-01402,CRM-3530,DATA-4534,is duplicated by
LINK-01403,SEC-1916,PORTAL-3020,blocks
LINK-01404,ECOM-1942,DATA-2579,relates to
LINK-01405,CRM-674,CLOUD-2640,duplicates
LINK-01406,CLOUD-1615,MOB-2725,duplicates
LINK-01407,SEC-2858,DATA-4180,is duplicated by
LINK-01408,MOB-3594,CRM-674,blocks
LINK-01409,CRM-2304,CLOUD-2412,relates to
LINK-01410,CRM-3714,PORTAL-4662,relates to
LINK-01411,DATA-2744,BI-4628,is blocked by
LINK-01412,ECOM-1491,SEC-2871,duplicates
LINK-01413,ECOM-2963,CRM-1606,is blocked by
LINK-01414,CLOUD-4617,BI-416,relates to
LINK-01415,CRM-4670,BI-3122,is duplicated by
LINK-01416,ERP-4933,PORTAL-255,blocks
LINK-01417,BANK-1323,CLOUD-2694,relates to
LINK-01418,ECOM-584,MOB-3579,blocks
LINK-01419,BANK-2663,SEC-2930,duplicates
LINK-01420,BI-3035,SEC-3800,duplicates
LINK-01421,ERP-3262,ECOM-2624,duplicates
LINK-01422,ERP-4372,ECOM-4403,is duplicated by
LINK-01423,SEC-3716,SEC-4755,is duplicated by
LINK-01424,SEC-4168,BANK-3803,relates to
LINK-01425,DATA-2926,BANK-4680,is blocked by
LINK-01426,ERP-2198,PORTAL-4805,is blocked by
LINK-01427,CRM-367,ERP-3748,relates to
LINK-01428,DATA-1169,CRM-2152,relates to
LINK-01429,BI-474,MOB-2484,is blocked by
LINK-01430,BI-2363,DATA-4702,is blocked by
LINK-01431,ERP-2618,SEC-328,is blocked by
LINK-01432,SEC-1387,SEC-4412,blocks
LINK-01433,CRM-4734,BI-3494,duplicates
LINK-01434,CRM-762,BANK-4320,is duplicated by
LINK-01435,ERP-1932,MOB-3270,is duplicated by
LINK-01436,MOB-1668,BI-3590,is duplicated by
LINK-01437,SEC-4700,SEC-1631,duplicates
LINK-01438,ECOM-2369,PORTAL-4460,relates to
LINK-01439,DATA-2040,CLOUD-144,is duplicated by
LINK-01440,BANK-155,ERP-75,blocks
LINK-01441,ERP-2489,CRM-4888,blocks
LINK-01442,MOB-1416,SEC-2182,blocks
LINK-01443,SEC-1265,PORTAL-4293,blocks
LINK-01444,ECOM-2219,DATA-4575,relates to
LINK-01445,BANK-2698,PORTAL-3838,relates to
LINK-01446,BANK-2017,CLOUD-1005,is duplicated by
LINK-01447,CLOUD-4849,ERP-3777,relates to
LINK-01448,MOB-1111,CRM-1382,is blocked by
LINK-01449,ERP-42,MOB-4084,duplicates
LINK-01450,ECOM-1255,MOB-3571,duplicates
LINK-01451,SEC-4154,CLOUD-1106,is blocked by
LINK-01452,PORTAL-4263,MOB-366,is duplicated by
LINK-01453,BANK-2335,ECOM-1314,blocks
LINK-01454,BI-2547,PORTAL-1571,is blocked by
LINK-01455,MOB-3556,SEC-1234,is blocked by
LINK-01456,CRM-837,PORTAL-2266,relates to
LINK-01457,BI-2355,BI-307,is duplicated by
LINK-01458,BANK-4842,SEC-4503,relates to
LINK-01459,SEC-1843,CRM-2834,is blocked by
LINK-01460,CLOUD-73,PORTAL-197,is duplicated by
LINK-01461,CLOUD-4469,ECOM-3110,relates to
LINK-01462,CLOUD-3955,CRM-1473,blocks
LINK-01463,SEC-1851,BANK-1373,blocks
LINK-01464,PORTAL-2297,PORTAL-2046,duplicates
LINK-01465,DATA-2736,SEC-2814,blocks
LINK-01466,CRM-4603,MOB-1111,is blocked by
LINK-01467,PORTAL-516,PORTAL-3473,is duplicated by
LINK-01468,CRM-1461,BANK-3321,is blocked by
LINK-01469,SEC-1234,BI-2630,blocks
LINK-01470,ECOM-1537,CLOUD-1400,duplicates
LINK-01471,BI-208,CRM-3975,is blocked by
LINK-01472,MOB-3997,SEC-607,relates to
LINK-01473,ECOM-283,CRM-4827,relates to
LINK-01474,CRM-2099,PORTAL-3436,relates to
LINK-01475,MOB-4814,SEC-4026,relates to
LINK-01476,BI-1663,MOB-4401,is blocked by
LINK-01477,SEC-4352,CLOUD-354,is blocked by
LINK-01478,BANK-2693,DATA-3393,is blocked by
LINK-01479,BI-3275,ERP-1039,is blocked by
LINK-01480,PORTAL-3630,CLOUD-3252,is blocked by
LINK-01481,ECOM-4722,DATA-3084,duplicates
LINK-01482,ECOM-2595,ECOM-4294,blocks
LINK-01483,DATA-4077,ECOM-2367,is blocked by
LINK-01484,ECOM-2239,DATA-2134,blocks
LINK-01485,DATA-3295,ERP-2998,relates to
LINK-01486,MOB-3136,SEC-2021,duplicates
LINK-01487,BI-2230,ERP-4016,relates to
LINK-01488,PORTAL-2030,MOB-1479,is duplicated by
LINK-01489,CRM-1394,DATA-2122,relates to
LINK-01490,SEC-4912,SEC-521,duplicates
LINK-01491,BI-2068,CRM-1574,blocks
LINK-01492,ECOM-632,PORTAL-2516,is blocked by
LINK-01493,PORTAL-4544,BI-4049,is duplicated by
LINK-01494,CLOUD-1820,BI-3275,duplicates
LINK-01495,BANK-3763,ECOM-3449,duplicates
LINK-01496,BANK-1969,CRM-4708,blocks
LINK-01497,CLOUD-2711,DATA-4030,duplicates
LINK-01498,BI-2303,ECOM-2829,relates to
LINK-01499,ERP-1462,SEC-1568,is blocked by
LINK-01500,CRM-1864,MOB-3569,duplicates
LINK-01501,MOB-670,DATA-4844,blocks
LINK-01502,MOB-4974,BANK-1707,is duplicated by
LINK-01503,CRM-30,ERP-2027,blocks
LINK-01504,CLOUD-2827,SEC-80,blocks
LINK-01505,DATA-329,ERP-3216,blocks
LINK-01506,DATA-805,ECOM-1446,relates to
LINK-01507,DATA-4999,CRM-2733,blocks
LINK-01508,ECOM-3087,PORTAL-4683,is duplicated by
LINK-01509,CRM-4271,ECOM-793,is duplicated by
LINK-01510,MOB-4164,CLOUD-3392,duplicates
LINK-01511,CLOUD-3823,ECOM-1090,blocks
LINK-01512,BI-4468,DATA-629,is duplicated by
LINK-01513,BANK-1038,CRM-1113,is blocked by
LINK-01514,DATA-1690,BANK-758,duplicates
LINK-01515,DATA-3097,CLOUD-4240,is duplicated by
LINK-01516,BI-2483,CRM-1036,is blocked by
LINK-01517,DATA-1135,PORTAL-4454,blocks
LINK-01518,CLOUD-1082,CLOUD-4286,is blocked by
LINK-01519,PORTAL-855,ERP-4121,duplicates
LINK-01520,SEC-2428,DATA-2581,is duplicated by
LINK-01521,DATA-4644,CLOUD-2308,is blocked by
LINK-01522,DATA-3007,PORTAL-4141,is blocked by
LINK-01523,CLOUD-1028,CRM-3103,duplicates
LINK-01524,BANK-4980,BANK-3830,blocks
LINK-01525,BI-22,BANK-3658,blocks
LINK-01526,BI-2443,PORTAL-1453,blocks
LINK-01527,BANK-3830,BI-972,relates to
LINK-01528,MOB-859,ECOM-2971,is blocked by
LINK-01529,ERP-508,BANK-4947,duplicates
LINK-01530,MOB-606,ECOM-4541,blocks
LINK-01531,ECOM-4206,ECOM-2067,is duplicated by
LINK-01532,ECOM-4547,SEC-3486,is blocked by
LINK-01533,BI-884,SEC-4172,blocks
LINK-01534,CLOUD-1703,CLOUD-2929,is blocked by
LINK-01535,SEC-413,SEC-3363,relates to
LINK-01536,DATA-1433,CRM-3016,is duplicated by
LINK-01537,CRM-2791,SEC-1851,is blocked by
LINK-01538,ECOM-3573,DATA-2808,relates to
LINK-01539,CLOUD-4363,CRM-4651,is duplicated by
LINK-01540,BI-3383,SEC-1248,blocks
LINK-01541,MOB-4865,BANK-252,blocks
LINK-01542,ECOM-1020,ECOM-2083,is blocked by
LINK-01543,SEC-3973,ERP-2403,is duplicated by
LINK-01544,DATA-3582,ERP-1901,is duplicated by
LINK-01545,ECOM-3246,MOB-27,is blocked by
LINK-01546,ECOM-2343,PORTAL-4662,is blocked by
LINK-01547,BANK-1079,ECOM-4424,is blocked by
LINK-01548,CRM-4254,BANK-481,relates to
LINK-01549,ERP-2784,SEC-4005,duplicates
LINK-01550,DATA-2285,DATA-1693,blocks
LINK-01551,ERP-2337,ECOM-4705,blocks
LINK-01552,SEC-2948,CRM-3106,blocks
LINK-01553,BI-4202,CLOUD-3615,is blocked by
LINK-01554,MOB-2725,CRM-3975,duplicates
LINK-01555,ECOM-2942,CRM-240,duplicates
LINK-01556,PORTAL-2071,CLOUD-684,blocks
LINK-01557,BI-2191,SEC-2814,is blocked by
LINK-01558,BANK-2488,PORTAL-1196,is duplicated by
LINK-01559,CLOUD-4309,SEC-2420,relates to
LINK-01560,CLOUD-968,BANK-4640,is blocked by
LINK-01561,SEC-4201,CRM-3037,duplicates
LINK-01562,CRM-2313,BI-2740,is blocked by
LINK-01563,ERP-2120,MOB-4706,is duplicated by
LINK-01564,BANK-1458,MOB-4615,is blocked by
LINK-01565,CLOUD-3955,BANK-3635,relates to
LINK-01566,DATA-4999,BANK-2958,duplicates
LINK-01567,PORTAL-1126,MOB-288,is blocked by
LINK-01568,CRM-3016,BANK-4666,duplicates
LINK-01569,BANK-2873,BI-2921,is duplicated by
LINK-01570,SEC-1325,ECOM-2032,is blocked by
LINK-01571,SEC-2683,CLOUD-2929,blocks
LINK-01572,DATA-4735,DATA-3819,duplicates
LINK-01573,MOB-1698,SEC-1250,duplicates
LINK-01574,ECOM-1357,BI-2418,relates to
LINK-01575,SEC-2406,CRM-1161,blocks
LINK-01576,BI-4936,BANK-3445,is blocked by
LINK-01577,BANK-2668,ERP-3822,is duplicated by
LINK-01578,DATA-2029,CLOUD-2728,is blocked by
LINK-01579,MOB-2072,ECOM-656,is blocked by
LINK-01580,BANK-720,DATA-3007,relates to
LINK-01581,SEC-4558,BANK-3289,is duplicated by
LINK-01582,DATA-3415,BANK-3597,duplicates
LINK-01583,MOB-3571,CRM-550,relates to
LINK-01584,CRM-3439,PORTAL-3260,is blocked by
LINK-01585,ECOM-4095,MOB-1837,is blocked by
LINK-01586,BI-4187,ERP-4170,relates to
LINK-01587,ECOM-3257,CRM-1263,duplicates
LINK-01588,ECOM-4099,CLOUD-2505,is blocked by
LINK-01589,DATA-41,PORTAL-1450,is blocked by
LINK-01590,CRM-2092,MOB-1045,duplicates
LINK-01591,BI-2543,BANK-1123,is blocked by
LINK-01592,CRM-4734,CRM-4939,blocks
LINK-01593,SEC-3737,BI-1026,duplicates
LINK-01594,PORTAL-2359,PORTAL-211,blocks
LINK-01595,DATA-2194,SEC-4087,is blocked by
LINK-01596,BI-1168,MOB-1118,is blocked by
LINK-01597,SEC-2442,CLOUD-4714,is blocked by
LINK-01598,ECOM-123,CLOUD-2550,duplicates
LINK-01599,SEC-4868,BI-4507,blocks
LINK-01600,SEC-4391,DATA-777,duplicates
LINK-01601,BANK-495,BANK-2416,relates to
LINK-01602,SEC-3898,MOB-4362,blocks
LINK-01603,CRM-2010,DATA-2194,is duplicated by
LINK-01604,SEC-587,BI-4456,duplicates
LINK-01605,MOB-3957,PORTAL-1172,duplicates
LINK-01606,ECOM-4283,BANK-3585,is blocked by
LINK-01607,SEC-1797,PORTAL-4579,duplicates
LINK-01608,BI-3780,PORTAL-4901,duplicates
LINK-01609,CRM-1382,CLOUD-227,blocks
LINK-01610,ECOM-3336,PORTAL-1983,blocks
LINK-01611,SEC-2948,ERP-4804,relates to
LINK-01612,CRM-814,CRM-316,blocks
LINK-01613,ECOM-3369,BANK-2932,is blocked by
LINK-01614,ERP-4405,PORTAL-731,is duplicated by
LINK-01615,ERP-3786,BANK-3030,is blocked by
LINK-01616,DATA-4477,BI-4049,is duplicated by
LINK-01617,CLOUD-3867,BI-4187,relates to
LINK-01618,CRM-2341,PORTAL-2903,blocks
LINK-01619,SEC-128,BANK-498,is duplicated by
LINK-01620,ERP-2397,BI-3671,blocks
LINK-01621,BI-3172,CLOUD-2205,is duplicated by
LINK-01622,BANK-109,CLOUD-1569,duplicates
LINK-01623,BI-527,PORTAL-2339,is blocked by
LINK-01624,DATA-2525,MOB-3751,relates to
LINK-01625,CRM-4624,BI-1780,relates to
LINK-01626,PORTAL-2920,ECOM-3400,blocks
LINK-01627,MOB-4724,CLOUD-3261,is duplicated by
LINK-01628,BANK-4000,DATA-2697,duplicates
LINK-01629,CRM-2064,SEC-4803,duplicates
LINK-01630,BI-4456,MOB-1668,is blocked by
LINK-01631,ERP-4690,DATA-150,relates to
LINK-01632,ERP-791,CLOUD-2190,is blocked by
LINK-01633,BANK-1903,BI-780,relates to
LINK-01634,PORTAL-3806,DATA-2754,is blocked by
LINK-01635,SEC-2705,MOB-3870,blocks
LINK-01636,ECOM-1355,CLOUD-1306,is duplicated by
LINK-01637,BANK-3585,CLOUD-4122,is blocked by
LINK-01638,CLOUD-2308,CLOUD-2132,is blocked by
LINK-01639,ERP-2460,MOB-3674,blocks
LINK-01640,BANK-3487,BANK-3597,duplicates
LINK-01641,ECOM-3892,PORTAL-918,is duplicated by
LINK-01642,DATA-2805,BI-3540,relates to
LINK-01643,PORTAL-3436,ECOM-447,blocks
LINK-01644,ERP-4055,DATA-3779,relates to
LINK-01645,PORTAL-2806,CLOUD-16,is duplicated by
LINK-01646,CRM-4072,ERP-2119,is blocked by
LINK-01647,PORTAL-1016,PORTAL-2709,is duplicated by
LINK-01648,ECOM-3642,ERP-2003,relates to
LINK-01649,SEC-4506,ECOM-3042,is blocked by
LINK-01650,DATA-3533,SEC-118,relates to
LINK-01651,CLOUD-1372,PORTAL-1673,blocks
LINK-01652,CRM-419,ERP-3854,duplicates
LINK-01653,PORTAL-3156,MOB-1031,relates to
LINK-01654,CLOUD-1405,BI-3109,duplicates
LINK-01655,CLOUD-73,CLOUD-3252,blocks
LINK-01656,MOB-2499,ERP-1057,duplicates
LINK-01657,DATA-1221,SEC-954,duplicates
LINK-01658,MOB-3317,MOB-3378,duplicates
LINK-01659,ECOM-808,DATA-4476,relates to
LINK-01660,BI-1189,ECOM-1140,is blocked by
LINK-01661,DATA-1425,CRM-3479,blocks
LINK-01662,PORTAL-2913,ECOM-3726,is duplicated by
LINK-01663,MOB-4819,MOB-3313,blocks
LINK-01664,BANK-2344,CLOUD-4854,duplicates
LINK-01665,CRM-1036,SEC-1250,duplicates
LINK-01666,PORTAL-2144,BANK-863,is duplicated by
LINK-01667,ERP-235,BI-4820,duplicates
LINK-01668,ECOM-125,BANK-4587,duplicates
LINK-01669,SEC-1631,BANK-1183,is blocked by
LINK-01670,MOB-3934,PORTAL-2596,is blocked by
LINK-01671,MOB-2022,ERP-588,relates to
LINK-01672,PORTAL-2790,SEC-1608,blocks
LINK-01673,ECOM-1439,ECOM-826,blocks
LINK-01674,CRM-3438,DATA-4604,duplicates
LINK-01675,MOB-1529,CLOUD-3520,duplicates
LINK-01676,CLOUD-4108,ECOM-614,is duplicated by
LINK-01677,MOB-969,CRM-4860,is duplicated by
LINK-01678,CRM-3707,SEC-4912,relates to
LINK-01679,PORTAL-348,ERP-2998,is blocked by
LINK-01680,BI-371,PORTAL-2129,is blocked by
LINK-01681,CLOUD-203,CLOUD-215,duplicates
LINK-01682,BI-849,ECOM-875,relates to
LINK-01683,SEC-2683,ECOM-3580,relates to
LINK-01684,BANK-2787,CLOUD-4321,blocks
LINK-01685,BI-3271,ECOM-2656,is blocked by
LINK-01686,MOB-3395,BI-3677,duplicates
LINK-01687,BANK-4646,MOB-4029,is duplicated by
LINK-01688,BANK-404,SEC-1694,duplicates
LINK-01689,PORTAL-976,SEC-3086,is duplicated by
LINK-01690,CRM-3711,ERP-1068,blocks
LINK-01691,CLOUD-631,PORTAL-3866,blocks
LINK-01692,BANK-3932,ECOM-3336,blocks
LINK-01693,MOB-962,CLOUD-3623,is blocked by
LINK-01694,PORTAL-2273,MOB-690,blocks
LINK-01695,CLOUD-1372,PORTAL-4178,duplicates
LINK-01696,MOB-3381,ECOM-1686,blocks
LINK-01697,SEC-3591,CRM-824,is blocked by
LINK-01698,ECOM-2107,SEC-3337,relates to
LINK-01699,CLOUD-1442,ERP-2727,relates to
LINK-01700,PORTAL-469,DATA-952,relates to
LINK-01701,SEC-2542,SEC-634,is duplicated by
LINK-01702,DATA-3168,ECOM-3702,is duplicated by
LINK-01703,CRM-1410,CLOUD-346,duplicates
LINK-01704,BANK-4842,MOB-1597,relates to
LINK-01705,SEC-201,CRM-1083,blocks
LINK-01706,MOB-3917,SEC-3167,blocks
LINK-01707,ECOM-2572,ERP-3076,blocks
LINK-01708,BANK-696,MOB-3900,is duplicated by
LINK-01709,ERP-2839,CRM-2099,is duplicated by
LINK-01710,DATA-1708,BANK-110,duplicates
LINK-01711,SEC-2439,DATA-4100,is blocked by
LINK-01712,CRM-4572,ECOM-2270,is duplicated by
LINK-01713,CLOUD-196,PORTAL-564,blocks
LINK-01714,DATA-2813,ERP-2119,relates to
LINK-01715,CRM-4806,ERP-184,relates to
LINK-01716,PORTAL-4544,BI-831,duplicates
LINK-01717,ERP-2751,MOB-3674,relates to
LINK-01718,BANK-481,BANK-495,is blocked by
LINK-01719,ERP-1590,CLOUD-2502,is blocked by
LINK-01720,DATA-4315,ECOM-243,duplicates
LINK-01721,SEC-3545,SEC-3049,relates to
LINK-01722,PORTAL-3130,BI-2185,blocks
LINK-01723,ECOM-4955,ERP-2120,blocks
LINK-01724,PORTAL-2580,PORTAL-1408,is blocked by
LINK-01725,MOB-1212,ECOM-2398,is duplicated by
LINK-01726,CLOUD-1504,BANK-4370,relates to
LINK-01727,BANK-3445,BI-1122,duplicates
LINK-01728,MOB-1441,CLOUD-3252,is duplicated by
LINK-01729,ECOM-2824,ECOM-1685,duplicates
LINK-01730,CLOUD-479,ERP-4111,is duplicated by
LINK-01731,ECOM-275,ECOM-595,is blocked by
LINK-01732,PORTAL-3990,BANK-2435,is blocked by
LINK-01733,CRM-4603,SEC-3633,blocks
LINK-01734,PORTAL-748,BANK-749,relates to
LINK-01735,ERP-4748,BANK-3704,blocks
LINK-01736,SEC-4618,BANK-218,is duplicated by
LINK-01737,MOB-785,SEC-4755,is duplicated by
LINK-01738,CLOUD-4726,CRM-786,duplicates
LINK-01739,BANK-381,BANK-4586,duplicates
LINK-01740,SEC-2031,ERP-3192,duplicates
LINK-01741,BI-2781,ECOM-2631,blocks
LINK-01742,BI-3687,ECOM-1783,is blocked by
LINK-01743,DATA-4273,ECOM-1009,relates to
LINK-01744,MOB-3672,SEC-2420,blocks
LINK-01745,ERP-3745,MOB-1754,blocks
LINK-01746,ECOM-1061,BANK-3784,duplicates
LINK-01747,CLOUD-1889,MOB-4698,relates to
LINK-01748,ERP-941,CLOUD-346,blocks
LINK-01749,CRM-2557,BI-509,duplicates
LINK-01750,ERP-268,PORTAL-3922,is blocked by
LINK-01751,CRM-798,ERP-417,blocks
LINK-01752,CRM-771,CLOUD-2190,relates to
LINK-01753,PORTAL-4263,CRM-2557,is blocked by
LINK-01754,ERP-2116,ERP-3183,relates to
LINK-01755,PORTAL-383,CRM-622,is blocked by
LINK-01756,MOB-503,DATA-1696,relates to
LINK-01757,ERP-1542,CLOUD-1737,duplicates
LINK-01758,SEC-1622,CLOUD-2477,blocks
LINK-01759,PORTAL-1412,PORTAL-384,is duplicated by
LINK-01760,MOB-2072,DATA-931,blocks
LINK-01761,ECOM-1591,DATA-1063,relates to
LINK-01762,SEC-2182,ERP-1318,relates to
LINK-01763,CRM-3417,ECOM-2057,is blocked by
LINK-01764,CLOUD-442,MOB-26,relates to
LINK-01765,PORTAL-2927,SEC-1025,relates to
LINK-01766,MOB-3136,MOB-4949,is blocked by
LINK-01767,ECOM-216,MOB-3300,relates to
LINK-01768,BANK-1121,SEC-3852,duplicates
LINK-01769,BANK-1957,MOB-2126,relates to
LINK-01770,BANK-939,CRM-1713,duplicates
LINK-01771,DATA-93,CLOUD-2411,relates to
LINK-01772,SEC-2683,BI-2174,duplicates
LINK-01773,MOB-2862,CLOUD-215,is blocked by
LINK-01774,ECOM-3034,BI-3832,blocks
LINK-01775,CLOUD-3865,DATA-3234,blocks
LINK-01776,DATA-777,BI-2276,is duplicated by
LINK-01777,CLOUD-1200,ERP-542,duplicates
LINK-01778,BANK-2389,ECOM-2957,is duplicated by
LINK-01779,PORTAL-4809,MOB-3354,relates to
LINK-01780,ECOM-533,ERP-2751,relates to
LINK-01781,ECOM-653,BI-2346,blocks
LINK-01782,MOB-2475,PORTAL-4848,is blocked by
LINK-01783,BANK-4599,BANK-3265,is duplicated by
LINK-01784,ECOM-4669,PORTAL-2752,blocks
LINK-01785,BANK-498,ECOM-3110,is blocked by
LINK-01786,ERP-2905,CRM-2246,duplicates
LINK-01787,DATA-1109,BANK-2891,is blocked by
LINK-01788,ECOM-533,BI-1388,blocks
LINK-01789,ERP-4437,ECOM-1880,blocks
LINK-01790,BANK-4744,CLOUD-3230,duplicates
LINK-01791,CLOUD-1629,BI-1363,is duplicated by
LINK-01792,BI-4489,BANK-4498,blocks
LINK-01793,DATA-1433,ERP-4115,blocks
LINK-01794,CLOUD-3091,CLOUD-4808,blocks
LINK-01795,ERP-2512,SEC-2948,duplicates
LINK-01796,BANK-3069,DATA-4975,is blocked by
LINK-01797,CRM-103,BI-4288,relates to
LINK-01798,DATA-977,MOB-4527,duplicates
LINK-01799,SEC-3118,CLOUD-3651,duplicates
LINK-01800,ECOM-2520,DATA-4635,relates to
LINK-01801,DATA-2581,BANK-4947,relates to
LINK-01802,ECOM-2083,MOB-1015,blocks
LINK-01803,ECOM-3921,BANK-3223,relates to
LINK-01804,ERP-3340,CRM-378,relates to
LINK-01805,MOB-4920,BI-3406,relates to
LINK-01806,ECOM-473,BANK-3163,is duplicated by
LINK-01807,ERP-3584,BANK-3474,is blocked by
LINK-01808,PORTAL-1354,CLOUD-336,is duplicated by
LINK-01809,BI-3176,PORTAL-2580,relates to
LINK-01810,BI-2910,CLOUD-3296,relates to
LINK-01811,SEC-95,SEC-3086,duplicates
LINK-01812,BI-1319,ERP-3938,duplicates
LINK-01813,SEC-1843,PORTAL-4116,is blocked by
LINK-01814,BI-3100,BI-1975,duplicates
LINK-01815,CLOUD-2965,ERP-4721,relates to
LINK-01816,DATA-4477,ERP-8,is duplicated by
LINK-01817,MOB-3193,ECOM-4705,is duplicated by
LINK-01818,ECOM-4918,DATA-1641,is duplicated by
LINK-01819,PORTAL-748,SEC-76,blocks
LINK-01820,BANK-758,BI-3840,blocks
LINK-01821,SEC-1025,CLOUD-2747,blocks
LINK-01822,BI-3096,ERP-3094,blocks
LINK-01823,BANK-3983,ERP-1069,relates to
LINK-01824,BI-3908,SEC-2734,is duplicated by
LINK-01825,BANK-2880,BI-2355,relates to
LINK-01826,BI-1812,SEC-191,duplicates
LINK-01827,ERP-2091,DATA-1592,relates to
LINK-01828,ECOM-3416,CLOUD-2308,blocks
LINK-01829,SEC-2591,BANK-613,duplicates
LINK-01830,ERP-1039,DATA-2699,is duplicated by
LINK-01831,MOB-1091,SEC-858,relates to
LINK-01832,CLOUD-399,ECOM-4883,is blocked by
LINK-01833,PORTAL-2360,ECOM-2497,is blocked by
LINK-01834,DATA-3182,PORTAL-676,is duplicated by
LINK-01835,SEC-2069,PORTAL-2129,is blocked by
LINK-01836,BANK-4587,BI-4117,is blocked by
LINK-01837,SEC-4026,CLOUD-3328,blocks
LINK-01838,ERP-1988,CLOUD-701,is duplicated by
LINK-01839,PORTAL-2772,MOB-286,relates to
LINK-01840,PORTAL-56,PORTAL-4388,blocks
LINK-01841,CLOUD-107,SEC-3267,blocks
LINK-01842,BANK-114,CLOUD-2730,blocks
LINK-01843,MOB-398,ERP-1520,is duplicated by
LINK-01844,ECOM-2051,CLOUD-1677,is blocked by
LINK-01845,PORTAL-731,BANK-1553,is blocked by
LINK-01846,CLOUD-1521,SEC-2780,duplicates
LINK-01847,CRM-3714,MOB-152,is duplicated by
LINK-01848,PORTAL-2913,CLOUD-382,relates to
LINK-01849,CLOUD-2412,CRM-54,relates to
LINK-01850,PORTAL-2516,ERP-4322,relates to
LINK-01851,CRM-2795,ECOM-2546,is duplicated by
LINK-01852,ERP-4952,SEC-1415,is duplicated by
LINK-01853,DATA-2558,CRM-2329,relates to
LINK-01854,MOB-1859,ERP-4561,is blocked by
LINK-01855,BANK-410,BANK-1593,is blocked by
LINK-01856,BI-3202,CRM-762,relates to
LINK-01857,CLOUD-1424,SEC-2868,blocks
LINK-01858,BANK-4842,CRM-804,is duplicated by
LINK-01859,CRM-2620,MOB-3270,duplicates
LINK-01860,ERP-1911,SEC-844,is duplicated by
LINK-01861,DATA-1070,DATA-2264,relates to
LINK-01862,ERP-1447,SEC-1705,relates to
LINK-01863,SEC-1265,MOB-2305,is blocked by
LINK-01864,SEC-226,ECOM-4453,is blocked by
LINK-01865,PORTAL-3396,BANK-1831,relates to
LINK-01866,DATA-1074,PORTAL-2326,is duplicated by
LINK-01867,BI-2458,BANK-4679,is blocked by
LINK-01868,BANK-2002,DATA-4999,relates to
LINK-01869,MOB-1795,MOB-2548,relates to
LINK-01870,BANK-1312,MOB-2725,relates to
LINK-01871,ERP-4150,BANK-3757,blocks
LINK-01872,ERP-961,ECOM-2107,blocks
LINK-01873,ERP-3797,CRM-1950,relates to
LINK-01874,CLOUD-3697,CRM-4197,blocks
LINK-01875,ECOM-4746,BI-3609,blocks
LINK-01876,CRM-1972,ERP-981,is duplicated by
LINK-01877,PORTAL-2206,MOB-3977,relates to
LINK-01878,DATA-610,ECOM-2526,relates to
LINK-01879,ECOM-3181,BANK-4679,relates to
LINK-01880,ERP-3524,BI-281,blocks
LINK-01881,CLOUD-3889,BANK-613,relates to
LINK-01882,MOB-2475,DATA-3389,blocks
LINK-01883,MOB-3645,DATA-1633,is blocked by
LINK-01884,CLOUD-3091,CLOUD-4530,is duplicated by
LINK-01885,MOB-4769,MOB-3284,is duplicated by
LINK-01886,PORTAL-2121,ERP-4761,blocks
LINK-01887,PORTAL-1412,BANK-3129,blocks
LINK-01888,SEC-2447,BI-2077,is blocked by
LINK-01889,SEC-1483,ERP-2818,is duplicated by
LINK-01890,BANK-4687,CRM-2172,duplicates
LINK-01891,ECOM-3858,SEC-134,is blocked by
LINK-01892,BANK-4221,ECOM-4458,is duplicated by
LINK-01893,PORTAL-2909,ECOM-4198,blocks
LINK-01894,ERP-417,ERP-813,duplicates
LINK-01895,BANK-2529,MOB-3810,is duplicated by
LINK-01896,BI-1348,CLOUD-1435,is blocked by
LINK-01897,CLOUD-4383,MOB-923,relates to
LINK-01898,SEC-1840,SEC-3824,relates to
LINK-01899,PORTAL-3152,ECOM-2931,blocks
LINK-01900,DATA-4255,CLOUD-2451,relates to
LINK-01901,BI-477,CRM-709,relates to
LINK-01902,CRM-4235,PORTAL-2906,relates to
LINK-01903,MOB-2455,DATA-2481,relates to
LINK-01904,MOB-260,MOB-4985,is blocked by
LINK-01905,ERP-2843,ECOM-4792,is duplicated by
LINK-01906,PORTAL-1213,ECOM-1291,relates to
LINK-01907,BANK-2792,DATA-2377,blocks
LINK-01908,ECOM-3580,BANK-3864,relates to
LINK-01909,DATA-1220,ECOM-3199,is blocked by
LINK-01910,CRM-3650,CRM-1666,duplicates
LINK-01911,MOB-1529,CLOUD-3622,is blocked by
LINK-01912,CRM-2329,ECOM-1645,is blocked by
LINK-01913,CRM-2258,DATA-3970,is blocked by
LINK-01914,BI-3029,MOB-3041,is duplicated by
LINK-01915,MOB-297,BI-2001,blocks
LINK-01916,ERP-1040,BANK-20,relates to
LINK-01917,BANK-109,DATA-2851,is duplicated by
LINK-01918,CLOUD-4307,BI-298,is blocked by
LINK-01919,BANK-4305,PORTAL-3019,is blocked by
LINK-01920,DATA-2215,SEC-4020,blocks
LINK-01921,ECOM-3686,ECOM-2184,duplicates
LINK-01922,SEC-2406,BI-2331,relates to
LINK-01923,CRM-625,CLOUD-1386,relates to
LINK-01924,BANK-2945,MOB-260,duplicates
LINK-01925,MOB-398,CLOUD-3371,blocks
LINK-01926,MOB-4312,BANK-4345,blocks
LINK-01927,CLOUD-2315,MOB-3821,blocks
LINK-01928,CLOUD-3820,BANK-4306,is duplicated by
LINK-01929,DATA-1013,BANK-2940,is duplicated by
LINK-01930,MOB-1842,ERP-2119,duplicates
LINK-01931,ERP-1260,BANK-2613,duplicates
LINK-01932,CLOUD-203,BI-3551,blocks
LINK-01933,DATA-2095,PORTAL-1960,is duplicated by
LINK-01934,BI-4377,CLOUD-1200,is blocked by
LINK-01935,BI-871,DATA-3668,blocks
LINK-01936,SEC-3883,BANK-1323,blocks
LINK-01937,ECOM-4852,ERP-1556,blocks
LINK-01938,CLOUD-2951,ECOM-4715,blocks
LINK-01939,SEC-3318,CLOUD-3637,duplicates
LINK-01940,SEC-4661,MOB-1156,duplicates
LINK-01941,ERP-3216,BI-3551,is duplicated by
LINK-01942,CLOUD-1692,BI-2363,relates to
LINK-01943,ECOM-123,SEC-4932,blocks
LINK-01944,SEC-154,BANK-2274,is duplicated by
LINK-01945,ERP-4055,CRM-4827,duplicates
LINK-01946,BI-513,ERP-3233,relates to
LINK-01947,SEC-3143,MOB-3948,is duplicated by
LINK-01948,MOB-3717,ERP-4405,blocks
LINK-01949,CLOUD-3884,PORTAL-3528,is duplicated by
LINK-01950,DATA-2075,DATA-4975,relates to
LINK-01951,DATA-3700,CLOUD-3478,is duplicated by
LINK-01952,DATA-3878,DATA-3537,relates to
LINK-01953,CLOUD-857,ECOM-2520,is blocked by
LINK-01954,ECOM-3225,CRM-3707,is blocked by
LINK-01955,DATA-3533,CRM-2010,is blocked by
LINK-01956,BI-1873,BI-1943,duplicates
LINK-01957,BANK-633,MOB-4426,relates to
LINK-01958,BI-1514,CLOUD-196,relates to
LINK-01959,CLOUD-601,SEC-2420,duplicates
LINK-01960,SEC-4473,BI-4936,is duplicated by
LINK-01961,CLOUD-3060,BANK-4784,relates to
LINK-01962,MOB-3977,MOB-933,blocks
LINK-01963,SEC-4165,BANK-2436,blocks
LINK-01964,SEC-7,BI-186,is blocked by
LINK-01965,DATA-3626,PORTAL-2588,duplicates
LINK-01966,MOB-812,ERP-4445,is duplicated by
LINK-01967,CLOUD-1781,SEC-279,relates to
LINK-01968,BANK-2729,DATA-3031,relates to
LINK-01969,CRM-2101,BANK-3487,duplicates
LINK-01970,SEC-1376,CLOUD-4239,is duplicated by
LINK-01971,BI-2966,DATA-860,duplicates
LINK-01972,PORTAL-4606,BI-2348,blocks
LINK-01973,CRM-4670,PORTAL-2563,duplicates
LINK-01974,DATA-536,CLOUD-2986,blocks
LINK-01975,SEC-3800,MOB-1091,blocks
LINK-01976,SEC-659,BI-1657,duplicates
LINK-01977,PORTAL-1936,BI-392,relates to
LINK-01978,BANK-495,DATA-3661,blocks
LINK-01979,ECOM-2032,ERP-842,is blocked by
LINK-01980,PORTAL-90,SEC-4668,duplicates
LINK-01981,MOB-3493,BANK-4980,is blocked by
LINK-01982,DATA-3320,SEC-4957,is duplicated by
LINK-01983,CLOUD-1305,BI-166,blocks
LINK-01984,CLOUD-1085,CLOUD-88,is blocked by
LINK-01985,BI-4365,MOB-1253,duplicates
LINK-01986,BANK-218,DATA-931,duplicates
LINK-01987,PORTAL-19,CLOUD-2561,duplicates
LINK-01988,DATA-4946,CLOUD-3121,relates to
LINK-01989,BI-3691,SEC-1691,is duplicated by
LINK-01990,PORTAL-2414,BI-1168,blocks
LINK-01991,ERP-3262,ECOM-3719,is blocked by
LINK-01992,SEC-2923,BANK-682,is blocked by
LINK-01993,BANK-3755,BI-3406,blocks
LINK-01994,ECOM-1448,SEC-4134,is duplicated by
LINK-01995,BANK-1903,BANK-2646,blocks
LINK-01996,BI-3403,ECOM-905,duplicates
LINK-01997,SEC-432,CLOUD-2916,duplicates
LINK-01998,ECOM-3360,SEC-4222,duplicates
LINK-01999,BANK-1396,CRM-4637,is duplicated by
LINK-02000,ECOM-1512,ERP-4244,is blocked by
LINK-02001,CRM-2620,ECOM-2867,duplicates
LINK-02002,ERP-3025,DATA-2736,is blocked by
LINK-02003,DATA-3057,CRM-2889,is blocked by
LINK-02004,ERP-4761,PORTAL-3305,relates to
LINK-02005,BANK-3718,CRM-4072,is blocked by
LINK-02006,CRM-2042,ECOM-1360,is duplicated by
LINK-02007,BI-2429,ECOM-665,relates to
LINK-02008,ECOM-636,ECOM-4198,is blocked by
LINK-02009,CRM-2199,ERP-3592,blocks
LINK-02010,PORTAL-219,CLOUD-1028,duplicates
LINK-02011,CLOUD-1599,PORTAL-4809,duplicates
LINK-02012,ERP-3529,ECOM-4541,relates to
LINK-02013,BANK-3030,SEC-4673,is duplicated by
LINK-02014,BI-403,BI-4413,relates to
LINK-02015,BI-2642,MOB-1555,relates to
LINK-02016,CRM-3603,ECOM-3613,is blocked by
LINK-02017,DATA-1109,CLOUD-2550,is blocked by
LINK-02018,MOB-4450,CRM-4274,duplicates
LINK-02019,MOB-237,CLOUD-3896,blocks
LINK-02020,DATA-4120,BI-214,blocks
LINK-02021,DATA-3097,BANK-2086,relates to
LINK-02022,PORTAL-3922,BI-3175,blocks
LINK-02023,SEC-2845,DATA-363,is duplicated by
LINK-02024,MOB-1253,MOB-3052,relates to
LINK-02025,ERP-4048,BI-3924,duplicates
LINK-02026,MOB-24,PORTAL-2333,is blocked by
LINK-02027,CRM-4827,CRM-3461,relates to
LINK-02028,PORTAL-2261,BANK-3783,blocks
LINK-02029,BI-1780,SEC-746,blocks
LINK-02030,DATA-4317,CRM-830,is blocked by
LINK-02031,SEC-80,BANK-864,relates to
LINK-02032,ECOM-2248,ECOM-2885,blocks
LINK-02033,DATA-2244,CLOUD-1748,blocks
LINK-02034,DATA-4789,MOB-557,is blocked by
LINK-02035,BANK-4341,BANK-3290,relates to
LINK-02036,BI-1353,BI-4228,is duplicated by
LINK-02037,DATA-3196,ERP-981,duplicates
LINK-02038,BI-3012,CRM-1874,duplicates
LINK-02039,PORTAL-4926,BANK-394,duplicates
LINK-02040,CLOUD-2747,CLOUD-451,duplicates
LINK-02041,BI-1203,DATA-2287,is duplicated by
LINK-02042,ECOM-656,BANK-4000,relates to
LINK-02043,PORTAL-4238,PORTAL-1316,is duplicated by
LINK-02044,SEC-3318,ECOM-312,is blocked by
LINK-02045,DATA-3186,CRM-3798,is duplicated by
LINK-02046,BI-1835,BI-3494,is duplicated by
LINK-02047,BI-3791,MOB-1278,is blocked by
LINK-02048,PORTAL-3922,BI-2150,is duplicated by
LINK-02049,CRM-4241,CLOUD-2251,is blocked by
LINK-02050,MOB-1151,ECOM-3858,is blocked by
LINK-02051,CLOUD-3252,ERP-4085,blocks
LINK-02052,ECOM-928,MOB-2980,relates to
LINK-02053,BI-4187,ERP-4621,blocks
LINK-02054,MOB-1362,CRM-49,blocks
LINK-02055,DATA-1603,MOB-3381,duplicates
LINK-02056,DATA-2431,BI-4428,relates to
LINK-02057,PORTAL-1567,ERP-2946,relates to
LINK-02058,MOB-552,DATA-2800,relates to
LINK-02059,BI-3346,PORTAL-2004,blocks
LINK-02060,MOB-4310,ECOM-4792,duplicates
LINK-02061,BANK-3585,CLOUD-4530,is duplicated by
LINK-02062,ECOM-539,DATA-1739,duplicates
LINK-02063,PORTAL-274,BI-2696,duplicates
LINK-02064,SEC-1399,ECOM-125,is duplicated by
LINK-02065,CLOUD-261,MOB-1660,blocks
LINK-02066,CRM-188,MOB-2864,duplicates
LINK-02067,CRM-4485,PORTAL-1738,blocks
LINK-02068,BANK-1982,ECOM-423,duplicates
LINK-02069,BI-1159,ECOM-1540,is blocked by
LINK-02070,MOB-3147,ERP-1648,duplicates
LINK-02071,ECOM-3263,CRM-2392,duplicates
LINK-02072,MOB-1953,MOB-1573,is duplicated by
LINK-02073,SEC-4010,CRM-916,blocks
LINK-02074,BI-851,PORTAL-4953,duplicates
LINK-02075,CRM-641,SEC-2423,blocks
LINK-02076,PORTAL-4475,ERP-2292,relates to
LINK-02077,CLOUD-740,ERP-1271,duplicates
LINK-02078,ERP-1930,BI-646,is blocked by
LINK-02079,CLOUD-3695,ECOM-2673,duplicates
LINK-02080,ECOM-3726,DATA-3011,is duplicated by
LINK-02081,CLOUD-3598,CLOUD-4777,is blocked by
LINK-02082,BI-3616,DATA-3956,blocks
LINK-02083,CLOUD-3268,MOB-3240,is duplicated by
LINK-02084,PORTAL-825,MOB-1416,relates to
LINK-02085,SEC-4503,CLOUD-3637,relates to
LINK-02086,SEC-4558,ERP-3592,relates to
LINK-02087,PORTAL-4901,PORTAL-2143,is blocked by
LINK-02088,MOB-1787,BI-4409,duplicates
LINK-02089,CRM-2101,PORTAL-2927,relates to
LINK-02090,PORTAL-2666,BANK-2677,is duplicated by
LINK-02091,ECOM-4883,CLOUD-3483,duplicates
LINK-02092,MOB-577,ERP-2419,relates to
LINK-02093,MOB-2379,ECOM-3573,relates to
LINK-02094,CLOUD-311,PORTAL-731,blocks
LINK-02095,SEC-2163,ERP-3529,is duplicated by
LINK-02096,BI-2507,ECOM-3015,is duplicated by
LINK-02097,MOB-4074,SEC-635,relates to
LINK-02098,ECOM-1020,BI-4775,is blocked by
LINK-02099,ERP-1725,BANK-4105,is blocked by
LINK-02100,CLOUD-532,DATA-4358,is blocked by
LINK-02101,ERP-2347,ECOM-4279,relates to
LINK-02102,CLOUD-2385,PORTAL-4521,is duplicated by
LINK-02103,ERP-3183,ECOM-1899,relates to
LINK-02104,DATA-4605,BI-4252,blocks
LINK-02105,CRM-2614,CLOUD-38,is blocked by
LINK-02106,BI-3720,ERP-4422,duplicates
LINK-02107,BANK-4495,CLOUD-2634,is duplicated by
LINK-02108,CRM-1918,BANK-4335,duplicates
LINK-02109,DATA-3031,PORTAL-2400,is blocked by
LINK-02110,ECOM-827,BI-435,duplicates
LINK-02111,BI-3469,BANK-3583,is duplicated by
LINK-02112,BANK-1304,BI-2496,is blocked by
LINK-02113,DATA-1154,DATA-3781,duplicates
LINK-02114,ERP-554,MOB-4006,is duplicated by
LINK-02115,ECOM-1482,ERP-228,relates to
LINK-02116,BANK-545,PORTAL-4614,is blocked by
LINK-02117,CRM-188,CRM-2603,is duplicated by
LINK-02118,BI-4187,BI-2969,duplicates
LINK-02119,BI-1170,SEC-1399,is blocked by
LINK-02120,MOB-2351,SEC-1438,duplicates
LINK-02121,BI-179,CRM-654,is blocked by
LINK-02122,PORTAL-2498,CRM-4376,is duplicated by
LINK-02123,SEC-3334,CLOUD-1741,is blocked by
LINK-02124,CLOUD-1129,DATA-4441,is duplicated by
LINK-02125,BANK-2792,CRM-1036,blocks
LINK-02126,ECOM-2526,DATA-950,is blocked by
LINK-02127,BI-4428,ERP-4085,is duplicated by
LINK-02128,SEC-4751,BANK-2726,blocks
LINK-02129,ERP-2047,CLOUD-72,duplicates
LINK-02130,MOB-962,CLOUD-196,duplicates
LINK-02131,ECOM-312,PORTAL-4837,duplicates
LINK-02132,CLOUD-4627,SEC-3954,is duplicated by
LINK-02133,SEC-1265,BI-3068,duplicates
LINK-02134,ECOM-450,MOB-1175,relates to
LINK-02135,CLOUD-4997,BANK-4414,is blocked by
LINK-02136,ECOM-1973,CRM-4243,is blocked by
LINK-02137,ECOM-2006,ECOM-1385,blocks
LINK-02138,CRM-2341,PORTAL-926,duplicates
LINK-02139,CRM-2798,CRM-4988,blocks
LINK-02140,BANK-178,DATA-1128,is duplicated by
LINK-02141,BI-2158,BANK-4414,relates to
LINK-02142,CLOUD-3955,ERP-3018,is blocked by
LINK-02143,CLOUD-2531,CRM-1713,is duplicated by
LINK-02144,SEC-778,BANK-3089,relates to
LINK-02145,MOB-3134,DATA-3557,is blocked by
LINK-02146,MOB-4366,SEC-212,is duplicated by
LINK-02147,MOB-4865,DATA-3533,relates to
LINK-02148,BI-1894,ERP-695,is blocked by
LINK-02149,PORTAL-219,SEC-4790,relates to
LINK-02150,PORTAL-4293,DATA-3624,relates to
LINK-02151,SEC-3398,CRM-1113,is duplicated by
LINK-02152,ECOM-4887,BI-1064,is blocked by
LINK-02153,BI-513,BANK-1561,blocks
LINK-02154,BANK-593,MOB-3870,is blocked by
LINK-02155,BI-1759,CLOUD-3867,is blocked by
LINK-02156,PORTAL-2249,ERP-1870,duplicates
LINK-02157,CRM-1366,BI-848,is blocked by
LINK-02158,MOB-501,MOB-3493,is blocked by
LINK-02159,ECOM-2611,DATA-2877,is blocked by
LINK-02160,BANK-4147,PORTAL-168,blocks
LINK-02161,BANK-4499,SEC-1508,is blocked by
LINK-02162,DATA-3749,MOB-667,blocks
LINK-02163,BANK-4786,SEC-191,duplicates
LINK-02164,BI-2766,BI-2187,duplicates
LINK-02165,BI-4822,BANK-1000,duplicates
LINK-02166,PORTAL-902,ERP-1538,is duplicated by
LINK-02167,BANK-4609,ERP-4244,is blocked by
LINK-02168,ECOM-3750,BANK-2524,is blocked by
LINK-02169,SEC-3737,ERP-897,duplicates
LINK-02170,PORTAL-1813,BANK-1808,duplicates
LINK-02171,MOB-2016,MOB-499,is blocked by
LINK-02172,BANK-1767,CRM-2139,relates to
LINK-02173,SEC-4737,ECOM-3480,is duplicated by
LINK-02174,CRM-138,MOB-4452,is duplicated by
LINK-02175,ECOM-3027,ERP-3277,is duplicated by
LINK-02176,CLOUD-1465,CLOUD-2739,duplicates
LINK-02177,BI-3540,ECOM-538,relates to
LINK-02178,SEC-115,PORTAL-1110,blocks
LINK-02179,DATA-2649,DATA-4520,is blocked by
LINK-02180,BI-4977,BANK-502,duplicates
LINK-02181,PORTAL-2586,ERP-4879,relates to
LINK-02182,CRM-1266,PORTAL-3905,relates to
LINK-02183,SEC-2031,ERP-4429,is blocked by
LINK-02184,BANK-998,PORTAL-3292,blocks
LINK-02185,SEC-1399,CLOUD-2356,duplicates
LINK-02186,SEC-4339,MOB-3977,duplicates
LINK-02187,BANK-719,SEC-626,blocks
LINK-02188,MOB-3343,CLOUD-4012,relates to
LINK-02189,DATA-3235,BI-2908,is blocked by
LINK-02190,ECOM-2514,CLOUD-1658,is blocked by
LINK-02191,MOB-3078,ERP-2638,duplicates
LINK-02192,CLOUD-1726,CLOUD-2370,is duplicated by
LINK-02193,BI-3593,ECOM-2514,blocks
LINK-02194,BANK-669,PORTAL-1746,duplicates
LINK-02195,ERP-1413,DATA-4604,is duplicated by
LINK-02196,SEC-1415,ERP-1462,blocks
LINK-02197,CLOUD-1518,DATA-1401,is duplicated by
LINK-02198,CRM-537,CRM-809,is blocked by
LINK-02199,PORTAL-2030,ERP-4148,duplicates
LINK-02200,CLOUD-3731,SEC-3431,relates to
LINK-02201,CRM-4873,BI-4841,blocks
LINK-02202,SEC-652,BANK-1817,is duplicated by
LINK-02203,BI-2080,BI-3687,relates to
LINK-02204,SEC-2021,ERP-1420,duplicates
LINK-02205,CRM-1697,SEC-2685,is blocked by
LINK-02206,BI-1887,CRM-2258,relates to
LINK-02207,ERP-3262,BI-1516,relates to
LINK-02208,MOB-3826,BANK-3991,is blocked by
LINK-02209,MOB-2272,BI-3679,duplicates
LINK-02210,BI-4841,PORTAL-1354,relates to
LINK-02211,CRM-2976,BANK-20,is duplicated by
LINK-02212,SEC-1691,CLOUD-3513,blocks
LINK-02213,BANK-3128,CLOUD-4299,is blocked by
LINK-02214,MOB-4588,MOB-1362,blocks
LINK-02215,PORTAL-2709,MOB-1754,is blocked by
LINK-02216,ERP-1207,MOB-3571,duplicates
LINK-02217,BI-3687,BI-3987,is duplicated by
LINK-02218,ERP-75,BI-3868,relates to
LINK-02219,SEC-3543,CLOUD-2125,relates to
LINK-02220,CLOUD-3623,BI-1623,is blocked by
LINK-02221,ECOM-2479,CRM-4928,is blocked by
LINK-02222,ECOM-4910,DATA-789,is blocked by
LINK-02223,ERP-4174,BANK-2435,blocks
LINK-02224,CRM-4616,CRM-4750,duplicates
LINK-02225,ECOM-1255,DATA-4574,relates to
LINK-02226,SEC-4064,ECOM-243,is blocked by
LINK-02227,SEC-3491,CLOUD-4106,is duplicated by
LINK-02228,DATA-2805,ERP-2952,is duplicated by
LINK-02229,CRM-327,CRM-786,is duplicated by
LINK-02230,ECOM-2374,SEC-521,relates to
LINK-02231,BANK-3112,ERP-542,duplicates
LINK-02232,BANK-449,ECOM-2083,duplicates
LINK-02233,CLOUD-336,DATA-2035,relates to
LINK-02234,ECOM-3719,BANK-1297,duplicates
LINK-02235,MOB-3734,BANK-2878,duplicates
LINK-02236,ERP-4326,MOB-4230,relates to
LINK-02237,DATA-1409,CLOUD-229,is duplicated by
LINK-02238,DATA-924,PORTAL-1246,duplicates
LINK-02239,CLOUD-1820,DATA-1221,duplicates
LINK-02240,ECOM-448,BANK-3698,duplicates
LINK-02241,DATA-1687,ERP-3222,blocks
LINK-02242,SEC-2667,BANK-4147,duplicates
LINK-02243,BANK-3006,MOB-3477,duplicates
LINK-02244,CLOUD-3481,DATA-1750,is duplicated by
LINK-02245,SEC-666,BI-3980,is blocked by
LINK-02246,MOB-3150,CRM-3603,relates to
LINK-02247,SEC-4302,ERP-4060,blocks
LINK-02248,SEC-3347,ECOM-3725,blocks
LINK-02249,SEC-4026,CRM-30,is blocked by
LINK-02250,CLOUD-1904,CRM-425,is duplicated by
LINK-02251,SEC-3512,SEC-1279,is duplicated by
LINK-02252,CLOUD-2132,BI-4053,is duplicated by
LINK-02253,BANK-4267,CLOUD-2876,is duplicated by
LINK-02254,MOB-2404,DATA-685,blocks
LINK-02255,SEC-191,PORTAL-1308,blocks
LINK-02256,ECOM-4547,SEC-3145,blocks
LINK-02257,BI-1669,MOB-4310,is blocked by
LINK-02258,CRM-1713,CLOUD-2009,relates to
LINK-02259,MOB-2658,DATA-3612,relates to
LINK-02260,DATA-1433,SEC-3063,blocks
LINK-02261,ERP-1680,BANK-495,is blocked by
LINK-02262,ERP-1901,CRM-3707,is blocked by
LINK-02263,ECOM-3015,BI-3999,relates to
LINK-02264,CRM-2417,CRM-250,relates to
LINK-02265,ERP-137,CRM-1177,is duplicated by
LINK-02266,SEC-1840,PORTAL-4484,blocks
LINK-02267,CLOUD-57,SEC-995,blocks
LINK-02268,ECOM-1942,ERP-3952,blocks
LINK-02269,MOB-4588,DATA-330,is duplicated by
LINK-02270,CLOUD-4726,CLOUD-4250,blocks
LINK-02271,SEC-4703,ECOM-180,blocks
LINK-02272,MOB-933,ERP-2415,is blocked by
LINK-02273,PORTAL-2252,SEC-2034,blocks
LINK-02274,ECOM-3449,ERP-1822,duplicates
LINK-02275,SEC-402,SEC-4584,relates to
LINK-02276,PORTAL-955,BANK-3935,duplicates
LINK-02277,PORTAL-2653,ERP-981,relates to
LINK-02278,ECOM-2971,ERP-3835,duplicates
LINK-02279,ERP-2510,PORTAL-4304,is blocked by
LINK-02280,MOB-736,BI-2063,is duplicated by
LINK-02281,BANK-2208,BI-4117,duplicates
LINK-02282,SEC-659,ERP-1069,is blocked by
LINK-02283,PORTAL-4214,BANK-139,duplicates
LINK-02284,ECOM-1491,BI-3671,is blocked by
LINK-02285,CLOUD-409,ERP-2564,blocks
LINK-02286,BI-628,ECOM-2270,is blocked by
LINK-02287,PORTAL-1110,PORTAL-1852,is duplicated by
LINK-02288,DATA-847,SEC-3086,is blocked by
LINK-02289,DATA-3484,ERP-2293,is blocked by
LINK-02290,CLOUD-2661,BANK-942,duplicates
LINK-02291,ECOM-2011,DATA-3451,relates to
LINK-02292,ERP-1420,BI-1498,blocks
LINK-02293,BI-823,ERP-2606,is blocked by
LINK-02294,SEC-325,PORTAL-4141,is blocked by
LINK-02295,BI-3773,BANK-2427,relates to
LINK-02296,PORTAL-676,BANK-495,duplicates
LINK-02297,ERP-2415,SEC-1797,blocks
LINK-02298,ERP-4970,CLOUD-2426,is duplicated by
LINK-02299,PORTAL-4214,SEC-2401,duplicates
LINK-02300,ECOM-618,ERP-4850,relates to
LINK-02301,BI-2151,BANK-2290,is blocked by
LINK-02302,ERP-2714,BANK-4223,duplicates
LINK-02303,MOB-1157,CRM-3841,duplicates
LINK-02304,BI-4185,SEC-934,duplicates
LINK-02305,CLOUD-4922,DATA-907,blocks
LINK-02306,SEC-3925,CRM-640,duplicates
LINK-02307,CLOUD-4758,SEC-4787,is blocked by
LINK-02308,PORTAL-4293,CRM-4241,relates to
LINK-02309,CLOUD-3261,SEC-2243,is duplicated by
LINK-02310,ECOM-3263,ECOM-1939,is duplicated by
LINK-02311,BANK-3129,BANK-1421,is blocked by
LINK-02312,SEC-4488,ERP-2843,is blocked by
LINK-02313,DATA-2456,ERP-350,is blocked by
LINK-02314,ECOM-655,DATA-4534,is duplicated by
LINK-02315,PORTAL-1971,BI-3946,is duplicated by
LINK-02316,CLOUD-1744,SEC-2689,blocks
LINK-02317,SEC-1060,MOB-2043,is duplicated by
LINK-02318,CRM-599,BANK-4063,relates to
LINK-02319,PORTAL-1349,PORTAL-714,is duplicated by
LINK-02320,BANK-2344,SEC-2856,is blocked by
LINK-02321,BI-1706,MOB-806,duplicates
LINK-02322,BI-2921,DATA-1987,is blocked by
LINK-02323,DATA-726,SEC-2930,relates to
LINK-02324,BI-333,BI-4413,blocks
LINK-02325,BANK-2408,MOB-4463,is blocked by
LINK-02326,DATA-1433,BANK-431,is blocked by
LINK-02327,CLOUD-4714,BANK-3116,relates to
LINK-02328,CRM-3843,PORTAL-4116,duplicates
LINK-02329,PORTAL-1453,BI-3383,blocks
LINK-02330,CLOUD-4922,BANK-299,is duplicated by
LINK-02331,ECOM-1290,ERP-35,blocks
LINK-02332,CRM-1861,SEC-1608,duplicates
LINK-02333,BI-3638,BANK-3655,duplicates
LINK-02334,MOB-492,PORTAL-748,is duplicated by
LINK-02335,BI-2363,SEC-4716,is blocked by
LINK-02336,PORTAL-3370,MOB-4772,is blocked by
LINK-02337,DATA-4710,DATA-1445,is duplicated by
LINK-02338,PORTAL-4474,ERP-2727,is blocked by
LINK-02339,BI-1657,CRM-2485,is blocked by
LINK-02340,ERP-459,MOB-113,relates to
LINK-02341,PORTAL-3766,BI-2001,blocks
LINK-02342,DATA-1088,CLOUD-4163,blocks
LINK-02343,BI-3840,BI-1203,is duplicated by
LINK-02344,CLOUD-713,SEC-3543,relates to
LINK-02345,CRM-2026,BI-2907,blocks
LINK-02346,SEC-1234,BANK-4773,is duplicated by
LINK-02347,ECOM-538,CLOUD-3516,is duplicated by
LINK-02348,PORTAL-714,MOB-2319,duplicates
LINK-02349,BANK-2552,ECOM-2673,duplicates
LINK-02350,ECOM-180,PORTAL-3020,is duplicated by
LINK-02351,SEC-994,ERP-3875,blocks
LINK-02352,CRM-2976,PORTAL-3436,duplicates
LINK-02353,DATA-9,ERP-3301,relates to
LINK-02354,CRM-1351,CLOUD-4132,is duplicated by
LINK-02355,DATA-3749,ECOM-275,blocks
LINK-02356,MOB-3134,BANK-1194,is duplicated by
LINK-02357,SEC-1608,CLOUD-2986,is duplicated by
LINK-02358,CLOUD-437,ERP-787,is blocked by
LINK-02359,MOB-121,BANK-4646,is duplicated by
LINK-02360,CLOUD-2462,SEC-3298,is duplicated by
LINK-02361,PORTAL-4597,DATA-4200,is duplicated by
LINK-02362,PORTAL-2400,DATA-1220,is blocked by
LINK-02363,ERP-2337,CRM-1382,duplicates
LINK-02364,CLOUD-1469,ERP-2870,is blocked by
LINK-02365,BANK-2086,SEC-4172,is duplicated by
LINK-02366,CRM-3461,DATA-4788,is duplicated by
LINK-02367,BANK-4511,MOB-683,blocks
LINK-02368,ECOM-4546,CRM-3964,duplicates
LINK-02369,ECOM-448,ERP-4478,blocks
LINK-02370,BI-3271,PORTAL-3866,is duplicated by
LINK-02371,CRM-4873,DATA-2901,blocks
LINK-02372,DATA-1562,DATA-1594,is blocked by
LINK-02373,DATA-2134,BI-2672,is blocked by
LINK-02374,CRM-2674,DATA-1649,is blocked by
LINK-02375,BI-1339,BANK-738,is blocked by
LINK-02376,MOB-948,ECOM-4885,relates to
LINK-02377,BI-4430,PORTAL-748,is blocked by
LINK-02378,BI-4430,ERP-2784,is blocked by
LINK-02379,CRM-2898,ERP-3025,blocks
LINK-02380,DATA-555,CRM-3479,blocks
LINK-02381,BANK-3658,PORTAL-3367,duplicates
LINK-02382,MOB-3919,DATA-657,is duplicated by
LINK-02383,ERP-1550,CRM-1926,is blocked by
LINK-02384,ERP-2018,ECOM-3246,relates to
LINK-02385,CRM-2949,CLOUD-910,duplicates
LINK-02386,BI-703,BI-3383,duplicates
LINK-02387,ECOM-4883,CRM-1162,blocks
LINK-02388,MOB-980,CRM-419,duplicates
LINK-02389,MOB-932,BI-1170,blocks
LINK-02390,BI-477,ERP-2211,duplicates
LINK-02391,ERP-4081,CLOUD-3121,relates to
LINK-02392,PORTAL-1630,CLOUD-4309,duplicates
LINK-02393,CRM-4487,DATA-440,duplicates
LINK-02394,ECOM-4677,ECOM-447,relates to
LINK-02395,BI-1898,BANK-1863,duplicates
LINK-02396,MOB-1096,SEC-3907,blocks
LINK-02397,PORTAL-174,ERP-2982,blocks
LINK-02398,MOB-4835,CLOUD-354,relates to
LINK-02399,PORTAL-4966,ERP-3587,blocks
LINK-02400,ERP-3745,ERP-554,is blocked by
LINK-02401,BI-2701,ERP-3388,is blocked by
LINK-02402,ERP-4016,CRM-2724,duplicates
LINK-02403,BI-1313,CLOUD-2052,is blocked by
LINK-02404,MOB-602,ECOM-3307,is blocked by
LINK-02405,BANK-1183,CLOUD-2686,duplicates
LINK-02406,BANK-468,PORTAL-2326,is blocked by
LINK-02407,PORTAL-3149,DATA-3011,blocks
LINK-02408,SEC-796,BI-1348,is blocked by
LINK-02409,MOB-4114,ERP-3745,blocks
LINK-02410,PORTAL-572,CLOUD-2916,blocks
LINK-02411,SEC-1438,PORTAL-2076,is blocked by
LINK-02412,SEC-2423,MOB-260,is duplicated by
LINK-02413,PORTAL-3701,CRM-3676,relates to
LINK-02414,PORTAL-519,ERP-4561,duplicates
LINK-02415,BI-2150,DATA-1999,relates to
LINK-02416,SEC-760,PORTAL-598,duplicates
LINK-02417,ERP-228,DATA-3904,duplicates
LINK-02418,BI-1514,ECOM-334,relates to
LINK-02419,ERP-583,CRM-2065,blocks
LINK-02420,DATA-4574,ECOM-4792,is duplicated by
LINK-02421,CRM-3051,BANK-1059,is blocked by
LINK-02422,BI-3469,CLOUD-4967,is duplicated by
LINK-02423,BANK-1948,CRM-138,duplicates
LINK-02424,SEC-3684,SEC-3201,is blocked by
LINK-02425,PORTAL-2030,CLOUD-4408,duplicates
LINK-02426,PORTAL-4474,CRM-1926,duplicates
LINK-02427,ECOM-172,ERP-3856,duplicates
LINK-02428,BI-3122,CLOUD-3170,blocks
LINK-02429,ERP-1914,CRM-814,is blocked by
LINK-02430,BI-3868,CRM-4254,duplicates
LINK-02431,ECOM-1939,BI-1514,is duplicated by
LINK-02432,CRM-427,ERP-438,is blocked by
LINK-02433,CRM-2282,SEC-1142,relates to
LINK-02434,CLOUD-1499,PORTAL-4418,is duplicated by
LINK-02435,BANK-694,ERP-2135,relates to
LINK-02436,BI-1363,BANK-4744,blocks
LINK-02437,MOB-3607,CRM-2889,is blocked by
LINK-02438,BI-4449,CLOUD-4740,is duplicated by
LINK-02439,CRM-4812,CRM-3256,blocks
LINK-02440,BANK-4107,CLOUD-2995,blocks
LINK-02441,BANK-1484,BANK-4345,relates to
LINK-02442,PORTAL-3630,BANK-109,is blocked by
LINK-02443,MOB-1664,ERP-4081,is blocked by
LINK-02444,ERP-3455,MOB-1660,is duplicated by
LINK-02445,DATA-2616,BI-1192,duplicates
LINK-02446,MOB-4930,BANK-2317,is duplicated by
LINK-02447,MOB-3556,CRM-378,is blocked by
LINK-02448,CRM-1643,MOB-815,duplicates
LINK-02449,CRM-393,BANK-4940,duplicates
LINK-02450,CLOUD-2345,DATA-315,is blocked by
LINK-02451,PORTAL-3130,DATA-4229,duplicates
LINK-02452,BI-838,DATA-4635,is blocked by
LINK-02453,ERP-1901,BANK-2427,is blocked by
LINK-02454,DATA-4431,PORTAL-2861,is duplicated by
LINK-02455,BANK-1982,CLOUD-4704,blocks
LINK-02456,ECOM-3829,MOB-2706,is blocked by
LINK-02457,ECOM-2611,DATA-60,is blocked by
LINK-02458,DATA-3965,PORTAL-4076,is duplicated by
LINK-02459,MOB-3353,BANK-2722,relates to
LINK-02460,PORTAL-2664,CLOUD-62,is blocked by
LINK-02461,ERP-2015,MOB-3078,is duplicated by
LINK-02462,CLOUD-3268,MOB-2583,is blocked by
LINK-02463,CLOUD-4363,MOB-2253,duplicates
LINK-02464,ECOM-1530,BI-3475,is blocked by
LINK-02465,ECOM-653,CRM-2776,duplicates
LINK-02466,ERP-2027,SEC-4568,duplicates
LINK-02467,ERP-1853,BI-445,duplicates
LINK-02468,DATA-996,ERP-4135,relates to
LINK-02469,SEC-4005,MOB-627,blocks
LINK-02470,ERP-3649,BI-403,is blocked by
LINK-02471,PORTAL-1646,SEC-1568,relates to
LINK-02472,MOB-1416,SEC-634,relates to
LINK-02473,BI-2844,SEC-1766,is duplicated by
LINK-02474,CRM-316,ECOM-2024,blocks
LINK-02475,MOB-3992,SEC-2442,is blocked by
LINK-02476,DATA-3819,MOB-1416,is blocked by
LINK-02477,CRM-4572,SEC-4167,blocks
LINK-02478,PORTAL-4959,CLOUD-3314,relates to
LINK-02479,MOB-366,CRM-4072,duplicates
LINK-02480,CRM-4689,SEC-1551,relates to
LINK-02481,SEC-1919,MOB-1031,is duplicated by
LINK-02482,SEC-1702,CLOUD-1502,duplicates
LINK-02483,SEC-101,DATA-2023,relates to
LINK-02484,ERP-3233,BANK-4378,is blocked by
LINK-02485,BANK-3658,ECOM-3126,blocks
LINK-02486,BI-4960,SEC-2000,relates to
LINK-02487,CLOUD-4106,DATA-93,is blocked by
LINK-02488,BI-2350,BI-4767,relates to
LINK-02489,MOB-2583,ERP-1040,blocks
LINK-02490,ECOM-3065,DATA-3779,is blocked by
LINK-02491,MOB-3569,DATA-2215,is duplicated by
LINK-02492,MOB-3863,ECOM-692,duplicates
LINK-02493,ERP-221,BI-1133,is duplicated by
LINK-02494,BANK-1815,PORTAL-1408,is blocked by
LINK-02495,SEC-1325,PORTAL-2124,is blocked by
LINK-02496,DATA-386,ECOM-2357,duplicates
LINK-02497,CRM-4590,BI-982,blocks
LINK-02498,CLOUD-4469,BI-2921,relates to
LINK-02499,BI-2907,SEC-4201,is blocked by
LINK-02500,ECOM-2762,CLOUD-1923,relates to
