history_id,issue_key,old_status,new_status,changed_by,changed_date
1,SEC-1,,To Do,user0036,2026-09-14
2,SEC-1,To Do,In Progress,user0033,2026-09-15
3,CLOUD-2,,To Do,user0009,2026-09-14
4,CLOUD-2,To Do,In Progress,user0006,2026-09-18
5,CLOUD-2,In Progress,Testing,user0023,2026-09-26
6,BI-3,,To Do,user0048,2026-09-14
7,BI-3,To Do,In Progress,user0050,2026-09-15
8,BI-3,In Progress,Testing,user0049,2026-09-18
9,BI-3,Testing,Done,user0038,2026-09-17
10,DATA-4,,To Do,user0034,2026-09-14
11,PORTAL-5,,To Do,user0048,2026-09-14
12,PORTAL-5,To Do,In Progress,user0036,2026-09-19
13,PORTAL-5,In Progress,Blocked,user0009,2026-09-28
14,ECOM-6,,To Do,user0027,2026-09-14
15,ECOM-6,To Do,In Progress,user0015,2026-09-20
16,ECOM-6,In Progress,Testing,user0014,2026-09-20
17,SEC-7,,To Do,user0039,2026-09-14
18,SEC-7,To Do,In Progress,user0028,2026-09-17
19,SEC-7,In Progress,Testing,user0024,2026-09-18
20,SEC-7,Testing,Done,user0047,2026-09-26
21,ERP-8,,To Do,user0035,2026-09-14
22,ERP-8,To Do,In Progress,user0045,2026-09-21
23,DATA-9,,To Do,user0034,2026-09-14
24,DATA-9,To Do,In Progress,user0041,2026-09-18
25,CLOUD-10,,To Do,user0049,2026-09-14
26,CLOUD-10,To Do,In Progress,user0021,2026-09-16
27,CLOUD-10,In Progress,Testing,user0031,2026-09-20
28,CLOUD-10,Testing,Done,user0030,2026-09-20
29,ECOM-11,,To Do,user0022,2026-09-14
30,ECOM-11,To Do,In Progress,user0008,2026-09-18
31,ECOM-11,In Progress,Testing,user0045,2026-09-20
32,ECOM-11,Testing,Done,user0029,2026-10-05
33,MOB-12,,To Do,user0029,2026-09-14
34,MOB-12,To Do,In Progress,user0044,2026-09-17
35,MOB-12,In Progress,Testing,user0030,2026-09-26
36,MOB-12,Testing,Done,user0013,2026-09-29
37,ERP-13,,To Do,user0045,2026-09-14
38,ERP-13,To Do,In Progress,user0039,2026-09-20
39,ECOM-14,,To Do,user0002,2026-09-14
40,ECOM-14,To Do,In Progress,user0005,2026-09-18
41,ECOM-14,In Progress,Testing,user0016,2026-09-18
42,ECOM-14,Testing,Done,user0028,2026-09-20
43,ERP-15,,To Do,user0033,2026-09-14
44,ERP-15,To Do,In Progress,user0044,2026-09-15
45,ERP-15,In Progress,Blocked,user0047,2026-09-18
46,CLOUD-16,,To Do,user0022,2026-09-14
47,CLOUD-16,To Do,In Progress,user0018,2026-09-17
48,CLOUD-17,,To Do,user0049,2026-09-14
49,CLOUD-17,To Do,In Progress,user0015,2026-09-16
50,CLOUD-17,In Progress,Testing,user0016,2026-09-22
51,BANK-18,,To Do,user0044,2026-09-14
52,BANK-18,To Do,In Progress,user0029,2026-09-19
53,BANK-18,In Progress,Testing,user0043,2026-09-22
54,BANK-18,Testing,Done,user0002,2026-10-02
55,PORTAL-19,,To Do,user0044,2026-09-14
56,PORTAL-19,To Do,In Progress,user0017,2026-09-15
57,BANK-20,,To Do,user0045,2026-09-14
58,SEC-21,,To Do,user0035,2026-09-14
59,BI-22,,To Do,user0027,2026-09-14
60,BI-22,To Do,In Progress,user0014,2026-09-15
61,BI-22,In Progress,Testing,user0018,2026-09-22
62,PORTAL-23,,To Do,user0010,2026-09-14
63,PORTAL-23,To Do,In Progress,user0024,2026-09-16
64,MOB-24,,To Do,user0049,2026-09-14
65,MOB-24,To Do,In Progress,user0026,2026-09-15
66,CRM-25,,To Do,user0009,2026-09-14
67,MOB-26,,To Do,user0030,2026-09-14
68,MOB-26,To Do,In Progress,user0021,2026-09-18
69,MOB-26,In Progress,Testing,user0022,2026-09-28
70,MOB-27,,To Do,user0047,2026-09-14
71,MOB-27,To Do,In Progress,user0019,2026-09-19
72,MOB-27,In Progress,Testing,user0001,2026-09-16
73,MOB-27,Testing,Done,user0010,2026-09-23
74,MOB-28,,To Do,user0001,2026-09-14
75,MOB-28,To Do,In Progress,user0044,2026-09-21
76,MOB-28,In Progress,Testing,user0037,2026-09-24
77,MOB-28,Testing,Done,user0038,2026-09-26
78,ERP-29,,To Do,user0034,2026-09-14
79,ERP-29,To Do,In Progress,user0022,2026-09-19
80,ERP-29,In Progress,Testing,user0027,2026-09-22
81,ERP-29,Testing,Done,user0001,2026-10-02
82,ERP-29,Done,Reopened,user0044,2026-09-18
83,CRM-30,,To Do,user0026,2026-09-14
84,CRM-30,To Do,In Progress,user0027,2026-09-20
85,MOB-31,,To Do,user0025,2026-09-14
86,MOB-31,To Do,In Progress,user0029,2026-09-20
87,MOB-31,In Progress,Testing,user0014,2026-09-24
88,MOB-31,Testing,Done,user0038,2026-10-05
89,ERP-32,,To Do,user0048,2026-09-14
90,PORTAL-33,,To Do,user0032,2026-09-14
91,PORTAL-33,To Do,In Progress,user0044,2026-09-19
92,MOB-34,,To Do,user0025,2026-09-14
93,MOB-34,To Do,In Progress,user0046,2026-09-20
94,MOB-34,In Progress,Testing,user0050,2026-09-16
95,MOB-34,Testing,Done,user0032,2026-10-02
96,ERP-35,,To Do,user0034,2026-09-14
97,ERP-35,To Do,In Progress,user0003,2026-09-19
98,ERP-35,In Progress,Blocked,user0037,2026-09-26
99,CRM-36,,To Do,user0048,2026-09-14
100,CRM-36,To Do,In Progress,user0035,2026-09-20
101,MOB-37,,To Do,user0041,2026-09-14
102,MOB-37,To Do,In Progress,user0002,2026-09-16
103,MOB-37,In Progress,Testing,user0043,2026-09-22
104,MOB-37,Testing,Done,user0037,2026-10-02
105,CLOUD-38,,To Do,user0016,2026-09-14
106,CLOUD-38,To Do,In Progress,user0016,2026-09-20
107,CLOUD-38,In Progress,Testing,user0005,2026-09-24
108,CLOUD-38,Testing,Done,user0007,2026-09-17
109,CLOUD-39,,To Do,user0013,2026-09-14
110,CLOUD-39,To Do,In Progress,user0009,2026-09-18
111,BI-40,,To Do,user0001,2026-09-14
112,BI-40,To Do,In Progress,user0048,2026-09-19
113,BI-40,In Progress,Testing,user0006,2026-09-18
114,BI-40,Testing,Done,user0022,2026-09-29
115,DATA-41,,To Do,user0044,2026-09-14
116,DATA-41,To Do,In Progress,user0046,2026-09-16
117,DATA-41,In Progress,Testing,user0025,2026-09-26
118,DATA-41,Testing,Done,user0050,2026-09-23
119,ERP-42,,To Do,user0031,2026-09-14
120,ERP-42,To Do,In Progress,user0017,2026-09-17
121,ERP-42,In Progress,Testing,user0027,2026-09-20
122,BI-43,,To Do,user0013,2026-09-14
123,BI-43,To Do,In Progress,user0047,2026-09-20
124,BI-43,In Progress,Testing,user0012,2026-09-28
125,BI-43,Testing,Done,user0042,2026-09-20
126,BI-43,Done,Reopened,user0022,2026-10-08
127,PORTAL-44,,To Do,user0024,2026-09-14
128,PORTAL-44,To Do,In Progress,user0042,2026-09-17
129,PORTAL-44,In Progress,Testing,user0030,2026-09-22
130,PORTAL-44,Testing,Done,user0034,2026-10-02
131,ECOM-45,,To Do,user0034,2026-09-14
132,ECOM-45,To Do,In Progress,user0043,2026-09-21
133,ECOM-45,In Progress,Testing,user0033,2026-09-20
134,ECOM-45,Testing,Done,user0036,2026-10-05
135,BANK-46,,To Do,user0001,2026-09-14
136,BANK-46,To Do,In Progress,user0024,2026-09-21
137,DATA-47,,To Do,user0022,2026-09-14
138,DATA-47,To Do,In Progress,user0031,2026-09-17
139,DATA-47,In Progress,Testing,user0012,2026-09-20
140,DATA-47,Testing,Done,user0002,2026-09-17
141,DATA-47,Done,Reopened,user0035,2026-09-22
142,ECOM-48,,To Do,user0048,2026-09-14
143,ECOM-48,To Do,In Progress,user0015,2026-09-16
144,CRM-49,,To Do,user0015,2026-09-14
145,CRM-49,To Do,In Progress,user0029,2026-09-20
146,ERP-50,,To Do,user0007,2026-09-14
147,ERP-50,To Do,In Progress,user0012,2026-09-17
148,PORTAL-51,,To Do,user0046,2026-09-14
149,PORTAL-51,To Do,In Progress,user0013,2026-09-17
150,ERP-52,,To Do,user0033,2026-09-14
151,ERP-52,To Do,In Progress,user0033,2026-09-20
152,DATA-53,,To Do,user0008,2026-09-14
153,DATA-53,To Do,In Progress,user0047,2026-09-16
154,CRM-54,,To Do,user0012,2026-09-14
155,CRM-54,To Do,In Progress,user0018,2026-09-20
156,CRM-54,In Progress,Blocked,user0011,2026-09-24
157,ERP-55,,To Do,user0036,2026-09-14
158,ERP-55,To Do,In Progress,user0019,2026-09-21
159,ERP-55,In Progress,Testing,user0003,2026-09-28
160,ERP-55,Testing,Done,user0048,2026-10-05
161,ERP-55,Done,Reopened,user0037,2026-10-12
162,PORTAL-56,,To Do,user0039,2026-09-14
163,PORTAL-56,To Do,In Progress,user0027,2026-09-21
164,CLOUD-57,,To Do,user0032,2026-09-14
165,ERP-58,,To Do,user0034,2026-09-14
166,BI-59,,To Do,user0022,2026-09-14
167,BI-59,To Do,In Progress,user0041,2026-09-16
168,BI-59,In Progress,Testing,user0021,2026-09-22
169,BI-59,Testing,Done,user0007,2026-10-05
170,DATA-60,,To Do,user0010,2026-09-14
171,DATA-60,To Do,In Progress,user0032,2026-09-15
172,DATA-60,In Progress,Testing,user0006,2026-09-18
173,DATA-60,Testing,Done,user0021,2026-10-05
174,BI-61,,To Do,user0037,2026-09-14
175,BI-61,To Do,In Progress,user0035,2026-09-20
176,BI-61,In Progress,Testing,user0004,2026-09-26
177,BI-61,Testing,Done,user0025,2026-09-23
178,CLOUD-62,,To Do,user0012,2026-09-14
179,CLOUD-62,To Do,In Progress,user0010,2026-09-16
180,CRM-63,,To Do,user0032,2026-09-14
181,PORTAL-64,,To Do,user0003,2026-09-14
182,PORTAL-64,To Do,In Progress,user0011,2026-09-16
183,SEC-65,,To Do,user0045,2026-09-14
184,MOB-66,,To Do,user0016,2026-09-14
185,MOB-66,To Do,In Progress,user0047,2026-09-21
186,MOB-66,In Progress,Testing,user0013,2026-09-28
187,MOB-66,Testing,Done,user0035,2026-09-26
188,SEC-67,,To Do,user0004,2026-09-14
189,SEC-67,To Do,In Progress,user0035,2026-09-18
190,SEC-67,In Progress,Blocked,user0001,2026-09-20
191,BI-68,,To Do,user0044,2026-09-14
192,BI-68,To Do,In Progress,user0018,2026-09-18
193,BI-68,In Progress,Testing,user0037,2026-09-18
194,MOB-69,,To Do,user0015,2026-09-14
195,MOB-69,To Do,In Progress,user0024,2026-09-19
196,MOB-69,In Progress,Testing,user0024,2026-09-20
197,MOB-69,Testing,Done,user0029,2026-09-17
198,PORTAL-70,,To Do,user0038,2026-09-14
199,PORTAL-70,To Do,In Progress,user0012,2026-09-16
200,PORTAL-70,In Progress,Testing,user0049,2026-09-28
201,PORTAL-70,Testing,Done,user0003,2026-09-17
202,BI-71,,To Do,user0046,2026-09-14
203,BI-71,To Do,In Progress,user0034,2026-09-20
204,BI-71,In Progress,Blocked,user0043,2026-09-18
205,CLOUD-72,,To Do,user0020,2026-09-14
206,CLOUD-73,,To Do,user0044,2026-09-14
207,BANK-74,,To Do,user0046,2026-09-14
208,BANK-74,To Do,In Progress,user0008,2026-09-19
209,BANK-74,In Progress,Testing,user0003,2026-09-18
210,BANK-74,Testing,Done,user0025,2026-10-02
211,ERP-75,,To Do,user0007,2026-09-14
212,ERP-75,To Do,In Progress,user0033,2026-09-15
213,ERP-75,In Progress,Blocked,user0021,2026-09-20
214,SEC-76,,To Do,user0032,2026-09-14
215,SEC-76,To Do,In Progress,user0018,2026-09-15
216,ERP-77,,To Do,user0038,2026-09-14
217,ERP-77,To Do,In Progress,user0027,2026-09-16
218,ERP-77,In Progress,Blocked,user0001,2026-09-20
219,MOB-78,,To Do,user0049,2026-09-14
220,MOB-78,To Do,In Progress,user0018,2026-09-18
221,MOB-78,In Progress,Testing,user0024,2026-09-16
222,MOB-78,Testing,Done,user0007,2026-10-05
223,ERP-79,,To Do,user0033,2026-09-14
224,ERP-79,To Do,In Progress,user0012,2026-09-16
225,SEC-80,,To Do,user0019,2026-09-14
226,SEC-80,To Do,In Progress,user0015,2026-09-15
227,SEC-80,In Progress,Blocked,user0046,2026-09-26
228,BANK-81,,To Do,user0011,2026-09-14
229,BANK-81,To Do,In Progress,user0047,2026-09-20
230,CRM-82,,To Do,user0024,2026-09-14
231,CRM-82,To Do,In Progress,user0005,2026-09-15
232,BANK-83,,To Do,user0009,2026-09-14
233,BANK-83,To Do,In Progress,user0012,2026-09-16
234,BANK-83,In Progress,Testing,user0048,2026-09-18
235,BI-84,,To Do,user0047,2026-09-14
236,BI-84,To Do,In Progress,user0008,2026-09-21
237,BI-84,In Progress,Testing,user0037,2026-09-18
238,BI-84,Testing,Done,user0041,2026-09-29
239,BI-85,,To Do,user0009,2026-09-14
240,BI-85,To Do,In Progress,user0035,2026-09-20
241,BI-85,In Progress,Testing,user0033,2026-09-20
242,BI-85,Testing,Done,user0019,2026-09-17
243,MOB-86,,To Do,user0032,2026-09-14
244,BANK-87,,To Do,user0021,2026-09-14
245,BANK-87,To Do,In Progress,user0012,2026-09-15
246,BANK-87,In Progress,Testing,user0007,2026-09-18
247,BANK-87,Testing,Done,user0018,2026-10-02
248,CLOUD-88,,To Do,user0040,2026-09-14
249,CLOUD-89,,To Do,user0026,2026-09-14
250,CLOUD-89,To Do,In Progress,user0006,2026-09-21
251,PORTAL-90,,To Do,user0045,2026-09-14
252,PORTAL-90,To Do,In Progress,user0006,2026-09-21
253,MOB-91,,To Do,user0038,2026-09-14
254,MOB-91,To Do,In Progress,user0015,2026-09-17
255,MOB-91,In Progress,Testing,user0010,2026-09-26
256,MOB-91,Testing,Done,user0001,2026-09-17
257,CLOUD-92,,To Do,user0040,2026-09-14
258,CLOUD-92,To Do,In Progress,user0033,2026-09-18
259,CLOUD-92,In Progress,Testing,user0020,2026-09-26
260,CLOUD-92,Testing,Done,user0012,2026-10-02
261,DATA-93,,To Do,user0043,2026-09-14
262,DATA-93,To Do,In Progress,user0006,2026-09-19
263,DATA-93,In Progress,Testing,user0019,2026-09-28
264,DATA-93,Testing,Done,user0016,2026-10-02
265,DATA-93,Done,Reopened,user0021,2026-10-08
266,PORTAL-94,,To Do,user0008,2026-09-14
267,SEC-95,,To Do,user0042,2026-09-14
268,SEC-95,To Do,In Progress,user0042,2026-09-19
269,SEC-95,In Progress,Testing,user0045,2026-09-20
270,MOB-96,,To Do,user0008,2026-09-14
271,MOB-96,To Do,In Progress,user0037,2026-09-19
272,MOB-96,In Progress,Testing,user0039,2026-09-22
273,MOB-96,Testing,Done,user0035,2026-10-05
274,MOB-97,,To Do,user0006,2026-09-14
275,MOB-97,To Do,In Progress,user0027,2026-09-18
276,MOB-97,In Progress,Testing,user0002,2026-09-18
277,CRM-98,,To Do,user0007,2026-09-14
278,CRM-98,To Do,In Progress,user0042,2026-09-19
279,CRM-98,In Progress,Blocked,user0049,2026-09-26
280,MOB-99,,To Do,user0007,2026-09-14
281,MOB-99,To Do,In Progress,user0018,2026-09-17
282,MOB-99,In Progress,Testing,user0014,2026-09-28
283,SEC-100,,To Do,user0008,2026-09-14
284,SEC-100,To Do,In Progress,user0028,2026-09-21
285,SEC-101,,To Do,user0029,2026-09-14
286,SEC-101,To Do,In Progress,user0006,2026-09-15
287,SEC-101,In Progress,Testing,user0019,2026-09-26
288,BANK-102,,To Do,user0001,2026-09-14
289,BANK-102,To Do,In Progress,user0044,2026-09-17
290,CRM-103,,To Do,user0036,2026-09-14
291,CRM-103,To Do,In Progress,user0009,2026-09-19
292,CRM-103,In Progress,Testing,user0002,2026-09-28
293,CRM-103,Testing,Done,user0017,2026-09-26
294,ECOM-104,,To Do,user0023,2026-09-14
295,ECOM-104,To Do,In Progress,user0010,2026-09-18
296,ECOM-104,In Progress,Testing,user0041,2026-09-26
297,ECOM-104,Testing,Done,user0041,2026-09-17
298,ERP-105,,To Do,user0040,2026-09-14
299,ERP-105,To Do,In Progress,user0013,2026-09-19
300,ERP-105,In Progress,Testing,user0012,2026-09-26
301,ERP-105,Testing,Done,user0032,2026-10-02
302,BANK-106,,To Do,user0028,2026-09-14
303,BANK-106,To Do,In Progress,user0024,2026-09-21
304,BANK-106,In Progress,Testing,user0042,2026-09-18
305,BANK-106,Testing,Done,user0043,2026-10-02
306,CLOUD-107,,To Do,user0014,2026-09-14
307,CLOUD-107,To Do,In Progress,user0030,2026-09-19
308,CLOUD-107,In Progress,Testing,user0024,2026-09-18
309,CRM-108,,To Do,user0047,2026-09-14
310,BANK-109,,To Do,user0009,2026-09-14
311,BANK-109,To Do,In Progress,user0048,2026-09-15
312,BANK-109,In Progress,Testing,user0021,2026-09-26
313,BANK-109,Testing,Done,user0023,2026-09-26
314,BANK-109,Done,Reopened,user0045,2026-09-30
315,BANK-110,,To Do,user0030,2026-09-14
316,SEC-111,,To Do,user0046,2026-09-14
317,SEC-111,To Do,In Progress,user0049,2026-09-15
318,ERP-112,,To Do,user0029,2026-09-14
319,ERP-112,To Do,In Progress,user0005,2026-09-21
320,ERP-112,In Progress,Blocked,user0030,2026-09-18
321,MOB-113,,To Do,user0040,2026-09-14
322,MOB-113,To Do,In Progress,user0018,2026-09-17
323,MOB-113,In Progress,Testing,user0002,2026-09-26
324,MOB-113,Testing,Done,user0015,2026-09-17
325,BANK-114,,To Do,user0023,2026-09-14
326,BANK-114,To Do,In Progress,user0029,2026-09-19
327,BANK-114,In Progress,Testing,user0021,2026-09-18
328,BANK-114,Testing,Done,user0013,2026-10-05
329,BANK-114,Done,Reopened,user0042,2026-09-22
330,SEC-115,,To Do,user0011,2026-09-14
331,BANK-116,,To Do,user0050,2026-09-14
332,BANK-116,To Do,In Progress,user0038,2026-09-20
333,BANK-116,In Progress,Testing,user0003,2026-09-22
334,MOB-117,,To Do,user0043,2026-09-14
335,MOB-117,To Do,In Progress,user0002,2026-09-16
336,SEC-118,,To Do,user0036,2026-09-14
337,SEC-118,To Do,In Progress,user0036,2026-09-18
338,SEC-118,In Progress,Blocked,user0031,2026-09-24
339,CLOUD-119,,To Do,user0028,2026-09-14
340,CLOUD-120,,To Do,user0008,2026-09-14
341,CLOUD-120,To Do,In Progress,user0012,2026-09-19
342,CLOUD-120,In Progress,Testing,user0004,2026-09-28
343,CLOUD-120,Testing,Done,user0044,2026-10-02
344,MOB-121,,To Do,user0045,2026-09-14
345,MOB-121,To Do,In Progress,user0035,2026-09-16
346,MOB-121,In Progress,Testing,user0023,2026-09-26
347,MOB-121,Testing,Done,user0003,2026-09-23
348,PORTAL-122,,To Do,user0001,2026-09-14
349,PORTAL-122,To Do,In Progress,user0026,2026-09-16
350,PORTAL-122,In Progress,Testing,user0006,2026-09-28
351,ECOM-123,,To Do,user0025,2026-09-14
352,ECOM-123,To Do,In Progress,user0034,2026-09-21
353,ECOM-123,In Progress,Testing,user0017,2026-09-26
354,ECOM-123,Testing,Done,user0044,2026-09-23
355,BI-124,,To Do,user0007,2026-09-14
356,BI-124,To Do,In Progress,user0028,2026-09-17
357,BI-124,In Progress,Testing,user0042,2026-09-26
358,BI-124,Testing,Done,user0011,2026-09-20
359,ECOM-125,,To Do,user0035,2026-09-14
360,ECOM-125,To Do,In Progress,user0034,2026-09-17
361,ECOM-125,In Progress,Blocked,user0040,2026-09-16
362,ERP-126,,To Do,user0002,2026-09-14
363,ERP-126,To Do,In Progress,user0001,2026-09-18
364,SEC-127,,To Do,user0022,2026-09-14
365,SEC-127,To Do,In Progress,user0042,2026-09-21
366,SEC-127,In Progress,Testing,user0040,2026-09-26
367,SEC-127,Testing,Done,user0012,2026-09-29
368,SEC-128,,To Do,user0029,2026-09-14
369,BI-129,,To Do,user0005,2026-09-14
370,BI-129,To Do,In Progress,user0031,2026-09-17
371,BI-129,In Progress,Testing,user0022,2026-09-16
372,BI-129,Testing,Done,user0048,2026-10-02
373,CLOUD-130,,To Do,user0020,2026-09-14
374,CLOUD-130,To Do,In Progress,user0050,2026-09-19
375,CLOUD-130,In Progress,Testing,user0044,2026-09-22
376,CLOUD-131,,To Do,user0031,2026-09-14
377,CLOUD-131,To Do,In Progress,user0038,2026-09-16
378,CLOUD-131,In Progress,Blocked,user0011,2026-09-16
379,SEC-132,,To Do,user0037,2026-09-14
380,SEC-132,To Do,In Progress,user0007,2026-09-19
381,SEC-132,In Progress,Testing,user0016,2026-09-20
382,SEC-132,Testing,Done,user0018,2026-09-20
383,BI-133,,To Do,user0015,2026-09-14
384,BI-133,To Do,In Progress,user0035,2026-09-16
385,BI-133,In Progress,Testing,user0014,2026-09-20
386,BI-133,Testing,Done,user0040,2026-09-17
387,SEC-134,,To Do,user0009,2026-09-14
388,SEC-134,To Do,In Progress,user0039,2026-09-18
389,SEC-134,In Progress,Blocked,user0033,2026-09-22
390,ERP-135,,To Do,user0042,2026-09-14
391,ERP-135,To Do,In Progress,user0014,2026-09-16
392,BANK-136,,To Do,user0004,2026-09-14
393,BANK-136,To Do,In Progress,user0012,2026-09-20
394,BANK-136,In Progress,Testing,user0004,2026-09-28
395,BANK-136,Testing,Done,user0022,2026-09-29
396,ERP-137,,To Do,user0010,2026-09-14
397,CRM-138,,To Do,user0042,2026-09-14
398,CRM-138,To Do,In Progress,user0026,2026-09-17
399,BANK-139,,To Do,user0022,2026-09-14
400,BANK-139,To Do,In Progress,user0034,2026-09-19
401,BANK-139,In Progress,Testing,user0013,2026-09-16
402,BANK-139,Testing,Done,user0017,2026-09-23
403,ERP-140,,To Do,user0022,2026-09-14
404,ERP-140,To Do,In Progress,user0023,2026-09-19
405,ERP-140,In Progress,Testing,user0023,2026-09-22
406,ERP-140,Testing,Done,user0040,2026-10-02
407,ERP-140,Done,Reopened,user0024,2026-10-12
408,CRM-141,,To Do,user0038,2026-09-14
409,CRM-141,To Do,In Progress,user0031,2026-09-21
410,CRM-141,In Progress,Testing,user0017,2026-09-26
411,CRM-141,Testing,Done,user0016,2026-10-02
412,CRM-141,Done,Reopened,user0039,2026-10-12
413,ECOM-142,,To Do,user0023,2026-09-14
414,MOB-143,,To Do,user0017,2026-09-14
415,MOB-143,To Do,In Progress,user0049,2026-09-17
416,MOB-143,In Progress,Testing,user0043,2026-09-26
417,MOB-143,Testing,Done,user0043,2026-10-02
418,CLOUD-144,,To Do,user0046,2026-09-14
419,CLOUD-144,To Do,In Progress,user0037,2026-09-20
420,CLOUD-144,In Progress,Testing,user0009,2026-09-26
421,CLOUD-144,Testing,Done,user0044,2026-10-05
422,BANK-145,,To Do,user0038,2026-09-14
423,BANK-145,To Do,In Progress,user0018,2026-09-17
424,ERP-146,,To Do,user0024,2026-09-14
425,MOB-147,,To Do,user0039,2026-09-14
426,MOB-147,To Do,In Progress,user0012,2026-09-15
427,MOB-147,In Progress,Blocked,user0034,2026-09-28
428,PORTAL-148,,To Do,user0005,2026-09-14
429,PORTAL-148,To Do,In Progress,user0007,2026-09-21
430,PORTAL-148,In Progress,Testing,user0029,2026-09-28
431,PORTAL-148,Testing,Done,user0037,2026-10-02
432,MOB-149,,To Do,user0019,2026-09-14
433,DATA-150,,To Do,user0019,2026-09-14
434,SEC-151,,To Do,user0009,2026-09-14
435,SEC-151,To Do,In Progress,user0033,2026-09-16
436,SEC-151,In Progress,Blocked,user0010,2026-09-18
437,MOB-152,,To Do,user0041,2026-09-14
438,MOB-152,To Do,In Progress,user0022,2026-09-19
439,MOB-152,In Progress,Testing,user0033,2026-09-26
440,MOB-152,Testing,Done,user0019,2026-09-26
441,BANK-153,,To Do,user0029,2026-09-14
442,BANK-153,To Do,In Progress,user0027,2026-09-19
443,SEC-154,,To Do,user0015,2026-09-14
444,SEC-154,To Do,In Progress,user0018,2026-09-15
445,SEC-154,In Progress,Testing,user0021,2026-09-24
446,SEC-154,Testing,Done,user0042,2026-10-05
447,BANK-155,,To Do,user0002,2026-09-14
448,BANK-155,To Do,In Progress,user0020,2026-09-19
449,BANK-155,In Progress,Testing,user0035,2026-09-22
450,BANK-155,Testing,Done,user0044,2026-10-02
451,BI-156,,To Do,user0046,2026-09-14
452,BI-156,To Do,In Progress,user0005,2026-09-17
453,CRM-157,,To Do,user0013,2026-09-14
454,CRM-157,To Do,In Progress,user0036,2026-09-19
455,CRM-157,In Progress,Testing,user0011,2026-09-28
456,CRM-157,Testing,Done,user0043,2026-09-29
457,PORTAL-158,,To Do,user0001,2026-09-14
458,PORTAL-158,To Do,In Progress,user0022,2026-09-20
459,PORTAL-158,In Progress,Testing,user0037,2026-09-26
460,PORTAL-158,Testing,Done,user0011,2026-10-05
461,PORTAL-158,Done,Reopened,user0007,2026-09-26
462,SEC-159,,To Do,user0007,2026-09-14
463,BI-160,,To Do,user0033,2026-09-14
464,BI-160,To Do,In Progress,user0047,2026-09-19
465,BI-160,In Progress,Testing,user0025,2026-09-20
466,BI-160,Testing,Done,user0016,2026-09-20
467,BI-161,,To Do,user0006,2026-09-14
468,BI-161,To Do,In Progress,user0025,2026-09-18
469,BI-161,In Progress,Testing,user0024,2026-09-20
470,BI-161,Testing,Done,user0015,2026-09-26
471,BI-162,,To Do,user0028,2026-09-14
472,BI-162,To Do,In Progress,user0015,2026-09-21
473,BI-162,In Progress,Testing,user0004,2026-09-16
474,CLOUD-163,,To Do,user0019,2026-09-14
475,CLOUD-163,To Do,In Progress,user0044,2026-09-21
476,CLOUD-163,In Progress,Testing,user0013,2026-09-28
477,CLOUD-163,Testing,Done,user0021,2026-09-20
478,ERP-164,,To Do,user0003,2026-09-14
479,ERP-164,To Do,In Progress,user0023,2026-09-15
480,CRM-165,,To Do,user0019,2026-09-14
481,CRM-165,To Do,In Progress,user0030,2026-09-15
482,CRM-165,In Progress,Testing,user0041,2026-09-26
483,BI-166,,To Do,user0049,2026-09-14
484,BI-166,To Do,In Progress,user0046,2026-09-17
485,BI-166,In Progress,Testing,user0037,2026-09-22
486,SEC-167,,To Do,user0006,2026-09-14
487,SEC-167,To Do,In Progress,user0025,2026-09-17
488,SEC-167,In Progress,Testing,user0029,2026-09-26
489,PORTAL-168,,To Do,user0022,2026-09-14
490,BI-169,,To Do,user0010,2026-09-14
491,BI-169,To Do,In Progress,user0033,2026-09-20
492,BI-169,In Progress,Testing,user0047,2026-09-18
493,BI-169,Testing,Done,user0040,2026-10-02
494,CRM-170,,To Do,user0010,2026-09-14
495,PORTAL-171,,To Do,user0049,2026-09-14
496,PORTAL-171,To Do,In Progress,user0030,2026-09-18
497,PORTAL-171,In Progress,Blocked,user0045,2026-09-20
498,ECOM-172,,To Do,user0043,2026-09-14
499,ERP-173,,To Do,user0008,2026-09-14
500,ERP-173,To Do,In Progress,user0028,2026-09-21
501,ERP-173,In Progress,Testing,user0024,2026-09-28
502,ERP-173,Testing,Done,user0044,2026-09-26
503,ERP-173,Done,Reopened,user0049,2026-09-30
504,PORTAL-174,,To Do,user0030,2026-09-14
505,PORTAL-174,To Do,In Progress,user0020,2026-09-18
506,PORTAL-174,In Progress,Testing,user0026,2026-09-16
507,SEC-175,,To Do,user0016,2026-09-14
508,BANK-176,,To Do,user0023,2026-09-14
509,BANK-176,To Do,In Progress,user0033,2026-09-17
510,BANK-176,In Progress,Testing,user0008,2026-09-22
511,BANK-176,Testing,Done,user0008,2026-09-26
512,MOB-177,,To Do,user0004,2026-09-14
513,MOB-177,To Do,In Progress,user0037,2026-09-18
514,MOB-177,In Progress,Testing,user0027,2026-09-28
515,MOB-177,Testing,Done,user0037,2026-09-26
516,BANK-178,,To Do,user0039,2026-09-14
517,BI-179,,To Do,user0040,2026-09-14
518,BI-179,To Do,In Progress,user0018,2026-09-16
519,BI-179,In Progress,Testing,user0042,2026-09-24
520,BI-179,Testing,Done,user0010,2026-09-26
521,ECOM-180,,To Do,user0020,2026-09-14
522,ECOM-180,To Do,In Progress,user0013,2026-09-17
523,ECOM-180,In Progress,Testing,user0039,2026-09-22
524,ECOM-180,Testing,Done,user0033,2026-09-20
525,ERP-181,,To Do,user0006,2026-09-14
526,CLOUD-182,,To Do,user0027,2026-09-14
527,PORTAL-183,,To Do,user0046,2026-09-14
528,PORTAL-183,To Do,In Progress,user0014,2026-09-19
529,PORTAL-183,In Progress,Testing,user0039,2026-09-22
530,PORTAL-183,Testing,Done,user0019,2026-10-05
531,PORTAL-183,Done,Reopened,user0029,2026-09-30
532,ERP-184,,To Do,user0019,2026-09-14
533,ERP-184,To Do,In Progress,user0032,2026-09-15
534,ERP-184,In Progress,Testing,user0014,2026-09-26
535,ERP-184,Testing,Done,user0045,2026-09-20
536,ERP-184,Done,Reopened,user0027,2026-09-22
537,CLOUD-185,,To Do,user0004,2026-09-14
538,CLOUD-185,To Do,In Progress,user0004,2026-09-15
539,CLOUD-185,In Progress,Testing,user0035,2026-09-22
540,CLOUD-185,Testing,Done,user0031,2026-09-26
541,BI-186,,To Do,user0050,2026-09-14
542,BI-186,To Do,In Progress,user0003,2026-09-20
543,SEC-187,,To Do,user0014,2026-09-14
544,SEC-187,To Do,In Progress,user0048,2026-09-17
545,SEC-187,In Progress,Blocked,user0003,2026-09-20
546,CRM-188,,To Do,user0022,2026-09-14
547,CRM-188,To Do,In Progress,user0045,2026-09-19
548,CRM-188,In Progress,Testing,user0007,2026-09-28
549,CRM-188,Testing,Done,user0044,2026-09-26
550,CRM-188,Done,Reopened,user0043,2026-10-08
551,SEC-189,,To Do,user0024,2026-09-14
552,SEC-189,To Do,In Progress,user0040,2026-09-17
553,SEC-189,In Progress,Blocked,user0035,2026-09-26
554,BANK-190,,To Do,user0041,2026-09-14
555,SEC-191,,To Do,user0041,2026-09-14
556,SEC-191,To Do,In Progress,user0026,2026-09-20
557,MOB-192,,To Do,user0033,2026-09-14
558,MOB-192,To Do,In Progress,user0020,2026-09-21
559,MOB-192,In Progress,Testing,user0020,2026-09-22
560,MOB-192,Testing,Done,user0032,2026-09-29
561,PORTAL-193,,To Do,user0001,2026-09-14
562,PORTAL-193,To Do,In Progress,user0043,2026-09-19
563,PORTAL-193,In Progress,Blocked,user0029,2026-09-20
564,DATA-194,,To Do,user0020,2026-09-14
565,DATA-194,To Do,In Progress,user0002,2026-09-18
566,DATA-194,In Progress,Blocked,user0025,2026-09-18
567,SEC-195,,To Do,user0043,2026-09-14
568,SEC-195,To Do,In Progress,user0019,2026-09-16
569,CLOUD-196,,To Do,user0035,2026-09-14
570,CLOUD-196,To Do,In Progress,user0028,2026-09-21
571,PORTAL-197,,To Do,user0012,2026-09-14
572,PORTAL-197,To Do,In Progress,user0032,2026-09-16
573,CRM-198,,To Do,user0040,2026-09-14
574,PORTAL-199,,To Do,user0010,2026-09-14
575,PORTAL-199,To Do,In Progress,user0030,2026-09-15
576,PORTAL-199,In Progress,Testing,user0027,2026-09-18
577,PORTAL-199,Testing,Done,user0048,2026-09-26
578,DATA-200,,To Do,user0028,2026-09-14
579,DATA-200,To Do,In Progress,user0030,2026-09-18
580,DATA-200,In Progress,Testing,user0039,2026-09-18
581,DATA-200,Testing,Done,user0025,2026-09-17
582,SEC-201,,To Do,user0050,2026-09-14
583,SEC-201,To Do,In Progress,user0003,2026-09-21
584,SEC-201,In Progress,Blocked,user0011,2026-09-22
585,ECOM-202,,To Do,user0044,2026-09-14
586,ECOM-202,To Do,In Progress,user0049,2026-09-18
587,ECOM-202,In Progress,Testing,user0043,2026-09-18
588,ECOM-202,Testing,Done,user0027,2026-09-20
589,CLOUD-203,,To Do,user0046,2026-09-14
590,CLOUD-203,To Do,In Progress,user0027,2026-09-18
591,CLOUD-203,In Progress,Testing,user0017,2026-09-16
592,CLOUD-203,Testing,Done,user0045,2026-09-26
593,BANK-204,,To Do,user0027,2026-09-14
594,BANK-204,To Do,In Progress,user0045,2026-09-17
595,ERP-205,,To Do,user0048,2026-09-14
596,ERP-205,To Do,In Progress,user0041,2026-09-18
597,ERP-205,In Progress,Testing,user0027,2026-09-16
598,ERP-205,Testing,Done,user0002,2026-09-23
599,CLOUD-206,,To Do,user0011,2026-09-14
600,CLOUD-206,To Do,In Progress,user0008,2026-09-18
601,BI-207,,To Do,user0043,2026-09-14
602,BI-207,To Do,In Progress,user0009,2026-09-20
603,BI-207,In Progress,Testing,user0013,2026-09-28
604,BI-207,Testing,Done,user0038,2026-09-23
605,BI-208,,To Do,user0017,2026-09-14
606,BI-208,To Do,In Progress,user0022,2026-09-21
607,BI-208,In Progress,Testing,user0029,2026-09-26
608,MOB-209,,To Do,user0018,2026-09-14
609,ERP-210,,To Do,user0017,2026-09-14
610,ERP-210,To Do,In Progress,user0006,2026-09-19
611,PORTAL-211,,To Do,user0028,2026-09-14
612,PORTAL-211,To Do,In Progress,user0035,2026-09-17
613,PORTAL-211,In Progress,Testing,user0012,2026-09-26
614,PORTAL-211,Testing,Done,user0007,2026-09-26
615,SEC-212,,To Do,user0034,2026-09-14
616,SEC-212,To Do,In Progress,user0005,2026-09-20
617,SEC-212,In Progress,Blocked,user0038,2026-09-16
618,MOB-213,,To Do,user0022,2026-09-14
619,MOB-213,To Do,In Progress,user0031,2026-09-20
620,MOB-213,In Progress,Testing,user0005,2026-09-24
621,MOB-213,Testing,Done,user0016,2026-09-29
622,BI-214,,To Do,user0034,2026-09-14
623,BI-214,To Do,In Progress,user0049,2026-09-20
624,BI-214,In Progress,Testing,user0032,2026-09-16
625,BI-214,Testing,Done,user0015,2026-09-17
626,CLOUD-215,,To Do,user0016,2026-09-14
627,CLOUD-215,To Do,In Progress,user0008,2026-09-20
628,CLOUD-215,In Progress,Testing,user0026,2026-09-20
629,CLOUD-215,Testing,Done,user0027,2026-10-05
630,CLOUD-215,Done,Reopened,user0001,2026-09-30
631,ECOM-216,,To Do,user0013,2026-09-14
632,ECOM-216,To Do,In Progress,user0016,2026-09-21
633,BI-217,,To Do,user0043,2026-09-14
634,BI-217,To Do,In Progress,user0035,2026-09-15
635,BI-217,In Progress,Testing,user0022,2026-09-28
636,BI-217,Testing,Done,user0039,2026-09-17
637,BANK-218,,To Do,user0013,2026-09-14
638,BANK-218,To Do,In Progress,user0044,2026-09-19
639,BANK-218,In Progress,Testing,user0004,2026-09-22
640,BANK-218,Testing,Done,user0037,2026-09-26
641,PORTAL-219,,To Do,user0045,2026-09-14
642,PORTAL-219,To Do,In Progress,user0020,2026-09-16
643,PORTAL-219,In Progress,Testing,user0036,2026-09-24
644,ERP-220,,To Do,user0024,2026-09-14
645,ERP-220,To Do,In Progress,user0048,2026-09-18
646,ERP-220,In Progress,Testing,user0006,2026-09-24
647,ERP-220,Testing,Done,user0003,2026-09-17
648,ERP-220,Done,Reopened,user0013,2026-10-12
649,ERP-221,,To Do,user0035,2026-09-14
650,ERP-221,To Do,In Progress,user0038,2026-09-21
651,ERP-221,In Progress,Testing,user0023,2026-09-22
652,ERP-221,Testing,Done,user0025,2026-09-29
653,CRM-222,,To Do,user0036,2026-09-14
654,CRM-222,To Do,In Progress,user0042,2026-09-20
655,CRM-222,In Progress,Blocked,user0002,2026-09-28
656,MOB-223,,To Do,user0004,2026-09-14
657,MOB-223,To Do,In Progress,user0019,2026-09-21
658,MOB-223,In Progress,Testing,user0018,2026-09-28
659,BI-224,,To Do,user0025,2026-09-14
660,DATA-225,,To Do,user0026,2026-09-14
661,SEC-226,,To Do,user0041,2026-09-14
662,SEC-226,To Do,In Progress,user0044,2026-09-20
663,SEC-226,In Progress,Blocked,user0013,2026-09-16
664,CLOUD-227,,To Do,user0001,2026-09-14
665,CLOUD-227,To Do,In Progress,user0013,2026-09-18
666,CLOUD-227,In Progress,Testing,user0019,2026-09-20
667,CLOUD-227,Testing,Done,user0023,2026-09-29
668,ERP-228,,To Do,user0037,2026-09-14
669,CLOUD-229,,To Do,user0006,2026-09-14
670,CLOUD-229,To Do,In Progress,user0049,2026-09-20
671,CLOUD-229,In Progress,Testing,user0001,2026-09-28
672,CLOUD-229,Testing,Done,user0033,2026-09-23
673,ECOM-230,,To Do,user0002,2026-09-14
674,ECOM-230,To Do,In Progress,user0036,2026-09-19
675,ECOM-230,In Progress,Testing,user0021,2026-09-16
676,ECOM-230,Testing,Done,user0042,2026-10-05
677,ECOM-231,,To Do,user0017,2026-09-14
678,ECOM-231,To Do,In Progress,user0044,2026-09-21
679,ECOM-231,In Progress,Testing,user0034,2026-09-24
680,ECOM-231,Testing,Done,user0046,2026-10-02
681,CLOUD-232,,To Do,user0024,2026-09-14
682,CLOUD-232,To Do,In Progress,user0046,2026-09-19
683,CLOUD-232,In Progress,Testing,user0047,2026-09-20
684,CLOUD-232,Testing,Done,user0004,2026-10-05
685,ERP-233,,To Do,user0020,2026-09-14
686,ERP-233,To Do,In Progress,user0038,2026-09-21
687,CLOUD-234,,To Do,user0033,2026-09-14
688,ERP-235,,To Do,user0005,2026-09-14
689,BANK-236,,To Do,user0014,2026-09-14
690,BANK-236,To Do,In Progress,user0039,2026-09-19
691,BANK-236,In Progress,Testing,user0049,2026-09-24
692,BANK-236,Testing,Done,user0030,2026-09-20
693,MOB-237,,To Do,user0045,2026-09-14
694,MOB-237,To Do,In Progress,user0022,2026-09-16
695,CLOUD-238,,To Do,user0019,2026-09-14
696,ECOM-239,,To Do,user0017,2026-09-14
697,ECOM-239,To Do,In Progress,user0018,2026-09-20
698,CRM-240,,To Do,user0035,2026-09-14
699,ECOM-241,,To Do,user0050,2026-09-14
700,BI-242,,To Do,user0002,2026-09-14
701,BI-242,To Do,In Progress,user0048,2026-09-17
702,BI-242,In Progress,Testing,user0013,2026-09-22
703,ECOM-243,,To Do,user0004,2026-09-14
704,DATA-244,,To Do,user0038,2026-09-14
705,DATA-244,To Do,In Progress,user0039,2026-09-20
706,DATA-244,In Progress,Testing,user0009,2026-09-20
707,BANK-245,,To Do,user0005,2026-09-14
708,BANK-245,To Do,In Progress,user0018,2026-09-21
709,BANK-245,In Progress,Testing,user0023,2026-09-26
710,BANK-245,Testing,Done,user0044,2026-10-05
711,ECOM-246,,To Do,user0041,2026-09-14
712,ECOM-246,To Do,In Progress,user0011,2026-09-19
713,ECOM-246,In Progress,Testing,user0019,2026-09-28
714,ECOM-246,Testing,Done,user0047,2026-09-23
715,BANK-247,,To Do,user0026,2026-09-14
716,BANK-247,To Do,In Progress,user0015,2026-09-18
717,BANK-247,In Progress,Blocked,user0014,2026-09-22
718,CLOUD-248,,To Do,user0023,2026-09-14
719,CLOUD-248,To Do,In Progress,user0009,2026-09-15
720,DATA-249,,To Do,user0006,2026-09-14
721,DATA-249,To Do,In Progress,user0013,2026-09-18
722,CRM-250,,To Do,user0029,2026-09-14
723,CRM-250,To Do,In Progress,user0038,2026-09-19
724,CRM-250,In Progress,Testing,user0015,2026-09-22
725,CRM-250,Testing,Done,user0030,2026-09-17
726,CRM-250,Done,Reopened,user0013,2026-09-22
727,DATA-251,,To Do,user0013,2026-09-14
728,BANK-252,,To Do,user0036,2026-09-14
729,BANK-252,To Do,In Progress,user0023,2026-09-21
730,BANK-252,In Progress,Testing,user0036,2026-09-22
731,BANK-252,Testing,Done,user0016,2026-10-02
732,MOB-253,,To Do,user0037,2026-09-14
733,MOB-253,To Do,In Progress,user0041,2026-09-21
734,MOB-253,In Progress,Testing,user0029,2026-09-20
735,MOB-253,Testing,Done,user0047,2026-09-17
736,MOB-254,,To Do,user0041,2026-09-14
737,MOB-254,To Do,In Progress,user0008,2026-09-15
738,PORTAL-255,,To Do,user0044,2026-09-14
739,PORTAL-255,To Do,In Progress,user0046,2026-09-15
740,PORTAL-255,In Progress,Testing,user0018,2026-09-18
741,PORTAL-255,Testing,Done,user0008,2026-09-20
742,ERP-256,,To Do,user0028,2026-09-14
743,ERP-256,To Do,In Progress,user0040,2026-09-16
744,ERP-257,,To Do,user0013,2026-09-14
745,ERP-257,To Do,In Progress,user0021,2026-09-20
746,ERP-258,,To Do,user0012,2026-09-14
747,ERP-258,To Do,In Progress,user0016,2026-09-15
748,ERP-258,In Progress,Testing,user0013,2026-09-20
749,ERP-258,Testing,Done,user0024,2026-09-20
750,BI-259,,To Do,user0006,2026-09-14
751,BI-259,To Do,In Progress,user0012,2026-09-21
752,BI-259,In Progress,Testing,user0021,2026-09-16
753,BI-259,Testing,Done,user0020,2026-09-26
754,MOB-260,,To Do,user0009,2026-09-14
755,MOB-260,To Do,In Progress,user0005,2026-09-21
756,MOB-260,In Progress,Testing,user0041,2026-09-18
757,MOB-260,Testing,Done,user0028,2026-09-29
758,CLOUD-261,,To Do,user0025,2026-09-14
759,CLOUD-261,To Do,In Progress,user0012,2026-09-19
760,DATA-262,,To Do,user0040,2026-09-14
761,MOB-263,,To Do,user0050,2026-09-14
762,MOB-263,To Do,In Progress,user0043,2026-09-16
763,MOB-263,In Progress,Testing,user0033,2026-09-26
764,MOB-263,Testing,Done,user0003,2026-09-26
765,MOB-264,,To Do,user0017,2026-09-14
766,MOB-264,To Do,In Progress,user0026,2026-09-17
767,MOB-264,In Progress,Testing,user0045,2026-09-20
768,MOB-264,Testing,Done,user0049,2026-09-23
769,ERP-265,,To Do,user0008,2026-09-14
770,ERP-265,To Do,In Progress,user0004,2026-09-20
771,ERP-265,In Progress,Blocked,user0026,2026-09-22
772,ECOM-266,,To Do,user0038,2026-09-14
773,ECOM-266,To Do,In Progress,user0004,2026-09-20
774,ECOM-266,In Progress,Testing,user0002,2026-09-22
775,ECOM-266,Testing,Done,user0050,2026-09-17
776,BI-267,,To Do,user0037,2026-09-14
777,BI-267,To Do,In Progress,user0003,2026-09-18
778,BI-267,In Progress,Testing,user0037,2026-09-24
779,BI-267,Testing,Done,user0030,2026-09-26
780,BI-267,Done,Reopened,user0017,2026-09-26
781,ERP-268,,To Do,user0042,2026-09-14
782,SEC-269,,To Do,user0038,2026-09-14
783,SEC-269,To Do,In Progress,user0015,2026-09-21
784,SEC-269,In Progress,Blocked,user0024,2026-09-20
785,DATA-270,,To Do,user0032,2026-09-14
786,DATA-270,To Do,In Progress,user0027,2026-09-15
787,DATA-270,In Progress,Testing,user0044,2026-09-26
788,DATA-270,Testing,Done,user0024,2026-09-17
789,BANK-271,,To Do,user0042,2026-09-14
790,ERP-272,,To Do,user0028,2026-09-14
791,ERP-272,To Do,In Progress,user0016,2026-09-16
792,ERP-272,In Progress,Testing,user0002,2026-09-22
793,ERP-272,Testing,Done,user0044,2026-09-26
794,ECOM-273,,To Do,user0002,2026-09-14
795,ECOM-273,To Do,In Progress,user0045,2026-09-21
796,ECOM-273,In Progress,Testing,user0006,2026-09-26
797,ECOM-273,Testing,Done,user0016,2026-10-05
798,PORTAL-274,,To Do,user0011,2026-09-14
799,PORTAL-274,To Do,In Progress,user0005,2026-09-16
800,ECOM-275,,To Do,user0013,2026-09-14
801,ECOM-275,To Do,In Progress,user0015,2026-09-15
802,ECOM-275,In Progress,Blocked,user0032,2026-09-22
803,ERP-276,,To Do,user0028,2026-09-14
804,ERP-276,To Do,In Progress,user0019,2026-09-19
805,CLOUD-277,,To Do,user0015,2026-09-14
806,CLOUD-277,To Do,In Progress,user0035,2026-09-15
807,CLOUD-277,In Progress,Testing,user0027,2026-09-16
808,CLOUD-277,Testing,Done,user0003,2026-09-29
809,CLOUD-278,,To Do,user0022,2026-09-14
810,CLOUD-278,To Do,In Progress,user0014,2026-09-15
811,CLOUD-278,In Progress,Testing,user0048,2026-09-26
812,CLOUD-278,Testing,Done,user0009,2026-09-23
813,SEC-279,,To Do,user0026,2026-09-14
814,BANK-280,,To Do,user0033,2026-09-14
815,BANK-280,To Do,In Progress,user0040,2026-09-20
816,BI-281,,To Do,user0047,2026-09-14
817,BI-281,To Do,In Progress,user0048,2026-09-19
818,BANK-282,,To Do,user0018,2026-09-14
819,BANK-282,To Do,In Progress,user0019,2026-09-16
820,BANK-282,In Progress,Testing,user0022,2026-09-24
821,BANK-282,Testing,Done,user0007,2026-10-05
822,ECOM-283,,To Do,user0005,2026-09-14
823,ECOM-283,To Do,In Progress,user0028,2026-09-20
824,PORTAL-284,,To Do,user0047,2026-09-14
825,PORTAL-284,To Do,In Progress,user0048,2026-09-19
826,ECOM-285,,To Do,user0038,2026-09-14
827,ECOM-285,To Do,In Progress,user0005,2026-09-16
828,MOB-286,,To Do,user0005,2026-09-14
829,MOB-286,To Do,In Progress,user0016,2026-09-17
830,MOB-286,In Progress,Testing,user0025,2026-09-26
831,MOB-286,Testing,Done,user0036,2026-09-26
832,BANK-287,,To Do,user0034,2026-09-14
833,BANK-287,To Do,In Progress,user0015,2026-09-18
834,BANK-287,In Progress,Testing,user0048,2026-09-18
835,BANK-287,Testing,Done,user0017,2026-10-02
836,MOB-288,,To Do,user0025,2026-09-14
837,MOB-288,To Do,In Progress,user0028,2026-09-18
838,MOB-288,In Progress,Testing,user0026,2026-09-26
839,MOB-288,Testing,Done,user0009,2026-09-29
840,ECOM-289,,To Do,user0014,2026-09-14
841,ECOM-289,To Do,In Progress,user0002,2026-09-15
842,ERP-290,,To Do,user0032,2026-09-14
843,ERP-290,To Do,In Progress,user0031,2026-09-16
844,ERP-290,In Progress,Testing,user0016,2026-09-16
845,ERP-291,,To Do,user0029,2026-09-14
846,ECOM-292,,To Do,user0032,2026-09-14
847,ECOM-292,To Do,In Progress,user0028,2026-09-17
848,ECOM-292,In Progress,Testing,user0018,2026-09-28
849,ECOM-292,Testing,Done,user0033,2026-09-20
850,CRM-293,,To Do,user0022,2026-09-14
851,CRM-294,,To Do,user0034,2026-09-14
852,CRM-294,To Do,In Progress,user0011,2026-09-19
853,CRM-295,,To Do,user0044,2026-09-14
854,CRM-295,To Do,In Progress,user0002,2026-09-18
855,CRM-295,In Progress,Testing,user0018,2026-09-20
856,CRM-295,Testing,Done,user0049,2026-10-02
857,CRM-295,Done,Reopened,user0050,2026-09-26
858,BI-296,,To Do,user0017,2026-09-14
859,BI-296,To Do,In Progress,user0036,2026-09-16
860,BI-296,In Progress,Testing,user0024,2026-09-18
861,BI-296,Testing,Done,user0033,2026-10-02
862,MOB-297,,To Do,user0031,2026-09-14
863,MOB-297,To Do,In Progress,user0017,2026-09-20
864,MOB-297,In Progress,Testing,user0007,2026-09-18
865,MOB-297,Testing,Done,user0038,2026-09-17
866,BI-298,,To Do,user0015,2026-09-14
867,BI-298,To Do,In Progress,user0035,2026-09-21
868,BI-298,In Progress,Testing,user0023,2026-09-16
869,BI-298,Testing,Done,user0019,2026-10-05
870,BANK-299,,To Do,user0030,2026-09-14
871,CRM-300,,To Do,user0038,2026-09-14
872,CRM-300,To Do,In Progress,user0047,2026-09-20
873,SEC-301,,To Do,user0048,2026-09-14
874,SEC-301,To Do,In Progress,user0038,2026-09-19
875,BI-302,,To Do,user0015,2026-09-14
876,BI-302,To Do,In Progress,user0008,2026-09-15
877,SEC-303,,To Do,user0049,2026-09-14
878,SEC-303,To Do,In Progress,user0028,2026-09-21
879,BANK-304,,To Do,user0004,2026-09-14
880,MOB-305,,To Do,user0002,2026-09-14
881,MOB-305,To Do,In Progress,user0046,2026-09-21
882,MOB-305,In Progress,Testing,user0024,2026-09-22
883,MOB-305,Testing,Done,user0046,2026-10-05
884,DATA-306,,To Do,user0037,2026-09-14
885,DATA-306,To Do,In Progress,user0043,2026-09-16
886,DATA-306,In Progress,Testing,user0047,2026-09-26
887,DATA-306,Testing,Done,user0036,2026-09-29
888,BI-307,,To Do,user0024,2026-09-14
889,BI-307,To Do,In Progress,user0025,2026-09-21
890,BI-307,In Progress,Testing,user0049,2026-09-22
891,BI-307,Testing,Done,user0028,2026-10-05
892,MOB-308,,To Do,user0001,2026-09-14
893,MOB-308,To Do,In Progress,user0049,2026-09-15
894,MOB-308,In Progress,Testing,user0017,2026-09-26
895,MOB-308,Testing,Done,user0031,2026-09-20
896,CRM-309,,To Do,user0038,2026-09-14
897,CRM-309,To Do,In Progress,user0016,2026-09-19
898,CRM-309,In Progress,Testing,user0027,2026-09-24
899,CRM-309,Testing,Done,user0022,2026-10-05
900,DATA-310,,To Do,user0048,2026-09-14
901,DATA-310,To Do,In Progress,user0034,2026-09-21
902,DATA-310,In Progress,Testing,user0038,2026-09-26
903,DATA-310,Testing,Done,user0041,2026-09-23
904,CLOUD-311,,To Do,user0044,2026-09-14
905,CLOUD-311,To Do,In Progress,user0014,2026-09-21
906,CLOUD-311,In Progress,Testing,user0049,2026-09-28
907,CLOUD-311,Testing,Done,user0042,2026-09-29
908,ECOM-312,,To Do,user0047,2026-09-14
909,ECOM-312,To Do,In Progress,user0014,2026-09-17
910,BANK-313,,To Do,user0015,2026-09-14
911,BANK-313,To Do,In Progress,user0029,2026-09-17
912,BANK-313,In Progress,Testing,user0041,2026-09-28
913,BANK-313,Testing,Done,user0045,2026-09-17
914,PORTAL-314,,To Do,user0032,2026-09-14
915,PORTAL-314,To Do,In Progress,user0003,2026-09-19
916,PORTAL-314,In Progress,Testing,user0050,2026-09-20
917,PORTAL-314,Testing,Done,user0050,2026-10-05
918,PORTAL-314,Done,Reopened,user0042,2026-09-30
919,DATA-315,,To Do,user0036,2026-09-14
920,DATA-315,To Do,In Progress,user0023,2026-09-15
921,DATA-315,In Progress,Testing,user0044,2026-09-26
922,DATA-315,Testing,Done,user0045,2026-10-05
923,CRM-316,,To Do,user0017,2026-09-14
924,ECOM-317,,To Do,user0009,2026-09-14
925,BANK-318,,To Do,user0011,2026-09-14
926,BANK-318,To Do,In Progress,user0033,2026-09-17
927,BANK-318,In Progress,Testing,user0017,2026-09-18
928,BANK-319,,To Do,user0007,2026-09-14
929,BANK-319,To Do,In Progress,user0035,2026-09-17
930,CLOUD-320,,To Do,user0036,2026-09-14
931,CLOUD-320,To Do,In Progress,user0017,2026-09-18
932,CLOUD-320,In Progress,Testing,user0037,2026-09-20
933,CLOUD-320,Testing,Done,user0007,2026-09-20
934,CLOUD-320,Done,Reopened,user0033,2026-10-08
935,SEC-321,,To Do,user0013,2026-09-14
936,SEC-321,To Do,In Progress,user0050,2026-09-15
937,SEC-321,In Progress,Testing,user0003,2026-09-26
938,SEC-321,Testing,Done,user0034,2026-09-23
939,SEC-322,,To Do,user0025,2026-09-14
940,SEC-322,To Do,In Progress,user0034,2026-09-21
941,MOB-323,,To Do,user0039,2026-09-14
942,CLOUD-324,,To Do,user0017,2026-09-14
943,CLOUD-324,To Do,In Progress,user0025,2026-09-21
944,SEC-325,,To Do,user0036,2026-09-14
945,CLOUD-326,,To Do,user0006,2026-09-14
946,CLOUD-326,To Do,In Progress,user0021,2026-09-18
947,CRM-327,,To Do,user0032,2026-09-14
948,CRM-327,To Do,In Progress,user0017,2026-09-15
949,CRM-327,In Progress,Testing,user0043,2026-09-16
950,CRM-327,Testing,Done,user0036,2026-09-26
951,CRM-327,Done,Reopened,user0029,2026-10-08
952,SEC-328,,To Do,user0020,2026-09-14
953,SEC-328,To Do,In Progress,user0043,2026-09-21
954,DATA-329,,To Do,user0008,2026-09-14
955,DATA-329,To Do,In Progress,user0021,2026-09-15
956,DATA-329,In Progress,Testing,user0027,2026-09-22
957,DATA-329,Testing,Done,user0009,2026-09-20
958,DATA-330,,To Do,user0012,2026-09-14
959,DATA-330,To Do,In Progress,user0018,2026-09-21
960,DATA-330,In Progress,Testing,user0014,2026-09-22
961,DATA-330,Testing,Done,user0012,2026-09-17
962,DATA-330,Done,Reopened,user0022,2026-10-12
963,BANK-331,,To Do,user0048,2026-09-14
964,BANK-331,To Do,In Progress,user0041,2026-09-20
965,BANK-331,In Progress,Testing,user0035,2026-09-22
966,BANK-331,Testing,Done,user0027,2026-10-02
967,DATA-332,,To Do,user0015,2026-09-14
968,DATA-332,To Do,In Progress,user0031,2026-09-17
969,BI-333,,To Do,user0025,2026-09-14
970,BI-333,To Do,In Progress,user0026,2026-09-18
971,BI-333,In Progress,Testing,user0014,2026-09-22
972,BI-333,Testing,Done,user0050,2026-09-26
973,ECOM-334,,To Do,user0015,2026-09-14
974,ECOM-334,To Do,In Progress,user0007,2026-09-16
975,ECOM-334,In Progress,Testing,user0041,2026-09-16
976,ECOM-334,Testing,Done,user0046,2026-10-02
977,CRM-335,,To Do,user0018,2026-09-14
978,CRM-335,To Do,In Progress,user0036,2026-09-17
979,CRM-335,In Progress,Testing,user0006,2026-09-22
980,CRM-335,Testing,Done,user0018,2026-09-23
981,CLOUD-336,,To Do,user0040,2026-09-14
982,DATA-337,,To Do,user0033,2026-09-14
983,ECOM-338,,To Do,user0020,2026-09-14
984,PORTAL-339,,To Do,user0045,2026-09-14
985,PORTAL-339,To Do,In Progress,user0007,2026-09-20
986,PORTAL-339,In Progress,Testing,user0044,2026-09-24
987,PORTAL-339,Testing,Done,user0005,2026-09-23
988,CLOUD-340,,To Do,user0039,2026-09-14
989,CLOUD-340,To Do,In Progress,user0033,2026-09-18
990,CLOUD-341,,To Do,user0045,2026-09-14
991,CLOUD-341,To Do,In Progress,user0031,2026-09-16
992,CLOUD-341,In Progress,Testing,user0027,2026-09-26
993,CLOUD-341,Testing,Done,user0035,2026-09-20
994,PORTAL-342,,To Do,user0041,2026-09-14
995,PORTAL-342,To Do,In Progress,user0033,2026-09-15
996,PORTAL-342,In Progress,Testing,user0015,2026-09-18
997,CRM-343,,To Do,user0008,2026-09-14
998,CRM-343,To Do,In Progress,user0024,2026-09-15
999,CRM-343,In Progress,Testing,user0027,2026-09-24
1000,CRM-343,Testing,Done,user0011,2026-09-17
1001,CRM-343,Done,Reopened,user0015,2026-09-22
1002,CRM-344,,To Do,user0039,2026-09-14
1003,CLOUD-345,,To Do,user0002,2026-09-14
1004,CLOUD-345,To Do,In Progress,user0029,2026-09-17
1005,CLOUD-346,,To Do,user0016,2026-09-14
1006,CLOUD-346,To Do,In Progress,user0032,2026-09-16
1007,CLOUD-346,In Progress,Testing,user0012,2026-09-28
1008,CLOUD-346,Testing,Done,user0018,2026-09-20
1009,PORTAL-347,,To Do,user0045,2026-09-14
1010,PORTAL-348,,To Do,user0032,2026-09-14
1011,PORTAL-348,To Do,In Progress,user0035,2026-09-17
1012,CLOUD-349,,To Do,user0046,2026-09-14
1013,ERP-350,,To Do,user0007,2026-09-14
1014,ERP-350,To Do,In Progress,user0028,2026-09-15
1015,BANK-351,,To Do,user0023,2026-09-14
1016,BANK-351,To Do,In Progress,user0025,2026-09-19
1017,BI-352,,To Do,user0040,2026-09-14
1018,BI-352,To Do,In Progress,user0048,2026-09-21
1019,CRM-353,,To Do,user0029,2026-09-14
1020,CLOUD-354,,To Do,user0033,2026-09-14
1021,CLOUD-354,To Do,In Progress,user0005,2026-09-17
1022,CLOUD-354,In Progress,Testing,user0018,2026-09-16
1023,CLOUD-354,Testing,Done,user0029,2026-10-02
1024,DATA-355,,To Do,user0030,2026-09-14
1025,DATA-355,To Do,In Progress,user0008,2026-09-21
1026,DATA-355,In Progress,Testing,user0013,2026-09-22
1027,MOB-356,,To Do,user0045,2026-09-14
1028,MOB-356,To Do,In Progress,user0040,2026-09-17
1029,MOB-356,In Progress,Blocked,user0034,2026-09-18
1030,MOB-357,,To Do,user0039,2026-09-14
1031,MOB-357,To Do,In Progress,user0026,2026-09-21
1032,MOB-357,In Progress,Testing,user0042,2026-09-18
1033,MOB-357,Testing,Done,user0030,2026-10-02
1034,CLOUD-358,,To Do,user0049,2026-09-14
1035,CLOUD-358,To Do,In Progress,user0050,2026-09-18
1036,BI-359,,To Do,user0006,2026-09-14
1037,BI-359,To Do,In Progress,user0048,2026-09-19
1038,BI-359,In Progress,Testing,user0005,2026-09-24
1039,BI-359,Testing,Done,user0011,2026-09-29
1040,MOB-360,,To Do,user0015,2026-09-14
1041,MOB-360,To Do,In Progress,user0046,2026-09-20
1042,MOB-360,In Progress,Testing,user0050,2026-09-20
1043,MOB-360,Testing,Done,user0046,2026-10-05
1044,DATA-361,,To Do,user0018,2026-09-14
1045,DATA-361,To Do,In Progress,user0009,2026-09-15
1046,DATA-361,In Progress,Testing,user0042,2026-09-22
1047,DATA-361,Testing,Done,user0003,2026-10-02
1048,CRM-362,,To Do,user0033,2026-09-14
1049,CRM-362,To Do,In Progress,user0022,2026-09-16
1050,CRM-362,In Progress,Testing,user0036,2026-09-26
1051,CRM-362,Testing,Done,user0035,2026-10-02
1052,CRM-362,Done,Reopened,user0037,2026-10-08
1053,DATA-363,,To Do,user0019,2026-09-14
1054,DATA-363,To Do,In Progress,user0041,2026-09-20
1055,BI-364,,To Do,user0024,2026-09-14
1056,BI-364,To Do,In Progress,user0020,2026-09-20
1057,BI-364,In Progress,Testing,user0050,2026-09-16
1058,BI-364,Testing,Done,user0021,2026-09-29
1059,CLOUD-365,,To Do,user0036,2026-09-14
1060,CLOUD-365,To Do,In Progress,user0011,2026-09-17
1061,CLOUD-365,In Progress,Testing,user0001,2026-09-28
1062,CLOUD-365,Testing,Done,user0040,2026-09-23
1063,MOB-366,,To Do,user0024,2026-09-14
1064,MOB-366,To Do,In Progress,user0017,2026-09-20
1065,MOB-366,In Progress,Testing,user0012,2026-09-24
1066,CRM-367,,To Do,user0032,2026-09-14
1067,CRM-367,To Do,In Progress,user0030,2026-09-18
1068,BANK-368,,To Do,user0022,2026-09-14
1069,BANK-368,To Do,In Progress,user0029,2026-09-18
1070,BANK-368,In Progress,Testing,user0015,2026-09-20
1071,SEC-369,,To Do,user0034,2026-09-14
1072,BI-370,,To Do,user0027,2026-09-14
1073,BI-370,To Do,In Progress,user0034,2026-09-19
1074,BI-370,In Progress,Testing,user0020,2026-09-16
1075,BI-370,Testing,Done,user0042,2026-09-23
1076,BI-371,,To Do,user0049,2026-09-14
1077,BI-371,To Do,In Progress,user0009,2026-09-19
1078,BI-371,In Progress,Blocked,user0020,2026-09-26
1079,CLOUD-372,,To Do,user0006,2026-09-14
1080,PORTAL-373,,To Do,user0013,2026-09-14
1081,PORTAL-373,To Do,In Progress,user0013,2026-09-20
1082,PORTAL-373,In Progress,Testing,user0014,2026-09-22
1083,PORTAL-373,Testing,Done,user0012,2026-09-20
1084,PORTAL-373,Done,Reopened,user0043,2026-09-30
1085,MOB-374,,To Do,user0004,2026-09-14
1086,MOB-374,To Do,In Progress,user0007,2026-09-19
1087,MOB-374,In Progress,Testing,user0041,2026-09-24
1088,CLOUD-375,,To Do,user0020,2026-09-14
1089,CLOUD-375,To Do,In Progress,user0036,2026-09-17
1090,DATA-376,,To Do,user0004,2026-09-14
1091,MOB-377,,To Do,user0010,2026-09-14
1092,CRM-378,,To Do,user0034,2026-09-14
1093,CRM-379,,To Do,user0009,2026-09-14
1094,BANK-380,,To Do,user0030,2026-09-14
1095,BANK-380,To Do,In Progress,user0023,2026-09-16
1096,BANK-380,In Progress,Testing,user0038,2026-09-24
1097,BANK-380,Testing,Done,user0037,2026-09-17
1098,BANK-381,,To Do,user0006,2026-09-14
1099,CLOUD-382,,To Do,user0031,2026-09-14
1100,CLOUD-382,To Do,In Progress,user0033,2026-09-20
1101,CLOUD-382,In Progress,Testing,user0017,2026-09-22
1102,PORTAL-383,,To Do,user0018,2026-09-14
1103,PORTAL-383,To Do,In Progress,user0034,2026-09-20
1104,PORTAL-383,In Progress,Blocked,user0049,2026-09-28
1105,PORTAL-384,,To Do,user0037,2026-09-14
1106,BANK-385,,To Do,user0006,2026-09-14
1107,BANK-385,To Do,In Progress,user0011,2026-09-21
1108,BANK-385,In Progress,Testing,user0021,2026-09-16
1109,BANK-385,Testing,Done,user0044,2026-09-20
1110,BANK-385,Done,Reopened,user0029,2026-10-04
1111,DATA-386,,To Do,user0003,2026-09-14
1112,DATA-386,To Do,In Progress,user0037,2026-09-15
1113,DATA-386,In Progress,Testing,user0025,2026-09-16
1114,BANK-387,,To Do,user0019,2026-09-14
1115,ECOM-388,,To Do,user0049,2026-09-14
1116,ECOM-388,To Do,In Progress,user0010,2026-09-17
1117,BI-389,,To Do,user0041,2026-09-14
1118,BI-389,To Do,In Progress,user0009,2026-09-20
1119,BI-389,In Progress,Testing,user0010,2026-09-28
1120,BI-389,Testing,Done,user0026,2026-09-23
1121,BANK-390,,To Do,user0017,2026-09-14
1122,BANK-390,To Do,In Progress,user0015,2026-09-17
1123,BANK-390,In Progress,Testing,user0027,2026-09-22
1124,BANK-390,Testing,Done,user0010,2026-10-05
1125,BANK-390,Done,Reopened,user0040,2026-10-12
1126,PORTAL-391,,To Do,user0047,2026-09-14
1127,BI-392,,To Do,user0028,2026-09-14
1128,BI-392,To Do,In Progress,user0023,2026-09-18
1129,BI-392,In Progress,Testing,user0024,2026-09-20
1130,CRM-393,,To Do,user0042,2026-09-14
1131,CRM-393,To Do,In Progress,user0027,2026-09-20
1132,CRM-393,In Progress,Testing,user0032,2026-09-28
1133,BANK-394,,To Do,user0013,2026-09-14
1134,BANK-394,To Do,In Progress,user0004,2026-09-18
1135,BANK-394,In Progress,Testing,user0004,2026-09-22
1136,BANK-394,Testing,Done,user0004,2026-09-17
1137,SEC-395,,To Do,user0024,2026-09-14
1138,SEC-395,To Do,In Progress,user0024,2026-09-20
1139,ERP-396,,To Do,user0050,2026-09-14
1140,ERP-396,To Do,In Progress,user0015,2026-09-17
1141,ERP-396,In Progress,Testing,user0034,2026-09-24
1142,ERP-396,Testing,Done,user0009,2026-10-02
1143,BANK-397,,To Do,user0050,2026-09-14
1144,BANK-397,To Do,In Progress,user0029,2026-09-20
1145,BANK-397,In Progress,Testing,user0017,2026-09-24
1146,BANK-397,Testing,Done,user0014,2026-10-02
1147,MOB-398,,To Do,user0006,2026-09-14
1148,CLOUD-399,,To Do,user0031,2026-09-14
1149,CLOUD-399,To Do,In Progress,user0050,2026-09-20
1150,CLOUD-399,In Progress,Testing,user0044,2026-09-16
1151,CLOUD-399,Testing,Done,user0036,2026-10-02
1152,ECOM-400,,To Do,user0045,2026-09-14
1153,ECOM-400,To Do,In Progress,user0026,2026-09-20
1154,ECOM-400,In Progress,Testing,user0007,2026-09-24
1155,ECOM-400,Testing,Done,user0005,2026-10-02
1156,ECOM-401,,To Do,user0047,2026-09-14
1157,ECOM-401,To Do,In Progress,user0035,2026-09-18
1158,ECOM-401,In Progress,Testing,user0033,2026-09-16
1159,SEC-402,,To Do,user0032,2026-09-14
1160,SEC-402,To Do,In Progress,user0022,2026-09-21
1161,SEC-402,In Progress,Blocked,user0033,2026-09-28
1162,BI-403,,To Do,user0006,2026-09-14
1163,BI-403,To Do,In Progress,user0036,2026-09-17
1164,BI-403,In Progress,Testing,user0008,2026-09-24
1165,BI-403,Testing,Done,user0041,2026-09-29
1166,BANK-404,,To Do,user0009,2026-09-14
1167,BANK-404,To Do,In Progress,user0039,2026-09-16
1168,BANK-404,In Progress,Testing,user0030,2026-09-18
1169,BANK-404,Testing,Done,user0018,2026-09-29
1170,BANK-404,Done,Reopened,user0033,2026-09-18
1171,CLOUD-405,,To Do,user0030,2026-09-14
1172,CLOUD-405,To Do,In Progress,user0037,2026-09-15
1173,ERP-406,,To Do,user0031,2026-09-14
1174,ERP-406,To Do,In Progress,user0023,2026-09-15
1175,ERP-406,In Progress,Testing,user0026,2026-09-28
1176,ERP-406,Testing,Done,user0012,2026-10-05
1177,ERP-406,Done,Reopened,user0007,2026-10-12
1178,SEC-407,,To Do,user0004,2026-09-14
1179,SEC-407,To Do,In Progress,user0002,2026-09-21
1180,SEC-407,In Progress,Testing,user0032,2026-09-20
1181,DATA-408,,To Do,user0005,2026-09-14
1182,CLOUD-409,,To Do,user0037,2026-09-14
1183,CLOUD-409,To Do,In Progress,user0019,2026-09-21
1184,CLOUD-409,In Progress,Blocked,user0028,2026-09-16
1185,BANK-410,,To Do,user0022,2026-09-14
1186,BANK-410,To Do,In Progress,user0034,2026-09-18
1187,ERP-411,,To Do,user0038,2026-09-14
1188,ERP-411,To Do,In Progress,user0004,2026-09-15
1189,ERP-411,In Progress,Testing,user0029,2026-09-18
1190,CLOUD-412,,To Do,user0035,2026-09-14
1191,CLOUD-412,To Do,In Progress,user0005,2026-09-18
1192,SEC-413,,To Do,user0028,2026-09-14
1193,SEC-413,To Do,In Progress,user0014,2026-09-21
1194,SEC-413,In Progress,Testing,user0006,2026-09-24
1195,SEC-414,,To Do,user0010,2026-09-14
1196,SEC-414,To Do,In Progress,user0030,2026-09-21
1197,PORTAL-415,,To Do,user0019,2026-09-14
1198,PORTAL-415,To Do,In Progress,user0014,2026-09-16
1199,BI-416,,To Do,user0033,2026-09-14
1200,BI-416,To Do,In Progress,user0029,2026-09-16
1201,ERP-417,,To Do,user0028,2026-09-14
1202,SEC-418,,To Do,user0016,2026-09-14
1203,SEC-418,To Do,In Progress,user0047,2026-09-15
1204,CRM-419,,To Do,user0018,2026-09-14
1205,CRM-419,To Do,In Progress,user0001,2026-09-18
1206,CRM-419,In Progress,Blocked,user0010,2026-09-16
1207,MOB-420,,To Do,user0044,2026-09-14
1208,MOB-420,To Do,In Progress,user0048,2026-09-15
1209,DATA-421,,To Do,user0027,2026-09-14
1210,DATA-421,To Do,In Progress,user0045,2026-09-20
1211,DATA-421,In Progress,Blocked,user0040,2026-09-18
1212,ECOM-422,,To Do,user0026,2026-09-14
1213,ECOM-422,To Do,In Progress,user0038,2026-09-18
1214,ECOM-423,,To Do,user0015,2026-09-14
1215,ECOM-423,To Do,In Progress,user0009,2026-09-18
1216,PORTAL-424,,To Do,user0007,2026-09-14
1217,PORTAL-424,To Do,In Progress,user0019,2026-09-16
1218,PORTAL-424,In Progress,Testing,user0007,2026-09-18
1219,PORTAL-424,Testing,Done,user0046,2026-09-23
1220,PORTAL-424,Done,Reopened,user0032,2026-10-04
1221,CRM-425,,To Do,user0015,2026-09-14
1222,CRM-425,To Do,In Progress,user0010,2026-09-15
1223,CRM-425,In Progress,Testing,user0038,2026-09-26
1224,CRM-426,,To Do,user0026,2026-09-14
1225,CRM-426,To Do,In Progress,user0033,2026-09-16
1226,CRM-426,In Progress,Blocked,user0006,2026-09-16
1227,CRM-427,,To Do,user0002,2026-09-14
1228,BANK-428,,To Do,user0008,2026-09-14
1229,DATA-429,,To Do,user0026,2026-09-14
1230,DATA-429,To Do,In Progress,user0034,2026-09-20
1231,DATA-429,In Progress,Testing,user0022,2026-09-24
1232,DATA-429,Testing,Done,user0024,2026-09-20
1233,MOB-430,,To Do,user0005,2026-09-14
1234,MOB-430,To Do,In Progress,user0048,2026-09-16
1235,MOB-430,In Progress,Testing,user0033,2026-09-20
1236,MOB-430,Testing,Done,user0044,2026-09-20
1237,BANK-431,,To Do,user0016,2026-09-14
1238,BANK-431,To Do,In Progress,user0047,2026-09-18
1239,BANK-431,In Progress,Blocked,user0029,2026-09-20
1240,SEC-432,,To Do,user0034,2026-09-14
1241,ERP-433,,To Do,user0045,2026-09-14
1242,ERP-433,To Do,In Progress,user0010,2026-09-19
1243,ERP-433,In Progress,Blocked,user0022,2026-09-20
1244,CRM-434,,To Do,user0040,2026-09-14
1245,CRM-434,To Do,In Progress,user0039,2026-09-15
1246,CRM-434,In Progress,Blocked,user0032,2026-09-24
1247,BI-435,,To Do,user0008,2026-09-14
1248,BI-435,To Do,In Progress,user0014,2026-09-20
1249,BI-435,In Progress,Testing,user0037,2026-09-18
1250,BI-435,Testing,Done,user0032,2026-09-17
1251,MOB-436,,To Do,user0013,2026-09-14
1252,MOB-436,To Do,In Progress,user0009,2026-09-21
1253,MOB-436,In Progress,Testing,user0034,2026-09-24
1254,MOB-436,Testing,Done,user0042,2026-09-20
1255,CLOUD-437,,To Do,user0015,2026-09-14
1256,ERP-438,,To Do,user0012,2026-09-14
1257,SEC-439,,To Do,user0045,2026-09-14
1258,SEC-439,To Do,In Progress,user0030,2026-09-21
1259,DATA-440,,To Do,user0020,2026-09-14
1260,DATA-440,To Do,In Progress,user0050,2026-09-15
1261,DATA-440,In Progress,Testing,user0034,2026-09-18
1262,DATA-440,Testing,Done,user0004,2026-09-26
1263,ECOM-441,,To Do,user0021,2026-09-14
1264,ECOM-441,To Do,In Progress,user0019,2026-09-17
1265,ECOM-441,In Progress,Testing,user0022,2026-09-16
1266,ECOM-441,Testing,Done,user0020,2026-10-02
1267,CLOUD-442,,To Do,user0021,2026-09-14
1268,CLOUD-442,To Do,In Progress,user0013,2026-09-17
1269,CLOUD-442,In Progress,Blocked,user0019,2026-09-18
1270,BANK-443,,To Do,user0013,2026-09-14
1271,BANK-443,To Do,In Progress,user0040,2026-09-18
1272,BANK-443,In Progress,Testing,user0031,2026-09-16
1273,BANK-443,Testing,Done,user0011,2026-09-17
1274,BANK-444,,To Do,user0042,2026-09-14
1275,BANK-444,To Do,In Progress,user0038,2026-09-17
1276,BI-445,,To Do,user0008,2026-09-14
1277,BI-445,To Do,In Progress,user0044,2026-09-17
1278,BI-445,In Progress,Testing,user0001,2026-09-16
1279,BI-445,Testing,Done,user0031,2026-10-02
1280,CLOUD-446,,To Do,user0007,2026-09-14
1281,CLOUD-446,To Do,In Progress,user0036,2026-09-18
1282,CLOUD-446,In Progress,Testing,user0033,2026-09-22
1283,CLOUD-446,Testing,Done,user0027,2026-09-29
1284,ECOM-447,,To Do,user0049,2026-09-14
1285,ECOM-447,To Do,In Progress,user0048,2026-09-17
1286,ECOM-447,In Progress,Testing,user0045,2026-09-18
1287,ECOM-447,Testing,Done,user0001,2026-09-26
1288,ECOM-448,,To Do,user0018,2026-09-14
1289,ECOM-448,To Do,In Progress,user0050,2026-09-21
1290,BANK-449,,To Do,user0049,2026-09-14
1291,BANK-449,To Do,In Progress,user0022,2026-09-17
1292,BANK-449,In Progress,Testing,user0039,2026-09-22
1293,BANK-449,Testing,Done,user0009,2026-09-23
1294,ECOM-450,,To Do,user0024,2026-09-14
1295,CLOUD-451,,To Do,user0030,2026-09-14
1296,CLOUD-451,To Do,In Progress,user0030,2026-09-16
1297,CLOUD-451,In Progress,Blocked,user0011,2026-09-18
1298,BANK-452,,To Do,user0045,2026-09-14
1299,BANK-452,To Do,In Progress,user0023,2026-09-19
1300,BANK-452,In Progress,Testing,user0029,2026-09-18
1301,BANK-452,Testing,Done,user0017,2026-09-20
1302,ECOM-453,,To Do,user0018,2026-09-14
1303,ECOM-453,To Do,In Progress,user0031,2026-09-19
1304,ECOM-453,In Progress,Testing,user0008,2026-09-26
1305,BANK-454,,To Do,user0011,2026-09-14
1306,BANK-454,To Do,In Progress,user0038,2026-09-18
1307,BANK-454,In Progress,Testing,user0005,2026-09-20
1308,BANK-454,Testing,Done,user0042,2026-09-23
1309,BANK-455,,To Do,user0016,2026-09-14
1310,BANK-455,To Do,In Progress,user0039,2026-09-18
1311,BANK-455,In Progress,Testing,user0003,2026-09-18
1312,BANK-455,Testing,Done,user0038,2026-09-17
1313,ECOM-456,,To Do,user0050,2026-09-14
1314,ECOM-456,To Do,In Progress,user0023,2026-09-16
1315,ECOM-456,In Progress,Testing,user0033,2026-09-26
1316,ECOM-456,Testing,Done,user0016,2026-09-23
1317,ECOM-457,,To Do,user0020,2026-09-14
1318,ECOM-457,To Do,In Progress,user0004,2026-09-20
1319,ECOM-457,In Progress,Testing,user0039,2026-09-18
1320,ECOM-457,Testing,Done,user0002,2026-09-26
1321,MOB-458,,To Do,user0037,2026-09-14
1322,MOB-458,To Do,In Progress,user0016,2026-09-17
1323,MOB-458,In Progress,Testing,user0046,2026-09-24
1324,ERP-459,,To Do,user0031,2026-09-14
1325,ERP-459,To Do,In Progress,user0028,2026-09-15
1326,CRM-460,,To Do,user0017,2026-09-14
1327,CLOUD-461,,To Do,user0005,2026-09-14
1328,CLOUD-461,To Do,In Progress,user0032,2026-09-16
1329,CLOUD-461,In Progress,Testing,user0036,2026-09-20
1330,CLOUD-461,Testing,Done,user0026,2026-09-29
1331,ERP-462,,To Do,user0032,2026-09-14
1332,ERP-462,To Do,In Progress,user0009,2026-09-19
1333,BANK-463,,To Do,user0015,2026-09-14
1334,SEC-464,,To Do,user0025,2026-09-14
1335,SEC-464,To Do,In Progress,user0009,2026-09-19
1336,SEC-464,In Progress,Testing,user0026,2026-09-20
1337,SEC-464,Testing,Done,user0001,2026-09-17
1338,DATA-465,,To Do,user0047,2026-09-14
1339,CLOUD-466,,To Do,user0041,2026-09-14
1340,CLOUD-466,To Do,In Progress,user0042,2026-09-19
1341,CLOUD-466,In Progress,Testing,user0008,2026-09-18
1342,CLOUD-466,Testing,Done,user0002,2026-09-29
1343,SEC-467,,To Do,user0043,2026-09-14
1344,SEC-467,To Do,In Progress,user0050,2026-09-17
1345,BANK-468,,To Do,user0039,2026-09-14
1346,PORTAL-469,,To Do,user0002,2026-09-14
1347,PORTAL-469,To Do,In Progress,user0003,2026-09-17
1348,CLOUD-470,,To Do,user0048,2026-09-14
1349,CLOUD-470,To Do,In Progress,user0021,2026-09-20
1350,CLOUD-470,In Progress,Testing,user0007,2026-09-28
1351,CLOUD-470,Testing,Done,user0038,2026-09-23
1352,MOB-471,,To Do,user0039,2026-09-14
1353,MOB-471,To Do,In Progress,user0027,2026-09-15
1354,SEC-472,,To Do,user0004,2026-09-14
1355,ECOM-473,,To Do,user0022,2026-09-14
1356,BI-474,,To Do,user0041,2026-09-14
1357,BI-474,To Do,In Progress,user0011,2026-09-21
1358,BI-474,In Progress,Testing,user0001,2026-09-22
1359,BI-474,Testing,Done,user0005,2026-09-26
1360,CRM-475,,To Do,user0043,2026-09-14
1361,CRM-475,To Do,In Progress,user0003,2026-09-17
1362,ECOM-476,,To Do,user0050,2026-09-14
1363,BI-477,,To Do,user0007,2026-09-14
1364,BI-477,To Do,In Progress,user0007,2026-09-18
1365,BI-477,In Progress,Testing,user0041,2026-09-24
1366,BI-477,Testing,Done,user0016,2026-09-23
1367,BI-478,,To Do,user0010,2026-09-14
1368,BI-478,To Do,In Progress,user0007,2026-09-19
1369,BI-478,In Progress,Testing,user0031,2026-09-22
1370,BI-478,Testing,Done,user0017,2026-10-02
1371,CLOUD-479,,To Do,user0036,2026-09-14
1372,CLOUD-479,To Do,In Progress,user0036,2026-09-19
1373,CLOUD-479,In Progress,Blocked,user0020,2026-09-24
1374,ERP-480,,To Do,user0037,2026-09-14
1375,ERP-480,To Do,In Progress,user0024,2026-09-18
1376,BANK-481,,To Do,user0014,2026-09-14
1377,BANK-481,To Do,In Progress,user0044,2026-09-15
1378,BANK-481,In Progress,Testing,user0008,2026-09-26
1379,BANK-481,Testing,Done,user0048,2026-09-23
1380,BI-482,,To Do,user0019,2026-09-14
1381,BI-482,To Do,In Progress,user0048,2026-09-17
1382,BI-482,In Progress,Testing,user0027,2026-09-16
1383,BI-482,Testing,Done,user0014,2026-09-23
1384,MOB-483,,To Do,user0016,2026-09-14
1385,MOB-483,To Do,In Progress,user0042,2026-09-20
1386,MOB-483,In Progress,Testing,user0034,2026-09-24
1387,MOB-483,Testing,Done,user0034,2026-09-20
1388,ERP-484,,To Do,user0016,2026-09-14
1389,CLOUD-485,,To Do,user0030,2026-09-14
1390,CLOUD-485,To Do,In Progress,user0003,2026-09-15
1391,CLOUD-486,,To Do,user0030,2026-09-14
1392,CLOUD-486,To Do,In Progress,user0007,2026-09-17
1393,MOB-487,,To Do,user0036,2026-09-14
1394,MOB-487,To Do,In Progress,user0027,2026-09-19
1395,MOB-487,In Progress,Blocked,user0009,2026-09-24
1396,CLOUD-488,,To Do,user0036,2026-09-14
1397,BI-489,,To Do,user0046,2026-09-14
1398,BI-489,To Do,In Progress,user0047,2026-09-18
1399,BI-489,In Progress,Testing,user0032,2026-09-20
1400,BI-489,Testing,Done,user0038,2026-09-17
1401,PORTAL-490,,To Do,user0035,2026-09-14
1402,PORTAL-490,To Do,In Progress,user0030,2026-09-19
1403,BI-491,,To Do,user0012,2026-09-14
1404,BI-491,To Do,In Progress,user0050,2026-09-20
1405,BI-491,In Progress,Testing,user0013,2026-09-26
1406,BI-491,Testing,Done,user0044,2026-09-17
1407,MOB-492,,To Do,user0022,2026-09-14
1408,MOB-492,To Do,In Progress,user0023,2026-09-20
1409,MOB-492,In Progress,Testing,user0031,2026-09-28
1410,MOB-492,Testing,Done,user0036,2026-10-05
1411,BANK-493,,To Do,user0042,2026-09-14
1412,ECOM-494,,To Do,user0025,2026-09-14
1413,BANK-495,,To Do,user0036,2026-09-14
1414,ERP-496,,To Do,user0007,2026-09-14
1415,ERP-496,To Do,In Progress,user0013,2026-09-20
1416,ERP-496,In Progress,Blocked,user0001,2026-09-28
1417,ECOM-497,,To Do,user0047,2026-09-14
1418,ECOM-497,To Do,In Progress,user0040,2026-09-21
1419,BANK-498,,To Do,user0011,2026-09-14
1420,BANK-498,To Do,In Progress,user0002,2026-09-16
1421,MOB-499,,To Do,user0019,2026-09-14
1422,MOB-499,To Do,In Progress,user0012,2026-09-18
1423,MOB-499,In Progress,Testing,user0027,2026-09-16
1424,MOB-499,Testing,Done,user0028,2026-10-02
1425,ECOM-500,,To Do,user0012,2026-09-14
1426,ECOM-500,To Do,In Progress,user0033,2026-09-19
1427,ECOM-500,In Progress,Testing,user0027,2026-09-18
1428,MOB-501,,To Do,user0006,2026-09-14
1429,MOB-501,To Do,In Progress,user0041,2026-09-19
1430,MOB-501,In Progress,Testing,user0046,2026-09-20
1431,BANK-502,,To Do,user0047,2026-09-14
1432,MOB-503,,To Do,user0002,2026-09-14
1433,MOB-503,To Do,In Progress,user0033,2026-09-16
1434,MOB-503,In Progress,Testing,user0043,2026-09-26
1435,MOB-503,Testing,Done,user0012,2026-10-02
1436,PORTAL-504,,To Do,user0026,2026-09-14
1437,PORTAL-504,To Do,In Progress,user0047,2026-09-16
1438,CLOUD-505,,To Do,user0033,2026-09-14
1439,DATA-506,,To Do,user0001,2026-09-14
1440,DATA-506,To Do,In Progress,user0028,2026-09-16
1441,DATA-506,In Progress,Testing,user0049,2026-09-20
1442,DATA-506,Testing,Done,user0042,2026-09-29
1443,DATA-506,Done,Reopened,user0010,2026-10-08
1444,ERP-507,,To Do,user0050,2026-09-14
1445,ERP-508,,To Do,user0004,2026-09-14
1446,ERP-508,To Do,In Progress,user0005,2026-09-16
1447,ERP-508,In Progress,Blocked,user0007,2026-09-20
1448,BI-509,,To Do,user0011,2026-09-14
1449,BI-509,To Do,In Progress,user0048,2026-09-16
1450,BI-509,In Progress,Testing,user0021,2026-09-22
1451,BI-509,Testing,Done,user0034,2026-10-02
1452,DATA-510,,To Do,user0045,2026-09-14
1453,DATA-510,To Do,In Progress,user0029,2026-09-21
1454,ECOM-511,,To Do,user0012,2026-09-14
1455,ECOM-511,To Do,In Progress,user0042,2026-09-19
1456,BANK-512,,To Do,user0012,2026-09-14
1457,BANK-512,To Do,In Progress,user0030,2026-09-17
1458,BI-513,,To Do,user0013,2026-09-14
1459,BI-513,To Do,In Progress,user0015,2026-09-18
1460,SEC-514,,To Do,user0034,2026-09-14
1461,SEC-514,To Do,In Progress,user0009,2026-09-15
1462,SEC-514,In Progress,Testing,user0002,2026-09-18
1463,CLOUD-515,,To Do,user0045,2026-09-14
1464,CLOUD-515,To Do,In Progress,user0010,2026-09-16
1465,CLOUD-515,In Progress,Testing,user0021,2026-09-28
1466,CLOUD-515,Testing,Done,user0028,2026-09-20
1467,PORTAL-516,,To Do,user0003,2026-09-14
1468,PORTAL-516,To Do,In Progress,user0041,2026-09-15
1469,PORTAL-516,In Progress,Testing,user0035,2026-09-16
1470,PORTAL-516,Testing,Done,user0007,2026-10-02
1471,DATA-517,,To Do,user0016,2026-09-14
1472,DATA-517,To Do,In Progress,user0031,2026-09-15
1473,BI-518,,To Do,user0034,2026-09-14
1474,BI-518,To Do,In Progress,user0036,2026-09-19
1475,BI-518,In Progress,Testing,user0004,2026-09-26
1476,BI-518,Testing,Done,user0005,2026-10-05
1477,PORTAL-519,,To Do,user0010,2026-09-14
1478,ECOM-520,,To Do,user0006,2026-09-14
1479,ECOM-520,To Do,In Progress,user0017,2026-09-16
1480,ECOM-520,In Progress,Testing,user0013,2026-09-26
1481,ECOM-520,Testing,Done,user0050,2026-10-02
1482,SEC-521,,To Do,user0044,2026-09-14
1483,SEC-521,To Do,In Progress,user0027,2026-09-21
1484,SEC-521,In Progress,Testing,user0009,2026-09-20
1485,SEC-521,Testing,Done,user0007,2026-10-05
1486,SEC-521,Done,Reopened,user0005,2026-09-18
1487,DATA-522,,To Do,user0029,2026-09-14
1488,DATA-522,To Do,In Progress,user0041,2026-09-21
1489,DATA-522,In Progress,Testing,user0022,2026-09-20
1490,BI-523,,To Do,user0004,2026-09-14
1491,BI-523,To Do,In Progress,user0023,2026-09-20
1492,BI-523,In Progress,Testing,user0004,2026-09-26
1493,BI-523,Testing,Done,user0038,2026-09-17
1494,ERP-524,,To Do,user0006,2026-09-14
1495,ERP-525,,To Do,user0039,2026-09-14
1496,ERP-525,To Do,In Progress,user0047,2026-09-20
1497,ERP-525,In Progress,Testing,user0008,2026-09-22
1498,ERP-525,Testing,Done,user0033,2026-09-23
1499,ERP-525,Done,Reopened,user0033,2026-09-18
1500,MOB-526,,To Do,user0024,2026-09-14
1501,MOB-526,To Do,In Progress,user0008,2026-09-20
1502,MOB-526,In Progress,Testing,user0045,2026-09-16
1503,MOB-526,Testing,Done,user0021,2026-09-17
1504,BI-527,,To Do,user0043,2026-09-14
1505,BI-527,To Do,In Progress,user0020,2026-09-20
1506,BI-527,In Progress,Testing,user0011,2026-09-16
1507,BI-527,Testing,Done,user0011,2026-10-05
1508,CRM-528,,To Do,user0022,2026-09-14
1509,CRM-529,,To Do,user0005,2026-09-14
1510,CRM-529,To Do,In Progress,user0011,2026-09-15
1511,BANK-530,,To Do,user0030,2026-09-14
1512,BANK-530,To Do,In Progress,user0049,2026-09-21
1513,CRM-531,,To Do,user0004,2026-09-14
1514,CLOUD-532,,To Do,user0012,2026-09-14
1515,CLOUD-532,To Do,In Progress,user0030,2026-09-18
1516,ECOM-533,,To Do,user0003,2026-09-14
1517,ECOM-533,To Do,In Progress,user0037,2026-09-16
1518,DATA-534,,To Do,user0038,2026-09-14
1519,DATA-534,To Do,In Progress,user0016,2026-09-18
1520,DATA-534,In Progress,Testing,user0001,2026-09-24
1521,DATA-534,Testing,Done,user0040,2026-09-26
1522,BANK-535,,To Do,user0007,2026-09-14
1523,BANK-535,To Do,In Progress,user0039,2026-09-17
1524,DATA-536,,To Do,user0032,2026-09-14
1525,DATA-536,To Do,In Progress,user0039,2026-09-15
1526,DATA-536,In Progress,Testing,user0003,2026-09-16
1527,DATA-536,Testing,Done,user0024,2026-09-23
1528,CRM-537,,To Do,user0020,2026-09-14
1529,ECOM-538,,To Do,user0017,2026-09-14
1530,ECOM-538,To Do,In Progress,user0046,2026-09-18
1531,ECOM-539,,To Do,user0033,2026-09-14
1532,ECOM-539,To Do,In Progress,user0008,2026-09-21
1533,ECOM-539,In Progress,Testing,user0032,2026-09-28
1534,ECOM-539,Testing,Done,user0049,2026-09-23
1535,BI-540,,To Do,user0005,2026-09-14
1536,BI-540,To Do,In Progress,user0037,2026-09-15
1537,BI-540,In Progress,Testing,user0036,2026-09-20
1538,BI-540,Testing,Done,user0019,2026-09-20
1539,CLOUD-541,,To Do,user0047,2026-09-14
1540,CLOUD-541,To Do,In Progress,user0022,2026-09-16
1541,CLOUD-541,In Progress,Testing,user0005,2026-09-24
1542,ERP-542,,To Do,user0011,2026-09-14
1543,ERP-542,To Do,In Progress,user0022,2026-09-18
1544,ECOM-543,,To Do,user0027,2026-09-14
1545,ECOM-543,To Do,In Progress,user0012,2026-09-20
1546,ECOM-543,In Progress,Testing,user0031,2026-09-20
1547,ECOM-543,Testing,Done,user0040,2026-09-29
1548,BANK-544,,To Do,user0004,2026-09-14
1549,BANK-544,To Do,In Progress,user0012,2026-09-17
1550,BANK-545,,To Do,user0015,2026-09-14
1551,BANK-545,To Do,In Progress,user0013,2026-09-20
1552,PORTAL-546,,To Do,user0043,2026-09-14
1553,PORTAL-546,To Do,In Progress,user0020,2026-09-20
1554,PORTAL-546,In Progress,Testing,user0022,2026-09-22
1555,PORTAL-546,Testing,Done,user0050,2026-09-17
1556,CRM-547,,To Do,user0037,2026-09-14
1557,CRM-547,To Do,In Progress,user0005,2026-09-21
1558,CRM-547,In Progress,Testing,user0036,2026-09-22
1559,CRM-547,Testing,Done,user0023,2026-09-20
1560,PORTAL-548,,To Do,user0027,2026-09-14
1561,BI-549,,To Do,user0042,2026-09-14
1562,CRM-550,,To Do,user0018,2026-09-14
1563,SEC-551,,To Do,user0003,2026-09-14
1564,SEC-551,To Do,In Progress,user0041,2026-09-20
1565,SEC-551,In Progress,Testing,user0024,2026-09-26
1566,MOB-552,,To Do,user0022,2026-09-14
1567,MOB-552,To Do,In Progress,user0036,2026-09-19
1568,MOB-552,In Progress,Testing,user0007,2026-09-16
1569,MOB-552,Testing,Done,user0024,2026-09-29
1570,PORTAL-553,,To Do,user0029,2026-09-14
1571,PORTAL-553,To Do,In Progress,user0006,2026-09-18
1572,ERP-554,,To Do,user0002,2026-09-14
1573,ERP-554,To Do,In Progress,user0029,2026-09-18
1574,DATA-555,,To Do,user0031,2026-09-14
1575,DATA-555,To Do,In Progress,user0028,2026-09-18
1576,DATA-555,In Progress,Testing,user0030,2026-09-18
1577,DATA-555,Testing,Done,user0004,2026-09-17
1578,DATA-555,Done,Reopened,user0046,2026-10-12
1579,MOB-556,,To Do,user0007,2026-09-14
1580,MOB-556,To Do,In Progress,user0019,2026-09-15
1581,MOB-556,In Progress,Testing,user0050,2026-09-18
1582,MOB-556,Testing,Done,user0003,2026-10-05
1583,MOB-557,,To Do,user0002,2026-09-14
1584,MOB-557,To Do,In Progress,user0014,2026-09-18
1585,MOB-557,In Progress,Testing,user0047,2026-09-26
1586,CLOUD-558,,To Do,user0015,2026-09-14
1587,CLOUD-558,To Do,In Progress,user0025,2026-09-19
1588,ERP-559,,To Do,user0010,2026-09-14
1589,ERP-559,To Do,In Progress,user0033,2026-09-21
1590,ERP-559,In Progress,Testing,user0021,2026-09-16
1591,ERP-559,Testing,Done,user0030,2026-09-29
1592,ERP-559,Done,Reopened,user0002,2026-10-04
1593,CLOUD-560,,To Do,user0047,2026-09-14
1594,CLOUD-560,To Do,In Progress,user0042,2026-09-18
1595,BI-561,,To Do,user0036,2026-09-14
1596,BI-561,To Do,In Progress,user0008,2026-09-18
1597,BI-561,In Progress,Testing,user0039,2026-09-22
1598,PORTAL-562,,To Do,user0004,2026-09-14
1599,BI-563,,To Do,user0034,2026-09-14
1600,BI-563,To Do,In Progress,user0016,2026-09-17
1601,BI-563,In Progress,Testing,user0046,2026-09-20
1602,BI-563,Testing,Done,user0021,2026-09-26
1603,PORTAL-564,,To Do,user0004,2026-09-14
1604,PORTAL-564,To Do,In Progress,user0029,2026-09-20
1605,BANK-565,,To Do,user0034,2026-09-14
1606,ECOM-566,,To Do,user0017,2026-09-14
1607,ECOM-566,To Do,In Progress,user0020,2026-09-17
1608,SEC-567,,To Do,user0049,2026-09-14
1609,SEC-567,To Do,In Progress,user0017,2026-09-19
1610,SEC-567,In Progress,Testing,user0027,2026-09-20
1611,SEC-567,Testing,Done,user0039,2026-10-02
1612,PORTAL-568,,To Do,user0026,2026-09-14
1613,CRM-569,,To Do,user0012,2026-09-14
1614,CRM-569,To Do,In Progress,user0050,2026-09-18
1615,DATA-570,,To Do,user0039,2026-09-14
1616,DATA-570,To Do,In Progress,user0007,2026-09-17
1617,DATA-570,In Progress,Testing,user0045,2026-09-24
1618,DATA-570,Testing,Done,user0007,2026-09-29
1619,DATA-571,,To Do,user0015,2026-09-14
1620,DATA-571,To Do,In Progress,user0015,2026-09-19
1621,DATA-571,In Progress,Testing,user0018,2026-09-18
1622,DATA-571,Testing,Done,user0040,2026-10-02
1623,PORTAL-572,,To Do,user0020,2026-09-14
1624,PORTAL-572,To Do,In Progress,user0021,2026-09-15
1625,PORTAL-572,In Progress,Blocked,user0012,2026-09-20
1626,ERP-573,,To Do,user0048,2026-09-14
1627,ERP-573,To Do,In Progress,user0040,2026-09-21
1628,ERP-573,In Progress,Blocked,user0030,2026-09-18
1629,ERP-574,,To Do,user0031,2026-09-14
1630,ERP-574,To Do,In Progress,user0030,2026-09-20
1631,ERP-574,In Progress,Testing,user0013,2026-09-16
1632,ERP-574,Testing,Done,user0035,2026-09-23
1633,PORTAL-575,,To Do,user0039,2026-09-14
1634,ERP-576,,To Do,user0042,2026-09-14
1635,ERP-576,To Do,In Progress,user0008,2026-09-18
1636,ERP-576,In Progress,Testing,user0026,2026-09-28
1637,ERP-576,Testing,Done,user0004,2026-09-17
1638,MOB-577,,To Do,user0014,2026-09-14
1639,MOB-577,To Do,In Progress,user0008,2026-09-15
1640,MOB-577,In Progress,Testing,user0044,2026-09-18
1641,MOB-577,Testing,Done,user0032,2026-10-02
1642,SEC-578,,To Do,user0029,2026-09-14
1643,SEC-578,To Do,In Progress,user0035,2026-09-15
1644,SEC-578,In Progress,Testing,user0043,2026-09-22
1645,SEC-578,Testing,Done,user0030,2026-09-29
1646,BANK-579,,To Do,user0046,2026-09-14
1647,BANK-579,To Do,In Progress,user0042,2026-09-19
1648,BANK-579,In Progress,Testing,user0038,2026-09-28
1649,BANK-579,Testing,Done,user0037,2026-09-20
1650,PORTAL-580,,To Do,user0016,2026-09-14
1651,PORTAL-580,To Do,In Progress,user0037,2026-09-15
1652,ERP-581,,To Do,user0050,2026-09-14
1653,ERP-581,To Do,In Progress,user0031,2026-09-18
1654,DATA-582,,To Do,user0021,2026-09-14
1655,DATA-582,To Do,In Progress,user0020,2026-09-19
1656,ERP-583,,To Do,user0004,2026-09-14
1657,ERP-583,To Do,In Progress,user0042,2026-09-19
1658,ERP-583,In Progress,Testing,user0027,2026-09-16
1659,ERP-583,Testing,Done,user0041,2026-09-20
1660,ECOM-584,,To Do,user0002,2026-09-14
1661,ECOM-584,To Do,In Progress,user0050,2026-09-19
1662,ECOM-584,In Progress,Testing,user0027,2026-09-20
1663,ECOM-584,Testing,Done,user0025,2026-10-02
1664,ERP-585,,To Do,user0026,2026-09-14
1665,ERP-585,To Do,In Progress,user0022,2026-09-15
1666,ERP-585,In Progress,Blocked,user0001,2026-09-28
1667,BI-586,,To Do,user0034,2026-09-14
1668,SEC-587,,To Do,user0002,2026-09-14
1669,SEC-587,To Do,In Progress,user0012,2026-09-21
1670,SEC-587,In Progress,Blocked,user0024,2026-09-28
1671,ERP-588,,To Do,user0024,2026-09-14
1672,ERP-588,To Do,In Progress,user0011,2026-09-20
1673,CLOUD-589,,To Do,user0033,2026-09-14
1674,CLOUD-589,To Do,In Progress,user0050,2026-09-19
1675,CLOUD-589,In Progress,Testing,user0039,2026-09-28
1676,CLOUD-589,Testing,Done,user0013,2026-09-26
1677,ECOM-590,,To Do,user0041,2026-09-14
1678,ECOM-590,To Do,In Progress,user0017,2026-09-19
1679,ECOM-590,In Progress,Testing,user0029,2026-09-16
1680,ECOM-590,Testing,Done,user0001,2026-10-02
1681,BI-591,,To Do,user0008,2026-09-14
1682,BI-591,To Do,In Progress,user0002,2026-09-19
1683,ERP-592,,To Do,user0018,2026-09-14
1684,BANK-593,,To Do,user0008,2026-09-14
1685,CLOUD-594,,To Do,user0044,2026-09-14
1686,CLOUD-594,To Do,In Progress,user0007,2026-09-21
1687,CLOUD-594,In Progress,Blocked,user0029,2026-09-22
1688,ECOM-595,,To Do,user0013,2026-09-14
1689,ECOM-595,To Do,In Progress,user0037,2026-09-18
1690,CRM-596,,To Do,user0029,2026-09-14
1691,CRM-596,To Do,In Progress,user0015,2026-09-21
1692,CRM-596,In Progress,Testing,user0037,2026-09-16
1693,CRM-596,Testing,Done,user0001,2026-10-05
1694,CRM-597,,To Do,user0015,2026-09-14
1695,CRM-597,To Do,In Progress,user0013,2026-09-21
1696,PORTAL-598,,To Do,user0004,2026-09-14
1697,PORTAL-598,To Do,In Progress,user0044,2026-09-15
1698,PORTAL-598,In Progress,Testing,user0011,2026-09-24
1699,PORTAL-598,Testing,Done,user0008,2026-09-23
1700,PORTAL-598,Done,Reopened,user0034,2026-10-12
1701,CRM-599,,To Do,user0019,2026-09-14
1702,CRM-599,To Do,In Progress,user0002,2026-09-18
1703,CRM-599,In Progress,Blocked,user0034,2026-09-20
1704,BI-600,,To Do,user0048,2026-09-14
1705,BI-600,To Do,In Progress,user0021,2026-09-21
1706,CLOUD-601,,To Do,user0011,2026-09-14
1707,CLOUD-601,To Do,In Progress,user0006,2026-09-16
1708,MOB-602,,To Do,user0050,2026-09-14
1709,MOB-602,To Do,In Progress,user0049,2026-09-18
1710,MOB-602,In Progress,Testing,user0047,2026-09-28
1711,MOB-603,,To Do,user0046,2026-09-14
1712,MOB-603,To Do,In Progress,user0032,2026-09-17
1713,MOB-603,In Progress,Testing,user0023,2026-09-16
1714,MOB-603,Testing,Done,user0023,2026-09-26
1715,CLOUD-604,,To Do,user0014,2026-09-14
1716,CLOUD-604,To Do,In Progress,user0031,2026-09-21
1717,CLOUD-604,In Progress,Testing,user0021,2026-09-16
1718,CLOUD-604,Testing,Done,user0046,2026-10-02
1719,ERP-605,,To Do,user0001,2026-09-14
1720,ERP-605,To Do,In Progress,user0017,2026-09-18
1721,ERP-605,In Progress,Testing,user0033,2026-09-24
1722,ERP-605,Testing,Done,user0033,2026-09-20
1723,MOB-606,,To Do,user0028,2026-09-14
1724,MOB-606,To Do,In Progress,user0010,2026-09-19
1725,MOB-606,In Progress,Testing,user0004,2026-09-28
1726,MOB-606,Testing,Done,user0010,2026-09-17
1727,SEC-607,,To Do,user0010,2026-09-14
1728,SEC-607,To Do,In Progress,user0007,2026-09-20
1729,CLOUD-608,,To Do,user0010,2026-09-14
1730,SEC-609,,To Do,user0012,2026-09-14
1731,SEC-609,To Do,In Progress,user0031,2026-09-15
1732,DATA-610,,To Do,user0044,2026-09-14
1733,DATA-610,To Do,In Progress,user0028,2026-09-21
1734,DATA-610,In Progress,Blocked,user0031,2026-09-26
1735,CLOUD-611,,To Do,user0024,2026-09-14
1736,CLOUD-611,To Do,In Progress,user0032,2026-09-20
1737,CRM-612,,To Do,user0044,2026-09-14
1738,CRM-612,To Do,In Progress,user0007,2026-09-18
1739,BANK-613,,To Do,user0049,2026-09-14
1740,BANK-613,To Do,In Progress,user0028,2026-09-19
1741,ECOM-614,,To Do,user0029,2026-09-14
1742,ERP-615,,To Do,user0024,2026-09-14
1743,PORTAL-616,,To Do,user0002,2026-09-14
1744,PORTAL-616,To Do,In Progress,user0039,2026-09-18
1745,PORTAL-616,In Progress,Testing,user0016,2026-09-22
1746,CRM-617,,To Do,user0022,2026-09-14
1747,CRM-617,To Do,In Progress,user0033,2026-09-21
1748,ECOM-618,,To Do,user0046,2026-09-14
1749,ECOM-618,To Do,In Progress,user0046,2026-09-20
1750,ECOM-618,In Progress,Testing,user0017,2026-09-24
1751,ECOM-618,Testing,Done,user0045,2026-09-29
1752,DATA-619,,To Do,user0043,2026-09-14
1753,MOB-620,,To Do,user0008,2026-09-14
1754,MOB-620,To Do,In Progress,user0023,2026-09-20
1755,MOB-620,In Progress,Testing,user0008,2026-09-16
1756,MOB-620,Testing,Done,user0041,2026-09-17
1757,CLOUD-621,,To Do,user0006,2026-09-14
1758,CLOUD-621,To Do,In Progress,user0032,2026-09-21
1759,CLOUD-621,In Progress,Testing,user0013,2026-09-24
1760,CLOUD-621,Testing,Done,user0015,2026-09-17
1761,CRM-622,,To Do,user0030,2026-09-14
1762,CRM-622,To Do,In Progress,user0040,2026-09-15
1763,CRM-622,In Progress,Blocked,user0038,2026-09-16
1764,BI-623,,To Do,user0013,2026-09-14
1765,BI-623,To Do,In Progress,user0050,2026-09-20
1766,BI-623,In Progress,Testing,user0028,2026-09-22
1767,BI-623,Testing,Done,user0008,2026-10-02
1768,BANK-624,,To Do,user0027,2026-09-14
1769,BANK-624,To Do,In Progress,user0033,2026-09-17
1770,CRM-625,,To Do,user0006,2026-09-14
1771,CRM-625,To Do,In Progress,user0033,2026-09-19
1772,CRM-625,In Progress,Blocked,user0016,2026-09-28
1773,SEC-626,,To Do,user0030,2026-09-14
1774,SEC-626,To Do,In Progress,user0025,2026-09-21
1775,SEC-626,In Progress,Blocked,user0027,2026-09-16
1776,MOB-627,,To Do,user0042,2026-09-14
1777,MOB-627,To Do,In Progress,user0029,2026-09-20
1778,MOB-627,In Progress,Testing,user0009,2026-09-16
1779,BI-628,,To Do,user0022,2026-09-14
1780,BI-628,To Do,In Progress,user0004,2026-09-20
1781,DATA-629,,To Do,user0023,2026-09-14
1782,DATA-629,To Do,In Progress,user0017,2026-09-19
1783,SEC-630,,To Do,user0013,2026-09-14
1784,SEC-630,To Do,In Progress,user0008,2026-09-19
1785,CLOUD-631,,To Do,user0043,2026-09-14
1786,CLOUD-631,To Do,In Progress,user0035,2026-09-18
1787,CLOUD-631,In Progress,Testing,user0027,2026-09-18
1788,CLOUD-631,Testing,Done,user0004,2026-09-23
1789,CLOUD-631,Done,Reopened,user0036,2026-10-12
1790,ECOM-632,,To Do,user0018,2026-09-14
1791,ECOM-632,To Do,In Progress,user0018,2026-09-20
1792,ECOM-632,In Progress,Testing,user0014,2026-09-20
1793,ECOM-632,Testing,Done,user0004,2026-09-23
1794,BANK-633,,To Do,user0034,2026-09-14
1795,BANK-633,To Do,In Progress,user0022,2026-09-19
1796,BANK-633,In Progress,Testing,user0021,2026-09-26
1797,BANK-633,Testing,Done,user0039,2026-09-29
1798,SEC-634,,To Do,user0004,2026-09-14
1799,SEC-635,,To Do,user0030,2026-09-14
1800,SEC-635,To Do,In Progress,user0007,2026-09-18
1801,SEC-635,In Progress,Testing,user0021,2026-09-22
1802,SEC-635,Testing,Done,user0028,2026-10-05
1803,ECOM-636,,To Do,user0047,2026-09-14
1804,ECOM-636,To Do,In Progress,user0016,2026-09-20
1805,BANK-637,,To Do,user0032,2026-09-14
1806,BANK-637,To Do,In Progress,user0001,2026-09-19
1807,BANK-637,In Progress,Testing,user0013,2026-09-28
1808,BANK-637,Testing,Done,user0048,2026-10-05
1809,BI-638,,To Do,user0005,2026-09-14
1810,BI-638,To Do,In Progress,user0028,2026-09-19
1811,BI-638,In Progress,Testing,user0034,2026-09-28
1812,BI-638,Testing,Done,user0011,2026-09-20
1813,SEC-639,,To Do,user0001,2026-09-14
1814,SEC-639,To Do,In Progress,user0047,2026-09-18
1815,SEC-639,In Progress,Testing,user0036,2026-09-18
1816,SEC-639,Testing,Done,user0044,2026-10-02
1817,CRM-640,,To Do,user0022,2026-09-14
1818,CRM-640,To Do,In Progress,user0015,2026-09-17
1819,CRM-641,,To Do,user0001,2026-09-14
1820,CRM-641,To Do,In Progress,user0008,2026-09-15
1821,CRM-641,In Progress,Testing,user0026,2026-09-18
1822,CRM-641,Testing,Done,user0039,2026-10-05
1823,CRM-641,Done,Reopened,user0012,2026-10-04
1824,SEC-642,,To Do,user0039,2026-09-14
1825,SEC-642,To Do,In Progress,user0042,2026-09-18
1826,SEC-642,In Progress,Testing,user0009,2026-09-18
1827,SEC-642,Testing,Done,user0037,2026-09-23
1828,SEC-642,Done,Reopened,user0027,2026-09-30
1829,ERP-643,,To Do,user0040,2026-09-14
1830,ERP-643,To Do,In Progress,user0044,2026-09-21
1831,ERP-643,In Progress,Testing,user0020,2026-09-18
1832,ERP-643,Testing,Done,user0035,2026-10-05
1833,CLOUD-644,,To Do,user0031,2026-09-14
1834,CLOUD-644,To Do,In Progress,user0044,2026-09-20
1835,CLOUD-644,In Progress,Testing,user0003,2026-09-22
1836,CLOUD-644,Testing,Done,user0015,2026-09-17
1837,BI-645,,To Do,user0002,2026-09-14
1838,BI-645,To Do,In Progress,user0040,2026-09-20
1839,BI-645,In Progress,Testing,user0028,2026-09-24
1840,BI-645,Testing,Done,user0017,2026-09-20
1841,BI-646,,To Do,user0013,2026-09-14
1842,BI-646,To Do,In Progress,user0008,2026-09-15
1843,BI-646,In Progress,Testing,user0049,2026-09-20
1844,BI-646,Testing,Done,user0007,2026-09-26
1845,CLOUD-647,,To Do,user0009,2026-09-14
1846,CLOUD-647,To Do,In Progress,user0025,2026-09-21
1847,CLOUD-647,In Progress,Testing,user0009,2026-09-20
1848,MOB-648,,To Do,user0030,2026-09-14
1849,MOB-648,To Do,In Progress,user0045,2026-09-15
1850,MOB-648,In Progress,Testing,user0026,2026-09-16
1851,SEC-649,,To Do,user0017,2026-09-14
1852,CRM-650,,To Do,user0028,2026-09-14
1853,BANK-651,,To Do,user0028,2026-09-14
1854,BANK-651,To Do,In Progress,user0027,2026-09-17
1855,SEC-652,,To Do,user0035,2026-09-14
1856,ECOM-653,,To Do,user0003,2026-09-14
1857,ECOM-653,To Do,In Progress,user0012,2026-09-17
1858,ECOM-653,In Progress,Testing,user0046,2026-09-26
1859,ECOM-653,Testing,Done,user0038,2026-10-05
1860,CRM-654,,To Do,user0042,2026-09-14
1861,CRM-654,To Do,In Progress,user0014,2026-09-15
1862,CRM-654,In Progress,Testing,user0029,2026-09-28
1863,CRM-654,Testing,Done,user0038,2026-09-23
1864,ECOM-655,,To Do,user0013,2026-09-14
1865,ECOM-655,To Do,In Progress,user0020,2026-09-18
1866,ECOM-656,,To Do,user0027,2026-09-14
1867,ECOM-656,To Do,In Progress,user0005,2026-09-18
1868,ECOM-656,In Progress,Blocked,user0006,2026-09-18
1869,DATA-657,,To Do,user0011,2026-09-14
1870,DATA-657,To Do,In Progress,user0039,2026-09-17
1871,DATA-657,In Progress,Testing,user0047,2026-09-24
1872,DATA-657,Testing,Done,user0029,2026-10-05
1873,BI-658,,To Do,user0041,2026-09-14
1874,SEC-659,,To Do,user0005,2026-09-14
1875,SEC-659,To Do,In Progress,user0023,2026-09-17
1876,SEC-659,In Progress,Testing,user0048,2026-09-22
1877,SEC-659,Testing,Done,user0043,2026-10-05
1878,PORTAL-660,,To Do,user0008,2026-09-14
1879,ERP-661,,To Do,user0016,2026-09-14
1880,BI-662,,To Do,user0045,2026-09-14
1881,BI-662,To Do,In Progress,user0006,2026-09-19
1882,SEC-663,,To Do,user0038,2026-09-14
1883,SEC-663,To Do,In Progress,user0034,2026-09-18
1884,SEC-663,In Progress,Blocked,user0038,2026-09-18
1885,ERP-664,,To Do,user0045,2026-09-14
1886,ERP-664,To Do,In Progress,user0011,2026-09-15
1887,ERP-664,In Progress,Testing,user0033,2026-09-28
1888,ERP-664,Testing,Done,user0037,2026-09-20
1889,ECOM-665,,To Do,user0028,2026-09-14
1890,ECOM-665,To Do,In Progress,user0047,2026-09-18
1891,SEC-666,,To Do,user0012,2026-09-14
1892,SEC-666,To Do,In Progress,user0002,2026-09-21
1893,MOB-667,,To Do,user0006,2026-09-14
1894,MOB-667,To Do,In Progress,user0042,2026-09-21
1895,MOB-667,In Progress,Testing,user0014,2026-09-16
1896,MOB-667,Testing,Done,user0002,2026-09-23
1897,MOB-667,Done,Reopened,user0042,2026-10-12
1898,MOB-668,,To Do,user0015,2026-09-14
1899,BANK-669,,To Do,user0027,2026-09-14
1900,BANK-669,To Do,In Progress,user0034,2026-09-18
1901,BANK-669,In Progress,Testing,user0038,2026-09-28
1902,MOB-670,,To Do,user0039,2026-09-14
1903,MOB-670,To Do,In Progress,user0039,2026-09-17
1904,MOB-670,In Progress,Testing,user0032,2026-09-18
1905,MOB-670,Testing,Done,user0014,2026-09-29
1906,MOB-671,,To Do,user0031,2026-09-14
1907,MOB-671,To Do,In Progress,user0018,2026-09-18
1908,MOB-671,In Progress,Testing,user0032,2026-09-20
1909,MOB-671,Testing,Done,user0011,2026-09-20
1910,BI-672,,To Do,user0022,2026-09-14
1911,BI-672,To Do,In Progress,user0008,2026-09-18
1912,BI-672,In Progress,Testing,user0022,2026-09-24
1913,BI-672,Testing,Done,user0024,2026-10-05
1914,MOB-673,,To Do,user0037,2026-09-14
1915,MOB-673,To Do,In Progress,user0028,2026-09-21
1916,MOB-673,In Progress,Testing,user0017,2026-09-24
1917,MOB-673,Testing,Done,user0011,2026-09-26
1918,CRM-674,,To Do,user0044,2026-09-14
1919,CRM-675,,To Do,user0003,2026-09-14
1920,CRM-675,To Do,In Progress,user0005,2026-09-17
1921,PORTAL-676,,To Do,user0012,2026-09-14
1922,PORTAL-676,To Do,In Progress,user0006,2026-09-19
1923,PORTAL-676,In Progress,Blocked,user0032,2026-09-22
1924,CLOUD-677,,To Do,user0032,2026-09-14
1925,CLOUD-677,To Do,In Progress,user0025,2026-09-15
1926,CLOUD-677,In Progress,Blocked,user0038,2026-09-24
1927,BI-678,,To Do,user0019,2026-09-14
1928,BI-678,To Do,In Progress,user0020,2026-09-17
1929,BI-678,In Progress,Testing,user0042,2026-09-18
1930,BI-678,Testing,Done,user0013,2026-09-29
1931,PORTAL-679,,To Do,user0025,2026-09-14
1932,PORTAL-679,To Do,In Progress,user0012,2026-09-16
1933,PORTAL-679,In Progress,Testing,user0032,2026-09-20
1934,PORTAL-679,Testing,Done,user0001,2026-09-17
1935,PORTAL-679,Done,Reopened,user0011,2026-09-26
1936,BI-680,,To Do,user0044,2026-09-14
1937,BI-680,To Do,In Progress,user0024,2026-09-20
1938,BI-680,In Progress,Testing,user0047,2026-09-20
1939,BI-680,Testing,Done,user0018,2026-10-02
1940,CRM-681,,To Do,user0008,2026-09-14
1941,BANK-682,,To Do,user0004,2026-09-14
1942,BANK-682,To Do,In Progress,user0029,2026-09-15
1943,BANK-682,In Progress,Testing,user0006,2026-09-18
1944,MOB-683,,To Do,user0036,2026-09-14
1945,MOB-683,To Do,In Progress,user0035,2026-09-15
1946,MOB-683,In Progress,Testing,user0025,2026-09-16
1947,MOB-683,Testing,Done,user0036,2026-10-05
1948,CLOUD-684,,To Do,user0018,2026-09-14
1949,CLOUD-684,To Do,In Progress,user0016,2026-09-16
1950,DATA-685,,To Do,user0041,2026-09-14
1951,DATA-685,To Do,In Progress,user0031,2026-09-19
1952,DATA-685,In Progress,Testing,user0029,2026-09-26
1953,DATA-685,Testing,Done,user0045,2026-09-26
1954,BI-686,,To Do,user0021,2026-09-14
1955,BI-686,To Do,In Progress,user0009,2026-09-16
1956,BI-686,In Progress,Testing,user0037,2026-09-24
1957,DATA-687,,To Do,user0035,2026-09-14
1958,DATA-687,To Do,In Progress,user0037,2026-09-16
1959,DATA-687,In Progress,Testing,user0036,2026-09-16
1960,ERP-688,,To Do,user0045,2026-09-14
1961,PORTAL-689,,To Do,user0039,2026-09-14
1962,PORTAL-689,To Do,In Progress,user0004,2026-09-19
1963,MOB-690,,To Do,user0033,2026-09-14
1964,MOB-690,To Do,In Progress,user0020,2026-09-19
1965,MOB-690,In Progress,Testing,user0038,2026-09-16
1966,BANK-691,,To Do,user0042,2026-09-14
1967,BANK-691,To Do,In Progress,user0046,2026-09-21
1968,ECOM-692,,To Do,user0033,2026-09-14
1969,ECOM-692,To Do,In Progress,user0018,2026-09-16
1970,ECOM-692,In Progress,Testing,user0019,2026-09-22
1971,ECOM-692,Testing,Done,user0050,2026-10-02
1972,PORTAL-693,,To Do,user0005,2026-09-14
1973,PORTAL-693,To Do,In Progress,user0034,2026-09-21
1974,BANK-694,,To Do,user0001,2026-09-14
1975,BANK-694,To Do,In Progress,user0015,2026-09-21
1976,BANK-694,In Progress,Testing,user0018,2026-09-26
1977,BANK-694,Testing,Done,user0029,2026-09-26
1978,ERP-695,,To Do,user0045,2026-09-14
1979,ERP-695,To Do,In Progress,user0028,2026-09-15
1980,ERP-695,In Progress,Testing,user0049,2026-09-16
1981,ERP-695,Testing,Done,user0039,2026-09-26
1982,BANK-696,,To Do,user0035,2026-09-14
1983,BANK-696,To Do,In Progress,user0017,2026-09-21
1984,BANK-696,In Progress,Testing,user0016,2026-09-22
1985,BANK-696,Testing,Done,user0005,2026-09-29
1986,DATA-697,,To Do,user0049,2026-09-14
1987,DATA-697,To Do,In Progress,user0026,2026-09-20
1988,DATA-697,In Progress,Blocked,user0032,2026-09-18
1989,ECOM-698,,To Do,user0001,2026-09-14
1990,ECOM-698,To Do,In Progress,user0029,2026-09-20
1991,ECOM-698,In Progress,Testing,user0005,2026-09-18
1992,BI-699,,To Do,user0024,2026-09-14
1993,BI-700,,To Do,user0036,2026-09-14
1994,BI-700,To Do,In Progress,user0009,2026-09-16
1995,BI-700,In Progress,Testing,user0005,2026-09-22
1996,BI-700,Testing,Done,user0016,2026-09-26
1997,BI-700,Done,Reopened,user0003,2026-09-26
1998,CLOUD-701,,To Do,user0019,2026-09-14
1999,CLOUD-701,To Do,In Progress,user0019,2026-09-18
2000,CLOUD-701,In Progress,Blocked,user0033,2026-09-24
2001,PORTAL-702,,To Do,user0040,2026-09-14
2002,PORTAL-702,To Do,In Progress,user0049,2026-09-15
2003,BI-703,,To Do,user0031,2026-09-14
2004,BI-703,To Do,In Progress,user0011,2026-09-17
2005,BI-703,In Progress,Testing,user0020,2026-09-28
2006,BI-703,Testing,Done,user0045,2026-09-17
2007,PORTAL-704,,To Do,user0005,2026-09-14
2008,PORTAL-704,To Do,In Progress,user0024,2026-09-18
2009,PORTAL-704,In Progress,Testing,user0002,2026-09-20
2010,PORTAL-704,Testing,Done,user0038,2026-09-23
2011,BI-705,,To Do,user0016,2026-09-14
2012,BI-705,To Do,In Progress,user0029,2026-09-17
2013,SEC-706,,To Do,user0008,2026-09-14
2014,SEC-706,To Do,In Progress,user0006,2026-09-17
2015,SEC-706,In Progress,Blocked,user0031,2026-09-18
2016,MOB-707,,To Do,user0002,2026-09-14
2017,MOB-707,To Do,In Progress,user0047,2026-09-15
2018,MOB-707,In Progress,Testing,user0016,2026-09-20
2019,CRM-708,,To Do,user0034,2026-09-14
2020,CRM-709,,To Do,user0039,2026-09-14
2021,CRM-709,To Do,In Progress,user0043,2026-09-16
2022,CRM-709,In Progress,Blocked,user0016,2026-09-24
2023,BI-710,,To Do,user0038,2026-09-14
2024,BI-710,To Do,In Progress,user0039,2026-09-16
2025,BI-710,In Progress,Testing,user0010,2026-09-16
2026,BI-710,Testing,Done,user0016,2026-10-05
2027,DATA-711,,To Do,user0044,2026-09-14
2028,DATA-711,To Do,In Progress,user0047,2026-09-15
2029,DATA-711,In Progress,Testing,user0042,2026-09-16
2030,DATA-711,Testing,Done,user0032,2026-09-29
2031,DATA-712,,To Do,user0042,2026-09-14
2032,DATA-712,To Do,In Progress,user0003,2026-09-21
2033,DATA-712,In Progress,Testing,user0032,2026-09-16
2034,DATA-712,Testing,Done,user0015,2026-09-23
2035,CLOUD-713,,To Do,user0010,2026-09-14
2036,CLOUD-713,To Do,In Progress,user0011,2026-09-18
2037,PORTAL-714,,To Do,user0047,2026-09-14
2038,PORTAL-714,To Do,In Progress,user0017,2026-09-20
2039,CLOUD-715,,To Do,user0011,2026-09-14
2040,CLOUD-715,To Do,In Progress,user0043,2026-09-16
2041,CLOUD-715,In Progress,Testing,user0025,2026-09-22
2042,CLOUD-715,Testing,Done,user0047,2026-09-17
2043,BANK-716,,To Do,user0014,2026-09-14
2044,BANK-716,To Do,In Progress,user0025,2026-09-17
2045,BANK-716,In Progress,Testing,user0009,2026-09-22
2046,BANK-716,Testing,Done,user0018,2026-09-29
2047,BANK-716,Done,Reopened,user0010,2026-09-26
2048,SEC-717,,To Do,user0031,2026-09-14
2049,SEC-717,To Do,In Progress,user0009,2026-09-16
2050,CLOUD-718,,To Do,user0028,2026-09-14
2051,CLOUD-718,To Do,In Progress,user0031,2026-09-17
2052,BANK-719,,To Do,user0033,2026-09-14
2053,BANK-719,To Do,In Progress,user0016,2026-09-21
2054,BANK-719,In Progress,Testing,user0016,2026-09-26
2055,BANK-719,Testing,Done,user0020,2026-09-20
2056,BANK-720,,To Do,user0016,2026-09-14
2057,MOB-721,,To Do,user0041,2026-09-14
2058,MOB-721,To Do,In Progress,user0003,2026-09-18
2059,MOB-721,In Progress,Testing,user0044,2026-09-28
2060,MOB-721,Testing,Done,user0014,2026-10-02
2061,MOB-721,Done,Reopened,user0009,2026-09-22
2062,DATA-722,,To Do,user0043,2026-09-14
2063,DATA-722,To Do,In Progress,user0022,2026-09-18
2064,DATA-722,In Progress,Testing,user0007,2026-09-22
2065,DATA-722,Testing,Done,user0042,2026-09-26
2066,ERP-723,,To Do,user0034,2026-09-14
2067,ERP-723,To Do,In Progress,user0020,2026-09-16
2068,SEC-724,,To Do,user0018,2026-09-14
2069,SEC-725,,To Do,user0005,2026-09-14
2070,SEC-725,To Do,In Progress,user0030,2026-09-21
2071,DATA-726,,To Do,user0002,2026-09-14
2072,PORTAL-727,,To Do,user0033,2026-09-14
2073,PORTAL-727,To Do,In Progress,user0045,2026-09-21
2074,PORTAL-727,In Progress,Testing,user0047,2026-09-16
2075,ERP-728,,To Do,user0033,2026-09-14
2076,ERP-728,To Do,In Progress,user0006,2026-09-21
2077,DATA-729,,To Do,user0048,2026-09-14
2078,DATA-729,To Do,In Progress,user0046,2026-09-19
2079,DATA-729,In Progress,Testing,user0019,2026-09-18
2080,DATA-729,Testing,Done,user0043,2026-10-02
2081,DATA-730,,To Do,user0018,2026-09-14
2082,PORTAL-731,,To Do,user0011,2026-09-14
2083,PORTAL-731,To Do,In Progress,user0028,2026-09-19
2084,PORTAL-731,In Progress,Blocked,user0023,2026-09-18
2085,MOB-732,,To Do,user0039,2026-09-14
2086,MOB-732,To Do,In Progress,user0024,2026-09-18
2087,MOB-732,In Progress,Testing,user0009,2026-09-18
2088,MOB-732,Testing,Done,user0045,2026-09-29
2089,MOB-733,,To Do,user0015,2026-09-14
2090,MOB-733,To Do,In Progress,user0002,2026-09-16
2091,MOB-733,In Progress,Testing,user0040,2026-09-28
2092,MOB-733,Testing,Done,user0038,2026-09-20
2093,DATA-734,,To Do,user0050,2026-09-14
2094,DATA-734,To Do,In Progress,user0040,2026-09-17
2095,DATA-734,In Progress,Testing,user0003,2026-09-24
2096,DATA-734,Testing,Done,user0002,2026-10-05
2097,ERP-735,,To Do,user0039,2026-09-14
2098,ERP-735,To Do,In Progress,user0040,2026-09-16
2099,MOB-736,,To Do,user0027,2026-09-14
2100,MOB-736,To Do,In Progress,user0029,2026-09-18
2101,MOB-737,,To Do,user0024,2026-09-14
2102,MOB-737,To Do,In Progress,user0006,2026-09-21
2103,MOB-737,In Progress,Testing,user0023,2026-09-20
2104,MOB-737,Testing,Done,user0018,2026-09-23
2105,BANK-738,,To Do,user0048,2026-09-14
2106,BANK-738,To Do,In Progress,user0020,2026-09-19
2107,BANK-738,In Progress,Testing,user0018,2026-09-20
2108,BANK-738,Testing,Done,user0020,2026-10-02
2109,BANK-738,Done,Reopened,user0039,2026-09-22
2110,MOB-739,,To Do,user0030,2026-09-14
2111,MOB-739,To Do,In Progress,user0032,2026-09-16
2112,MOB-739,In Progress,Testing,user0028,2026-09-18
2113,MOB-739,Testing,Done,user0013,2026-09-29
2114,CLOUD-740,,To Do,user0015,2026-09-14
2115,CLOUD-740,To Do,In Progress,user0017,2026-09-16
2116,CLOUD-740,In Progress,Testing,user0014,2026-09-24
2117,BI-741,,To Do,user0032,2026-09-14
2118,BI-741,To Do,In Progress,user0023,2026-09-20
2119,BI-741,In Progress,Testing,user0045,2026-09-20
2120,BI-741,Testing,Done,user0041,2026-09-26
2121,PORTAL-742,,To Do,user0015,2026-09-14
2122,CRM-743,,To Do,user0035,2026-09-14
2123,CRM-743,To Do,In Progress,user0006,2026-09-17
2124,MOB-744,,To Do,user0039,2026-09-14
2125,MOB-744,To Do,In Progress,user0005,2026-09-16
2126,CRM-745,,To Do,user0025,2026-09-14
2127,CRM-745,To Do,In Progress,user0014,2026-09-17
2128,SEC-746,,To Do,user0010,2026-09-14
2129,SEC-746,To Do,In Progress,user0027,2026-09-21
2130,MOB-747,,To Do,user0023,2026-09-14
2131,MOB-747,To Do,In Progress,user0045,2026-09-18
2132,MOB-747,In Progress,Testing,user0040,2026-09-26
2133,MOB-747,Testing,Done,user0029,2026-09-26
2134,PORTAL-748,,To Do,user0029,2026-09-14
2135,PORTAL-748,To Do,In Progress,user0023,2026-09-15
2136,PORTAL-748,In Progress,Blocked,user0007,2026-09-22
2137,BANK-749,,To Do,user0031,2026-09-14
2138,BANK-749,To Do,In Progress,user0024,2026-09-15
2139,BANK-749,In Progress,Testing,user0042,2026-09-24
2140,BANK-749,Testing,Done,user0042,2026-09-17
2141,CLOUD-750,,To Do,user0015,2026-09-14
2142,CLOUD-750,To Do,In Progress,user0015,2026-09-16
2143,CLOUD-750,In Progress,Testing,user0024,2026-09-18
2144,CLOUD-750,Testing,Done,user0011,2026-09-26
2145,CLOUD-750,Done,Reopened,user0041,2026-10-12
2146,ECOM-751,,To Do,user0024,2026-09-14
2147,ERP-752,,To Do,user0002,2026-09-14
2148,ERP-752,To Do,In Progress,user0014,2026-09-15
2149,ERP-752,In Progress,Testing,user0049,2026-09-20
2150,ERP-752,Testing,Done,user0020,2026-09-29
2151,PORTAL-753,,To Do,user0049,2026-09-14
2152,PORTAL-753,To Do,In Progress,user0004,2026-09-21
2153,ERP-754,,To Do,user0047,2026-09-14
2154,BANK-755,,To Do,user0047,2026-09-14
2155,ECOM-756,,To Do,user0006,2026-09-14
2156,ECOM-756,To Do,In Progress,user0015,2026-09-15
2157,ECOM-756,In Progress,Testing,user0013,2026-09-22
2158,ECOM-756,Testing,Done,user0043,2026-10-05
2159,ERP-757,,To Do,user0002,2026-09-14
2160,ERP-757,To Do,In Progress,user0041,2026-09-20
2161,ERP-757,In Progress,Blocked,user0009,2026-09-26
2162,BANK-758,,To Do,user0003,2026-09-14
2163,ERP-759,,To Do,user0030,2026-09-14
2164,ERP-759,To Do,In Progress,user0035,2026-09-16
2165,ERP-759,In Progress,Testing,user0009,2026-09-18
2166,SEC-760,,To Do,user0028,2026-09-14
2167,DATA-761,,To Do,user0003,2026-09-14
2168,CRM-762,,To Do,user0026,2026-09-14
2169,PORTAL-763,,To Do,user0026,2026-09-14
2170,PORTAL-763,To Do,In Progress,user0036,2026-09-20
2171,SEC-764,,To Do,user0048,2026-09-14
2172,SEC-764,To Do,In Progress,user0027,2026-09-20
2173,SEC-764,In Progress,Blocked,user0015,2026-09-22
2174,DATA-765,,To Do,user0049,2026-09-14
2175,DATA-765,To Do,In Progress,user0002,2026-09-18
2176,DATA-765,In Progress,Blocked,user0040,2026-09-24
2177,ERP-766,,To Do,user0019,2026-09-14
2178,ERP-766,To Do,In Progress,user0035,2026-09-19
2179,DATA-767,,To Do,user0015,2026-09-14
2180,DATA-767,To Do,In Progress,user0048,2026-09-19
2181,DATA-767,In Progress,Testing,user0033,2026-09-24
2182,DATA-767,Testing,Done,user0029,2026-10-05
2183,MOB-768,,To Do,user0028,2026-09-14
2184,MOB-768,To Do,In Progress,user0007,2026-09-19
2185,ERP-769,,To Do,user0011,2026-09-14
2186,ERP-769,To Do,In Progress,user0037,2026-09-19
2187,CLOUD-770,,To Do,user0022,2026-09-14
2188,CRM-771,,To Do,user0006,2026-09-14
2189,SEC-772,,To Do,user0002,2026-09-14
2190,CLOUD-773,,To Do,user0040,2026-09-14
2191,ERP-774,,To Do,user0020,2026-09-14
2192,ERP-774,To Do,In Progress,user0042,2026-09-19
2193,CLOUD-775,,To Do,user0034,2026-09-14
2194,CLOUD-775,To Do,In Progress,user0013,2026-09-21
2195,CLOUD-775,In Progress,Blocked,user0001,2026-09-20
2196,BI-776,,To Do,user0037,2026-09-14
2197,BI-776,To Do,In Progress,user0010,2026-09-16
2198,BI-776,In Progress,Testing,user0024,2026-09-22
2199,BI-776,Testing,Done,user0009,2026-09-20
2200,DATA-777,,To Do,user0047,2026-09-14
2201,DATA-777,To Do,In Progress,user0039,2026-09-18
2202,DATA-777,In Progress,Testing,user0033,2026-09-20
2203,DATA-777,Testing,Done,user0026,2026-10-02
2204,SEC-778,,To Do,user0044,2026-09-14
2205,SEC-778,To Do,In Progress,user0009,2026-09-20
2206,ERP-779,,To Do,user0045,2026-09-14
2207,ERP-779,To Do,In Progress,user0016,2026-09-15
2208,BI-780,,To Do,user0049,2026-09-14
2209,BANK-781,,To Do,user0026,2026-09-14
2210,BANK-781,To Do,In Progress,user0021,2026-09-21
2211,PORTAL-782,,To Do,user0013,2026-09-14
2212,SEC-783,,To Do,user0011,2026-09-14
2213,SEC-783,To Do,In Progress,user0039,2026-09-16
2214,MOB-784,,To Do,user0026,2026-09-14
2215,MOB-784,To Do,In Progress,user0039,2026-09-21
2216,MOB-785,,To Do,user0007,2026-09-14
2217,MOB-785,To Do,In Progress,user0036,2026-09-20
2218,MOB-785,In Progress,Testing,user0025,2026-09-22
2219,MOB-785,Testing,Done,user0044,2026-09-23
2220,CRM-786,,To Do,user0008,2026-09-14
2221,CRM-786,To Do,In Progress,user0022,2026-09-15
2222,CRM-786,In Progress,Testing,user0048,2026-09-16
2223,CRM-786,Testing,Done,user0019,2026-09-26
2224,ERP-787,,To Do,user0045,2026-09-14
2225,ERP-787,To Do,In Progress,user0043,2026-09-21
2226,DATA-788,,To Do,user0017,2026-09-14
2227,DATA-789,,To Do,user0022,2026-09-14
2228,PORTAL-790,,To Do,user0010,2026-09-14
2229,PORTAL-790,To Do,In Progress,user0040,2026-09-16
2230,PORTAL-790,In Progress,Blocked,user0050,2026-09-22
2231,ERP-791,,To Do,user0039,2026-09-14
2232,ERP-791,To Do,In Progress,user0036,2026-09-18
2233,ERP-791,In Progress,Testing,user0028,2026-09-18
2234,ERP-791,Testing,Done,user0002,2026-09-29
2235,ERP-791,Done,Reopened,user0034,2026-09-18
2236,DATA-792,,To Do,user0001,2026-09-14
2237,DATA-792,To Do,In Progress,user0030,2026-09-17
2238,DATA-792,In Progress,Testing,user0013,2026-09-16
2239,DATA-792,Testing,Done,user0011,2026-09-20
2240,ECOM-793,,To Do,user0003,2026-09-14
2241,ECOM-793,To Do,In Progress,user0001,2026-09-20
2242,MOB-794,,To Do,user0034,2026-09-14
2243,MOB-794,To Do,In Progress,user0050,2026-09-19
2244,MOB-794,In Progress,Testing,user0035,2026-09-28
2245,MOB-794,Testing,Done,user0043,2026-09-23
2246,MOB-795,,To Do,user0037,2026-09-14
2247,MOB-795,To Do,In Progress,user0013,2026-09-15
2248,MOB-795,In Progress,Testing,user0018,2026-09-26
2249,SEC-796,,To Do,user0030,2026-09-14
2250,SEC-796,To Do,In Progress,user0008,2026-09-16
2251,CRM-797,,To Do,user0002,2026-09-14
2252,CRM-798,,To Do,user0014,2026-09-14
2253,CRM-798,To Do,In Progress,user0034,2026-09-19
2254,CRM-798,In Progress,Testing,user0042,2026-09-24
2255,CLOUD-799,,To Do,user0039,2026-09-14
2256,CLOUD-799,To Do,In Progress,user0007,2026-09-16
2257,CLOUD-799,In Progress,Testing,user0011,2026-09-28
2258,CRM-800,,To Do,user0046,2026-09-14
2259,CRM-800,To Do,In Progress,user0020,2026-09-15
2260,SEC-801,,To Do,user0048,2026-09-14
2261,SEC-801,To Do,In Progress,user0011,2026-09-17
2262,SEC-801,In Progress,Blocked,user0010,2026-09-24
2263,BANK-802,,To Do,user0048,2026-09-14
2264,BANK-802,To Do,In Progress,user0008,2026-09-18
2265,BANK-802,In Progress,Testing,user0003,2026-09-22
2266,BANK-802,Testing,Done,user0006,2026-10-05
2267,PORTAL-803,,To Do,user0043,2026-09-14
2268,PORTAL-803,To Do,In Progress,user0032,2026-09-19
2269,PORTAL-803,In Progress,Blocked,user0048,2026-09-18
2270,CRM-804,,To Do,user0036,2026-09-14
2271,CRM-804,To Do,In Progress,user0041,2026-09-19
2272,DATA-805,,To Do,user0046,2026-09-14
2273,DATA-805,To Do,In Progress,user0011,2026-09-19
2274,DATA-805,In Progress,Testing,user0009,2026-09-16
2275,DATA-805,Testing,Done,user0048,2026-10-05
2276,MOB-806,,To Do,user0041,2026-09-14
2277,MOB-806,To Do,In Progress,user0003,2026-09-15
2278,MOB-806,In Progress,Testing,user0024,2026-09-16
2279,MOB-806,Testing,Done,user0007,2026-10-05
2280,PORTAL-807,,To Do,user0027,2026-09-14
2281,ECOM-808,,To Do,user0048,2026-09-14
2282,ECOM-808,To Do,In Progress,user0032,2026-09-19
2283,ECOM-808,In Progress,Testing,user0033,2026-09-28
2284,CRM-809,,To Do,user0037,2026-09-14
2285,CRM-809,To Do,In Progress,user0044,2026-09-18
2286,MOB-810,,To Do,user0019,2026-09-14
2287,MOB-810,To Do,In Progress,user0041,2026-09-20
2288,DATA-811,,To Do,user0045,2026-09-14
2289,DATA-811,To Do,In Progress,user0038,2026-09-15
2290,DATA-811,In Progress,Testing,user0044,2026-09-22
2291,DATA-811,Testing,Done,user0030,2026-10-05
2292,MOB-812,,To Do,user0044,2026-09-14
2293,MOB-812,To Do,In Progress,user0028,2026-09-18
2294,MOB-812,In Progress,Testing,user0016,2026-09-26
2295,MOB-812,Testing,Done,user0003,2026-09-17
2296,ERP-813,,To Do,user0039,2026-09-14
2297,ERP-813,To Do,In Progress,user0022,2026-09-17
2298,ERP-813,In Progress,Testing,user0005,2026-09-18
2299,ERP-813,Testing,Done,user0047,2026-09-29
2300,CRM-814,,To Do,user0046,2026-09-14
2301,CRM-814,To Do,In Progress,user0018,2026-09-20
2302,CRM-814,In Progress,Blocked,user0009,2026-09-18
2303,MOB-815,,To Do,user0025,2026-09-14
2304,MOB-815,To Do,In Progress,user0048,2026-09-17
2305,CRM-816,,To Do,user0016,2026-09-14
2306,CRM-816,To Do,In Progress,user0031,2026-09-16
2307,CLOUD-817,,To Do,user0017,2026-09-14
2308,CLOUD-817,To Do,In Progress,user0031,2026-09-21
2309,CLOUD-817,In Progress,Blocked,user0045,2026-09-28
2310,BANK-818,,To Do,user0042,2026-09-14
2311,BANK-818,To Do,In Progress,user0023,2026-09-20
2312,BANK-818,In Progress,Testing,user0031,2026-09-16
2313,BANK-818,Testing,Done,user0010,2026-09-26
2314,DATA-819,,To Do,user0015,2026-09-14
2315,ECOM-820,,To Do,user0009,2026-09-14
2316,MOB-821,,To Do,user0030,2026-09-14
2317,MOB-821,To Do,In Progress,user0003,2026-09-17
2318,ECOM-822,,To Do,user0043,2026-09-14
2319,BI-823,,To Do,user0020,2026-09-14
2320,BI-823,To Do,In Progress,user0017,2026-09-21
2321,BI-823,In Progress,Testing,user0015,2026-09-24
2322,BI-823,Testing,Done,user0032,2026-09-17
2323,CRM-824,,To Do,user0043,2026-09-14
2324,PORTAL-825,,To Do,user0048,2026-09-14
2325,PORTAL-825,To Do,In Progress,user0014,2026-09-19
2326,PORTAL-825,In Progress,Blocked,user0001,2026-09-22
2327,ECOM-826,,To Do,user0005,2026-09-14
2328,ECOM-826,To Do,In Progress,user0006,2026-09-18
2329,ECOM-826,In Progress,Testing,user0046,2026-09-22
2330,ECOM-827,,To Do,user0031,2026-09-14
2331,ECOM-827,To Do,In Progress,user0046,2026-09-20
2332,ECOM-827,In Progress,Testing,user0015,2026-09-22
2333,ECOM-827,Testing,Done,user0002,2026-10-02
2334,ECOM-827,Done,Reopened,user0013,2026-09-30
2335,ECOM-828,,To Do,user0011,2026-09-14
2336,ECOM-828,To Do,In Progress,user0043,2026-09-16
2337,ECOM-828,In Progress,Testing,user0031,2026-09-20
2338,ECOM-828,Testing,Done,user0035,2026-09-23
2339,ECOM-828,Done,Reopened,user0034,2026-09-26
2340,BANK-829,,To Do,user0026,2026-09-14
2341,CRM-830,,To Do,user0039,2026-09-14
2342,CRM-830,To Do,In Progress,user0029,2026-09-15
2343,CRM-830,In Progress,Blocked,user0003,2026-09-28
2344,BI-831,,To Do,user0014,2026-09-14
2345,BI-831,To Do,In Progress,user0033,2026-09-21
2346,BI-831,In Progress,Testing,user0036,2026-09-24
2347,DATA-832,,To Do,user0007,2026-09-14
2348,SEC-833,,To Do,user0010,2026-09-14
2349,SEC-833,To Do,In Progress,user0021,2026-09-19
2350,SEC-833,In Progress,Testing,user0029,2026-09-28
2351,SEC-833,Testing,Done,user0034,2026-09-29
2352,CLOUD-834,,To Do,user0012,2026-09-14
2353,MOB-835,,To Do,user0014,2026-09-14
2354,BANK-836,,To Do,user0044,2026-09-14
2355,BANK-836,To Do,In Progress,user0022,2026-09-21
2356,BANK-836,In Progress,Testing,user0028,2026-09-24
2357,CRM-837,,To Do,user0014,2026-09-14
2358,BI-838,,To Do,user0010,2026-09-14
2359,BI-838,To Do,In Progress,user0009,2026-09-20
2360,BI-838,In Progress,Testing,user0019,2026-09-18
2361,BI-838,Testing,Done,user0009,2026-10-05
2362,BANK-839,,To Do,user0027,2026-09-14
2363,BANK-839,To Do,In Progress,user0005,2026-09-17
2364,BANK-839,In Progress,Testing,user0008,2026-09-16
2365,BANK-839,Testing,Done,user0041,2026-09-23
2366,BANK-839,Done,Reopened,user0010,2026-09-26
2367,BI-840,,To Do,user0001,2026-09-14
2368,BI-840,To Do,In Progress,user0025,2026-09-17
2369,BI-840,In Progress,Testing,user0025,2026-09-28
2370,DATA-841,,To Do,user0022,2026-09-14
2371,DATA-841,To Do,In Progress,user0029,2026-09-21
2372,ERP-842,,To Do,user0027,2026-09-14
2373,ERP-842,To Do,In Progress,user0047,2026-09-15
2374,CRM-843,,To Do,user0026,2026-09-14
2375,CRM-843,To Do,In Progress,user0041,2026-09-15
2376,SEC-844,,To Do,user0010,2026-09-14
2377,ECOM-845,,To Do,user0008,2026-09-14
2378,ECOM-845,To Do,In Progress,user0017,2026-09-18
2379,ECOM-845,In Progress,Testing,user0020,2026-09-18
2380,ECOM-845,Testing,Done,user0008,2026-09-20
2381,CRM-846,,To Do,user0035,2026-09-14
2382,CRM-846,To Do,In Progress,user0016,2026-09-17
2383,CRM-846,In Progress,Testing,user0035,2026-09-24
2384,DATA-847,,To Do,user0033,2026-09-14
2385,DATA-847,To Do,In Progress,user0013,2026-09-19
2386,DATA-847,In Progress,Testing,user0037,2026-09-26
2387,DATA-847,Testing,Done,user0016,2026-09-17
2388,DATA-847,Done,Reopened,user0007,2026-10-08
2389,BI-848,,To Do,user0039,2026-09-14
2390,BI-848,To Do,In Progress,user0017,2026-09-18
2391,BI-848,In Progress,Testing,user0028,2026-09-22
2392,BI-848,Testing,Done,user0001,2026-09-29
2393,BI-849,,To Do,user0010,2026-09-14
2394,BI-849,To Do,In Progress,user0026,2026-09-21
2395,BI-849,In Progress,Testing,user0047,2026-09-26
2396,BI-849,Testing,Done,user0031,2026-09-29
2397,CLOUD-850,,To Do,user0048,2026-09-14
2398,CLOUD-850,To Do,In Progress,user0023,2026-09-19
2399,CLOUD-850,In Progress,Testing,user0041,2026-09-16
2400,CLOUD-850,Testing,Done,user0007,2026-10-02
2401,CLOUD-850,Done,Reopened,user0028,2026-09-30
2402,BI-851,,To Do,user0046,2026-09-14
2403,BI-851,To Do,In Progress,user0028,2026-09-20
2404,BI-851,In Progress,Testing,user0010,2026-09-16
2405,BI-851,Testing,Done,user0032,2026-09-23
2406,BI-852,,To Do,user0044,2026-09-14
2407,DATA-853,,To Do,user0042,2026-09-14
2408,SEC-854,,To Do,user0021,2026-09-14
2409,SEC-854,To Do,In Progress,user0045,2026-09-21
2410,SEC-854,In Progress,Blocked,user0030,2026-09-24
2411,PORTAL-855,,To Do,user0028,2026-09-14
2412,PORTAL-855,To Do,In Progress,user0028,2026-09-17
2413,SEC-856,,To Do,user0011,2026-09-14
2414,CLOUD-857,,To Do,user0024,2026-09-14
2415,CLOUD-857,To Do,In Progress,user0044,2026-09-19
2416,CLOUD-857,In Progress,Testing,user0003,2026-09-26
2417,CLOUD-857,Testing,Done,user0036,2026-09-20
2418,CLOUD-857,Done,Reopened,user0031,2026-09-22
2419,SEC-858,,To Do,user0030,2026-09-14
2420,SEC-858,To Do,In Progress,user0020,2026-09-20
2421,SEC-858,In Progress,Testing,user0040,2026-09-22
2422,SEC-858,Testing,Done,user0018,2026-10-05
2423,MOB-859,,To Do,user0035,2026-09-14
2424,MOB-859,To Do,In Progress,user0022,2026-09-16
2425,DATA-860,,To Do,user0019,2026-09-14
2426,DATA-860,To Do,In Progress,user0021,2026-09-21
2427,DATA-860,In Progress,Testing,user0025,2026-09-22
2428,DATA-860,Testing,Done,user0019,2026-09-20
2429,BI-861,,To Do,user0029,2026-09-14
2430,BI-861,To Do,In Progress,user0036,2026-09-20
2431,BI-861,In Progress,Testing,user0003,2026-09-18
2432,CRM-862,,To Do,user0007,2026-09-14
2433,BANK-863,,To Do,user0032,2026-09-14
2434,BANK-864,,To Do,user0025,2026-09-14
2435,BANK-864,To Do,In Progress,user0016,2026-09-19
2436,BANK-864,In Progress,Testing,user0011,2026-09-20
2437,PORTAL-865,,To Do,user0048,2026-09-14
2438,PORTAL-865,To Do,In Progress,user0034,2026-09-20
2439,PORTAL-865,In Progress,Testing,user0016,2026-09-16
2440,BANK-866,,To Do,user0009,2026-09-14
2441,BANK-866,To Do,In Progress,user0017,2026-09-20
2442,SEC-867,,To Do,user0049,2026-09-14
2443,SEC-867,To Do,In Progress,user0019,2026-09-15
2444,SEC-867,In Progress,Blocked,user0048,2026-09-22
2445,PORTAL-868,,To Do,user0015,2026-09-14
2446,BANK-869,,To Do,user0011,2026-09-14
2447,BANK-869,To Do,In Progress,user0042,2026-09-15
2448,BANK-869,In Progress,Testing,user0041,2026-09-22
2449,BANK-869,Testing,Done,user0022,2026-09-17
2450,SEC-870,,To Do,user0031,2026-09-14
2451,SEC-870,To Do,In Progress,user0025,2026-09-16
2452,SEC-870,In Progress,Testing,user0032,2026-09-28
2453,SEC-870,Testing,Done,user0037,2026-09-26
2454,BI-871,,To Do,user0013,2026-09-14
2455,BI-871,To Do,In Progress,user0004,2026-09-15
2456,BI-871,In Progress,Testing,user0047,2026-09-18
2457,BI-871,Testing,Done,user0004,2026-10-02
2458,ERP-872,,To Do,user0003,2026-09-14
2459,ERP-872,To Do,In Progress,user0013,2026-09-17
2460,ERP-872,In Progress,Testing,user0004,2026-09-18
2461,BANK-873,,To Do,user0032,2026-09-14
2462,BANK-873,To Do,In Progress,user0037,2026-09-18
2463,BANK-873,In Progress,Testing,user0002,2026-09-28
2464,SEC-874,,To Do,user0002,2026-09-14
2465,ECOM-875,,To Do,user0006,2026-09-14
2466,SEC-876,,To Do,user0006,2026-09-14
2467,SEC-876,To Do,In Progress,user0024,2026-09-21
2468,SEC-876,In Progress,Testing,user0012,2026-09-18
2469,SEC-876,Testing,Done,user0033,2026-09-20
2470,CLOUD-877,,To Do,user0020,2026-09-14
2471,CLOUD-877,To Do,In Progress,user0037,2026-09-15
2472,CLOUD-878,,To Do,user0022,2026-09-14
2473,CLOUD-878,To Do,In Progress,user0022,2026-09-17
2474,CLOUD-878,In Progress,Testing,user0028,2026-09-16
2475,CLOUD-878,Testing,Done,user0011,2026-10-05
2476,BANK-879,,To Do,user0008,2026-09-14
2477,BANK-879,To Do,In Progress,user0008,2026-09-19
2478,MOB-880,,To Do,user0025,2026-09-14
2479,DATA-881,,To Do,user0005,2026-09-14
2480,DATA-881,To Do,In Progress,user0035,2026-09-19
2481,DATA-881,In Progress,Testing,user0019,2026-09-20
2482,DATA-882,,To Do,user0048,2026-09-14
2483,DATA-882,To Do,In Progress,user0004,2026-09-19
2484,DATA-882,In Progress,Testing,user0025,2026-09-22
2485,DATA-882,Testing,Done,user0047,2026-09-26
2486,DATA-882,Done,Reopened,user0018,2026-09-30
2487,ERP-883,,To Do,user0028,2026-09-14
2488,BI-884,,To Do,user0041,2026-09-14
2489,BI-884,To Do,In Progress,user0044,2026-09-19
2490,BI-884,In Progress,Blocked,user0043,2026-09-16
2491,SEC-885,,To Do,user0050,2026-09-14
2492,SEC-885,To Do,In Progress,user0027,2026-09-20
2493,CLOUD-886,,To Do,user0005,2026-09-14
2494,CLOUD-886,To Do,In Progress,user0023,2026-09-18
2495,CLOUD-886,In Progress,Testing,user0009,2026-09-16
2496,CLOUD-887,,To Do,user0021,2026-09-14
2497,CLOUD-887,To Do,In Progress,user0017,2026-09-21
2498,CLOUD-887,In Progress,Testing,user0013,2026-09-22
2499,BI-888,,To Do,user0003,2026-09-14
2500,BI-888,To Do,In Progress,user0011,2026-09-17
2501,BI-888,In Progress,Testing,user0042,2026-09-28
2502,ERP-889,,To Do,user0020,2026-09-14
2503,PORTAL-890,,To Do,user0024,2026-09-14
2504,PORTAL-890,To Do,In Progress,user0016,2026-09-16
2505,BI-891,,To Do,user0029,2026-09-14
2506,BI-891,To Do,In Progress,user0049,2026-09-18
2507,BI-891,In Progress,Testing,user0032,2026-09-24
2508,BI-891,Testing,Done,user0004,2026-10-05
2509,ERP-892,,To Do,user0002,2026-09-14
2510,ERP-892,To Do,In Progress,user0037,2026-09-15
2511,ERP-893,,To Do,user0022,2026-09-14
2512,ERP-893,To Do,In Progress,user0023,2026-09-17
2513,ERP-893,In Progress,Testing,user0027,2026-09-16
2514,ERP-893,Testing,Done,user0039,2026-10-02
2515,BANK-894,,To Do,user0022,2026-09-14
2516,BANK-894,To Do,In Progress,user0031,2026-09-20
2517,BANK-894,In Progress,Blocked,user0016,2026-09-22
2518,SEC-895,,To Do,user0014,2026-09-14
2519,SEC-895,To Do,In Progress,user0042,2026-09-19
2520,SEC-895,In Progress,Testing,user0012,2026-09-16
2521,SEC-895,Testing,Done,user0021,2026-09-20
2522,SEC-895,Done,Reopened,user0020,2026-10-12
2523,ERP-896,,To Do,user0013,2026-09-14
2524,ERP-896,To Do,In Progress,user0014,2026-09-20
2525,ERP-896,In Progress,Testing,user0003,2026-09-22
2526,ERP-897,,To Do,user0010,2026-09-14
2527,ERP-897,To Do,In Progress,user0014,2026-09-15
2528,ERP-897,In Progress,Testing,user0027,2026-09-22
2529,ERP-897,Testing,Done,user0009,2026-09-17
2530,ERP-897,Done,Reopened,user0003,2026-10-08
2531,BI-898,,To Do,user0032,2026-09-14
2532,BANK-899,,To Do,user0029,2026-09-14
2533,PORTAL-900,,To Do,user0031,2026-09-14
2534,PORTAL-900,To Do,In Progress,user0026,2026-09-16
2535,ERP-901,,To Do,user0035,2026-09-14
2536,ERP-901,To Do,In Progress,user0016,2026-09-15
2537,PORTAL-902,,To Do,user0028,2026-09-14
2538,BANK-903,,To Do,user0039,2026-09-14
2539,BANK-903,To Do,In Progress,user0029,2026-09-20
2540,BANK-903,In Progress,Testing,user0002,2026-09-22
2541,MOB-904,,To Do,user0046,2026-09-14
2542,MOB-904,To Do,In Progress,user0001,2026-09-19
2543,MOB-904,In Progress,Testing,user0025,2026-09-20
2544,MOB-904,Testing,Done,user0028,2026-10-02
2545,ECOM-905,,To Do,user0003,2026-09-14
2546,BANK-906,,To Do,user0022,2026-09-14
2547,BANK-906,To Do,In Progress,user0049,2026-09-19
2548,BANK-906,In Progress,Blocked,user0048,2026-09-18
2549,DATA-907,,To Do,user0038,2026-09-14
2550,DATA-907,To Do,In Progress,user0018,2026-09-19
2551,DATA-907,In Progress,Testing,user0013,2026-09-24
2552,DATA-907,Testing,Done,user0018,2026-09-23
2553,BI-908,,To Do,user0046,2026-09-14
2554,BI-908,To Do,In Progress,user0005,2026-09-19
2555,BI-909,,To Do,user0042,2026-09-14
2556,BI-909,To Do,In Progress,user0006,2026-09-18
2557,BI-909,In Progress,Testing,user0040,2026-09-20
2558,BI-909,Testing,Done,user0012,2026-09-17
2559,CLOUD-910,,To Do,user0036,2026-09-14
2560,SEC-911,,To Do,user0040,2026-09-14
2561,SEC-911,To Do,In Progress,user0036,2026-09-20
2562,MOB-912,,To Do,user0027,2026-09-14
2563,MOB-912,To Do,In Progress,user0012,2026-09-20
2564,ECOM-913,,To Do,user0021,2026-09-14
2565,ECOM-913,To Do,In Progress,user0022,2026-09-17
2566,ECOM-913,In Progress,Testing,user0020,2026-09-22
2567,ECOM-913,Testing,Done,user0007,2026-10-05
2568,ECOM-913,Done,Reopened,user0017,2026-10-04
2569,BANK-914,,To Do,user0023,2026-09-14
2570,BANK-914,To Do,In Progress,user0003,2026-09-20
2571,CRM-915,,To Do,user0041,2026-09-14
2572,CRM-915,To Do,In Progress,user0003,2026-09-19
2573,CRM-916,,To Do,user0025,2026-09-14
2574,CRM-916,To Do,In Progress,user0015,2026-09-15
2575,CRM-916,In Progress,Testing,user0015,2026-09-22
2576,MOB-917,,To Do,user0001,2026-09-14
2577,MOB-917,To Do,In Progress,user0042,2026-09-19
2578,MOB-917,In Progress,Testing,user0046,2026-09-16
2579,MOB-917,Testing,Done,user0025,2026-10-05
2580,PORTAL-918,,To Do,user0027,2026-09-14
2581,PORTAL-918,To Do,In Progress,user0014,2026-09-19
2582,CRM-919,,To Do,user0016,2026-09-14
2583,CRM-919,To Do,In Progress,user0013,2026-09-21
2584,DATA-920,,To Do,user0025,2026-09-14
2585,DATA-920,To Do,In Progress,user0019,2026-09-16
2586,DATA-921,,To Do,user0012,2026-09-14
2587,DATA-921,To Do,In Progress,user0002,2026-09-19
2588,DATA-921,In Progress,Testing,user0043,2026-09-20
2589,DATA-921,Testing,Done,user0013,2026-09-20
2590,DATA-922,,To Do,user0048,2026-09-14
2591,DATA-922,To Do,In Progress,user0025,2026-09-21
2592,DATA-922,In Progress,Testing,user0018,2026-09-20
2593,DATA-922,Testing,Done,user0024,2026-09-23
2594,MOB-923,,To Do,user0033,2026-09-14
2595,MOB-923,To Do,In Progress,user0026,2026-09-15
2596,MOB-923,In Progress,Testing,user0038,2026-09-20
2597,MOB-923,Testing,Done,user0027,2026-09-23
2598,DATA-924,,To Do,user0022,2026-09-14
2599,DATA-924,To Do,In Progress,user0041,2026-09-16
2600,DATA-924,In Progress,Testing,user0027,2026-09-24
2601,DATA-924,Testing,Done,user0008,2026-09-29
2602,SEC-925,,To Do,user0040,2026-09-14
2603,SEC-925,To Do,In Progress,user0024,2026-09-15
2604,PORTAL-926,,To Do,user0030,2026-09-14
2605,PORTAL-926,To Do,In Progress,user0042,2026-09-17
2606,PORTAL-926,In Progress,Testing,user0002,2026-09-28
2607,PORTAL-926,Testing,Done,user0032,2026-10-02
2608,BANK-927,,To Do,user0038,2026-09-14
2609,BANK-927,To Do,In Progress,user0037,2026-09-17
2610,BANK-927,In Progress,Blocked,user0029,2026-09-16
2611,ECOM-928,,To Do,user0045,2026-09-14
2612,ECOM-928,To Do,In Progress,user0045,2026-09-19
2613,ECOM-928,In Progress,Testing,user0028,2026-09-16
2614,ECOM-928,Testing,Done,user0043,2026-09-17
2615,SEC-929,,To Do,user0035,2026-09-14
2616,SEC-929,To Do,In Progress,user0009,2026-09-15
2617,SEC-929,In Progress,Blocked,user0029,2026-09-20
2618,PORTAL-930,,To Do,user0004,2026-09-14
2619,DATA-931,,To Do,user0002,2026-09-14
2620,MOB-932,,To Do,user0045,2026-09-14
2621,MOB-932,To Do,In Progress,user0034,2026-09-19
2622,MOB-933,,To Do,user0011,2026-09-14
2623,MOB-933,To Do,In Progress,user0017,2026-09-16
2624,MOB-933,In Progress,Testing,user0038,2026-09-24
2625,SEC-934,,To Do,user0029,2026-09-14
2626,SEC-934,To Do,In Progress,user0020,2026-09-15
2627,SEC-934,In Progress,Testing,user0004,2026-09-22
2628,ERP-935,,To Do,user0032,2026-09-14
2629,ERP-935,To Do,In Progress,user0039,2026-09-17
2630,ERP-935,In Progress,Testing,user0022,2026-09-22
2631,ERP-935,Testing,Done,user0002,2026-09-17
2632,ECOM-936,,To Do,user0044,2026-09-14
2633,ECOM-936,To Do,In Progress,user0002,2026-09-20
2634,ECOM-936,In Progress,Testing,user0008,2026-09-18
2635,ECOM-936,Testing,Done,user0037,2026-10-02
2636,MOB-937,,To Do,user0029,2026-09-14
2637,MOB-937,To Do,In Progress,user0029,2026-09-19
2638,MOB-937,In Progress,Testing,user0049,2026-09-28
2639,MOB-937,Testing,Done,user0027,2026-10-02
2640,PORTAL-938,,To Do,user0042,2026-09-14
2641,BANK-939,,To Do,user0001,2026-09-14
2642,BANK-939,To Do,In Progress,user0020,2026-09-20
2643,SEC-940,,To Do,user0036,2026-09-14
2644,SEC-940,To Do,In Progress,user0043,2026-09-18
2645,SEC-940,In Progress,Testing,user0006,2026-09-16
2646,ERP-941,,To Do,user0022,2026-09-14
2647,BANK-942,,To Do,user0005,2026-09-14
2648,BANK-942,To Do,In Progress,user0020,2026-09-16
2649,BANK-942,In Progress,Testing,user0027,2026-09-22
2650,BANK-942,Testing,Done,user0022,2026-09-20
2651,BI-943,,To Do,user0038,2026-09-14
2652,BI-943,To Do,In Progress,user0005,2026-09-17
2653,BI-943,In Progress,Testing,user0024,2026-09-18
2654,BI-943,Testing,Done,user0028,2026-09-17
2655,BI-943,Done,Reopened,user0009,2026-10-12
2656,CLOUD-944,,To Do,user0047,2026-09-14
2657,CLOUD-944,To Do,In Progress,user0002,2026-09-20
2658,CRM-945,,To Do,user0025,2026-09-14
2659,CRM-945,To Do,In Progress,user0018,2026-09-15
2660,ECOM-946,,To Do,user0010,2026-09-14
2661,BANK-947,,To Do,user0034,2026-09-14
2662,BANK-947,To Do,In Progress,user0019,2026-09-20
2663,MOB-948,,To Do,user0019,2026-09-14
2664,MOB-948,To Do,In Progress,user0038,2026-09-18
2665,CLOUD-949,,To Do,user0034,2026-09-14
2666,DATA-950,,To Do,user0008,2026-09-14
2667,SEC-951,,To Do,user0028,2026-09-14
2668,SEC-951,To Do,In Progress,user0005,2026-09-19
2669,SEC-951,In Progress,Testing,user0018,2026-09-24
2670,DATA-952,,To Do,user0035,2026-09-14
2671,DATA-952,To Do,In Progress,user0042,2026-09-15
2672,BANK-953,,To Do,user0018,2026-09-14
2673,BANK-953,To Do,In Progress,user0025,2026-09-20
2674,BANK-953,In Progress,Testing,user0022,2026-09-18
2675,BANK-953,Testing,Done,user0036,2026-10-02
2676,SEC-954,,To Do,user0003,2026-09-14
2677,SEC-954,To Do,In Progress,user0041,2026-09-20
2678,SEC-954,In Progress,Blocked,user0009,2026-09-26
2679,PORTAL-955,,To Do,user0029,2026-09-14
2680,PORTAL-955,To Do,In Progress,user0009,2026-09-21
2681,MOB-956,,To Do,user0006,2026-09-14
2682,MOB-956,To Do,In Progress,user0007,2026-09-18
2683,MOB-956,In Progress,Testing,user0008,2026-09-20
2684,MOB-956,Testing,Done,user0009,2026-09-17
2685,BANK-957,,To Do,user0012,2026-09-14
2686,BANK-957,To Do,In Progress,user0003,2026-09-19
2687,MOB-958,,To Do,user0034,2026-09-14
2688,MOB-958,To Do,In Progress,user0047,2026-09-19
2689,MOB-958,In Progress,Testing,user0019,2026-09-24
2690,MOB-958,Testing,Done,user0038,2026-09-17
2691,CLOUD-959,,To Do,user0026,2026-09-14
2692,BI-960,,To Do,user0041,2026-09-14
2693,BI-960,To Do,In Progress,user0011,2026-09-20
2694,BI-960,In Progress,Testing,user0041,2026-09-22
2695,ERP-961,,To Do,user0050,2026-09-14
2696,MOB-962,,To Do,user0014,2026-09-14
2697,MOB-962,To Do,In Progress,user0050,2026-09-15
2698,DATA-963,,To Do,user0045,2026-09-14
2699,ECOM-964,,To Do,user0038,2026-09-14
2700,ECOM-964,To Do,In Progress,user0028,2026-09-17
2701,MOB-965,,To Do,user0030,2026-09-14
2702,MOB-965,To Do,In Progress,user0005,2026-09-19
2703,MOB-965,In Progress,Testing,user0033,2026-09-26
2704,MOB-965,Testing,Done,user0040,2026-09-20
2705,MOB-966,,To Do,user0009,2026-09-14
2706,MOB-966,To Do,In Progress,user0038,2026-09-15
2707,MOB-966,In Progress,Testing,user0016,2026-09-26
2708,PORTAL-967,,To Do,user0022,2026-09-14
2709,PORTAL-967,To Do,In Progress,user0009,2026-09-16
2710,PORTAL-967,In Progress,Testing,user0040,2026-09-18
2711,CLOUD-968,,To Do,user0008,2026-09-14
2712,CLOUD-968,To Do,In Progress,user0020,2026-09-15
2713,CLOUD-968,In Progress,Testing,user0015,2026-09-18
2714,CLOUD-968,Testing,Done,user0006,2026-09-17
2715,MOB-969,,To Do,user0020,2026-09-14
2716,CLOUD-970,,To Do,user0038,2026-09-14
2717,CLOUD-970,To Do,In Progress,user0029,2026-09-20
2718,BI-971,,To Do,user0047,2026-09-14
2719,BI-971,To Do,In Progress,user0001,2026-09-21
2720,BI-971,In Progress,Testing,user0040,2026-09-20
2721,BI-971,Testing,Done,user0041,2026-10-02
2722,BI-972,,To Do,user0037,2026-09-14
2723,BI-972,To Do,In Progress,user0035,2026-09-21
2724,BI-973,,To Do,user0033,2026-09-14
2725,BANK-974,,To Do,user0015,2026-09-14
2726,BANK-974,To Do,In Progress,user0046,2026-09-15
2727,ERP-975,,To Do,user0002,2026-09-14
2728,ERP-975,To Do,In Progress,user0043,2026-09-18
2729,ERP-975,In Progress,Testing,user0021,2026-09-16
2730,ERP-975,Testing,Done,user0015,2026-10-05
2731,PORTAL-976,,To Do,user0022,2026-09-14
2732,PORTAL-976,To Do,In Progress,user0020,2026-09-21
2733,PORTAL-976,In Progress,Testing,user0049,2026-09-18
2734,PORTAL-976,Testing,Done,user0011,2026-10-02
2735,PORTAL-976,Done,Reopened,user0018,2026-10-04
2736,DATA-977,,To Do,user0042,2026-09-14
2737,DATA-977,To Do,In Progress,user0009,2026-09-15
2738,DATA-977,In Progress,Testing,user0039,2026-09-28
2739,DATA-977,Testing,Done,user0049,2026-10-02
2740,SEC-978,,To Do,user0014,2026-09-14
2741,PORTAL-979,,To Do,user0030,2026-09-14
2742,PORTAL-979,To Do,In Progress,user0034,2026-09-20
2743,MOB-980,,To Do,user0018,2026-09-14
2744,MOB-980,To Do,In Progress,user0005,2026-09-16
2745,ERP-981,,To Do,user0029,2026-09-14
2746,ERP-981,To Do,In Progress,user0037,2026-09-17
2747,ERP-981,In Progress,Testing,user0017,2026-09-16
2748,ERP-981,Testing,Done,user0029,2026-09-29
2749,ERP-981,Done,Reopened,user0018,2026-09-30
2750,BI-982,,To Do,user0029,2026-09-14
2751,BI-982,To Do,In Progress,user0001,2026-09-16
2752,BI-982,In Progress,Testing,user0038,2026-09-16
2753,BI-982,Testing,Done,user0004,2026-09-20
2754,DATA-983,,To Do,user0049,2026-09-14
2755,DATA-983,To Do,In Progress,user0035,2026-09-15
2756,CRM-984,,To Do,user0032,2026-09-14
2757,SEC-985,,To Do,user0050,2026-09-14
2758,SEC-985,To Do,In Progress,user0041,2026-09-18
2759,CLOUD-986,,To Do,user0039,2026-09-14
2760,CLOUD-986,To Do,In Progress,user0041,2026-09-20
2761,BANK-987,,To Do,user0013,2026-09-14
2762,BANK-987,To Do,In Progress,user0049,2026-09-16
2763,BANK-987,In Progress,Testing,user0010,2026-09-24
2764,SEC-988,,To Do,user0018,2026-09-14
2765,SEC-988,To Do,In Progress,user0006,2026-09-15
2766,SEC-989,,To Do,user0025,2026-09-14
2767,CRM-990,,To Do,user0033,2026-09-14
2768,CRM-990,To Do,In Progress,user0006,2026-09-15
2769,CRM-990,In Progress,Testing,user0027,2026-09-28
2770,CRM-990,Testing,Done,user0003,2026-09-29
2771,CRM-991,,To Do,user0016,2026-09-14
2772,DATA-992,,To Do,user0034,2026-09-14
2773,DATA-992,To Do,In Progress,user0037,2026-09-15
2774,DATA-992,In Progress,Testing,user0024,2026-09-22
2775,BANK-993,,To Do,user0042,2026-09-14
2776,BANK-993,To Do,In Progress,user0047,2026-09-20
2777,SEC-994,,To Do,user0030,2026-09-14
2778,SEC-995,,To Do,user0010,2026-09-14
2779,SEC-995,To Do,In Progress,user0033,2026-09-15
2780,DATA-996,,To Do,user0036,2026-09-14
2781,PORTAL-997,,To Do,user0002,2026-09-14
2782,PORTAL-997,To Do,In Progress,user0027,2026-09-18
2783,PORTAL-997,In Progress,Testing,user0042,2026-09-20
2784,BANK-998,,To Do,user0043,2026-09-14
2785,BANK-998,To Do,In Progress,user0028,2026-09-17
2786,SEC-999,,To Do,user0024,2026-09-14
2787,SEC-999,To Do,In Progress,user0018,2026-09-16
2788,BANK-1000,,To Do,user0004,2026-09-14
2789,BANK-1000,To Do,In Progress,user0010,2026-09-21
2790,BANK-1000,In Progress,Testing,user0044,2026-09-22
2791,BANK-1000,Testing,Done,user0006,2026-09-26
2792,ECOM-1001,,To Do,user0005,2026-09-14
2793,BI-1002,,To Do,user0009,2026-09-14
2794,BI-1002,To Do,In Progress,user0030,2026-09-21
2795,BI-1002,In Progress,Testing,user0021,2026-09-22
2796,BI-1003,,To Do,user0044,2026-09-14
2797,BI-1003,To Do,In Progress,user0037,2026-09-19
2798,BI-1003,In Progress,Testing,user0017,2026-09-20
2799,BI-1003,Testing,Done,user0044,2026-09-20
2800,MOB-1004,,To Do,user0045,2026-09-14
2801,CLOUD-1005,,To Do,user0041,2026-09-14
2802,CLOUD-1005,To Do,In Progress,user0028,2026-09-20
2803,CLOUD-1005,In Progress,Testing,user0005,2026-09-16
2804,CLOUD-1005,Testing,Done,user0027,2026-09-29
2805,ECOM-1006,,To Do,user0034,2026-09-14
2806,CRM-1007,,To Do,user0018,2026-09-14
2807,CRM-1007,To Do,In Progress,user0046,2026-09-21
2808,CRM-1007,In Progress,Testing,user0042,2026-09-18
2809,CRM-1007,Testing,Done,user0008,2026-10-05
2810,CRM-1007,Done,Reopened,user0024,2026-10-04
2811,CLOUD-1008,,To Do,user0012,2026-09-14
2812,ECOM-1009,,To Do,user0016,2026-09-14
2813,ECOM-1009,To Do,In Progress,user0002,2026-09-15
2814,ECOM-1009,In Progress,Testing,user0044,2026-09-20
2815,CRM-1010,,To Do,user0039,2026-09-14
2816,CRM-1010,To Do,In Progress,user0011,2026-09-16
2817,MOB-1011,,To Do,user0018,2026-09-14
2818,MOB-1011,To Do,In Progress,user0036,2026-09-18
2819,MOB-1011,In Progress,Blocked,user0030,2026-09-24
2820,PORTAL-1012,,To Do,user0041,2026-09-14
2821,PORTAL-1012,To Do,In Progress,user0027,2026-09-15
2822,PORTAL-1012,In Progress,Testing,user0027,2026-09-28
2823,PORTAL-1012,Testing,Done,user0008,2026-10-05
2824,DATA-1013,,To Do,user0035,2026-09-14
2825,DATA-1013,To Do,In Progress,user0030,2026-09-17
2826,DATA-1013,In Progress,Testing,user0048,2026-09-16
2827,DATA-1013,Testing,Done,user0006,2026-09-17
2828,CLOUD-1014,,To Do,user0002,2026-09-14
2829,CLOUD-1014,To Do,In Progress,user0037,2026-09-21
2830,CLOUD-1014,In Progress,Testing,user0004,2026-09-18
2831,CLOUD-1014,Testing,Done,user0031,2026-10-05
2832,MOB-1015,,To Do,user0029,2026-09-14
2833,MOB-1015,To Do,In Progress,user0045,2026-09-19
2834,MOB-1015,In Progress,Testing,user0026,2026-09-22
2835,PORTAL-1016,,To Do,user0023,2026-09-14
2836,PORTAL-1016,To Do,In Progress,user0031,2026-09-20
2837,PORTAL-1016,In Progress,Blocked,user0039,2026-09-16
2838,PORTAL-1017,,To Do,user0022,2026-09-14
2839,PORTAL-1017,To Do,In Progress,user0011,2026-09-18
2840,PORTAL-1017,In Progress,Testing,user0003,2026-09-24
2841,CLOUD-1018,,To Do,user0017,2026-09-14
2842,CLOUD-1018,To Do,In Progress,user0042,2026-09-15
2843,CLOUD-1018,In Progress,Testing,user0035,2026-09-18
2844,CLOUD-1018,Testing,Done,user0021,2026-09-26
2845,CRM-1019,,To Do,user0030,2026-09-14
2846,CRM-1019,To Do,In Progress,user0032,2026-09-18
2847,ECOM-1020,,To Do,user0043,2026-09-14
2848,DATA-1021,,To Do,user0045,2026-09-14
2849,DATA-1021,To Do,In Progress,user0042,2026-09-20
2850,CLOUD-1022,,To Do,user0042,2026-09-14
2851,CLOUD-1022,To Do,In Progress,user0010,2026-09-18
2852,SEC-1023,,To Do,user0032,2026-09-14
2853,SEC-1023,To Do,In Progress,user0023,2026-09-16
2854,SEC-1023,In Progress,Testing,user0038,2026-09-28
2855,SEC-1023,Testing,Done,user0046,2026-10-05
2856,MOB-1024,,To Do,user0026,2026-09-14
2857,MOB-1024,To Do,In Progress,user0023,2026-09-16
2858,MOB-1024,In Progress,Testing,user0045,2026-09-24
2859,MOB-1024,Testing,Done,user0008,2026-09-20
2860,SEC-1025,,To Do,user0050,2026-09-14
2861,BI-1026,,To Do,user0045,2026-09-14
2862,BI-1026,To Do,In Progress,user0005,2026-09-17
2863,BI-1026,In Progress,Testing,user0003,2026-09-26
2864,BI-1026,Testing,Done,user0039,2026-09-17
2865,BANK-1027,,To Do,user0039,2026-09-14
2866,CLOUD-1028,,To Do,user0012,2026-09-14
2867,CLOUD-1028,To Do,In Progress,user0038,2026-09-19
2868,CLOUD-1028,In Progress,Testing,user0012,2026-09-24
2869,CLOUD-1028,Testing,Done,user0018,2026-10-02
2870,ECOM-1029,,To Do,user0028,2026-09-14
2871,ECOM-1029,To Do,In Progress,user0014,2026-09-15
2872,PORTAL-1030,,To Do,user0006,2026-09-14
2873,PORTAL-1030,To Do,In Progress,user0001,2026-09-15
2874,PORTAL-1030,In Progress,Blocked,user0021,2026-09-18
2875,MOB-1031,,To Do,user0002,2026-09-14
2876,MOB-1031,To Do,In Progress,user0030,2026-09-18
2877,MOB-1031,In Progress,Testing,user0045,2026-09-28
2878,MOB-1031,Testing,Done,user0004,2026-09-17
2879,ECOM-1032,,To Do,user0006,2026-09-14
2880,PORTAL-1033,,To Do,user0004,2026-09-14
2881,PORTAL-1033,To Do,In Progress,user0017,2026-09-20
2882,PORTAL-1033,In Progress,Blocked,user0022,2026-09-26
2883,CLOUD-1034,,To Do,user0044,2026-09-14
2884,CLOUD-1034,To Do,In Progress,user0015,2026-09-19
2885,CLOUD-1034,In Progress,Testing,user0031,2026-09-24
2886,CLOUD-1034,Testing,Done,user0024,2026-09-29
2887,ERP-1035,,To Do,user0025,2026-09-14
2888,ERP-1035,To Do,In Progress,user0034,2026-09-16
2889,CRM-1036,,To Do,user0020,2026-09-14
2890,CRM-1036,To Do,In Progress,user0016,2026-09-17
2891,CRM-1036,In Progress,Testing,user0047,2026-09-20
2892,CRM-1036,Testing,Done,user0026,2026-09-23
2893,CLOUD-1037,,To Do,user0008,2026-09-14
2894,CLOUD-1037,To Do,In Progress,user0027,2026-09-19
2895,CLOUD-1037,In Progress,Testing,user0012,2026-09-22
2896,CLOUD-1037,Testing,Done,user0013,2026-10-05
2897,BANK-1038,,To Do,user0047,2026-09-14
2898,BANK-1038,To Do,In Progress,user0004,2026-09-20
2899,BANK-1038,In Progress,Testing,user0013,2026-09-16
2900,BANK-1038,Testing,Done,user0029,2026-10-05
2901,ERP-1039,,To Do,user0026,2026-09-14
2902,ERP-1039,To Do,In Progress,user0030,2026-09-16
2903,ERP-1039,In Progress,Testing,user0044,2026-09-28
2904,ERP-1040,,To Do,user0023,2026-09-14
2905,ERP-1040,To Do,In Progress,user0049,2026-09-18
2906,ERP-1040,In Progress,Blocked,user0003,2026-09-28
2907,ECOM-1041,,To Do,user0005,2026-09-14
2908,ECOM-1041,To Do,In Progress,user0005,2026-09-17
2909,ECOM-1041,In Progress,Blocked,user0035,2026-09-26
2910,DATA-1042,,To Do,user0046,2026-09-14
2911,DATA-1042,To Do,In Progress,user0047,2026-09-15
2912,DATA-1042,In Progress,Blocked,user0030,2026-09-28
2913,PORTAL-1043,,To Do,user0035,2026-09-14
2914,PORTAL-1043,To Do,In Progress,user0014,2026-09-16
2915,PORTAL-1043,In Progress,Testing,user0028,2026-09-28
2916,PORTAL-1043,Testing,Done,user0012,2026-09-29
2917,ERP-1044,,To Do,user0005,2026-09-14
2918,ERP-1044,To Do,In Progress,user0045,2026-09-17
2919,ERP-1044,In Progress,Testing,user0046,2026-09-28
2920,ERP-1044,Testing,Done,user0026,2026-09-23
2921,ERP-1044,Done,Reopened,user0050,2026-09-26
2922,MOB-1045,,To Do,user0023,2026-09-14
2923,MOB-1045,To Do,In Progress,user0029,2026-09-17
2924,MOB-1045,In Progress,Testing,user0015,2026-09-20
2925,MOB-1045,Testing,Done,user0004,2026-09-17
2926,MOB-1045,Done,Reopened,user0009,2026-09-18
2927,CLOUD-1046,,To Do,user0028,2026-09-14
2928,CLOUD-1046,To Do,In Progress,user0039,2026-09-19
2929,CLOUD-1046,In Progress,Testing,user0029,2026-09-26
2930,CLOUD-1046,Testing,Done,user0012,2026-09-23
2931,SEC-1047,,To Do,user0021,2026-09-14
2932,SEC-1047,To Do,In Progress,user0005,2026-09-18
2933,SEC-1047,In Progress,Testing,user0034,2026-09-20
2934,SEC-1047,Testing,Done,user0005,2026-09-29
2935,SEC-1047,Done,Reopened,user0024,2026-09-22
2936,ERP-1048,,To Do,user0009,2026-09-14
2937,ERP-1048,To Do,In Progress,user0007,2026-09-19
2938,ERP-1048,In Progress,Testing,user0026,2026-09-26
2939,CLOUD-1049,,To Do,user0013,2026-09-14
2940,CLOUD-1049,To Do,In Progress,user0039,2026-09-21
2941,ERP-1050,,To Do,user0032,2026-09-14
2942,ERP-1050,To Do,In Progress,user0017,2026-09-19
2943,ERP-1050,In Progress,Blocked,user0029,2026-09-20
2944,PORTAL-1051,,To Do,user0001,2026-09-14
2945,CLOUD-1052,,To Do,user0043,2026-09-14
2946,CLOUD-1052,To Do,In Progress,user0022,2026-09-20
2947,CLOUD-1052,In Progress,Testing,user0042,2026-09-24
2948,CLOUD-1052,Testing,Done,user0027,2026-09-26
2949,BANK-1053,,To Do,user0019,2026-09-14
2950,BANK-1053,To Do,In Progress,user0011,2026-09-19
2951,BANK-1053,In Progress,Testing,user0011,2026-09-22
2952,BI-1054,,To Do,user0017,2026-09-14
2953,BI-1054,To Do,In Progress,user0050,2026-09-17
2954,BI-1054,In Progress,Testing,user0034,2026-09-18
2955,CLOUD-1055,,To Do,user0047,2026-09-14
2956,CLOUD-1055,To Do,In Progress,user0010,2026-09-21
2957,CRM-1056,,To Do,user0002,2026-09-14
2958,CRM-1056,To Do,In Progress,user0009,2026-09-21
2959,ERP-1057,,To Do,user0003,2026-09-14
2960,ERP-1057,To Do,In Progress,user0048,2026-09-19
2961,ERP-1057,In Progress,Testing,user0047,2026-09-24
2962,ERP-1057,Testing,Done,user0009,2026-09-17
2963,SEC-1058,,To Do,user0048,2026-09-14
2964,SEC-1058,To Do,In Progress,user0019,2026-09-19
2965,BANK-1059,,To Do,user0040,2026-09-14
2966,BANK-1059,To Do,In Progress,user0007,2026-09-18
2967,SEC-1060,,To Do,user0021,2026-09-14
2968,SEC-1060,To Do,In Progress,user0007,2026-09-15
2969,ECOM-1061,,To Do,user0010,2026-09-14
2970,ECOM-1061,To Do,In Progress,user0043,2026-09-21
2971,ECOM-1062,,To Do,user0037,2026-09-14
2972,ECOM-1062,To Do,In Progress,user0008,2026-09-17
2973,ECOM-1062,In Progress,Blocked,user0043,2026-09-20
2974,DATA-1063,,To Do,user0044,2026-09-14
2975,DATA-1063,To Do,In Progress,user0038,2026-09-20
2976,DATA-1063,In Progress,Testing,user0004,2026-09-16
2977,BI-1064,,To Do,user0020,2026-09-14
2978,MOB-1065,,To Do,user0008,2026-09-14
2979,MOB-1065,To Do,In Progress,user0031,2026-09-18
2980,MOB-1065,In Progress,Testing,user0047,2026-09-28
2981,MOB-1065,Testing,Done,user0040,2026-09-23
2982,BI-1066,,To Do,user0007,2026-09-14
2983,BI-1066,To Do,In Progress,user0012,2026-09-19
2984,BI-1066,In Progress,Testing,user0013,2026-09-24
2985,BI-1066,Testing,Done,user0019,2026-09-20
2986,BI-1067,,To Do,user0024,2026-09-14
2987,BI-1067,To Do,In Progress,user0007,2026-09-21
2988,BI-1067,In Progress,Testing,user0001,2026-09-16
2989,BI-1067,Testing,Done,user0046,2026-09-29
2990,ERP-1068,,To Do,user0045,2026-09-14
2991,ERP-1068,To Do,In Progress,user0046,2026-09-21
2992,ERP-1069,,To Do,user0002,2026-09-14
2993,ERP-1069,To Do,In Progress,user0012,2026-09-20
2994,ERP-1069,In Progress,Testing,user0040,2026-09-20
2995,DATA-1070,,To Do,user0005,2026-09-14
2996,DATA-1070,To Do,In Progress,user0027,2026-09-21
2997,DATA-1070,In Progress,Testing,user0039,2026-09-24
2998,DATA-1070,Testing,Done,user0020,2026-09-20
2999,DATA-1071,,To Do,user0030,2026-09-14
3000,DATA-1071,To Do,In Progress,user0036,2026-09-20
3001,DATA-1071,In Progress,Testing,user0029,2026-09-28
3002,DATA-1071,Testing,Done,user0027,2026-09-26
3003,ERP-1072,,To Do,user0039,2026-09-14
3004,ERP-1072,To Do,In Progress,user0018,2026-09-18
3005,ECOM-1073,,To Do,user0025,2026-09-14
3006,ECOM-1073,To Do,In Progress,user0039,2026-09-18
3007,DATA-1074,,To Do,user0001,2026-09-14
3008,DATA-1074,To Do,In Progress,user0030,2026-09-20
3009,DATA-1074,In Progress,Testing,user0008,2026-09-18
3010,DATA-1074,Testing,Done,user0048,2026-10-05
3011,ECOM-1075,,To Do,user0036,2026-09-14
3012,ECOM-1075,To Do,In Progress,user0005,2026-09-16
3013,ECOM-1075,In Progress,Testing,user0038,2026-09-26
3014,ECOM-1075,Testing,Done,user0044,2026-10-02
3015,ERP-1076,,To Do,user0031,2026-09-14
3016,ERP-1076,To Do,In Progress,user0002,2026-09-19
3017,CRM-1077,,To Do,user0004,2026-09-14
3018,CRM-1077,To Do,In Progress,user0048,2026-09-18
3019,CRM-1077,In Progress,Testing,user0042,2026-09-24
3020,CRM-1078,,To Do,user0026,2026-09-14
3021,CRM-1078,To Do,In Progress,user0012,2026-09-17
3022,CRM-1078,In Progress,Testing,user0032,2026-09-24
3023,CRM-1078,Testing,Done,user0020,2026-09-20
3024,BANK-1079,,To Do,user0043,2026-09-14
3025,BANK-1079,To Do,In Progress,user0025,2026-09-18
3026,SEC-1080,,To Do,user0044,2026-09-14
3027,SEC-1080,To Do,In Progress,user0033,2026-09-17
3028,MOB-1081,,To Do,user0047,2026-09-14
3029,CLOUD-1082,,To Do,user0013,2026-09-14
3030,CLOUD-1082,To Do,In Progress,user0006,2026-09-15
3031,CLOUD-1082,In Progress,Testing,user0014,2026-09-16
3032,CLOUD-1082,Testing,Done,user0019,2026-09-23
3033,CRM-1083,,To Do,user0040,2026-09-14
3034,CRM-1083,To Do,In Progress,user0021,2026-09-16
3035,CRM-1083,In Progress,Testing,user0025,2026-09-24
3036,DATA-1084,,To Do,user0018,2026-09-14
3037,DATA-1084,To Do,In Progress,user0027,2026-09-17
3038,CLOUD-1085,,To Do,user0019,2026-09-14
3039,CLOUD-1085,To Do,In Progress,user0015,2026-09-17
3040,BANK-1086,,To Do,user0014,2026-09-14
3041,BANK-1086,To Do,In Progress,user0035,2026-09-16
3042,BANK-1086,In Progress,Testing,user0048,2026-09-16
3043,BANK-1086,Testing,Done,user0025,2026-09-23
3044,ECOM-1087,,To Do,user0013,2026-09-14
3045,DATA-1088,,To Do,user0033,2026-09-14
3046,DATA-1088,To Do,In Progress,user0015,2026-09-16
3047,DATA-1088,In Progress,Blocked,user0043,2026-09-18
3048,CLOUD-1089,,To Do,user0010,2026-09-14
3049,CLOUD-1089,To Do,In Progress,user0046,2026-09-19
3050,ECOM-1090,,To Do,user0046,2026-09-14
3051,ECOM-1090,To Do,In Progress,user0028,2026-09-17
3052,MOB-1091,,To Do,user0034,2026-09-14
3053,MOB-1091,To Do,In Progress,user0025,2026-09-17
3054,MOB-1091,In Progress,Testing,user0043,2026-09-26
3055,MOB-1091,Testing,Done,user0020,2026-09-26
3056,CRM-1092,,To Do,user0031,2026-09-14
3057,CRM-1092,To Do,In Progress,user0019,2026-09-16
3058,CRM-1093,,To Do,user0050,2026-09-14
3059,CRM-1093,To Do,In Progress,user0003,2026-09-19
3060,CRM-1093,In Progress,Testing,user0046,2026-09-28
3061,ERP-1094,,To Do,user0033,2026-09-14
3062,ERP-1094,To Do,In Progress,user0040,2026-09-18
3063,ERP-1094,In Progress,Testing,user0039,2026-09-24
3064,ERP-1094,Testing,Done,user0007,2026-09-26
3065,PORTAL-1095,,To Do,user0032,2026-09-14
3066,PORTAL-1095,To Do,In Progress,user0002,2026-09-19
3067,PORTAL-1095,In Progress,Testing,user0017,2026-09-24
3068,MOB-1096,,To Do,user0006,2026-09-14
3069,MOB-1096,To Do,In Progress,user0045,2026-09-17
3070,MOB-1096,In Progress,Testing,user0032,2026-09-18
3071,MOB-1096,Testing,Done,user0045,2026-09-26
3072,BI-1097,,To Do,user0005,2026-09-14
3073,BI-1097,To Do,In Progress,user0048,2026-09-17
3074,CRM-1098,,To Do,user0032,2026-09-14
3075,CRM-1098,To Do,In Progress,user0045,2026-09-17
3076,CRM-1098,In Progress,Testing,user0030,2026-09-16
3077,CRM-1098,Testing,Done,user0047,2026-10-02
3078,CRM-1098,Done,Reopened,user0049,2026-09-22
3079,DATA-1099,,To Do,user0006,2026-09-14
3080,DATA-1099,To Do,In Progress,user0016,2026-09-21
3081,DATA-1099,In Progress,Testing,user0003,2026-09-18
3082,DATA-1099,Testing,Done,user0004,2026-09-23
3083,CRM-1100,,To Do,user0026,2026-09-14
3084,DATA-1101,,To Do,user0016,2026-09-14
3085,BI-1102,,To Do,user0011,2026-09-14
3086,BI-1102,To Do,In Progress,user0011,2026-09-21
3087,BI-1102,In Progress,Testing,user0025,2026-09-18
3088,BI-1102,Testing,Done,user0042,2026-09-20
3089,SEC-1103,,To Do,user0007,2026-09-14
3090,SEC-1103,To Do,In Progress,user0046,2026-09-20
3091,SEC-1103,In Progress,Testing,user0038,2026-09-26
3092,SEC-1103,Testing,Done,user0030,2026-10-05
3093,DATA-1104,,To Do,user0040,2026-09-14
3094,PORTAL-1105,,To Do,user0006,2026-09-14
3095,PORTAL-1105,To Do,In Progress,user0007,2026-09-21
3096,PORTAL-1105,In Progress,Testing,user0006,2026-09-28
3097,CLOUD-1106,,To Do,user0002,2026-09-14
3098,MOB-1107,,To Do,user0015,2026-09-14
3099,MOB-1107,To Do,In Progress,user0025,2026-09-18
3100,PORTAL-1108,,To Do,user0049,2026-09-14
3101,PORTAL-1108,To Do,In Progress,user0039,2026-09-21
3102,PORTAL-1108,In Progress,Testing,user0026,2026-09-26
3103,PORTAL-1108,Testing,Done,user0008,2026-09-26
3104,DATA-1109,,To Do,user0029,2026-09-14
3105,DATA-1109,To Do,In Progress,user0028,2026-09-19
3106,DATA-1109,In Progress,Blocked,user0039,2026-09-28
3107,PORTAL-1110,,To Do,user0034,2026-09-14
3108,PORTAL-1110,To Do,In Progress,user0025,2026-09-15
3109,MOB-1111,,To Do,user0026,2026-09-14
3110,MOB-1111,To Do,In Progress,user0032,2026-09-18
3111,MOB-1111,In Progress,Testing,user0049,2026-09-16
3112,MOB-1111,Testing,Done,user0005,2026-09-23
3113,SEC-1112,,To Do,user0035,2026-09-14
3114,SEC-1112,To Do,In Progress,user0027,2026-09-16
3115,SEC-1112,In Progress,Blocked,user0045,2026-09-26
3116,CRM-1113,,To Do,user0038,2026-09-14
3117,CRM-1113,To Do,In Progress,user0003,2026-09-18
3118,CRM-1113,In Progress,Testing,user0029,2026-09-16
3119,CRM-1113,Testing,Done,user0011,2026-09-20
3120,CRM-1113,Done,Reopened,user0009,2026-09-18
3121,CLOUD-1114,,To Do,user0005,2026-09-14
3122,CLOUD-1114,To Do,In Progress,user0047,2026-09-20
3123,CLOUD-1114,In Progress,Testing,user0006,2026-09-18
3124,CLOUD-1114,Testing,Done,user0023,2026-10-05
3125,PORTAL-1115,,To Do,user0050,2026-09-14
3126,PORTAL-1115,To Do,In Progress,user0029,2026-09-19
3127,PORTAL-1115,In Progress,Testing,user0002,2026-09-26
3128,PORTAL-1115,Testing,Done,user0026,2026-09-29
3129,ECOM-1116,,To Do,user0010,2026-09-14
3130,ECOM-1116,To Do,In Progress,user0015,2026-09-18
3131,SEC-1117,,To Do,user0028,2026-09-14
3132,SEC-1117,To Do,In Progress,user0014,2026-09-18
3133,SEC-1117,In Progress,Blocked,user0017,2026-09-28
3134,MOB-1118,,To Do,user0040,2026-09-14
3135,MOB-1118,To Do,In Progress,user0036,2026-09-16
3136,MOB-1118,In Progress,Blocked,user0017,2026-09-28
3137,CLOUD-1119,,To Do,user0028,2026-09-14
3138,CLOUD-1119,To Do,In Progress,user0034,2026-09-18
3139,CLOUD-1119,In Progress,Testing,user0048,2026-09-22
3140,CLOUD-1119,Testing,Done,user0029,2026-09-17
3141,MOB-1120,,To Do,user0018,2026-09-14
3142,MOB-1120,To Do,In Progress,user0021,2026-09-15
3143,MOB-1120,In Progress,Testing,user0035,2026-09-20
3144,MOB-1120,Testing,Done,user0042,2026-09-23
3145,BANK-1121,,To Do,user0009,2026-09-14
3146,BANK-1121,To Do,In Progress,user0027,2026-09-15
3147,BANK-1121,In Progress,Testing,user0009,2026-09-16
3148,BANK-1121,Testing,Done,user0025,2026-10-02
3149,BI-1122,,To Do,user0031,2026-09-14
3150,BI-1122,To Do,In Progress,user0031,2026-09-16
3151,BI-1122,In Progress,Blocked,user0007,2026-09-16
3152,BANK-1123,,To Do,user0018,2026-09-14
3153,BANK-1123,To Do,In Progress,user0044,2026-09-19
3154,BANK-1123,In Progress,Testing,user0033,2026-09-28
3155,BANK-1123,Testing,Done,user0031,2026-09-26
3156,CRM-1124,,To Do,user0045,2026-09-14
3157,CRM-1124,To Do,In Progress,user0024,2026-09-20
3158,CRM-1124,In Progress,Testing,user0042,2026-09-24
3159,CLOUD-1125,,To Do,user0039,2026-09-14
3160,PORTAL-1126,,To Do,user0009,2026-09-14
3161,PORTAL-1126,To Do,In Progress,user0032,2026-09-21
3162,PORTAL-1126,In Progress,Testing,user0007,2026-09-24
3163,PORTAL-1126,Testing,Done,user0010,2026-10-02
3164,ERP-1127,,To Do,user0023,2026-09-14
3165,ERP-1127,To Do,In Progress,user0033,2026-09-19
3166,ERP-1127,In Progress,Blocked,user0014,2026-09-18
3167,DATA-1128,,To Do,user0037,2026-09-14
3168,DATA-1128,To Do,In Progress,user0037,2026-09-20
3169,DATA-1128,In Progress,Testing,user0038,2026-09-16
3170,CLOUD-1129,,To Do,user0047,2026-09-14
3171,CLOUD-1129,To Do,In Progress,user0038,2026-09-20
3172,CLOUD-1129,In Progress,Testing,user0027,2026-09-18
3173,CLOUD-1129,Testing,Done,user0027,2026-09-29
3174,MOB-1130,,To Do,user0018,2026-09-14
3175,MOB-1130,To Do,In Progress,user0008,2026-09-16
3176,MOB-1130,In Progress,Testing,user0005,2026-09-20
3177,MOB-1131,,To Do,user0047,2026-09-14
3178,MOB-1131,To Do,In Progress,user0046,2026-09-16
3179,BI-1132,,To Do,user0026,2026-09-14
3180,BI-1132,To Do,In Progress,user0001,2026-09-15
3181,BI-1132,In Progress,Testing,user0047,2026-09-24
3182,BI-1132,Testing,Done,user0047,2026-09-17
3183,BI-1133,,To Do,user0034,2026-09-14
3184,PORTAL-1134,,To Do,user0010,2026-09-14
3185,PORTAL-1134,To Do,In Progress,user0032,2026-09-18
3186,PORTAL-1134,In Progress,Testing,user0025,2026-09-20
3187,PORTAL-1134,Testing,Done,user0023,2026-10-02
3188,PORTAL-1134,Done,Reopened,user0039,2026-09-22
3189,DATA-1135,,To Do,user0036,2026-09-14
3190,DATA-1135,To Do,In Progress,user0014,2026-09-20
3191,DATA-1135,In Progress,Testing,user0028,2026-09-22
3192,DATA-1135,Testing,Done,user0041,2026-10-02
3193,CLOUD-1136,,To Do,user0030,2026-09-14
3194,CLOUD-1136,To Do,In Progress,user0011,2026-09-16
3195,CLOUD-1136,In Progress,Testing,user0049,2026-09-22
3196,CLOUD-1136,Testing,Done,user0020,2026-10-05
3197,CRM-1137,,To Do,user0028,2026-09-14
3198,CRM-1137,To Do,In Progress,user0027,2026-09-20
3199,CRM-1137,In Progress,Blocked,user0029,2026-09-28
3200,PORTAL-1138,,To Do,user0014,2026-09-14
3201,PORTAL-1138,To Do,In Progress,user0006,2026-09-15
3202,CRM-1139,,To Do,user0009,2026-09-14
3203,CRM-1139,To Do,In Progress,user0013,2026-09-21
3204,ECOM-1140,,To Do,user0043,2026-09-14
3205,ECOM-1140,To Do,In Progress,user0032,2026-09-16
3206,ECOM-1140,In Progress,Testing,user0040,2026-09-26
3207,ECOM-1140,Testing,Done,user0018,2026-10-02
3208,ECOM-1140,Done,Reopened,user0019,2026-09-22
3209,BANK-1141,,To Do,user0030,2026-09-14
3210,BANK-1141,To Do,In Progress,user0045,2026-09-15
3211,BANK-1141,In Progress,Testing,user0048,2026-09-26
3212,BANK-1141,Testing,Done,user0010,2026-09-26
3213,SEC-1142,,To Do,user0047,2026-09-14
3214,SEC-1142,To Do,In Progress,user0026,2026-09-18
3215,SEC-1142,In Progress,Testing,user0017,2026-09-22
3216,SEC-1142,Testing,Done,user0034,2026-09-26
3217,BI-1143,,To Do,user0045,2026-09-14
3218,BI-1143,To Do,In Progress,user0034,2026-09-17
3219,BI-1143,In Progress,Testing,user0002,2026-09-22
3220,BI-1143,Testing,Done,user0021,2026-10-02
3221,MOB-1144,,To Do,user0017,2026-09-14
3222,MOB-1144,To Do,In Progress,user0015,2026-09-15
3223,BANK-1145,,To Do,user0046,2026-09-14
3224,BANK-1145,To Do,In Progress,user0026,2026-09-15
3225,SEC-1146,,To Do,user0026,2026-09-14
3226,SEC-1146,To Do,In Progress,user0003,2026-09-21
3227,SEC-1146,In Progress,Testing,user0010,2026-09-26
3228,SEC-1146,Testing,Done,user0045,2026-09-29
3229,SEC-1146,Done,Reopened,user0032,2026-10-12
3230,BANK-1147,,To Do,user0040,2026-09-14
3231,BANK-1147,To Do,In Progress,user0022,2026-09-17
3232,MOB-1148,,To Do,user0013,2026-09-14
3233,MOB-1148,To Do,In Progress,user0023,2026-09-20
3234,MOB-1148,In Progress,Testing,user0027,2026-09-28
3235,MOB-1148,Testing,Done,user0039,2026-09-17
3236,CLOUD-1149,,To Do,user0004,2026-09-14
3237,CLOUD-1149,To Do,In Progress,user0043,2026-09-15
3238,CLOUD-1149,In Progress,Testing,user0034,2026-09-20
3239,SEC-1150,,To Do,user0026,2026-09-14
3240,SEC-1150,To Do,In Progress,user0005,2026-09-19
3241,SEC-1150,In Progress,Testing,user0028,2026-09-16
3242,SEC-1150,Testing,Done,user0022,2026-10-02
3243,MOB-1151,,To Do,user0038,2026-09-14
3244,MOB-1151,To Do,In Progress,user0048,2026-09-21
3245,MOB-1151,In Progress,Testing,user0044,2026-09-20
3246,MOB-1151,Testing,Done,user0014,2026-09-17
3247,ECOM-1152,,To Do,user0026,2026-09-14
3248,ECOM-1152,To Do,In Progress,user0014,2026-09-21
3249,ECOM-1152,In Progress,Testing,user0010,2026-09-26
3250,ECOM-1152,Testing,Done,user0011,2026-09-26
3251,BANK-1153,,To Do,user0031,2026-09-14
3252,DATA-1154,,To Do,user0002,2026-09-14
3253,DATA-1154,To Do,In Progress,user0048,2026-09-17
3254,CLOUD-1155,,To Do,user0041,2026-09-14
3255,MOB-1156,,To Do,user0014,2026-09-14
3256,MOB-1156,To Do,In Progress,user0012,2026-09-16
3257,MOB-1157,,To Do,user0027,2026-09-14
3258,MOB-1157,To Do,In Progress,user0011,2026-09-15
3259,MOB-1157,In Progress,Testing,user0036,2026-09-22
3260,MOB-1157,Testing,Done,user0025,2026-09-23
3261,MOB-1158,,To Do,user0012,2026-09-14
3262,MOB-1158,To Do,In Progress,user0004,2026-09-17
3263,MOB-1158,In Progress,Testing,user0045,2026-09-22
3264,MOB-1158,Testing,Done,user0014,2026-09-29
3265,BI-1159,,To Do,user0022,2026-09-14
3266,BI-1159,To Do,In Progress,user0048,2026-09-19
3267,BI-1159,In Progress,Testing,user0046,2026-09-20
3268,BI-1159,Testing,Done,user0034,2026-09-23
3269,ERP-1160,,To Do,user0045,2026-09-14
3270,ERP-1160,To Do,In Progress,user0010,2026-09-15
3271,CRM-1161,,To Do,user0049,2026-09-14
3272,CRM-1161,To Do,In Progress,user0031,2026-09-15
3273,CRM-1161,In Progress,Blocked,user0005,2026-09-26
3274,CRM-1162,,To Do,user0048,2026-09-14
3275,BANK-1163,,To Do,user0025,2026-09-14
3276,BANK-1163,To Do,In Progress,user0003,2026-09-17
3277,BANK-1163,In Progress,Testing,user0002,2026-09-26
3278,BANK-1163,Testing,Done,user0029,2026-09-26
3279,ECOM-1164,,To Do,user0007,2026-09-14
3280,BI-1165,,To Do,user0034,2026-09-14
3281,BI-1165,To Do,In Progress,user0032,2026-09-18
3282,BI-1165,In Progress,Testing,user0021,2026-09-24
3283,BI-1165,Testing,Done,user0009,2026-10-02
3284,BI-1165,Done,Reopened,user0047,2026-09-26
3285,ERP-1166,,To Do,user0041,2026-09-14
3286,ERP-1166,To Do,In Progress,user0032,2026-09-19
3287,ERP-1166,In Progress,Testing,user0018,2026-09-26
3288,ERP-1166,Testing,Done,user0007,2026-10-05
3289,ERP-1166,Done,Reopened,user0049,2026-09-26
3290,PORTAL-1167,,To Do,user0042,2026-09-14
3291,PORTAL-1167,To Do,In Progress,user0042,2026-09-21
3292,BI-1168,,To Do,user0002,2026-09-14
3293,BI-1168,To Do,In Progress,user0022,2026-09-18
3294,BI-1168,In Progress,Blocked,user0027,2026-09-22
3295,DATA-1169,,To Do,user0020,2026-09-14
3296,DATA-1169,To Do,In Progress,user0025,2026-09-19
3297,BI-1170,,To Do,user0016,2026-09-14
3298,BI-1170,To Do,In Progress,user0050,2026-09-21
3299,BI-1170,In Progress,Testing,user0012,2026-09-24
3300,PORTAL-1171,,To Do,user0020,2026-09-14
3301,PORTAL-1171,To Do,In Progress,user0008,2026-09-19
3302,PORTAL-1171,In Progress,Testing,user0026,2026-09-24
3303,PORTAL-1171,Testing,Done,user0011,2026-09-23
3304,PORTAL-1171,Done,Reopened,user0018,2026-10-12
3305,PORTAL-1172,,To Do,user0004,2026-09-14
3306,MOB-1173,,To Do,user0019,2026-09-14
3307,ERP-1174,,To Do,user0013,2026-09-14
3308,ERP-1174,To Do,In Progress,user0024,2026-09-18
3309,ERP-1174,In Progress,Testing,user0048,2026-09-20
3310,ERP-1174,Testing,Done,user0006,2026-09-23
3311,ERP-1174,Done,Reopened,user0005,2026-10-04
3312,MOB-1175,,To Do,user0028,2026-09-14
3313,MOB-1175,To Do,In Progress,user0004,2026-09-15
3314,MOB-1175,In Progress,Testing,user0012,2026-09-26
3315,MOB-1175,Testing,Done,user0009,2026-10-02
3316,ERP-1176,,To Do,user0028,2026-09-14
3317,ERP-1176,To Do,In Progress,user0022,2026-09-20
3318,ERP-1176,In Progress,Testing,user0028,2026-09-26
3319,ERP-1176,Testing,Done,user0039,2026-09-26
3320,ERP-1176,Done,Reopened,user0011,2026-10-04
3321,CRM-1177,,To Do,user0025,2026-09-14
3322,CRM-1177,To Do,In Progress,user0020,2026-09-16
3323,CRM-1177,In Progress,Testing,user0018,2026-09-18
3324,CRM-1177,Testing,Done,user0047,2026-10-02
3325,CRM-1177,Done,Reopened,user0007,2026-10-08
3326,BANK-1178,,To Do,user0035,2026-09-14
3327,ERP-1179,,To Do,user0005,2026-09-14
3328,ERP-1180,,To Do,user0020,2026-09-14
3329,ERP-1180,To Do,In Progress,user0044,2026-09-19
3330,ERP-1180,In Progress,Testing,user0003,2026-09-26
3331,ERP-1181,,To Do,user0040,2026-09-14
3332,CLOUD-1182,,To Do,user0025,2026-09-14
3333,BANK-1183,,To Do,user0047,2026-09-14
3334,BANK-1183,To Do,In Progress,user0036,2026-09-20
3335,BANK-1183,In Progress,Testing,user0007,2026-09-22
3336,BANK-1183,Testing,Done,user0027,2026-09-23
3337,BI-1184,,To Do,user0010,2026-09-14
3338,BI-1184,To Do,In Progress,user0008,2026-09-20
3339,BI-1184,In Progress,Testing,user0005,2026-09-26
3340,BI-1184,Testing,Done,user0038,2026-10-05
3341,MOB-1185,,To Do,user0044,2026-09-14
3342,MOB-1185,To Do,In Progress,user0035,2026-09-18
3343,CLOUD-1186,,To Do,user0049,2026-09-14
3344,CLOUD-1186,To Do,In Progress,user0031,2026-09-17
3345,CLOUD-1186,In Progress,Testing,user0006,2026-09-20
3346,CLOUD-1186,Testing,Done,user0012,2026-09-20
3347,DATA-1187,,To Do,user0033,2026-09-14
3348,BANK-1188,,To Do,user0028,2026-09-14
3349,BANK-1188,To Do,In Progress,user0001,2026-09-18
3350,BANK-1188,In Progress,Testing,user0017,2026-09-26
3351,BI-1189,,To Do,user0020,2026-09-14
3352,DATA-1190,,To Do,user0005,2026-09-14
3353,DATA-1190,To Do,In Progress,user0025,2026-09-19
3354,DATA-1190,In Progress,Testing,user0019,2026-09-24
3355,DATA-1190,Testing,Done,user0005,2026-10-02
3356,DATA-1191,,To Do,user0039,2026-09-14
3357,DATA-1191,To Do,In Progress,user0017,2026-09-15
3358,DATA-1191,In Progress,Testing,user0035,2026-09-16
3359,DATA-1191,Testing,Done,user0033,2026-09-17
3360,BI-1192,,To Do,user0009,2026-09-14
3361,BI-1192,To Do,In Progress,user0047,2026-09-20
3362,BI-1192,In Progress,Testing,user0049,2026-09-24
3363,BI-1192,Testing,Done,user0046,2026-10-05
3364,CLOUD-1193,,To Do,user0021,2026-09-14
3365,CLOUD-1193,To Do,In Progress,user0045,2026-09-20
3366,CLOUD-1193,In Progress,Blocked,user0041,2026-09-20
3367,BANK-1194,,To Do,user0007,2026-09-14
3368,BANK-1194,To Do,In Progress,user0012,2026-09-17
3369,BI-1195,,To Do,user0003,2026-09-14
3370,BI-1195,To Do,In Progress,user0014,2026-09-19
3371,BI-1195,In Progress,Testing,user0039,2026-09-16
3372,BI-1195,Testing,Done,user0047,2026-09-17
3373,PORTAL-1196,,To Do,user0046,2026-09-14
3374,PORTAL-1196,To Do,In Progress,user0010,2026-09-15
3375,PORTAL-1196,In Progress,Testing,user0042,2026-09-20
3376,PORTAL-1196,Testing,Done,user0022,2026-09-29
3377,ERP-1197,,To Do,user0022,2026-09-14
3378,ERP-1197,To Do,In Progress,user0041,2026-09-16
3379,PORTAL-1198,,To Do,user0047,2026-09-14
3380,PORTAL-1198,To Do,In Progress,user0008,2026-09-17
3381,CRM-1199,,To Do,user0028,2026-09-14
3382,CRM-1199,To Do,In Progress,user0026,2026-09-18
3383,CRM-1199,In Progress,Testing,user0012,2026-09-26
3384,CRM-1199,Testing,Done,user0003,2026-10-02
3385,CLOUD-1200,,To Do,user0036,2026-09-14
3386,CLOUD-1200,To Do,In Progress,user0026,2026-09-17
3387,CLOUD-1200,In Progress,Testing,user0049,2026-09-22
3388,BI-1201,,To Do,user0003,2026-09-14
3389,BI-1201,To Do,In Progress,user0049,2026-09-21
3390,CLOUD-1202,,To Do,user0001,2026-09-14
3391,CLOUD-1202,To Do,In Progress,user0010,2026-09-20
3392,CLOUD-1202,In Progress,Testing,user0036,2026-09-24
3393,CLOUD-1202,Testing,Done,user0020,2026-09-23
3394,BI-1203,,To Do,user0005,2026-09-14
3395,BI-1203,To Do,In Progress,user0005,2026-09-21
3396,BI-1203,In Progress,Testing,user0008,2026-09-26
3397,MOB-1204,,To Do,user0009,2026-09-14
3398,MOB-1204,To Do,In Progress,user0006,2026-09-15
3399,MOB-1204,In Progress,Testing,user0003,2026-09-20
3400,MOB-1204,Testing,Done,user0025,2026-09-20
3401,BANK-1205,,To Do,user0022,2026-09-14
3402,BANK-1205,To Do,In Progress,user0017,2026-09-17
3403,BANK-1205,In Progress,Testing,user0010,2026-09-26
3404,DATA-1206,,To Do,user0045,2026-09-14
3405,DATA-1206,To Do,In Progress,user0043,2026-09-18
3406,DATA-1206,In Progress,Testing,user0042,2026-09-16
3407,DATA-1206,Testing,Done,user0005,2026-09-23
3408,ERP-1207,,To Do,user0020,2026-09-14
3409,BI-1208,,To Do,user0009,2026-09-14
3410,BI-1208,To Do,In Progress,user0034,2026-09-21
3411,ERP-1209,,To Do,user0031,2026-09-14
3412,ERP-1209,To Do,In Progress,user0019,2026-09-18
3413,ERP-1209,In Progress,Testing,user0028,2026-09-26
3414,ERP-1209,Testing,Done,user0033,2026-09-29
3415,ERP-1209,Done,Reopened,user0040,2026-09-18
3416,SEC-1210,,To Do,user0046,2026-09-14
3417,SEC-1210,To Do,In Progress,user0017,2026-09-20
3418,SEC-1211,,To Do,user0045,2026-09-14
3419,MOB-1212,,To Do,user0010,2026-09-14
3420,MOB-1212,To Do,In Progress,user0002,2026-09-18
3421,MOB-1212,In Progress,Testing,user0046,2026-09-20
3422,PORTAL-1213,,To Do,user0048,2026-09-14
3423,SEC-1214,,To Do,user0033,2026-09-14
3424,SEC-1214,To Do,In Progress,user0019,2026-09-17
3425,SEC-1214,In Progress,Blocked,user0048,2026-09-26
3426,SEC-1215,,To Do,user0018,2026-09-14
3427,SEC-1215,To Do,In Progress,user0013,2026-09-15
3428,SEC-1215,In Progress,Blocked,user0010,2026-09-22
3429,SEC-1216,,To Do,user0050,2026-09-14
3430,SEC-1217,,To Do,user0007,2026-09-14
3431,SEC-1217,To Do,In Progress,user0009,2026-09-15
3432,CRM-1218,,To Do,user0014,2026-09-14
3433,CRM-1218,To Do,In Progress,user0020,2026-09-15
3434,BI-1219,,To Do,user0036,2026-09-14
3435,BI-1219,To Do,In Progress,user0026,2026-09-19
3436,BI-1219,In Progress,Testing,user0027,2026-09-18
3437,BI-1219,Testing,Done,user0033,2026-09-26
3438,DATA-1220,,To Do,user0012,2026-09-14
3439,DATA-1220,To Do,In Progress,user0021,2026-09-19
3440,DATA-1221,,To Do,user0018,2026-09-14
3441,DATA-1221,To Do,In Progress,user0022,2026-09-19
3442,BI-1222,,To Do,user0037,2026-09-14
3443,BI-1222,To Do,In Progress,user0048,2026-09-20
3444,BI-1222,In Progress,Testing,user0041,2026-09-28
3445,BI-1222,Testing,Done,user0029,2026-09-29
3446,ERP-1223,,To Do,user0012,2026-09-14
3447,ERP-1223,To Do,In Progress,user0027,2026-09-21
3448,BANK-1224,,To Do,user0049,2026-09-14
3449,BANK-1224,To Do,In Progress,user0003,2026-09-18
3450,BANK-1224,In Progress,Testing,user0004,2026-09-28
3451,BANK-1224,Testing,Done,user0027,2026-09-23
3452,MOB-1225,,To Do,user0034,2026-09-14
3453,MOB-1225,To Do,In Progress,user0019,2026-09-20
3454,MOB-1225,In Progress,Testing,user0013,2026-09-20
3455,MOB-1225,Testing,Done,user0010,2026-10-05
3456,ERP-1226,,To Do,user0042,2026-09-14
3457,PORTAL-1227,,To Do,user0046,2026-09-14
3458,PORTAL-1227,To Do,In Progress,user0006,2026-09-19
3459,PORTAL-1227,In Progress,Testing,user0006,2026-09-26
3460,PORTAL-1227,Testing,Done,user0003,2026-09-26
3461,PORTAL-1227,Done,Reopened,user0039,2026-10-08
3462,ERP-1228,,To Do,user0012,2026-09-14
3463,ERP-1228,To Do,In Progress,user0044,2026-09-19
3464,ERP-1228,In Progress,Testing,user0037,2026-09-18
3465,ERP-1228,Testing,Done,user0021,2026-10-02
3466,DATA-1229,,To Do,user0048,2026-09-14
3467,DATA-1229,To Do,In Progress,user0028,2026-09-20
3468,SEC-1230,,To Do,user0013,2026-09-14
3469,SEC-1230,To Do,In Progress,user0006,2026-09-18
3470,SEC-1230,In Progress,Blocked,user0007,2026-09-20
3471,CRM-1231,,To Do,user0050,2026-09-14
3472,CRM-1231,To Do,In Progress,user0014,2026-09-15
3473,BANK-1232,,To Do,user0017,2026-09-14
3474,BANK-1232,To Do,In Progress,user0041,2026-09-20
3475,BANK-1232,In Progress,Testing,user0037,2026-09-28
3476,SEC-1233,,To Do,user0010,2026-09-14
3477,SEC-1233,To Do,In Progress,user0010,2026-09-15
3478,SEC-1233,In Progress,Testing,user0040,2026-09-16
3479,SEC-1233,Testing,Done,user0040,2026-09-26
3480,SEC-1234,,To Do,user0050,2026-09-14
3481,SEC-1234,To Do,In Progress,user0003,2026-09-18
3482,SEC-1234,In Progress,Testing,user0045,2026-09-16
3483,SEC-1234,Testing,Done,user0032,2026-10-02
3484,SEC-1234,Done,Reopened,user0044,2026-09-30
3485,SEC-1235,,To Do,user0029,2026-09-14
3486,SEC-1235,To Do,In Progress,user0024,2026-09-15
3487,SEC-1235,In Progress,Testing,user0022,2026-09-20
3488,SEC-1235,Testing,Done,user0009,2026-09-26
3489,DATA-1236,,To Do,user0013,2026-09-14
3490,DATA-1236,To Do,In Progress,user0044,2026-09-19
3491,DATA-1236,In Progress,Testing,user0032,2026-09-20
3492,DATA-1236,Testing,Done,user0020,2026-09-26
3493,SEC-1237,,To Do,user0046,2026-09-14
3494,MOB-1238,,To Do,user0005,2026-09-14
3495,MOB-1238,To Do,In Progress,user0019,2026-09-20
3496,MOB-1238,In Progress,Testing,user0022,2026-09-28
3497,MOB-1238,Testing,Done,user0033,2026-09-26
3498,PORTAL-1239,,To Do,user0024,2026-09-14
3499,PORTAL-1239,To Do,In Progress,user0045,2026-09-19
3500,PORTAL-1239,In Progress,Blocked,user0043,2026-09-28
3501,BI-1240,,To Do,user0001,2026-09-14
3502,BI-1240,To Do,In Progress,user0022,2026-09-19
3503,BI-1240,In Progress,Testing,user0039,2026-09-16
3504,BI-1240,Testing,Done,user0036,2026-10-02
3505,BI-1241,,To Do,user0002,2026-09-14
3506,BI-1241,To Do,In Progress,user0021,2026-09-19
3507,BI-1241,In Progress,Testing,user0040,2026-09-24
3508,BI-1241,Testing,Done,user0004,2026-10-05
3509,CLOUD-1242,,To Do,user0025,2026-09-14
3510,CLOUD-1242,To Do,In Progress,user0014,2026-09-15
3511,CLOUD-1243,,To Do,user0009,2026-09-14
3512,CLOUD-1243,To Do,In Progress,user0026,2026-09-18
3513,CLOUD-1243,In Progress,Testing,user0009,2026-09-28
3514,CLOUD-1243,Testing,Done,user0045,2026-10-02
3515,SEC-1244,,To Do,user0047,2026-09-14
3516,SEC-1244,To Do,In Progress,user0004,2026-09-15
3517,SEC-1244,In Progress,Testing,user0007,2026-09-18
3518,PORTAL-1245,,To Do,user0016,2026-09-14
3519,PORTAL-1245,To Do,In Progress,user0033,2026-09-15
3520,PORTAL-1245,In Progress,Testing,user0003,2026-09-22
3521,PORTAL-1245,Testing,Done,user0015,2026-09-20
3522,PORTAL-1246,,To Do,user0011,2026-09-14
3523,PORTAL-1246,To Do,In Progress,user0027,2026-09-17
3524,MOB-1247,,To Do,user0031,2026-09-14
3525,MOB-1247,To Do,In Progress,user0043,2026-09-18
3526,MOB-1247,In Progress,Testing,user0048,2026-09-24
3527,MOB-1247,Testing,Done,user0036,2026-09-26
3528,SEC-1248,,To Do,user0036,2026-09-14
3529,SEC-1248,To Do,In Progress,user0029,2026-09-21
3530,BI-1249,,To Do,user0001,2026-09-14
3531,BI-1249,To Do,In Progress,user0019,2026-09-18
3532,BI-1249,In Progress,Testing,user0004,2026-09-16
3533,BI-1249,Testing,Done,user0004,2026-09-29
3534,SEC-1250,,To Do,user0043,2026-09-14
3535,ERP-1251,,To Do,user0001,2026-09-14
3536,ERP-1252,,To Do,user0042,2026-09-14
3537,ERP-1252,To Do,In Progress,user0037,2026-09-16
3538,ERP-1252,In Progress,Testing,user0047,2026-09-24
3539,ERP-1252,Testing,Done,user0032,2026-09-26
3540,ERP-1252,Done,Reopened,user0012,2026-09-22
3541,MOB-1253,,To Do,user0050,2026-09-14
3542,MOB-1253,To Do,In Progress,user0022,2026-09-19
3543,MOB-1253,In Progress,Testing,user0008,2026-09-20
3544,MOB-1253,Testing,Done,user0041,2026-09-23
3545,BI-1254,,To Do,user0003,2026-09-14
3546,BI-1254,To Do,In Progress,user0017,2026-09-16
3547,BI-1254,In Progress,Testing,user0019,2026-09-18
3548,BI-1254,Testing,Done,user0037,2026-10-05
3549,ECOM-1255,,To Do,user0029,2026-09-14
3550,BI-1256,,To Do,user0005,2026-09-14
3551,BI-1256,To Do,In Progress,user0004,2026-09-20
3552,BI-1256,In Progress,Testing,user0015,2026-09-16
3553,BI-1256,Testing,Done,user0041,2026-10-02
3554,PORTAL-1257,,To Do,user0032,2026-09-14
3555,PORTAL-1257,To Do,In Progress,user0003,2026-09-20
3556,PORTAL-1257,In Progress,Testing,user0035,2026-09-20
3557,ERP-1258,,To Do,user0042,2026-09-14
3558,ERP-1258,To Do,In Progress,user0042,2026-09-16
3559,ERP-1258,In Progress,Testing,user0020,2026-09-28
3560,ERP-1258,Testing,Done,user0038,2026-10-05
3561,ERP-1258,Done,Reopened,user0016,2026-09-26
3562,BI-1259,,To Do,user0032,2026-09-14
3563,BI-1259,To Do,In Progress,user0032,2026-09-17
3564,BI-1259,In Progress,Testing,user0004,2026-09-20
3565,BI-1259,Testing,Done,user0014,2026-09-26
3566,BI-1259,Done,Reopened,user0036,2026-09-30
3567,ERP-1260,,To Do,user0014,2026-09-14
3568,ERP-1260,To Do,In Progress,user0040,2026-09-19
3569,ERP-1260,In Progress,Testing,user0045,2026-09-28
3570,ERP-1260,Testing,Done,user0033,2026-09-20
3571,ERP-1260,Done,Reopened,user0047,2026-09-30
3572,SEC-1261,,To Do,user0025,2026-09-14
3573,SEC-1261,To Do,In Progress,user0042,2026-09-19
3574,SEC-1261,In Progress,Testing,user0015,2026-09-26
3575,SEC-1262,,To Do,user0044,2026-09-14
3576,SEC-1262,To Do,In Progress,user0005,2026-09-15
3577,CRM-1263,,To Do,user0024,2026-09-14
3578,CRM-1263,To Do,In Progress,user0023,2026-09-16
3579,ERP-1264,,To Do,user0018,2026-09-14
3580,ERP-1264,To Do,In Progress,user0007,2026-09-21
3581,ERP-1264,In Progress,Testing,user0026,2026-09-26
3582,ERP-1264,Testing,Done,user0004,2026-09-23
3583,ERP-1264,Done,Reopened,user0019,2026-09-30
3584,SEC-1265,,To Do,user0046,2026-09-14
3585,CRM-1266,,To Do,user0002,2026-09-14
3586,CRM-1266,To Do,In Progress,user0019,2026-09-17
3587,CRM-1266,In Progress,Testing,user0049,2026-09-16
3588,CRM-1266,Testing,Done,user0026,2026-10-02
3589,MOB-1267,,To Do,user0028,2026-09-14
3590,MOB-1267,To Do,In Progress,user0007,2026-09-17
3591,PORTAL-1268,,To Do,user0033,2026-09-14
3592,PORTAL-1268,To Do,In Progress,user0025,2026-09-16
3593,PORTAL-1268,In Progress,Blocked,user0036,2026-09-28
3594,DATA-1269,,To Do,user0030,2026-09-14
3595,DATA-1269,To Do,In Progress,user0022,2026-09-16
3596,MOB-1270,,To Do,user0049,2026-09-14
3597,MOB-1270,To Do,In Progress,user0016,2026-09-21
3598,ERP-1271,,To Do,user0016,2026-09-14
3599,ERP-1271,To Do,In Progress,user0004,2026-09-15
3600,ERP-1271,In Progress,Testing,user0041,2026-09-24
3601,ERP-1271,Testing,Done,user0044,2026-09-20
3602,PORTAL-1272,,To Do,user0018,2026-09-14
3603,BI-1273,,To Do,user0050,2026-09-14
3604,BI-1273,To Do,In Progress,user0006,2026-09-15
3605,BI-1273,In Progress,Testing,user0031,2026-09-22
3606,BI-1273,Testing,Done,user0024,2026-09-17
3607,PORTAL-1274,,To Do,user0046,2026-09-14
3608,PORTAL-1274,To Do,In Progress,user0028,2026-09-16
3609,MOB-1275,,To Do,user0016,2026-09-14
3610,MOB-1275,To Do,In Progress,user0046,2026-09-15
3611,MOB-1275,In Progress,Testing,user0019,2026-09-22
3612,MOB-1275,Testing,Done,user0005,2026-09-20
3613,MOB-1276,,To Do,user0022,2026-09-14
3614,MOB-1276,To Do,In Progress,user0007,2026-09-16
3615,ECOM-1277,,To Do,user0045,2026-09-14
3616,MOB-1278,,To Do,user0038,2026-09-14
3617,MOB-1278,To Do,In Progress,user0011,2026-09-20
3618,MOB-1278,In Progress,Testing,user0028,2026-09-28
3619,MOB-1278,Testing,Done,user0039,2026-10-02
3620,SEC-1279,,To Do,user0027,2026-09-14
3621,SEC-1279,To Do,In Progress,user0037,2026-09-15
3622,SEC-1279,In Progress,Blocked,user0032,2026-09-24
3623,DATA-1280,,To Do,user0031,2026-09-14
3624,DATA-1280,To Do,In Progress,user0040,2026-09-16
3625,DATA-1280,In Progress,Testing,user0024,2026-09-24
3626,DATA-1280,Testing,Done,user0007,2026-09-23
3627,SEC-1281,,To Do,user0006,2026-09-14
3628,SEC-1282,,To Do,user0016,2026-09-14
3629,BI-1283,,To Do,user0037,2026-09-14
3630,BI-1283,To Do,In Progress,user0028,2026-09-19
3631,BI-1283,In Progress,Testing,user0035,2026-09-28
3632,BI-1283,Testing,Done,user0050,2026-09-29
3633,BI-1284,,To Do,user0013,2026-09-14
3634,BI-1284,To Do,In Progress,user0039,2026-09-17
3635,BI-1284,In Progress,Testing,user0007,2026-09-20
3636,BI-1284,Testing,Done,user0015,2026-09-20
3637,ERP-1285,,To Do,user0043,2026-09-14
3638,ERP-1285,To Do,In Progress,user0031,2026-09-21
3639,ERP-1285,In Progress,Testing,user0023,2026-09-28
3640,MOB-1286,,To Do,user0049,2026-09-14
3641,MOB-1286,To Do,In Progress,user0020,2026-09-18
3642,MOB-1286,In Progress,Testing,user0016,2026-09-20
3643,MOB-1286,Testing,Done,user0047,2026-09-26
3644,CRM-1287,,To Do,user0003,2026-09-14
3645,CRM-1287,To Do,In Progress,user0026,2026-09-19
3646,CRM-1287,In Progress,Testing,user0010,2026-09-20
3647,CRM-1287,Testing,Done,user0024,2026-09-20
3648,BI-1288,,To Do,user0014,2026-09-14
3649,BI-1288,To Do,In Progress,user0050,2026-09-19
3650,BI-1288,In Progress,Testing,user0005,2026-09-20
3651,BI-1288,Testing,Done,user0002,2026-09-26
3652,ERP-1289,,To Do,user0008,2026-09-14
3653,ERP-1289,To Do,In Progress,user0005,2026-09-16
3654,ERP-1289,In Progress,Testing,user0040,2026-09-28
3655,ERP-1289,Testing,Done,user0020,2026-09-17
3656,ERP-1289,Done,Reopened,user0009,2026-09-26
3657,ECOM-1290,,To Do,user0013,2026-09-14
3658,ECOM-1291,,To Do,user0006,2026-09-14
3659,ECOM-1291,To Do,In Progress,user0022,2026-09-17
3660,ECOM-1291,In Progress,Testing,user0018,2026-09-28
3661,ECOM-1291,Testing,Done,user0016,2026-09-17
3662,ERP-1292,,To Do,user0031,2026-09-14
3663,ERP-1292,To Do,In Progress,user0018,2026-09-20
3664,ERP-1292,In Progress,Testing,user0022,2026-09-16
3665,CRM-1293,,To Do,user0028,2026-09-14
3666,CRM-1293,To Do,In Progress,user0012,2026-09-17
3667,CRM-1293,In Progress,Blocked,user0024,2026-09-18
3668,ERP-1294,,To Do,user0037,2026-09-14
3669,ERP-1294,To Do,In Progress,user0009,2026-09-16
3670,DATA-1295,,To Do,user0005,2026-09-14
3671,MOB-1296,,To Do,user0012,2026-09-14
3672,MOB-1296,To Do,In Progress,user0001,2026-09-20
3673,MOB-1296,In Progress,Testing,user0020,2026-09-22
3674,MOB-1296,Testing,Done,user0006,2026-09-23
3675,BANK-1297,,To Do,user0007,2026-09-14
3676,BANK-1297,To Do,In Progress,user0044,2026-09-17
3677,BANK-1297,In Progress,Testing,user0025,2026-09-24
3678,BANK-1298,,To Do,user0039,2026-09-14
3679,BANK-1298,To Do,In Progress,user0043,2026-09-21
3680,BANK-1298,In Progress,Testing,user0032,2026-09-26
3681,DATA-1299,,To Do,user0013,2026-09-14
3682,DATA-1299,To Do,In Progress,user0041,2026-09-16
3683,DATA-1299,In Progress,Testing,user0019,2026-09-24
3684,ERP-1300,,To Do,user0013,2026-09-14
3685,ERP-1300,To Do,In Progress,user0008,2026-09-19
3686,BI-1301,,To Do,user0011,2026-09-14
3687,BI-1301,To Do,In Progress,user0037,2026-09-21
3688,BI-1301,In Progress,Testing,user0008,2026-09-26
3689,BI-1301,Testing,Done,user0028,2026-10-02
3690,DATA-1302,,To Do,user0004,2026-09-14
3691,DATA-1302,To Do,In Progress,user0018,2026-09-21
3692,DATA-1302,In Progress,Testing,user0001,2026-09-26
3693,DATA-1302,Testing,Done,user0050,2026-10-02
3694,CRM-1303,,To Do,user0049,2026-09-14
3695,BANK-1304,,To Do,user0048,2026-09-14
3696,BANK-1304,To Do,In Progress,user0036,2026-09-19
3697,BANK-1304,In Progress,Testing,user0015,2026-09-24
3698,BANK-1304,Testing,Done,user0028,2026-10-02
3699,CLOUD-1305,,To Do,user0047,2026-09-14
3700,CLOUD-1305,To Do,In Progress,user0003,2026-09-18
3701,CLOUD-1305,In Progress,Testing,user0031,2026-09-16
3702,CLOUD-1305,Testing,Done,user0005,2026-09-20
3703,CLOUD-1306,,To Do,user0045,2026-09-14
3704,CLOUD-1306,To Do,In Progress,user0035,2026-09-15
3705,CLOUD-1306,In Progress,Testing,user0017,2026-09-28
3706,ECOM-1307,,To Do,user0030,2026-09-14
3707,ECOM-1307,To Do,In Progress,user0019,2026-09-21
3708,ECOM-1307,In Progress,Testing,user0003,2026-09-20
3709,ECOM-1307,Testing,Done,user0004,2026-09-17
3710,PORTAL-1308,,To Do,user0017,2026-09-14
3711,PORTAL-1308,To Do,In Progress,user0016,2026-09-20
3712,PORTAL-1308,In Progress,Testing,user0006,2026-09-26
3713,PORTAL-1308,Testing,Done,user0011,2026-10-02
3714,PORTAL-1308,Done,Reopened,user0011,2026-09-22
3715,ECOM-1309,,To Do,user0027,2026-09-14
3716,ECOM-1309,To Do,In Progress,user0038,2026-09-17
3717,ECOM-1309,In Progress,Testing,user0015,2026-09-18
3718,ECOM-1309,Testing,Done,user0029,2026-09-20
3719,BANK-1310,,To Do,user0020,2026-09-14
3720,BANK-1310,To Do,In Progress,user0020,2026-09-20
3721,BANK-1311,,To Do,user0044,2026-09-14
3722,BANK-1311,To Do,In Progress,user0043,2026-09-20
3723,BANK-1312,,To Do,user0003,2026-09-14
3724,BANK-1312,To Do,In Progress,user0033,2026-09-16
3725,BANK-1312,In Progress,Testing,user0014,2026-09-24
3726,BANK-1312,Testing,Done,user0031,2026-09-23
3727,BI-1313,,To Do,user0042,2026-09-14
3728,BI-1313,To Do,In Progress,user0040,2026-09-17
3729,ECOM-1314,,To Do,user0021,2026-09-14
3730,ECOM-1314,To Do,In Progress,user0046,2026-09-16
3731,ECOM-1314,In Progress,Testing,user0010,2026-09-18
3732,ECOM-1314,Testing,Done,user0021,2026-10-05
3733,CRM-1315,,To Do,user0047,2026-09-14
3734,CRM-1315,To Do,In Progress,user0031,2026-09-18
3735,CRM-1315,In Progress,Blocked,user0019,2026-09-26
3736,PORTAL-1316,,To Do,user0012,2026-09-14
3737,CLOUD-1317,,To Do,user0041,2026-09-14
3738,CLOUD-1317,To Do,In Progress,user0049,2026-09-18
3739,CLOUD-1317,In Progress,Testing,user0005,2026-09-22
3740,ERP-1318,,To Do,user0019,2026-09-14
3741,ERP-1318,To Do,In Progress,user0017,2026-09-19
3742,ERP-1318,In Progress,Testing,user0049,2026-09-18
3743,ERP-1318,Testing,Done,user0008,2026-09-23
3744,BI-1319,,To Do,user0023,2026-09-14
3745,BI-1319,To Do,In Progress,user0047,2026-09-17
3746,BI-1319,In Progress,Testing,user0026,2026-09-26
3747,BI-1319,Testing,Done,user0025,2026-09-20
3748,CLOUD-1320,,To Do,user0021,2026-09-14
3749,CLOUD-1320,To Do,In Progress,user0015,2026-09-17
3750,CLOUD-1320,In Progress,Testing,user0024,2026-09-24
3751,CLOUD-1320,Testing,Done,user0023,2026-09-23
3752,CLOUD-1320,Done,Reopened,user0033,2026-10-04
3753,SEC-1321,,To Do,user0037,2026-09-14
3754,SEC-1321,To Do,In Progress,user0007,2026-09-19
3755,SEC-1321,In Progress,Blocked,user0041,2026-09-26
3756,MOB-1322,,To Do,user0037,2026-09-14
3757,MOB-1322,To Do,In Progress,user0004,2026-09-21
3758,BANK-1323,,To Do,user0018,2026-09-14
3759,BANK-1323,To Do,In Progress,user0030,2026-09-18
3760,DATA-1324,,To Do,user0017,2026-09-14
3761,DATA-1324,To Do,In Progress,user0048,2026-09-17
3762,DATA-1324,In Progress,Testing,user0037,2026-09-24
3763,DATA-1324,Testing,Done,user0036,2026-09-23
3764,DATA-1324,Done,Reopened,user0014,2026-09-26
3765,SEC-1325,,To Do,user0039,2026-09-14
3766,SEC-1325,To Do,In Progress,user0050,2026-09-21
3767,ECOM-1326,,To Do,user0007,2026-09-14
3768,ECOM-1326,To Do,In Progress,user0049,2026-09-15
3769,ECOM-1326,In Progress,Testing,user0005,2026-09-28
3770,ECOM-1326,Testing,Done,user0004,2026-09-20
3771,BI-1327,,To Do,user0035,2026-09-14
3772,DATA-1328,,To Do,user0014,2026-09-14
3773,DATA-1328,To Do,In Progress,user0048,2026-09-16
3774,DATA-1328,In Progress,Testing,user0006,2026-09-28
3775,DATA-1328,Testing,Done,user0007,2026-09-20
3776,ECOM-1329,,To Do,user0050,2026-09-14
3777,MOB-1330,,To Do,user0007,2026-09-14
3778,MOB-1330,To Do,In Progress,user0042,2026-09-21
3779,MOB-1330,In Progress,Testing,user0027,2026-09-22
3780,MOB-1330,Testing,Done,user0023,2026-09-20
3781,MOB-1331,,To Do,user0049,2026-09-14
3782,MOB-1331,To Do,In Progress,user0037,2026-09-21
3783,MOB-1331,In Progress,Testing,user0014,2026-09-22
3784,MOB-1331,Testing,Done,user0044,2026-10-05
3785,CRM-1332,,To Do,user0041,2026-09-14
3786,CRM-1332,To Do,In Progress,user0010,2026-09-15
3787,CRM-1332,In Progress,Testing,user0041,2026-09-28
3788,CRM-1332,Testing,Done,user0039,2026-10-02
3789,CRM-1332,Done,Reopened,user0041,2026-10-04
3790,ERP-1333,,To Do,user0016,2026-09-14
3791,ERP-1333,To Do,In Progress,user0007,2026-09-16
3792,BANK-1334,,To Do,user0028,2026-09-14
3793,BANK-1334,To Do,In Progress,user0010,2026-09-17
3794,BANK-1334,In Progress,Testing,user0033,2026-09-26
3795,BANK-1334,Testing,Done,user0001,2026-09-17
3796,ERP-1335,,To Do,user0029,2026-09-14
3797,ERP-1335,To Do,In Progress,user0049,2026-09-17
3798,ERP-1335,In Progress,Testing,user0040,2026-09-28
3799,ECOM-1336,,To Do,user0036,2026-09-14
3800,BI-1337,,To Do,user0042,2026-09-14
3801,BI-1337,To Do,In Progress,user0031,2026-09-19
3802,BI-1337,In Progress,Testing,user0001,2026-09-16
3803,BI-1337,Testing,Done,user0017,2026-09-23
3804,ECOM-1338,,To Do,user0019,2026-09-14
3805,BI-1339,,To Do,user0018,2026-09-14
3806,BI-1339,To Do,In Progress,user0016,2026-09-21
3807,BI-1339,In Progress,Testing,user0036,2026-09-28
3808,BI-1339,Testing,Done,user0004,2026-09-17
3809,CLOUD-1340,,To Do,user0025,2026-09-14
3810,CLOUD-1340,To Do,In Progress,user0027,2026-09-18
3811,CLOUD-1340,In Progress,Testing,user0034,2026-09-20
3812,CLOUD-1340,Testing,Done,user0005,2026-10-02
3813,ERP-1341,,To Do,user0014,2026-09-14
3814,ERP-1341,To Do,In Progress,user0016,2026-09-19
3815,ERP-1341,In Progress,Testing,user0010,2026-09-22
3816,ERP-1341,Testing,Done,user0016,2026-09-20
3817,MOB-1342,,To Do,user0016,2026-09-14
3818,MOB-1342,To Do,In Progress,user0014,2026-09-19
3819,MOB-1342,In Progress,Testing,user0018,2026-09-22
3820,MOB-1342,Testing,Done,user0028,2026-10-05
3821,MOB-1342,Done,Reopened,user0023,2026-10-04
3822,PORTAL-1343,,To Do,user0037,2026-09-14
3823,BI-1344,,To Do,user0020,2026-09-14
3824,BI-1344,To Do,In Progress,user0024,2026-09-18
3825,ECOM-1345,,To Do,user0037,2026-09-14
3826,CRM-1346,,To Do,user0010,2026-09-14
3827,CRM-1346,To Do,In Progress,user0024,2026-09-15
3828,CRM-1346,In Progress,Testing,user0034,2026-09-20
3829,CRM-1346,Testing,Done,user0034,2026-09-29
3830,BI-1347,,To Do,user0004,2026-09-14
3831,BI-1347,To Do,In Progress,user0014,2026-09-18
3832,BI-1347,In Progress,Testing,user0024,2026-09-18
3833,BI-1347,Testing,Done,user0039,2026-09-26
3834,BI-1348,,To Do,user0027,2026-09-14
3835,BI-1348,To Do,In Progress,user0043,2026-09-16
3836,BI-1348,In Progress,Testing,user0040,2026-09-26
3837,BI-1348,Testing,Done,user0004,2026-10-02
3838,PORTAL-1349,,To Do,user0031,2026-09-14
3839,PORTAL-1349,To Do,In Progress,user0011,2026-09-18
3840,PORTAL-1349,In Progress,Testing,user0039,2026-09-22
3841,PORTAL-1349,Testing,Done,user0024,2026-09-20
3842,BI-1350,,To Do,user0014,2026-09-14
3843,BI-1350,To Do,In Progress,user0003,2026-09-16
3844,CRM-1351,,To Do,user0040,2026-09-14
3845,CRM-1351,To Do,In Progress,user0026,2026-09-20
3846,CRM-1351,In Progress,Testing,user0010,2026-09-22
3847,CRM-1351,Testing,Done,user0009,2026-09-26
3848,MOB-1352,,To Do,user0003,2026-09-14
3849,MOB-1352,To Do,In Progress,user0001,2026-09-18
3850,BI-1353,,To Do,user0009,2026-09-14
3851,PORTAL-1354,,To Do,user0003,2026-09-14
3852,ECOM-1355,,To Do,user0036,2026-09-14
3853,ECOM-1355,To Do,In Progress,user0003,2026-09-17
3854,CLOUD-1356,,To Do,user0024,2026-09-14
3855,CLOUD-1356,To Do,In Progress,user0033,2026-09-19
3856,CLOUD-1356,In Progress,Testing,user0009,2026-09-18
3857,CLOUD-1356,Testing,Done,user0031,2026-09-20
3858,ECOM-1357,,To Do,user0044,2026-09-14
3859,ECOM-1357,To Do,In Progress,user0033,2026-09-17
3860,ECOM-1357,In Progress,Testing,user0038,2026-09-20
3861,ECOM-1357,Testing,Done,user0015,2026-09-29
3862,ECOM-1358,,To Do,user0032,2026-09-14
3863,ECOM-1358,To Do,In Progress,user0022,2026-09-19
3864,ECOM-1358,In Progress,Testing,user0031,2026-09-24
3865,ECOM-1358,Testing,Done,user0043,2026-09-29
3866,ERP-1359,,To Do,user0014,2026-09-14
3867,ERP-1359,To Do,In Progress,user0004,2026-09-17
3868,ECOM-1360,,To Do,user0015,2026-09-14
3869,ECOM-1360,To Do,In Progress,user0026,2026-09-19
3870,ECOM-1360,In Progress,Testing,user0045,2026-09-22
3871,ECOM-1360,Testing,Done,user0029,2026-09-26
3872,CRM-1361,,To Do,user0001,2026-09-14
3873,MOB-1362,,To Do,user0013,2026-09-14
3874,MOB-1362,To Do,In Progress,user0031,2026-09-21
3875,BI-1363,,To Do,user0013,2026-09-14
3876,BI-1363,To Do,In Progress,user0037,2026-09-18
3877,BI-1363,In Progress,Testing,user0026,2026-09-28
3878,BI-1363,Testing,Done,user0010,2026-09-26
3879,CLOUD-1364,,To Do,user0003,2026-09-14
3880,ECOM-1365,,To Do,user0027,2026-09-14
3881,ECOM-1365,To Do,In Progress,user0008,2026-09-18
3882,ECOM-1365,In Progress,Testing,user0037,2026-09-26
3883,ECOM-1365,Testing,Done,user0037,2026-09-29
3884,CRM-1366,,To Do,user0044,2026-09-14
3885,CRM-1366,To Do,In Progress,user0048,2026-09-18
3886,CRM-1366,In Progress,Testing,user0003,2026-09-20
3887,CRM-1366,Testing,Done,user0012,2026-09-17
3888,ERP-1367,,To Do,user0022,2026-09-14
3889,CLOUD-1368,,To Do,user0034,2026-09-14
3890,CLOUD-1368,To Do,In Progress,user0012,2026-09-16
3891,CLOUD-1368,In Progress,Testing,user0041,2026-09-18
3892,CLOUD-1368,Testing,Done,user0018,2026-09-29
3893,ECOM-1369,,To Do,user0048,2026-09-14
3894,ECOM-1369,To Do,In Progress,user0003,2026-09-18
3895,ECOM-1369,In Progress,Testing,user0015,2026-09-24
3896,ECOM-1369,Testing,Done,user0004,2026-09-23
3897,MOB-1370,,To Do,user0010,2026-09-14
3898,MOB-1370,To Do,In Progress,user0010,2026-09-18
3899,MOB-1370,In Progress,Testing,user0024,2026-09-24
3900,MOB-1370,Testing,Done,user0015,2026-10-02
3901,MOB-1370,Done,Reopened,user0020,2026-09-30
3902,CRM-1371,,To Do,user0005,2026-09-14
3903,CRM-1371,To Do,In Progress,user0035,2026-09-17
3904,CRM-1371,In Progress,Blocked,user0031,2026-09-28
3905,CLOUD-1372,,To Do,user0032,2026-09-14
3906,CLOUD-1372,To Do,In Progress,user0041,2026-09-18
3907,CLOUD-1372,In Progress,Testing,user0022,2026-09-20
3908,BANK-1373,,To Do,user0047,2026-09-14
3909,BANK-1373,To Do,In Progress,user0018,2026-09-19
3910,BANK-1373,In Progress,Testing,user0033,2026-09-16
3911,PORTAL-1374,,To Do,user0015,2026-09-14
3912,PORTAL-1374,To Do,In Progress,user0033,2026-09-18
3913,PORTAL-1375,,To Do,user0047,2026-09-14
3914,PORTAL-1375,To Do,In Progress,user0035,2026-09-15
3915,SEC-1376,,To Do,user0034,2026-09-14
3916,CRM-1377,,To Do,user0046,2026-09-14
3917,ERP-1378,,To Do,user0004,2026-09-14
3918,ERP-1378,To Do,In Progress,user0049,2026-09-19
3919,ERP-1378,In Progress,Testing,user0011,2026-09-18
3920,ERP-1378,Testing,Done,user0029,2026-09-17
3921,SEC-1379,,To Do,user0025,2026-09-14
3922,SEC-1379,To Do,In Progress,user0019,2026-09-17
3923,PORTAL-1380,,To Do,user0034,2026-09-14
3924,PORTAL-1380,To Do,In Progress,user0005,2026-09-21
3925,PORTAL-1380,In Progress,Testing,user0023,2026-09-22
3926,PORTAL-1380,Testing,Done,user0023,2026-10-05
3927,MOB-1381,,To Do,user0022,2026-09-14
3928,MOB-1381,To Do,In Progress,user0046,2026-09-21
3929,MOB-1381,In Progress,Testing,user0039,2026-09-18
3930,MOB-1381,Testing,Done,user0041,2026-09-17
3931,CRM-1382,,To Do,user0049,2026-09-14
3932,CRM-1382,To Do,In Progress,user0021,2026-09-17
3933,CRM-1382,In Progress,Blocked,user0021,2026-09-18
3934,BI-1383,,To Do,user0002,2026-09-14
3935,BI-1383,To Do,In Progress,user0013,2026-09-21
3936,BI-1383,In Progress,Testing,user0035,2026-09-16
3937,BI-1383,Testing,Done,user0045,2026-09-29
3938,DATA-1384,,To Do,user0030,2026-09-14
3939,DATA-1384,To Do,In Progress,user0047,2026-09-16
3940,DATA-1384,In Progress,Testing,user0027,2026-09-22
3941,ECOM-1385,,To Do,user0043,2026-09-14
3942,ECOM-1385,To Do,In Progress,user0031,2026-09-16
3943,ECOM-1385,In Progress,Testing,user0031,2026-09-24
3944,ECOM-1385,Testing,Done,user0013,2026-09-17
3945,ECOM-1385,Done,Reopened,user0016,2026-10-12
3946,CLOUD-1386,,To Do,user0008,2026-09-14
3947,CLOUD-1386,To Do,In Progress,user0042,2026-09-21
3948,SEC-1387,,To Do,user0033,2026-09-14
3949,BI-1388,,To Do,user0014,2026-09-14
3950,BI-1388,To Do,In Progress,user0026,2026-09-20
3951,BI-1388,In Progress,Testing,user0003,2026-09-18
3952,BI-1388,Testing,Done,user0046,2026-09-20
3953,BANK-1389,,To Do,user0040,2026-09-14
3954,BANK-1389,To Do,In Progress,user0033,2026-09-16
3955,BANK-1389,In Progress,Testing,user0023,2026-09-28
3956,ECOM-1390,,To Do,user0048,2026-09-14
3957,ECOM-1390,To Do,In Progress,user0028,2026-09-21
3958,ECOM-1390,In Progress,Testing,user0018,2026-09-22
3959,ECOM-1390,Testing,Done,user0041,2026-09-20
3960,BI-1391,,To Do,user0002,2026-09-14
3961,BI-1391,To Do,In Progress,user0033,2026-09-17
3962,BI-1391,In Progress,Testing,user0040,2026-09-26
3963,BI-1391,Testing,Done,user0034,2026-09-29
3964,CLOUD-1392,,To Do,user0016,2026-09-14
3965,CLOUD-1392,To Do,In Progress,user0009,2026-09-18
3966,CLOUD-1392,In Progress,Testing,user0036,2026-09-26
3967,CLOUD-1392,Testing,Done,user0042,2026-10-02
3968,MOB-1393,,To Do,user0029,2026-09-14
3969,MOB-1393,To Do,In Progress,user0021,2026-09-20
3970,CRM-1394,,To Do,user0028,2026-09-14
3971,CRM-1394,To Do,In Progress,user0003,2026-09-21
3972,PORTAL-1395,,To Do,user0038,2026-09-14
3973,BANK-1396,,To Do,user0046,2026-09-14
3974,BANK-1396,To Do,In Progress,user0005,2026-09-18
3975,ECOM-1397,,To Do,user0033,2026-09-14
3976,ECOM-1397,To Do,In Progress,user0001,2026-09-19
3977,ECOM-1397,In Progress,Testing,user0043,2026-09-26
3978,CRM-1398,,To Do,user0044,2026-09-14
3979,CRM-1398,To Do,In Progress,user0042,2026-09-19
3980,CRM-1398,In Progress,Testing,user0023,2026-09-26
3981,CRM-1398,Testing,Done,user0015,2026-09-17
3982,CRM-1398,Done,Reopened,user0038,2026-09-18
3983,SEC-1399,,To Do,user0050,2026-09-14
3984,CLOUD-1400,,To Do,user0011,2026-09-14
3985,CLOUD-1400,To Do,In Progress,user0027,2026-09-19
3986,CLOUD-1400,In Progress,Testing,user0013,2026-09-22
3987,CLOUD-1400,Testing,Done,user0001,2026-10-05
3988,DATA-1401,,To Do,user0017,2026-09-14
3989,DATA-1401,To Do,In Progress,user0036,2026-09-18
3990,DATA-1401,In Progress,Testing,user0025,2026-09-26
3991,CLOUD-1402,,To Do,user0014,2026-09-14
3992,ERP-1403,,To Do,user0025,2026-09-14
3993,CLOUD-1404,,To Do,user0025,2026-09-14
3994,CLOUD-1404,To Do,In Progress,user0005,2026-09-21
3995,CLOUD-1404,In Progress,Testing,user0048,2026-09-16
3996,CLOUD-1404,Testing,Done,user0036,2026-09-26
3997,CLOUD-1405,,To Do,user0049,2026-09-14
3998,CLOUD-1405,To Do,In Progress,user0011,2026-09-15
3999,CLOUD-1406,,To Do,user0030,2026-09-14
4000,CLOUD-1406,To Do,In Progress,user0039,2026-09-21
4001,CLOUD-1406,In Progress,Testing,user0040,2026-09-20
4002,CLOUD-1406,Testing,Done,user0031,2026-09-17
4003,CLOUD-1406,Done,Reopened,user0021,2026-09-30
4004,PORTAL-1407,,To Do,user0021,2026-09-14
4005,PORTAL-1408,,To Do,user0040,2026-09-14
4006,PORTAL-1408,To Do,In Progress,user0033,2026-09-19
4007,DATA-1409,,To Do,user0015,2026-09-14
4008,CRM-1410,,To Do,user0005,2026-09-14
4009,CRM-1410,To Do,In Progress,user0046,2026-09-18
4010,PORTAL-1411,,To Do,user0031,2026-09-14
4011,PORTAL-1411,To Do,In Progress,user0019,2026-09-15
4012,PORTAL-1411,In Progress,Testing,user0007,2026-09-24
4013,PORTAL-1412,,To Do,user0042,2026-09-14
4014,PORTAL-1412,To Do,In Progress,user0034,2026-09-15
4015,PORTAL-1412,In Progress,Testing,user0024,2026-09-28
4016,PORTAL-1412,Testing,Done,user0009,2026-09-26
4017,ERP-1413,,To Do,user0016,2026-09-14
4018,ERP-1413,To Do,In Progress,user0035,2026-09-16
4019,ERP-1413,In Progress,Testing,user0044,2026-09-28
4020,BI-1414,,To Do,user0008,2026-09-14
4021,SEC-1415,,To Do,user0032,2026-09-14
4022,MOB-1416,,To Do,user0038,2026-09-14
4023,CLOUD-1417,,To Do,user0003,2026-09-14
4024,CLOUD-1417,To Do,In Progress,user0029,2026-09-16
4025,CLOUD-1417,In Progress,Testing,user0044,2026-09-18
4026,CLOUD-1417,Testing,Done,user0042,2026-09-23
4027,CLOUD-1418,,To Do,user0004,2026-09-14
4028,ECOM-1419,,To Do,user0043,2026-09-14
4029,ECOM-1419,To Do,In Progress,user0043,2026-09-19
4030,ECOM-1419,In Progress,Testing,user0008,2026-09-20
4031,ECOM-1419,Testing,Done,user0040,2026-10-02
4032,ERP-1420,,To Do,user0006,2026-09-14
4033,ERP-1420,To Do,In Progress,user0004,2026-09-16
4034,ERP-1420,In Progress,Blocked,user0020,2026-09-22
4035,BANK-1421,,To Do,user0024,2026-09-14
4036,BANK-1421,To Do,In Progress,user0039,2026-09-16
4037,MOB-1422,,To Do,user0041,2026-09-14
4038,BI-1423,,To Do,user0013,2026-09-14
4039,BI-1423,To Do,In Progress,user0040,2026-09-17
4040,BI-1423,In Progress,Testing,user0011,2026-09-28
4041,BI-1423,Testing,Done,user0002,2026-10-02
4042,CLOUD-1424,,To Do,user0031,2026-09-14
4043,CLOUD-1424,To Do,In Progress,user0003,2026-09-20
4044,CLOUD-1424,In Progress,Testing,user0036,2026-09-28
4045,CLOUD-1424,Testing,Done,user0038,2026-09-20
4046,DATA-1425,,To Do,user0009,2026-09-14
4047,DATA-1425,To Do,In Progress,user0043,2026-09-21
4048,CRM-1426,,To Do,user0027,2026-09-14
4049,CRM-1426,To Do,In Progress,user0047,2026-09-16
4050,CRM-1426,In Progress,Blocked,user0014,2026-09-16
4051,CRM-1427,,To Do,user0032,2026-09-14
4052,CRM-1427,To Do,In Progress,user0049,2026-09-19
4053,CRM-1427,In Progress,Testing,user0041,2026-09-18
4054,CRM-1427,Testing,Done,user0005,2026-09-26
4055,SEC-1428,,To Do,user0042,2026-09-14
4056,PORTAL-1429,,To Do,user0017,2026-09-14
4057,PORTAL-1429,To Do,In Progress,user0047,2026-09-16
4058,ECOM-1430,,To Do,user0018,2026-09-14
4059,ECOM-1430,To Do,In Progress,user0047,2026-09-21
4060,MOB-1431,,To Do,user0007,2026-09-14
4061,MOB-1432,,To Do,user0041,2026-09-14
4062,DATA-1433,,To Do,user0042,2026-09-14
4063,DATA-1433,To Do,In Progress,user0032,2026-09-21
4064,DATA-1433,In Progress,Testing,user0035,2026-09-24
4065,CLOUD-1434,,To Do,user0043,2026-09-14
4066,CLOUD-1434,To Do,In Progress,user0045,2026-09-15
4067,CLOUD-1434,In Progress,Testing,user0013,2026-09-18
4068,CLOUD-1434,Testing,Done,user0008,2026-09-20
4069,CLOUD-1435,,To Do,user0027,2026-09-14
4070,CLOUD-1435,To Do,In Progress,user0013,2026-09-15
4071,CLOUD-1435,In Progress,Testing,user0035,2026-09-16
4072,ECOM-1436,,To Do,user0040,2026-09-14
4073,ECOM-1437,,To Do,user0012,2026-09-14
4074,ECOM-1437,To Do,In Progress,user0049,2026-09-20
4075,SEC-1438,,To Do,user0024,2026-09-14
4076,SEC-1438,To Do,In Progress,user0016,2026-09-18
4077,SEC-1438,In Progress,Testing,user0006,2026-09-26
4078,SEC-1438,Testing,Done,user0019,2026-09-17
4079,SEC-1438,Done,Reopened,user0011,2026-09-18
4080,ECOM-1439,,To Do,user0007,2026-09-14
4081,ECOM-1439,To Do,In Progress,user0014,2026-09-17
4082,ERP-1440,,To Do,user0033,2026-09-14
4083,ERP-1440,To Do,In Progress,user0001,2026-09-21
4084,ERP-1440,In Progress,Testing,user0019,2026-09-28
4085,ERP-1440,Testing,Done,user0011,2026-09-17
4086,MOB-1441,,To Do,user0027,2026-09-14
4087,MOB-1441,To Do,In Progress,user0030,2026-09-15
4088,CLOUD-1442,,To Do,user0035,2026-09-14
4089,CLOUD-1442,To Do,In Progress,user0011,2026-09-15
4090,PORTAL-1443,,To Do,user0045,2026-09-14
4091,PORTAL-1443,To Do,In Progress,user0038,2026-09-19
4092,PORTAL-1443,In Progress,Testing,user0016,2026-09-18
4093,PORTAL-1443,Testing,Done,user0015,2026-09-20
4094,PORTAL-1443,Done,Reopened,user0024,2026-09-26
4095,CRM-1444,,To Do,user0009,2026-09-14
4096,CRM-1444,To Do,In Progress,user0010,2026-09-20
4097,CRM-1444,In Progress,Testing,user0047,2026-09-28
4098,CRM-1444,Testing,Done,user0043,2026-09-20
4099,CRM-1444,Done,Reopened,user0006,2026-10-08
4100,DATA-1445,,To Do,user0031,2026-09-14
4101,DATA-1445,To Do,In Progress,user0032,2026-09-20
4102,DATA-1445,In Progress,Testing,user0008,2026-09-24
4103,DATA-1445,Testing,Done,user0012,2026-09-26
4104,ECOM-1446,,To Do,user0008,2026-09-14
4105,ECOM-1446,To Do,In Progress,user0018,2026-09-20
4106,ECOM-1446,In Progress,Testing,user0031,2026-09-18
4107,ERP-1447,,To Do,user0024,2026-09-14
4108,ECOM-1448,,To Do,user0028,2026-09-14
4109,ECOM-1448,To Do,In Progress,user0029,2026-09-17
4110,ECOM-1448,In Progress,Blocked,user0002,2026-09-28
4111,BANK-1449,,To Do,user0028,2026-09-14
4112,BANK-1449,To Do,In Progress,user0005,2026-09-16
4113,PORTAL-1450,,To Do,user0017,2026-09-14
4114,PORTAL-1450,To Do,In Progress,user0027,2026-09-15
4115,PORTAL-1450,In Progress,Testing,user0021,2026-09-18
4116,CRM-1451,,To Do,user0044,2026-09-14
4117,CLOUD-1452,,To Do,user0005,2026-09-14
4118,PORTAL-1453,,To Do,user0012,2026-09-14
4119,PORTAL-1453,To Do,In Progress,user0002,2026-09-15
4120,SEC-1454,,To Do,user0042,2026-09-14
4121,CLOUD-1455,,To Do,user0008,2026-09-14
4122,CLOUD-1455,To Do,In Progress,user0017,2026-09-21
4123,CLOUD-1455,In Progress,Testing,user0003,2026-09-16
4124,CLOUD-1455,Testing,Done,user0025,2026-10-02
4125,MOB-1456,,To Do,user0021,2026-09-14
4126,MOB-1456,To Do,In Progress,user0033,2026-09-17
4127,MOB-1456,In Progress,Testing,user0001,2026-09-18
4128,MOB-1456,Testing,Done,user0044,2026-09-17
4129,MOB-1456,Done,Reopened,user0017,2026-10-04
4130,CLOUD-1457,,To Do,user0005,2026-09-14
4131,BANK-1458,,To Do,user0009,2026-09-14
4132,BANK-1458,To Do,In Progress,user0018,2026-09-21
4133,SEC-1459,,To Do,user0023,2026-09-14
4134,SEC-1459,To Do,In Progress,user0025,2026-09-15
4135,SEC-1459,In Progress,Testing,user0039,2026-09-16
4136,ERP-1460,,To Do,user0027,2026-09-14
4137,CRM-1461,,To Do,user0016,2026-09-14
4138,ERP-1462,,To Do,user0030,2026-09-14
4139,ERP-1462,To Do,In Progress,user0040,2026-09-15
4140,ERP-1462,In Progress,Blocked,user0014,2026-09-18
4141,BANK-1463,,To Do,user0033,2026-09-14
4142,BANK-1463,To Do,In Progress,user0031,2026-09-20
4143,BANK-1463,In Progress,Testing,user0034,2026-09-24
4144,BANK-1463,Testing,Done,user0016,2026-10-05
4145,BANK-1464,,To Do,user0012,2026-09-14
4146,BANK-1464,To Do,In Progress,user0015,2026-09-20
4147,BANK-1464,In Progress,Blocked,user0049,2026-09-18
4148,CLOUD-1465,,To Do,user0016,2026-09-14
4149,CLOUD-1465,To Do,In Progress,user0025,2026-09-20
4150,MOB-1466,,To Do,user0029,2026-09-14
4151,BANK-1467,,To Do,user0002,2026-09-14
4152,BANK-1467,To Do,In Progress,user0036,2026-09-19
4153,BANK-1467,In Progress,Blocked,user0024,2026-09-24
4154,CLOUD-1468,,To Do,user0020,2026-09-14
4155,CLOUD-1468,To Do,In Progress,user0023,2026-09-16
4156,CLOUD-1469,,To Do,user0050,2026-09-14
4157,CLOUD-1469,To Do,In Progress,user0032,2026-09-15
4158,BI-1470,,To Do,user0008,2026-09-14
4159,BI-1470,To Do,In Progress,user0046,2026-09-16
4160,BI-1470,In Progress,Testing,user0033,2026-09-20
4161,CRM-1471,,To Do,user0006,2026-09-14
4162,CRM-1471,To Do,In Progress,user0011,2026-09-20
4163,CRM-1471,In Progress,Testing,user0024,2026-09-16
4164,CRM-1471,Testing,Done,user0049,2026-09-23
4165,ECOM-1472,,To Do,user0009,2026-09-14
4166,ECOM-1472,To Do,In Progress,user0036,2026-09-17
4167,ECOM-1472,In Progress,Testing,user0040,2026-09-24
4168,CRM-1473,,To Do,user0001,2026-09-14
4169,CRM-1473,To Do,In Progress,user0033,2026-09-21
4170,CRM-1473,In Progress,Testing,user0008,2026-09-22
4171,CRM-1473,Testing,Done,user0001,2026-09-20
4172,CRM-1474,,To Do,user0007,2026-09-14
4173,CRM-1474,To Do,In Progress,user0006,2026-09-18
4174,CRM-1474,In Progress,Testing,user0036,2026-09-28
4175,CRM-1474,Testing,Done,user0002,2026-09-29
4176,SEC-1475,,To Do,user0050,2026-09-14
4177,SEC-1475,To Do,In Progress,user0005,2026-09-21
4178,SEC-1475,In Progress,Testing,user0045,2026-09-16
4179,MOB-1476,,To Do,user0005,2026-09-14
4180,MOB-1476,To Do,In Progress,user0009,2026-09-20
4181,MOB-1476,In Progress,Testing,user0008,2026-09-22
4182,ECOM-1477,,To Do,user0038,2026-09-14
4183,SEC-1478,,To Do,user0045,2026-09-14
4184,MOB-1479,,To Do,user0001,2026-09-14
4185,MOB-1479,To Do,In Progress,user0045,2026-09-18
4186,PORTAL-1480,,To Do,user0004,2026-09-14
4187,CRM-1481,,To Do,user0009,2026-09-14
4188,ECOM-1482,,To Do,user0037,2026-09-14
4189,ECOM-1482,To Do,In Progress,user0025,2026-09-21
4190,SEC-1483,,To Do,user0018,2026-09-14
4191,SEC-1483,To Do,In Progress,user0046,2026-09-18
4192,BANK-1484,,To Do,user0031,2026-09-14
4193,BANK-1484,To Do,In Progress,user0033,2026-09-18
4194,BANK-1484,In Progress,Testing,user0013,2026-09-16
4195,BANK-1484,Testing,Done,user0037,2026-09-23
4196,BANK-1485,,To Do,user0013,2026-09-14
4197,BANK-1485,To Do,In Progress,user0028,2026-09-15
4198,BANK-1485,In Progress,Testing,user0015,2026-09-28
4199,BANK-1485,Testing,Done,user0039,2026-10-02
4200,CRM-1486,,To Do,user0045,2026-09-14
4201,CRM-1486,To Do,In Progress,user0020,2026-09-21
4202,CRM-1486,In Progress,Testing,user0016,2026-09-24
4203,CRM-1486,Testing,Done,user0024,2026-09-23
4204,SEC-1487,,To Do,user0020,2026-09-14
4205,SEC-1487,To Do,In Progress,user0002,2026-09-19
4206,CRM-1488,,To Do,user0022,2026-09-14
4207,CRM-1488,To Do,In Progress,user0020,2026-09-18
4208,CRM-1489,,To Do,user0006,2026-09-14
4209,CRM-1489,To Do,In Progress,user0029,2026-09-18
4210,CRM-1489,In Progress,Blocked,user0021,2026-09-16
4211,SEC-1490,,To Do,user0027,2026-09-14
4212,SEC-1490,To Do,In Progress,user0034,2026-09-17
4213,ECOM-1491,,To Do,user0045,2026-09-14
4214,BANK-1492,,To Do,user0017,2026-09-14
4215,BANK-1492,To Do,In Progress,user0010,2026-09-16
4216,BI-1493,,To Do,user0046,2026-09-14
4217,SEC-1494,,To Do,user0050,2026-09-14
4218,SEC-1494,To Do,In Progress,user0038,2026-09-18
4219,BANK-1495,,To Do,user0015,2026-09-14
4220,BANK-1495,To Do,In Progress,user0035,2026-09-15
4221,BANK-1495,In Progress,Blocked,user0007,2026-09-26
4222,BI-1496,,To Do,user0035,2026-09-14
4223,BI-1496,To Do,In Progress,user0040,2026-09-19
4224,BI-1496,In Progress,Testing,user0001,2026-09-22
4225,BI-1496,Testing,Done,user0040,2026-09-29
4226,DATA-1497,,To Do,user0046,2026-09-14
4227,BI-1498,,To Do,user0041,2026-09-14
4228,BI-1498,To Do,In Progress,user0025,2026-09-16
4229,BI-1498,In Progress,Testing,user0017,2026-09-18
4230,BI-1498,Testing,Done,user0004,2026-09-20
4231,CLOUD-1499,,To Do,user0010,2026-09-14
4232,CLOUD-1499,To Do,In Progress,user0011,2026-09-18
4233,CLOUD-1499,In Progress,Testing,user0019,2026-09-16
4234,CLOUD-1499,Testing,Done,user0009,2026-09-29
4235,CRM-1500,,To Do,user0002,2026-09-14
4236,MOB-1501,,To Do,user0023,2026-09-14
4237,MOB-1501,To Do,In Progress,user0005,2026-09-16
4238,MOB-1501,In Progress,Testing,user0050,2026-09-22
4239,MOB-1501,Testing,Done,user0035,2026-09-20
4240,CLOUD-1502,,To Do,user0004,2026-09-14
4241,BANK-1503,,To Do,user0043,2026-09-14
4242,BANK-1503,To Do,In Progress,user0040,2026-09-19
4243,CLOUD-1504,,To Do,user0016,2026-09-14
4244,CLOUD-1504,To Do,In Progress,user0014,2026-09-20
4245,CLOUD-1504,In Progress,Testing,user0041,2026-09-26
4246,CLOUD-1504,Testing,Done,user0019,2026-09-20
4247,MOB-1505,,To Do,user0031,2026-09-14
4248,MOB-1505,To Do,In Progress,user0022,2026-09-15
4249,MOB-1505,In Progress,Testing,user0011,2026-09-26
4250,MOB-1505,Testing,Done,user0036,2026-09-23
4251,MOB-1505,Done,Reopened,user0038,2026-10-12
4252,DATA-1506,,To Do,user0039,2026-09-14
4253,DATA-1506,To Do,In Progress,user0046,2026-09-20
4254,DATA-1506,In Progress,Testing,user0050,2026-09-22
4255,DATA-1506,Testing,Done,user0015,2026-09-26
4256,ECOM-1507,,To Do,user0004,2026-09-14
4257,SEC-1508,,To Do,user0007,2026-09-14
4258,SEC-1508,To Do,In Progress,user0025,2026-09-21
4259,CLOUD-1509,,To Do,user0029,2026-09-14
4260,CLOUD-1509,To Do,In Progress,user0012,2026-09-21
4261,CLOUD-1509,In Progress,Testing,user0034,2026-09-28
4262,SEC-1510,,To Do,user0035,2026-09-14
4263,BI-1511,,To Do,user0050,2026-09-14
4264,BI-1511,To Do,In Progress,user0024,2026-09-19
4265,BI-1511,In Progress,Testing,user0035,2026-09-26
4266,BI-1511,Testing,Done,user0003,2026-09-23
4267,ECOM-1512,,To Do,user0016,2026-09-14
4268,ECOM-1512,To Do,In Progress,user0019,2026-09-21
4269,CLOUD-1513,,To Do,user0006,2026-09-14
4270,CLOUD-1513,To Do,In Progress,user0002,2026-09-19
4271,CLOUD-1513,In Progress,Testing,user0044,2026-09-28
4272,CLOUD-1513,Testing,Done,user0023,2026-09-29
4273,BI-1514,,To Do,user0029,2026-09-14
4274,BI-1514,To Do,In Progress,user0014,2026-09-20
4275,BI-1514,In Progress,Testing,user0026,2026-09-20
4276,BI-1514,Testing,Done,user0049,2026-09-29
4277,ERP-1515,,To Do,user0046,2026-09-14
4278,ERP-1515,To Do,In Progress,user0046,2026-09-18
4279,ERP-1515,In Progress,Testing,user0022,2026-09-22
4280,BI-1516,,To Do,user0036,2026-09-14
4281,BI-1516,To Do,In Progress,user0039,2026-09-21
4282,BI-1516,In Progress,Testing,user0004,2026-09-22
4283,BI-1516,Testing,Done,user0022,2026-09-17
4284,CRM-1517,,To Do,user0045,2026-09-14
4285,CRM-1517,To Do,In Progress,user0019,2026-09-20
4286,CRM-1517,In Progress,Blocked,user0043,2026-09-18
4287,CLOUD-1518,,To Do,user0043,2026-09-14
4288,CLOUD-1518,To Do,In Progress,user0032,2026-09-20
4289,CLOUD-1518,In Progress,Testing,user0040,2026-09-16
4290,PORTAL-1519,,To Do,user0024,2026-09-14
4291,PORTAL-1519,To Do,In Progress,user0031,2026-09-17
4292,ERP-1520,,To Do,user0042,2026-09-14
4293,ERP-1520,To Do,In Progress,user0011,2026-09-21
4294,ERP-1520,In Progress,Testing,user0004,2026-09-16
4295,CLOUD-1521,,To Do,user0021,2026-09-14
4296,BANK-1522,,To Do,user0015,2026-09-14
4297,BANK-1522,To Do,In Progress,user0050,2026-09-18
4298,BANK-1522,In Progress,Testing,user0034,2026-09-24
4299,BANK-1522,Testing,Done,user0050,2026-10-02
4300,ECOM-1523,,To Do,user0004,2026-09-14
4301,CRM-1524,,To Do,user0037,2026-09-14
4302,CRM-1524,To Do,In Progress,user0018,2026-09-18
4303,CRM-1524,In Progress,Testing,user0021,2026-09-18
4304,CRM-1524,Testing,Done,user0049,2026-10-02
4305,ERP-1525,,To Do,user0035,2026-09-14
4306,ERP-1525,To Do,In Progress,user0003,2026-09-16
4307,CLOUD-1526,,To Do,user0035,2026-09-14
4308,CLOUD-1526,To Do,In Progress,user0032,2026-09-18
4309,CLOUD-1526,In Progress,Testing,user0029,2026-09-22
4310,CLOUD-1526,Testing,Done,user0006,2026-10-02
4311,MOB-1527,,To Do,user0037,2026-09-14
4312,MOB-1527,To Do,In Progress,user0042,2026-09-17
4313,MOB-1527,In Progress,Testing,user0047,2026-09-20
4314,MOB-1527,Testing,Done,user0005,2026-09-17
4315,CLOUD-1528,,To Do,user0015,2026-09-14
4316,CLOUD-1528,To Do,In Progress,user0001,2026-09-20
4317,CLOUD-1528,In Progress,Testing,user0007,2026-09-24
4318,CLOUD-1528,Testing,Done,user0045,2026-09-20
4319,MOB-1529,,To Do,user0047,2026-09-14
4320,MOB-1529,To Do,In Progress,user0029,2026-09-15
4321,MOB-1529,In Progress,Testing,user0025,2026-09-18
4322,ECOM-1530,,To Do,user0012,2026-09-14
4323,ECOM-1530,To Do,In Progress,user0027,2026-09-15
4324,ECOM-1530,In Progress,Testing,user0050,2026-09-26
4325,ECOM-1530,Testing,Done,user0032,2026-09-20
4326,ECOM-1530,Done,Reopened,user0017,2026-09-22
4327,PORTAL-1531,,To Do,user0030,2026-09-14
4328,PORTAL-1531,To Do,In Progress,user0037,2026-09-15
4329,PORTAL-1531,In Progress,Testing,user0049,2026-09-24
4330,PORTAL-1531,Testing,Done,user0031,2026-09-26
4331,CRM-1532,,To Do,user0024,2026-09-14
4332,CRM-1532,To Do,In Progress,user0030,2026-09-15
4333,CRM-1533,,To Do,user0028,2026-09-14
4334,CRM-1533,To Do,In Progress,user0015,2026-09-16
4335,PORTAL-1534,,To Do,user0010,2026-09-14
4336,PORTAL-1534,To Do,In Progress,user0009,2026-09-17
4337,PORTAL-1534,In Progress,Testing,user0044,2026-09-22
4338,PORTAL-1534,Testing,Done,user0044,2026-09-23
4339,BANK-1535,,To Do,user0024,2026-09-14
4340,BANK-1535,To Do,In Progress,user0045,2026-09-17
4341,BANK-1535,In Progress,Blocked,user0029,2026-09-26
4342,CRM-1536,,To Do,user0029,2026-09-14
4343,CRM-1536,To Do,In Progress,user0043,2026-09-18
4344,ECOM-1537,,To Do,user0008,2026-09-14
4345,ECOM-1537,To Do,In Progress,user0011,2026-09-15
4346,ECOM-1537,In Progress,Testing,user0001,2026-09-28
4347,ECOM-1537,Testing,Done,user0023,2026-09-17
4348,ERP-1538,,To Do,user0021,2026-09-14
4349,ERP-1538,To Do,In Progress,user0021,2026-09-20
4350,PORTAL-1539,,To Do,user0016,2026-09-14
4351,PORTAL-1539,To Do,In Progress,user0048,2026-09-15
4352,ECOM-1540,,To Do,user0017,2026-09-14
4353,DATA-1541,,To Do,user0031,2026-09-14
4354,DATA-1541,To Do,In Progress,user0047,2026-09-21
4355,DATA-1541,In Progress,Blocked,user0013,2026-09-20
4356,ERP-1542,,To Do,user0039,2026-09-14
4357,ERP-1542,To Do,In Progress,user0034,2026-09-16
4358,BI-1543,,To Do,user0011,2026-09-14
4359,BI-1543,To Do,In Progress,user0029,2026-09-20
4360,BI-1543,In Progress,Testing,user0001,2026-09-28
4361,BANK-1544,,To Do,user0042,2026-09-14
4362,ECOM-1545,,To Do,user0039,2026-09-14
4363,ECOM-1545,To Do,In Progress,user0014,2026-09-20
4364,MOB-1546,,To Do,user0023,2026-09-14
4365,MOB-1546,To Do,In Progress,user0042,2026-09-19
4366,BI-1547,,To Do,user0012,2026-09-14
4367,BI-1547,To Do,In Progress,user0011,2026-09-17
4368,BI-1547,In Progress,Testing,user0036,2026-09-18
4369,BI-1547,Testing,Done,user0017,2026-09-23
4370,CRM-1548,,To Do,user0009,2026-09-14
4371,CRM-1548,To Do,In Progress,user0045,2026-09-16
4372,ERP-1549,,To Do,user0035,2026-09-14
4373,ERP-1550,,To Do,user0001,2026-09-14
4374,ERP-1550,To Do,In Progress,user0048,2026-09-15
4375,ERP-1550,In Progress,Testing,user0005,2026-09-22
4376,ERP-1550,Testing,Done,user0026,2026-09-17
4377,SEC-1551,,To Do,user0032,2026-09-14
4378,SEC-1551,To Do,In Progress,user0005,2026-09-19
4379,ECOM-1552,,To Do,user0008,2026-09-14
4380,ECOM-1552,To Do,In Progress,user0028,2026-09-19
4381,ECOM-1552,In Progress,Testing,user0038,2026-09-24
4382,ECOM-1552,Testing,Done,user0016,2026-10-05
4383,BANK-1553,,To Do,user0014,2026-09-14
4384,CLOUD-1554,,To Do,user0044,2026-09-14
4385,CLOUD-1554,To Do,In Progress,user0047,2026-09-20
4386,CLOUD-1554,In Progress,Testing,user0050,2026-09-20
4387,CLOUD-1554,Testing,Done,user0013,2026-09-23
4388,MOB-1555,,To Do,user0041,2026-09-14
4389,MOB-1555,To Do,In Progress,user0050,2026-09-17
4390,MOB-1555,In Progress,Testing,user0045,2026-09-22
4391,MOB-1555,Testing,Done,user0005,2026-10-02
4392,ERP-1556,,To Do,user0036,2026-09-14
4393,ERP-1556,To Do,In Progress,user0004,2026-09-17
4394,CRM-1557,,To Do,user0014,2026-09-14
4395,CRM-1557,To Do,In Progress,user0033,2026-09-21
4396,CRM-1557,In Progress,Blocked,user0049,2026-09-20
4397,CLOUD-1558,,To Do,user0024,2026-09-14
4398,ECOM-1559,,To Do,user0034,2026-09-14
4399,ECOM-1559,To Do,In Progress,user0001,2026-09-18
4400,PORTAL-1560,,To Do,user0040,2026-09-14
4401,PORTAL-1560,To Do,In Progress,user0006,2026-09-20
4402,PORTAL-1560,In Progress,Testing,user0013,2026-09-24
4403,PORTAL-1560,Testing,Done,user0008,2026-10-05
4404,BANK-1561,,To Do,user0042,2026-09-14
4405,BANK-1561,To Do,In Progress,user0015,2026-09-18
4406,BANK-1561,In Progress,Blocked,user0015,2026-09-18
4407,DATA-1562,,To Do,user0013,2026-09-14
4408,DATA-1562,To Do,In Progress,user0007,2026-09-17
4409,DATA-1562,In Progress,Testing,user0022,2026-09-24
4410,DATA-1562,Testing,Done,user0040,2026-09-17
4411,BI-1563,,To Do,user0009,2026-09-14
4412,BI-1563,To Do,In Progress,user0016,2026-09-16
4413,BI-1563,In Progress,Testing,user0018,2026-09-20
4414,BI-1563,Testing,Done,user0044,2026-09-17
4415,BANK-1564,,To Do,user0048,2026-09-14
4416,BANK-1564,To Do,In Progress,user0037,2026-09-20
4417,ERP-1565,,To Do,user0048,2026-09-14
4418,ERP-1565,To Do,In Progress,user0047,2026-09-20
4419,ERP-1565,In Progress,Blocked,user0016,2026-09-26
4420,CLOUD-1566,,To Do,user0036,2026-09-14
4421,CLOUD-1566,To Do,In Progress,user0040,2026-09-20
4422,PORTAL-1567,,To Do,user0016,2026-09-14
4423,PORTAL-1567,To Do,In Progress,user0013,2026-09-16
4424,PORTAL-1567,In Progress,Testing,user0029,2026-09-18
4425,SEC-1568,,To Do,user0034,2026-09-14
4426,SEC-1568,To Do,In Progress,user0014,2026-09-18
4427,SEC-1568,In Progress,Testing,user0043,2026-09-26
4428,CLOUD-1569,,To Do,user0021,2026-09-14
4429,CLOUD-1569,To Do,In Progress,user0034,2026-09-20
4430,ECOM-1570,,To Do,user0021,2026-09-14
4431,PORTAL-1571,,To Do,user0036,2026-09-14
4432,PORTAL-1571,To Do,In Progress,user0040,2026-09-16
4433,PORTAL-1571,In Progress,Testing,user0038,2026-09-26
4434,SEC-1572,,To Do,user0039,2026-09-14
4435,SEC-1572,To Do,In Progress,user0022,2026-09-20
4436,MOB-1573,,To Do,user0048,2026-09-14
4437,MOB-1573,To Do,In Progress,user0005,2026-09-19
4438,CRM-1574,,To Do,user0034,2026-09-14
4439,CRM-1574,To Do,In Progress,user0001,2026-09-19
4440,CRM-1574,In Progress,Testing,user0040,2026-09-20
4441,MOB-1575,,To Do,user0005,2026-09-14
4442,MOB-1575,To Do,In Progress,user0022,2026-09-17
4443,MOB-1575,In Progress,Testing,user0032,2026-09-22
4444,MOB-1575,Testing,Done,user0026,2026-09-23
4445,CLOUD-1576,,To Do,user0009,2026-09-14
4446,CLOUD-1576,To Do,In Progress,user0012,2026-09-21
4447,CLOUD-1576,In Progress,Testing,user0013,2026-09-22
4448,DATA-1577,,To Do,user0003,2026-09-14
4449,DATA-1577,To Do,In Progress,user0016,2026-09-18
4450,SEC-1578,,To Do,user0019,2026-09-14
4451,SEC-1578,To Do,In Progress,user0003,2026-09-18
4452,SEC-1578,In Progress,Testing,user0034,2026-09-20
4453,SEC-1578,Testing,Done,user0004,2026-09-26
4454,ERP-1579,,To Do,user0009,2026-09-14
4455,SEC-1580,,To Do,user0041,2026-09-14
4456,MOB-1581,,To Do,user0018,2026-09-14
4457,ECOM-1582,,To Do,user0035,2026-09-14
4458,ECOM-1582,To Do,In Progress,user0007,2026-09-19
4459,ECOM-1582,In Progress,Testing,user0010,2026-09-24
4460,ECOM-1582,Testing,Done,user0019,2026-09-29
4461,SEC-1583,,To Do,user0018,2026-09-14
4462,SEC-1583,To Do,In Progress,user0028,2026-09-18
4463,SEC-1583,In Progress,Blocked,user0013,2026-09-18
4464,PORTAL-1584,,To Do,user0043,2026-09-14
4465,PORTAL-1584,To Do,In Progress,user0032,2026-09-18
4466,BI-1585,,To Do,user0039,2026-09-14
4467,BI-1585,To Do,In Progress,user0016,2026-09-19
4468,BI-1585,In Progress,Testing,user0002,2026-09-24
4469,BI-1585,Testing,Done,user0050,2026-09-23
4470,SEC-1586,,To Do,user0003,2026-09-14
4471,SEC-1586,To Do,In Progress,user0016,2026-09-15
4472,SEC-1586,In Progress,Blocked,user0001,2026-09-28
4473,BANK-1587,,To Do,user0030,2026-09-14
4474,BANK-1587,To Do,In Progress,user0001,2026-09-18
4475,BI-1588,,To Do,user0038,2026-09-14
4476,BI-1588,To Do,In Progress,user0038,2026-09-15
4477,PORTAL-1589,,To Do,user0048,2026-09-14
4478,PORTAL-1589,To Do,In Progress,user0039,2026-09-18
4479,PORTAL-1589,In Progress,Blocked,user0030,2026-09-24
4480,ERP-1590,,To Do,user0022,2026-09-14
4481,ERP-1590,To Do,In Progress,user0038,2026-09-18
4482,ECOM-1591,,To Do,user0044,2026-09-14
4483,ECOM-1591,To Do,In Progress,user0014,2026-09-18
4484,ECOM-1591,In Progress,Testing,user0002,2026-09-16
4485,ECOM-1591,Testing,Done,user0004,2026-09-29
4486,DATA-1592,,To Do,user0012,2026-09-14
4487,DATA-1592,To Do,In Progress,user0048,2026-09-18
4488,DATA-1592,In Progress,Testing,user0015,2026-09-16
4489,DATA-1592,Testing,Done,user0011,2026-09-26
4490,DATA-1592,Done,Reopened,user0012,2026-10-12
4491,BANK-1593,,To Do,user0024,2026-09-14
4492,BANK-1593,To Do,In Progress,user0034,2026-09-18
4493,BANK-1593,In Progress,Testing,user0005,2026-09-20
4494,BANK-1593,Testing,Done,user0001,2026-09-29
4495,DATA-1594,,To Do,user0010,2026-09-14
4496,DATA-1594,To Do,In Progress,user0009,2026-09-16
4497,DATA-1594,In Progress,Testing,user0008,2026-09-16
4498,DATA-1594,Testing,Done,user0045,2026-09-20
4499,CLOUD-1595,,To Do,user0033,2026-09-14
4500,BANK-1596,,To Do,user0040,2026-09-14
4501,BANK-1596,To Do,In Progress,user0048,2026-09-20
4502,MOB-1597,,To Do,user0036,2026-09-14
4503,MOB-1597,To Do,In Progress,user0028,2026-09-18
4504,MOB-1597,In Progress,Testing,user0002,2026-09-28
4505,MOB-1597,Testing,Done,user0001,2026-09-26
4506,ECOM-1598,,To Do,user0020,2026-09-14
4507,CLOUD-1599,,To Do,user0045,2026-09-14
4508,CLOUD-1599,To Do,In Progress,user0038,2026-09-21
4509,MOB-1600,,To Do,user0032,2026-09-14
4510,MOB-1600,To Do,In Progress,user0050,2026-09-16
4511,MOB-1600,In Progress,Testing,user0006,2026-09-20
4512,MOB-1600,Testing,Done,user0036,2026-09-26
4513,BANK-1601,,To Do,user0048,2026-09-14
4514,ECOM-1602,,To Do,user0043,2026-09-14
4515,ECOM-1602,To Do,In Progress,user0017,2026-09-20
4516,ECOM-1602,In Progress,Testing,user0045,2026-09-20
4517,ECOM-1602,Testing,Done,user0014,2026-10-05
4518,DATA-1603,,To Do,user0025,2026-09-14
4519,DATA-1603,To Do,In Progress,user0033,2026-09-19
4520,DATA-1604,,To Do,user0005,2026-09-14
4521,DATA-1604,To Do,In Progress,user0003,2026-09-20
4522,DATA-1604,In Progress,Testing,user0013,2026-09-20
4523,ECOM-1605,,To Do,user0020,2026-09-14
4524,ECOM-1605,To Do,In Progress,user0024,2026-09-15
4525,ECOM-1605,In Progress,Testing,user0019,2026-09-18
4526,ECOM-1605,Testing,Done,user0019,2026-09-26
4527,ECOM-1605,Done,Reopened,user0012,2026-10-04
4528,CRM-1606,,To Do,user0041,2026-09-14
4529,CRM-1606,To Do,In Progress,user0014,2026-09-21
4530,CRM-1606,In Progress,Blocked,user0044,2026-09-16
4531,MOB-1607,,To Do,user0005,2026-09-14
4532,MOB-1607,To Do,In Progress,user0004,2026-09-21
4533,MOB-1607,In Progress,Testing,user0047,2026-09-22
4534,MOB-1607,Testing,Done,user0038,2026-09-29
4535,SEC-1608,,To Do,user0015,2026-09-14
4536,SEC-1608,To Do,In Progress,user0023,2026-09-17
4537,SEC-1608,In Progress,Testing,user0023,2026-09-22
4538,SEC-1608,Testing,Done,user0015,2026-09-17
4539,ERP-1609,,To Do,user0043,2026-09-14
4540,ERP-1609,To Do,In Progress,user0031,2026-09-15
4541,ERP-1609,In Progress,Testing,user0011,2026-09-26
4542,ERP-1609,Testing,Done,user0030,2026-09-26
4543,ERP-1609,Done,Reopened,user0020,2026-10-12
4544,CLOUD-1610,,To Do,user0043,2026-09-14
4545,CLOUD-1610,To Do,In Progress,user0021,2026-09-21
4546,CRM-1611,,To Do,user0016,2026-09-14
4547,MOB-1612,,To Do,user0015,2026-09-14
4548,MOB-1612,To Do,In Progress,user0025,2026-09-19
4549,MOB-1612,In Progress,Testing,user0021,2026-09-18
4550,MOB-1612,Testing,Done,user0037,2026-10-02
4551,MOB-1613,,To Do,user0037,2026-09-14
4552,MOB-1613,To Do,In Progress,user0029,2026-09-15
4553,MOB-1613,In Progress,Testing,user0036,2026-09-28
4554,MOB-1613,Testing,Done,user0002,2026-10-05
4555,BANK-1614,,To Do,user0046,2026-09-14
4556,CLOUD-1615,,To Do,user0031,2026-09-14
4557,CLOUD-1615,To Do,In Progress,user0021,2026-09-15
4558,CLOUD-1615,In Progress,Testing,user0009,2026-09-18
4559,CLOUD-1615,Testing,Done,user0016,2026-09-26
4560,BANK-1616,,To Do,user0045,2026-09-14
4561,BANK-1616,To Do,In Progress,user0047,2026-09-16
4562,BANK-1616,In Progress,Testing,user0027,2026-09-18
4563,CRM-1617,,To Do,user0049,2026-09-14
4564,CRM-1617,To Do,In Progress,user0028,2026-09-19
4565,CRM-1617,In Progress,Testing,user0030,2026-09-16
4566,CRM-1617,Testing,Done,user0025,2026-09-17
4567,CRM-1617,Done,Reopened,user0005,2026-10-04
4568,CRM-1618,,To Do,user0049,2026-09-14
4569,CRM-1618,To Do,In Progress,user0013,2026-09-19
4570,MOB-1619,,To Do,user0034,2026-09-14
4571,MOB-1619,To Do,In Progress,user0032,2026-09-15
4572,MOB-1619,In Progress,Testing,user0007,2026-09-24
4573,MOB-1619,Testing,Done,user0050,2026-09-17
4574,MOB-1619,Done,Reopened,user0010,2026-09-26
4575,ECOM-1620,,To Do,user0042,2026-09-14
4576,CRM-1621,,To Do,user0001,2026-09-14
4577,CRM-1621,To Do,In Progress,user0021,2026-09-16
4578,CRM-1621,In Progress,Testing,user0042,2026-09-22
4579,CRM-1621,Testing,Done,user0014,2026-09-29
4580,SEC-1622,,To Do,user0020,2026-09-14
4581,BI-1623,,To Do,user0005,2026-09-14
4582,BI-1623,To Do,In Progress,user0008,2026-09-21
4583,BI-1623,In Progress,Testing,user0013,2026-09-26
4584,BI-1623,Testing,Done,user0050,2026-10-02
4585,CRM-1624,,To Do,user0022,2026-09-14
4586,CRM-1624,To Do,In Progress,user0040,2026-09-18
4587,CRM-1624,In Progress,Blocked,user0026,2026-09-28
4588,MOB-1625,,To Do,user0020,2026-09-14
4589,MOB-1625,To Do,In Progress,user0019,2026-09-17
4590,MOB-1625,In Progress,Testing,user0004,2026-09-16
4591,CLOUD-1626,,To Do,user0030,2026-09-14
4592,CLOUD-1626,To Do,In Progress,user0037,2026-09-19
4593,CLOUD-1626,In Progress,Testing,user0039,2026-09-22
4594,CLOUD-1626,Testing,Done,user0020,2026-09-29
4595,PORTAL-1627,,To Do,user0006,2026-09-14
4596,PORTAL-1627,To Do,In Progress,user0011,2026-09-17
4597,BANK-1628,,To Do,user0032,2026-09-14
4598,BANK-1628,To Do,In Progress,user0040,2026-09-20
4599,BANK-1628,In Progress,Blocked,user0008,2026-09-16
4600,CLOUD-1629,,To Do,user0044,2026-09-14
4601,CLOUD-1629,To Do,In Progress,user0020,2026-09-18
4602,CLOUD-1629,In Progress,Blocked,user0023,2026-09-22
4603,PORTAL-1630,,To Do,user0003,2026-09-14
4604,SEC-1631,,To Do,user0024,2026-09-14
4605,CLOUD-1632,,To Do,user0016,2026-09-14
4606,CLOUD-1632,To Do,In Progress,user0012,2026-09-15
4607,CLOUD-1632,In Progress,Testing,user0001,2026-09-26
4608,CLOUD-1632,Testing,Done,user0028,2026-09-17
4609,DATA-1633,,To Do,user0048,2026-09-14
4610,DATA-1633,To Do,In Progress,user0023,2026-09-18
4611,DATA-1633,In Progress,Testing,user0011,2026-09-26
4612,DATA-1633,Testing,Done,user0011,2026-09-20
4613,ERP-1634,,To Do,user0020,2026-09-14
4614,BANK-1635,,To Do,user0002,2026-09-14
4615,BANK-1635,To Do,In Progress,user0019,2026-09-20
4616,BANK-1636,,To Do,user0010,2026-09-14
4617,BANK-1636,To Do,In Progress,user0030,2026-09-17
4618,BANK-1636,In Progress,Testing,user0001,2026-09-28
4619,BANK-1636,Testing,Done,user0011,2026-09-23
4620,BANK-1636,Done,Reopened,user0019,2026-10-04
4621,MOB-1637,,To Do,user0021,2026-09-14
4622,MOB-1637,To Do,In Progress,user0005,2026-09-15
4623,CLOUD-1638,,To Do,user0026,2026-09-14
4624,CLOUD-1638,To Do,In Progress,user0009,2026-09-18
4625,CLOUD-1638,In Progress,Testing,user0022,2026-09-20
4626,CLOUD-1638,Testing,Done,user0036,2026-09-17
4627,BANK-1639,,To Do,user0016,2026-09-14
4628,BANK-1639,To Do,In Progress,user0047,2026-09-16
4629,BANK-1640,,To Do,user0002,2026-09-14
4630,BANK-1640,To Do,In Progress,user0021,2026-09-19
4631,BANK-1640,In Progress,Testing,user0045,2026-09-26
4632,BANK-1640,Testing,Done,user0044,2026-09-29
4633,BANK-1640,Done,Reopened,user0029,2026-10-12
4634,DATA-1641,,To Do,user0010,2026-09-14
4635,DATA-1641,To Do,In Progress,user0037,2026-09-15
4636,DATA-1641,In Progress,Testing,user0011,2026-09-18
4637,DATA-1641,Testing,Done,user0039,2026-09-26
4638,DATA-1642,,To Do,user0018,2026-09-14
4639,DATA-1642,To Do,In Progress,user0025,2026-09-20
4640,CRM-1643,,To Do,user0015,2026-09-14
4641,CRM-1643,To Do,In Progress,user0002,2026-09-15
4642,CRM-1643,In Progress,Blocked,user0038,2026-09-18
4643,CRM-1644,,To Do,user0048,2026-09-14
4644,CRM-1644,To Do,In Progress,user0002,2026-09-16
4645,CRM-1644,In Progress,Testing,user0032,2026-09-24
4646,CRM-1644,Testing,Done,user0042,2026-09-26
4647,ECOM-1645,,To Do,user0034,2026-09-14
4648,ECOM-1645,To Do,In Progress,user0041,2026-09-16
4649,ECOM-1645,In Progress,Testing,user0032,2026-09-20
4650,ECOM-1645,Testing,Done,user0042,2026-09-17
4651,PORTAL-1646,,To Do,user0031,2026-09-14
4652,BANK-1647,,To Do,user0049,2026-09-14
4653,BANK-1647,To Do,In Progress,user0009,2026-09-18
4654,BANK-1647,In Progress,Testing,user0034,2026-09-16
4655,BANK-1647,Testing,Done,user0039,2026-10-02
4656,ERP-1648,,To Do,user0030,2026-09-14
4657,ERP-1648,To Do,In Progress,user0037,2026-09-19
4658,ERP-1648,In Progress,Testing,user0040,2026-09-22
4659,ERP-1648,Testing,Done,user0017,2026-09-20
4660,DATA-1649,,To Do,user0014,2026-09-14
4661,DATA-1649,To Do,In Progress,user0037,2026-09-16
4662,DATA-1649,In Progress,Testing,user0034,2026-09-20
4663,DATA-1649,Testing,Done,user0032,2026-09-17
4664,BANK-1650,,To Do,user0010,2026-09-14
4665,BANK-1650,To Do,In Progress,user0033,2026-09-18
4666,BANK-1650,In Progress,Testing,user0001,2026-09-24
4667,BANK-1650,Testing,Done,user0029,2026-09-17
4668,DATA-1651,,To Do,user0004,2026-09-14
4669,DATA-1651,To Do,In Progress,user0030,2026-09-15
4670,DATA-1651,In Progress,Testing,user0023,2026-09-22
4671,DATA-1651,Testing,Done,user0029,2026-09-23
4672,DATA-1651,Done,Reopened,user0023,2026-10-12
4673,DATA-1652,,To Do,user0015,2026-09-14
4674,DATA-1652,To Do,In Progress,user0005,2026-09-20
4675,DATA-1652,In Progress,Testing,user0041,2026-09-22
4676,DATA-1652,Testing,Done,user0045,2026-10-05
4677,BANK-1653,,To Do,user0049,2026-09-14
4678,BANK-1653,To Do,In Progress,user0008,2026-09-19
4679,SEC-1654,,To Do,user0030,2026-09-14
4680,BI-1655,,To Do,user0028,2026-09-14
4681,MOB-1656,,To Do,user0020,2026-09-14
4682,MOB-1656,To Do,In Progress,user0001,2026-09-20
4683,MOB-1656,In Progress,Testing,user0039,2026-09-26
4684,MOB-1656,Testing,Done,user0027,2026-10-02
4685,BI-1657,,To Do,user0001,2026-09-14
4686,BI-1657,To Do,In Progress,user0012,2026-09-15
4687,CLOUD-1658,,To Do,user0002,2026-09-14
4688,CLOUD-1658,To Do,In Progress,user0037,2026-09-16
4689,CRM-1659,,To Do,user0034,2026-09-14
4690,CRM-1659,To Do,In Progress,user0008,2026-09-20
4691,CRM-1659,In Progress,Testing,user0039,2026-09-26
4692,CRM-1659,Testing,Done,user0047,2026-09-26
4693,CRM-1659,Done,Reopened,user0043,2026-09-18
4694,MOB-1660,,To Do,user0029,2026-09-14
4695,MOB-1660,To Do,In Progress,user0022,2026-09-18
4696,MOB-1660,In Progress,Testing,user0022,2026-09-24
4697,MOB-1660,Testing,Done,user0019,2026-09-23
4698,DATA-1661,,To Do,user0036,2026-09-14
4699,DATA-1661,To Do,In Progress,user0036,2026-09-19
4700,DATA-1661,In Progress,Testing,user0022,2026-09-24
4701,DATA-1661,Testing,Done,user0013,2026-09-17
4702,CRM-1662,,To Do,user0032,2026-09-14
4703,CRM-1662,To Do,In Progress,user0005,2026-09-16
4704,CRM-1662,In Progress,Testing,user0037,2026-09-28
4705,CRM-1662,Testing,Done,user0002,2026-09-20
4706,BI-1663,,To Do,user0006,2026-09-14
4707,BI-1663,To Do,In Progress,user0002,2026-09-19
4708,BI-1663,In Progress,Testing,user0042,2026-09-24
4709,MOB-1664,,To Do,user0036,2026-09-14
4710,MOB-1664,To Do,In Progress,user0038,2026-09-16
4711,MOB-1664,In Progress,Testing,user0027,2026-09-28
4712,CLOUD-1665,,To Do,user0046,2026-09-14
4713,CLOUD-1665,To Do,In Progress,user0019,2026-09-20
4714,CLOUD-1665,In Progress,Testing,user0011,2026-09-22
4715,CRM-1666,,To Do,user0036,2026-09-14
4716,CRM-1666,To Do,In Progress,user0015,2026-09-18
4717,CRM-1666,In Progress,Testing,user0036,2026-09-28
4718,CRM-1666,Testing,Done,user0015,2026-09-23
4719,PORTAL-1667,,To Do,user0011,2026-09-14
4720,PORTAL-1667,To Do,In Progress,user0024,2026-09-15
4721,MOB-1668,,To Do,user0026,2026-09-14
4722,MOB-1668,To Do,In Progress,user0019,2026-09-16
4723,MOB-1668,In Progress,Testing,user0039,2026-09-18
4724,MOB-1668,Testing,Done,user0032,2026-10-02
4725,BI-1669,,To Do,user0033,2026-09-14
4726,BI-1669,To Do,In Progress,user0041,2026-09-16
4727,BI-1669,In Progress,Testing,user0009,2026-09-20
4728,BI-1669,Testing,Done,user0016,2026-10-05
4729,BI-1669,Done,Reopened,user0007,2026-10-04
4730,CLOUD-1670,,To Do,user0050,2026-09-14
4731,CLOUD-1670,To Do,In Progress,user0031,2026-09-17
4732,CRM-1671,,To Do,user0014,2026-09-14
4733,ERP-1672,,To Do,user0011,2026-09-14
4734,ERP-1672,To Do,In Progress,user0042,2026-09-21
4735,PORTAL-1673,,To Do,user0039,2026-09-14
4736,PORTAL-1673,To Do,In Progress,user0021,2026-09-17
4737,PORTAL-1673,In Progress,Testing,user0029,2026-09-28
4738,PORTAL-1673,Testing,Done,user0021,2026-09-23
4739,PORTAL-1674,,To Do,user0034,2026-09-14
4740,PORTAL-1674,To Do,In Progress,user0024,2026-09-16
4741,DATA-1675,,To Do,user0028,2026-09-14
4742,DATA-1675,To Do,In Progress,user0045,2026-09-17
4743,DATA-1675,In Progress,Blocked,user0005,2026-09-20
4744,MOB-1676,,To Do,user0037,2026-09-14
4745,MOB-1676,To Do,In Progress,user0002,2026-09-21
4746,MOB-1676,In Progress,Testing,user0041,2026-09-22
4747,MOB-1676,Testing,Done,user0018,2026-10-05
4748,CLOUD-1677,,To Do,user0017,2026-09-14
4749,ERP-1678,,To Do,user0009,2026-09-14
4750,ERP-1678,To Do,In Progress,user0032,2026-09-19
4751,PORTAL-1679,,To Do,user0009,2026-09-14
4752,PORTAL-1679,To Do,In Progress,user0050,2026-09-20
4753,PORTAL-1679,In Progress,Testing,user0012,2026-09-16
4754,PORTAL-1679,Testing,Done,user0009,2026-10-05
4755,PORTAL-1679,Done,Reopened,user0008,2026-09-22
4756,ERP-1680,,To Do,user0010,2026-09-14
4757,ERP-1680,To Do,In Progress,user0044,2026-09-16
4758,ERP-1680,In Progress,Testing,user0029,2026-09-26
4759,ERP-1680,Testing,Done,user0001,2026-10-02
4760,ERP-1680,Done,Reopened,user0015,2026-10-08
4761,ERP-1681,,To Do,user0041,2026-09-14
4762,ERP-1681,To Do,In Progress,user0042,2026-09-21
4763,ERP-1681,In Progress,Testing,user0009,2026-09-26
4764,ERP-1681,Testing,Done,user0033,2026-09-29
4765,SEC-1682,,To Do,user0039,2026-09-14
4766,SEC-1682,To Do,In Progress,user0031,2026-09-20
4767,CLOUD-1683,,To Do,user0004,2026-09-14
4768,CLOUD-1683,To Do,In Progress,user0012,2026-09-20
4769,CLOUD-1683,In Progress,Testing,user0048,2026-09-26
4770,CLOUD-1683,Testing,Done,user0002,2026-09-26
4771,ERP-1684,,To Do,user0041,2026-09-14
4772,ERP-1684,To Do,In Progress,user0009,2026-09-17
4773,ECOM-1685,,To Do,user0028,2026-09-14
4774,ECOM-1685,To Do,In Progress,user0049,2026-09-21
4775,ECOM-1686,,To Do,user0002,2026-09-14
4776,DATA-1687,,To Do,user0034,2026-09-14
4777,DATA-1687,To Do,In Progress,user0007,2026-09-17
4778,DATA-1687,In Progress,Testing,user0025,2026-09-16
4779,DATA-1687,Testing,Done,user0038,2026-10-05
4780,BANK-1688,,To Do,user0045,2026-09-14
4781,BANK-1688,To Do,In Progress,user0031,2026-09-18
4782,ECOM-1689,,To Do,user0042,2026-09-14
4783,ECOM-1689,To Do,In Progress,user0022,2026-09-18
4784,ECOM-1689,In Progress,Testing,user0009,2026-09-18
4785,ECOM-1689,Testing,Done,user0036,2026-09-20
4786,DATA-1690,,To Do,user0013,2026-09-14
4787,SEC-1691,,To Do,user0041,2026-09-14
4788,SEC-1691,To Do,In Progress,user0031,2026-09-18
4789,SEC-1691,In Progress,Blocked,user0026,2026-09-18
4790,CLOUD-1692,,To Do,user0019,2026-09-14
4791,CLOUD-1692,To Do,In Progress,user0008,2026-09-16
4792,CLOUD-1692,In Progress,Testing,user0035,2026-09-22
4793,CLOUD-1692,Testing,Done,user0046,2026-09-23
4794,DATA-1693,,To Do,user0043,2026-09-14
4795,DATA-1693,To Do,In Progress,user0011,2026-09-18
4796,SEC-1694,,To Do,user0011,2026-09-14
4797,SEC-1694,To Do,In Progress,user0047,2026-09-19
4798,CLOUD-1695,,To Do,user0002,2026-09-14
4799,DATA-1696,,To Do,user0047,2026-09-14
4800,DATA-1696,To Do,In Progress,user0046,2026-09-17
4801,DATA-1696,In Progress,Testing,user0015,2026-09-26
4802,CRM-1697,,To Do,user0039,2026-09-14
4803,CRM-1697,To Do,In Progress,user0029,2026-09-15
4804,MOB-1698,,To Do,user0019,2026-09-14
4805,MOB-1698,To Do,In Progress,user0012,2026-09-21
4806,MOB-1698,In Progress,Testing,user0014,2026-09-26
4807,MOB-1698,Testing,Done,user0004,2026-09-29
4808,CRM-1699,,To Do,user0042,2026-09-14
4809,CRM-1699,To Do,In Progress,user0028,2026-09-19
4810,ERP-1700,,To Do,user0006,2026-09-14
4811,ERP-1700,To Do,In Progress,user0006,2026-09-19
4812,BI-1701,,To Do,user0004,2026-09-14
4813,BI-1701,To Do,In Progress,user0035,2026-09-19
4814,BI-1701,In Progress,Testing,user0031,2026-09-16
4815,BI-1701,Testing,Done,user0021,2026-09-23
4816,SEC-1702,,To Do,user0045,2026-09-14
4817,SEC-1702,To Do,In Progress,user0046,2026-09-16
4818,SEC-1702,In Progress,Testing,user0050,2026-09-22
4819,SEC-1702,Testing,Done,user0041,2026-09-23
4820,CLOUD-1703,,To Do,user0032,2026-09-14
4821,CLOUD-1703,To Do,In Progress,user0001,2026-09-21
4822,CLOUD-1703,In Progress,Testing,user0017,2026-09-16
4823,CLOUD-1703,Testing,Done,user0003,2026-09-17
4824,DATA-1704,,To Do,user0048,2026-09-14
4825,DATA-1704,To Do,In Progress,user0015,2026-09-16
4826,DATA-1704,In Progress,Testing,user0025,2026-09-28
4827,SEC-1705,,To Do,user0011,2026-09-14
4828,SEC-1705,To Do,In Progress,user0025,2026-09-19
4829,BI-1706,,To Do,user0006,2026-09-14
4830,BI-1706,To Do,In Progress,user0026,2026-09-15
4831,BI-1706,In Progress,Testing,user0009,2026-09-24
4832,BANK-1707,,To Do,user0031,2026-09-14
4833,BANK-1707,To Do,In Progress,user0004,2026-09-20
4834,BANK-1707,In Progress,Testing,user0036,2026-09-18
4835,BANK-1707,Testing,Done,user0015,2026-09-29
4836,DATA-1708,,To Do,user0047,2026-09-14
4837,BANK-1709,,To Do,user0043,2026-09-14
4838,BANK-1709,To Do,In Progress,user0045,2026-09-16
4839,BANK-1709,In Progress,Blocked,user0028,2026-09-26
4840,DATA-1710,,To Do,user0017,2026-09-14
4841,DATA-1710,To Do,In Progress,user0002,2026-09-19
4842,ECOM-1711,,To Do,user0016,2026-09-14
4843,ECOM-1711,To Do,In Progress,user0046,2026-09-18
4844,ECOM-1711,In Progress,Testing,user0029,2026-09-20
4845,ECOM-1711,Testing,Done,user0028,2026-09-17
4846,CLOUD-1712,,To Do,user0034,2026-09-14
4847,CRM-1713,,To Do,user0032,2026-09-14
4848,CRM-1713,To Do,In Progress,user0038,2026-09-16
4849,CRM-1714,,To Do,user0015,2026-09-14
4850,CLOUD-1715,,To Do,user0039,2026-09-14
4851,CLOUD-1716,,To Do,user0005,2026-09-14
4852,CLOUD-1716,To Do,In Progress,user0006,2026-09-15
4853,CRM-1717,,To Do,user0023,2026-09-14
4854,CRM-1717,To Do,In Progress,user0018,2026-09-17
4855,DATA-1718,,To Do,user0024,2026-09-14
4856,DATA-1718,To Do,In Progress,user0032,2026-09-21
4857,CRM-1719,,To Do,user0017,2026-09-14
4858,BANK-1720,,To Do,user0034,2026-09-14
4859,BANK-1720,To Do,In Progress,user0002,2026-09-18
4860,BANK-1720,In Progress,Testing,user0036,2026-09-18
4861,SEC-1721,,To Do,user0045,2026-09-14
4862,BI-1722,,To Do,user0007,2026-09-14
4863,BI-1722,To Do,In Progress,user0018,2026-09-18
4864,ERP-1723,,To Do,user0019,2026-09-14
4865,ERP-1723,To Do,In Progress,user0002,2026-09-19
4866,CRM-1724,,To Do,user0050,2026-09-14
4867,ERP-1725,,To Do,user0040,2026-09-14
4868,ERP-1725,To Do,In Progress,user0016,2026-09-16
4869,ERP-1725,In Progress,Testing,user0034,2026-09-18
4870,ERP-1725,Testing,Done,user0013,2026-09-23
4871,ERP-1725,Done,Reopened,user0031,2026-09-22
4872,CLOUD-1726,,To Do,user0026,2026-09-14
4873,CLOUD-1726,To Do,In Progress,user0013,2026-09-16
4874,DATA-1727,,To Do,user0045,2026-09-14
4875,DATA-1727,To Do,In Progress,user0049,2026-09-17
4876,SEC-1728,,To Do,user0026,2026-09-14
4877,SEC-1729,,To Do,user0045,2026-09-14
4878,SEC-1729,To Do,In Progress,user0045,2026-09-15
4879,SEC-1729,In Progress,Testing,user0030,2026-09-28
4880,ECOM-1730,,To Do,user0025,2026-09-14
4881,ECOM-1730,To Do,In Progress,user0039,2026-09-18
4882,ECOM-1730,In Progress,Testing,user0008,2026-09-18
4883,ECOM-1730,Testing,Done,user0046,2026-09-29
4884,SEC-1731,,To Do,user0033,2026-09-14
4885,SEC-1731,To Do,In Progress,user0022,2026-09-21
4886,SEC-1731,In Progress,Testing,user0046,2026-09-18
4887,SEC-1731,Testing,Done,user0007,2026-10-02
4888,SEC-1732,,To Do,user0028,2026-09-14
4889,SEC-1732,To Do,In Progress,user0024,2026-09-16
4890,SEC-1732,In Progress,Testing,user0039,2026-09-18
4891,SEC-1732,Testing,Done,user0025,2026-09-23
4892,ECOM-1733,,To Do,user0038,2026-09-14
4893,SEC-1734,,To Do,user0044,2026-09-14
4894,SEC-1734,To Do,In Progress,user0032,2026-09-19
4895,PORTAL-1735,,To Do,user0012,2026-09-14
4896,PORTAL-1735,To Do,In Progress,user0017,2026-09-16
4897,ERP-1736,,To Do,user0047,2026-09-14
4898,CLOUD-1737,,To Do,user0038,2026-09-14
4899,CLOUD-1737,To Do,In Progress,user0038,2026-09-15
4900,CLOUD-1737,In Progress,Testing,user0013,2026-09-28
4901,CLOUD-1737,Testing,Done,user0017,2026-10-05
4902,PORTAL-1738,,To Do,user0025,2026-09-14
4903,PORTAL-1738,To Do,In Progress,user0050,2026-09-21
4904,PORTAL-1738,In Progress,Testing,user0050,2026-09-24
4905,PORTAL-1738,Testing,Done,user0027,2026-09-20
4906,DATA-1739,,To Do,user0020,2026-09-14
4907,DATA-1739,To Do,In Progress,user0020,2026-09-17
4908,DATA-1739,In Progress,Blocked,user0014,2026-09-24
4909,BI-1740,,To Do,user0017,2026-09-14
4910,BI-1740,To Do,In Progress,user0002,2026-09-15
4911,BI-1740,In Progress,Testing,user0024,2026-09-28
4912,BI-1740,Testing,Done,user0022,2026-09-23
4913,CLOUD-1741,,To Do,user0034,2026-09-14
4914,ERP-1742,,To Do,user0025,2026-09-14
4915,ERP-1742,To Do,In Progress,user0005,2026-09-15
4916,ERP-1742,In Progress,Testing,user0015,2026-09-24
4917,CLOUD-1743,,To Do,user0030,2026-09-14
4918,CLOUD-1744,,To Do,user0011,2026-09-14
4919,SEC-1745,,To Do,user0025,2026-09-14
4920,SEC-1745,To Do,In Progress,user0021,2026-09-18
4921,PORTAL-1746,,To Do,user0049,2026-09-14
4922,ECOM-1747,,To Do,user0026,2026-09-14
4923,ECOM-1747,To Do,In Progress,user0035,2026-09-20
4924,ECOM-1747,In Progress,Blocked,user0032,2026-09-16
4925,CLOUD-1748,,To Do,user0020,2026-09-14
4926,CLOUD-1748,To Do,In Progress,user0045,2026-09-17
4927,BANK-1749,,To Do,user0048,2026-09-14
4928,DATA-1750,,To Do,user0008,2026-09-14
4929,DATA-1750,To Do,In Progress,user0030,2026-09-15
4930,PORTAL-1751,,To Do,user0030,2026-09-14
4931,PORTAL-1751,To Do,In Progress,user0002,2026-09-19
4932,PORTAL-1751,In Progress,Testing,user0023,2026-09-22
4933,PORTAL-1751,Testing,Done,user0003,2026-09-23
4934,ECOM-1752,,To Do,user0028,2026-09-14
4935,ECOM-1752,To Do,In Progress,user0031,2026-09-17
4936,PORTAL-1753,,To Do,user0009,2026-09-14
4937,PORTAL-1753,To Do,In Progress,user0005,2026-09-16
4938,PORTAL-1753,In Progress,Testing,user0027,2026-09-20
4939,PORTAL-1753,Testing,Done,user0019,2026-10-02
4940,PORTAL-1753,Done,Reopened,user0010,2026-10-12
4941,MOB-1754,,To Do,user0010,2026-09-14
4942,MOB-1754,To Do,In Progress,user0029,2026-09-15
4943,MOB-1754,In Progress,Testing,user0023,2026-09-22
4944,MOB-1754,Testing,Done,user0037,2026-09-26
4945,MOB-1755,,To Do,user0026,2026-09-14
4946,MOB-1755,To Do,In Progress,user0030,2026-09-21
4947,PORTAL-1756,,To Do,user0034,2026-09-14
4948,PORTAL-1756,To Do,In Progress,user0045,2026-09-15
4949,PORTAL-1756,In Progress,Testing,user0020,2026-09-18
4950,PORTAL-1756,Testing,Done,user0050,2026-09-20
4951,SEC-1757,,To Do,user0045,2026-09-14
4952,SEC-1757,To Do,In Progress,user0030,2026-09-17
4953,SEC-1757,In Progress,Testing,user0029,2026-09-28
4954,SEC-1757,Testing,Done,user0048,2026-10-05
4955,ECOM-1758,,To Do,user0048,2026-09-14
4956,BI-1759,,To Do,user0015,2026-09-14
4957,BI-1759,To Do,In Progress,user0046,2026-09-18
4958,BI-1759,In Progress,Testing,user0037,2026-09-26
4959,BI-1759,Testing,Done,user0027,2026-09-26
4960,SEC-1760,,To Do,user0016,2026-09-14
4961,SEC-1760,To Do,In Progress,user0036,2026-09-18
4962,SEC-1760,In Progress,Blocked,user0008,2026-09-22
4963,SEC-1761,,To Do,user0001,2026-09-14
4964,CLOUD-1762,,To Do,user0017,2026-09-14
4965,CLOUD-1762,To Do,In Progress,user0040,2026-09-17
4966,CLOUD-1762,In Progress,Testing,user0032,2026-09-22
4967,ERP-1763,,To Do,user0027,2026-09-14
4968,ERP-1763,To Do,In Progress,user0047,2026-09-18
4969,ERP-1763,In Progress,Blocked,user0017,2026-09-26
4970,DATA-1764,,To Do,user0017,2026-09-14
4971,DATA-1764,To Do,In Progress,user0023,2026-09-19
4972,PORTAL-1765,,To Do,user0002,2026-09-14
4973,PORTAL-1765,To Do,In Progress,user0042,2026-09-18
4974,PORTAL-1765,In Progress,Blocked,user0011,2026-09-24
4975,SEC-1766,,To Do,user0006,2026-09-14
4976,SEC-1766,To Do,In Progress,user0039,2026-09-20
4977,BANK-1767,,To Do,user0008,2026-09-14
4978,BANK-1767,To Do,In Progress,user0023,2026-09-15
4979,BANK-1767,In Progress,Testing,user0024,2026-09-26
4980,BANK-1767,Testing,Done,user0022,2026-09-26
4981,MOB-1768,,To Do,user0012,2026-09-14
4982,MOB-1768,To Do,In Progress,user0010,2026-09-19
4983,MOB-1768,In Progress,Blocked,user0043,2026-09-22
4984,BI-1769,,To Do,user0008,2026-09-14
4985,BI-1769,To Do,In Progress,user0013,2026-09-20
4986,BI-1769,In Progress,Testing,user0010,2026-09-22
4987,BI-1769,Testing,Done,user0044,2026-09-23
4988,PORTAL-1770,,To Do,user0001,2026-09-14
4989,PORTAL-1770,To Do,In Progress,user0046,2026-09-21
4990,PORTAL-1770,In Progress,Testing,user0028,2026-09-20
4991,PORTAL-1770,Testing,Done,user0031,2026-09-26
4992,PORTAL-1770,Done,Reopened,user0015,2026-10-04
4993,BI-1771,,To Do,user0036,2026-09-14
4994,BI-1771,To Do,In Progress,user0038,2026-09-16
4995,BI-1771,In Progress,Testing,user0047,2026-09-20
4996,BI-1771,Testing,Done,user0010,2026-09-17
4997,SEC-1772,,To Do,user0030,2026-09-14
4998,SEC-1772,To Do,In Progress,user0025,2026-09-19
4999,SEC-1772,In Progress,Blocked,user0011,2026-09-26
5000,CLOUD-1773,,To Do,user0025,2026-09-14
5001,CLOUD-1773,To Do,In Progress,user0044,2026-09-16
5002,CLOUD-1773,In Progress,Blocked,user0007,2026-09-28
5003,SEC-1774,,To Do,user0006,2026-09-14
5004,CRM-1775,,To Do,user0021,2026-09-14
5005,CRM-1775,To Do,In Progress,user0003,2026-09-20
5006,CRM-1775,In Progress,Blocked,user0045,2026-09-18
5007,ERP-1776,,To Do,user0039,2026-09-14
5008,ERP-1776,To Do,In Progress,user0034,2026-09-18
5009,ERP-1776,In Progress,Testing,user0021,2026-09-28
5010,ERP-1776,Testing,Done,user0020,2026-09-17
5011,ECOM-1777,,To Do,user0005,2026-09-14
5012,ECOM-1777,To Do,In Progress,user0002,2026-09-16
5013,SEC-1778,,To Do,user0005,2026-09-14
5014,SEC-1778,To Do,In Progress,user0050,2026-09-15
5015,BANK-1779,,To Do,user0002,2026-09-14
5016,BANK-1779,To Do,In Progress,user0032,2026-09-18
5017,BANK-1779,In Progress,Testing,user0015,2026-09-22
5018,BANK-1779,Testing,Done,user0027,2026-10-05
5019,BI-1780,,To Do,user0021,2026-09-14
5020,BI-1780,To Do,In Progress,user0044,2026-09-16
5021,BI-1780,In Progress,Testing,user0030,2026-09-18
5022,BI-1780,Testing,Done,user0042,2026-10-05
5023,CLOUD-1781,,To Do,user0030,2026-09-14
5024,CLOUD-1781,To Do,In Progress,user0008,2026-09-18
5025,CLOUD-1781,In Progress,Testing,user0022,2026-09-16
5026,CLOUD-1781,Testing,Done,user0035,2026-09-23
5027,CLOUD-1781,Done,Reopened,user0019,2026-10-08
5028,BANK-1782,,To Do,user0043,2026-09-14
5029,ECOM-1783,,To Do,user0031,2026-09-14
5030,ECOM-1783,To Do,In Progress,user0013,2026-09-21
5031,ECOM-1783,In Progress,Testing,user0020,2026-09-24
5032,ECOM-1783,Testing,Done,user0001,2026-09-17
5033,DATA-1784,,To Do,user0008,2026-09-14
5034,DATA-1785,,To Do,user0004,2026-09-14
5035,BI-1786,,To Do,user0010,2026-09-14
5036,BI-1786,To Do,In Progress,user0011,2026-09-15
5037,BI-1786,In Progress,Testing,user0002,2026-09-20
5038,BI-1786,Testing,Done,user0031,2026-10-02
5039,MOB-1787,,To Do,user0047,2026-09-14
5040,MOB-1787,To Do,In Progress,user0031,2026-09-18
5041,MOB-1787,In Progress,Testing,user0025,2026-09-24
5042,MOB-1787,Testing,Done,user0007,2026-10-02
5043,CRM-1788,,To Do,user0035,2026-09-14
5044,CRM-1788,To Do,In Progress,user0049,2026-09-18
5045,CRM-1788,In Progress,Testing,user0019,2026-09-22
5046,CRM-1788,Testing,Done,user0013,2026-09-23
5047,ERP-1789,,To Do,user0034,2026-09-14
5048,ERP-1789,To Do,In Progress,user0030,2026-09-16
5049,ERP-1789,In Progress,Blocked,user0014,2026-09-18
5050,PORTAL-1790,,To Do,user0003,2026-09-14
5051,PORTAL-1790,To Do,In Progress,user0029,2026-09-21
5052,CRM-1791,,To Do,user0041,2026-09-14
5053,MOB-1792,,To Do,user0020,2026-09-14
5054,MOB-1792,To Do,In Progress,user0026,2026-09-18
5055,PORTAL-1793,,To Do,user0013,2026-09-14
5056,PORTAL-1793,To Do,In Progress,user0003,2026-09-15
5057,PORTAL-1793,In Progress,Testing,user0029,2026-09-22
5058,PORTAL-1793,Testing,Done,user0013,2026-09-26
5059,CLOUD-1794,,To Do,user0024,2026-09-14
5060,CLOUD-1794,To Do,In Progress,user0016,2026-09-16
5061,CLOUD-1794,In Progress,Testing,user0027,2026-09-24
5062,CLOUD-1794,Testing,Done,user0006,2026-09-23
5063,MOB-1795,,To Do,user0020,2026-09-14
5064,ECOM-1796,,To Do,user0011,2026-09-14
5065,ECOM-1796,To Do,In Progress,user0049,2026-09-18
5066,ECOM-1796,In Progress,Blocked,user0031,2026-09-20
5067,SEC-1797,,To Do,user0037,2026-09-14
5068,SEC-1797,To Do,In Progress,user0036,2026-09-19
5069,CLOUD-1798,,To Do,user0012,2026-09-14
5070,BANK-1799,,To Do,user0049,2026-09-14
5071,BANK-1799,To Do,In Progress,user0004,2026-09-16
5072,BANK-1799,In Progress,Testing,user0039,2026-09-24
5073,BANK-1799,Testing,Done,user0044,2026-10-05
5074,BANK-1799,Done,Reopened,user0022,2026-09-22
5075,BI-1800,,To Do,user0024,2026-09-14
5076,BI-1800,To Do,In Progress,user0010,2026-09-15
5077,BI-1800,In Progress,Testing,user0040,2026-09-16
5078,MOB-1801,,To Do,user0030,2026-09-14
5079,MOB-1801,To Do,In Progress,user0023,2026-09-21
5080,MOB-1801,In Progress,Testing,user0020,2026-09-20
5081,MOB-1802,,To Do,user0026,2026-09-14
5082,MOB-1802,To Do,In Progress,user0046,2026-09-18
5083,CRM-1803,,To Do,user0001,2026-09-14
5084,CRM-1803,To Do,In Progress,user0031,2026-09-17
5085,CRM-1803,In Progress,Testing,user0044,2026-09-20
5086,CRM-1803,Testing,Done,user0030,2026-09-29
5087,CRM-1804,,To Do,user0007,2026-09-14
5088,CRM-1804,To Do,In Progress,user0048,2026-09-16
5089,CRM-1804,In Progress,Testing,user0002,2026-09-24
5090,CRM-1804,Testing,Done,user0030,2026-09-29
5091,ECOM-1805,,To Do,user0013,2026-09-14
5092,ECOM-1805,To Do,In Progress,user0007,2026-09-17
5093,ECOM-1805,In Progress,Testing,user0026,2026-09-16
5094,BI-1806,,To Do,user0035,2026-09-14
5095,PORTAL-1807,,To Do,user0005,2026-09-14
5096,BANK-1808,,To Do,user0006,2026-09-14
5097,BANK-1808,To Do,In Progress,user0034,2026-09-15
5098,BI-1809,,To Do,user0004,2026-09-14
5099,CLOUD-1810,,To Do,user0024,2026-09-14
5100,CLOUD-1810,To Do,In Progress,user0022,2026-09-16
5101,CLOUD-1810,In Progress,Testing,user0044,2026-09-28
5102,BANK-1811,,To Do,user0009,2026-09-14
5103,BANK-1811,To Do,In Progress,user0029,2026-09-21
5104,BANK-1811,In Progress,Testing,user0002,2026-09-24
5105,BANK-1811,Testing,Done,user0047,2026-09-17
5106,BI-1812,,To Do,user0027,2026-09-14
5107,BI-1812,To Do,In Progress,user0033,2026-09-15
5108,BI-1812,In Progress,Testing,user0027,2026-09-24
5109,BI-1812,Testing,Done,user0036,2026-09-20
5110,PORTAL-1813,,To Do,user0019,2026-09-14
5111,PORTAL-1813,To Do,In Progress,user0039,2026-09-15
5112,ERP-1814,,To Do,user0009,2026-09-14
5113,ERP-1814,To Do,In Progress,user0035,2026-09-21
5114,ERP-1814,In Progress,Testing,user0007,2026-09-20
5115,ERP-1814,Testing,Done,user0039,2026-10-05
5116,BANK-1815,,To Do,user0017,2026-09-14
5117,BANK-1815,To Do,In Progress,user0019,2026-09-18
5118,BANK-1815,In Progress,Testing,user0040,2026-09-22
5119,ERP-1816,,To Do,user0047,2026-09-14
5120,ERP-1816,To Do,In Progress,user0032,2026-09-17
5121,BANK-1817,,To Do,user0011,2026-09-14
5122,BANK-1817,To Do,In Progress,user0011,2026-09-16
5123,BANK-1817,In Progress,Blocked,user0047,2026-09-26
5124,ERP-1818,,To Do,user0050,2026-09-14
5125,ERP-1818,To Do,In Progress,user0013,2026-09-19
5126,ERP-1818,In Progress,Testing,user0021,2026-09-24
5127,ERP-1818,Testing,Done,user0027,2026-09-26
5128,SEC-1819,,To Do,user0035,2026-09-14
5129,SEC-1819,To Do,In Progress,user0013,2026-09-17
5130,CLOUD-1820,,To Do,user0039,2026-09-14
5131,CLOUD-1820,To Do,In Progress,user0013,2026-09-16
5132,CLOUD-1820,In Progress,Testing,user0025,2026-09-20
5133,CLOUD-1820,Testing,Done,user0045,2026-09-20
5134,PORTAL-1821,,To Do,user0008,2026-09-14
5135,ERP-1822,,To Do,user0023,2026-09-14
5136,ERP-1822,To Do,In Progress,user0030,2026-09-15
5137,ERP-1822,In Progress,Testing,user0036,2026-09-28
5138,ECOM-1823,,To Do,user0016,2026-09-14
5139,DATA-1824,,To Do,user0035,2026-09-14
5140,CLOUD-1825,,To Do,user0038,2026-09-14
5141,ECOM-1826,,To Do,user0030,2026-09-14
5142,ECOM-1826,To Do,In Progress,user0025,2026-09-19
5143,CLOUD-1827,,To Do,user0050,2026-09-14
5144,CLOUD-1827,To Do,In Progress,user0042,2026-09-19
5145,CLOUD-1827,In Progress,Testing,user0027,2026-09-20
5146,CLOUD-1827,Testing,Done,user0031,2026-09-29
5147,BI-1828,,To Do,user0037,2026-09-14
5148,BI-1828,To Do,In Progress,user0045,2026-09-18
5149,MOB-1829,,To Do,user0045,2026-09-14
5150,MOB-1829,To Do,In Progress,user0030,2026-09-16
5151,MOB-1829,In Progress,Testing,user0039,2026-09-26
5152,MOB-1829,Testing,Done,user0040,2026-10-02
5153,MOB-1829,Done,Reopened,user0025,2026-09-26
5154,ERP-1830,,To Do,user0034,2026-09-14
5155,ERP-1830,To Do,In Progress,user0003,2026-09-21
5156,ERP-1830,In Progress,Testing,user0034,2026-09-26
5157,BANK-1831,,To Do,user0048,2026-09-14
5158,BANK-1831,To Do,In Progress,user0039,2026-09-20
5159,ERP-1832,,To Do,user0027,2026-09-14
5160,ERP-1832,To Do,In Progress,user0023,2026-09-18
5161,ERP-1832,In Progress,Testing,user0008,2026-09-18
5162,ERP-1832,Testing,Done,user0014,2026-09-26
5163,CRM-1833,,To Do,user0041,2026-09-14
5164,ECOM-1834,,To Do,user0020,2026-09-14
5165,BI-1835,,To Do,user0031,2026-09-14
5166,BI-1835,To Do,In Progress,user0025,2026-09-19
5167,BI-1835,In Progress,Testing,user0018,2026-09-26
5168,BI-1835,Testing,Done,user0034,2026-10-05
5169,MOB-1836,,To Do,user0008,2026-09-14
5170,MOB-1836,To Do,In Progress,user0022,2026-09-15
5171,MOB-1836,In Progress,Testing,user0042,2026-09-16
5172,MOB-1836,Testing,Done,user0033,2026-09-17
5173,MOB-1836,Done,Reopened,user0009,2026-09-26
5174,MOB-1837,,To Do,user0048,2026-09-14
5175,MOB-1837,To Do,In Progress,user0025,2026-09-21
5176,MOB-1837,In Progress,Testing,user0008,2026-09-20
5177,DATA-1838,,To Do,user0001,2026-09-14
5178,DATA-1838,To Do,In Progress,user0010,2026-09-16
5179,MOB-1839,,To Do,user0004,2026-09-14
5180,MOB-1839,To Do,In Progress,user0035,2026-09-17
5181,SEC-1840,,To Do,user0021,2026-09-14
5182,SEC-1840,To Do,In Progress,user0021,2026-09-19
5183,SEC-1840,In Progress,Blocked,user0031,2026-09-26
5184,PORTAL-1841,,To Do,user0036,2026-09-14
5185,PORTAL-1841,To Do,In Progress,user0002,2026-09-19
5186,MOB-1842,,To Do,user0035,2026-09-14
5187,MOB-1842,To Do,In Progress,user0023,2026-09-16
5188,SEC-1843,,To Do,user0025,2026-09-14
5189,SEC-1843,To Do,In Progress,user0012,2026-09-21
5190,SEC-1843,In Progress,Testing,user0029,2026-09-26
5191,SEC-1843,Testing,Done,user0043,2026-09-20
5192,SEC-1843,Done,Reopened,user0012,2026-10-04
5193,BI-1844,,To Do,user0026,2026-09-14
5194,BI-1844,To Do,In Progress,user0002,2026-09-21
5195,BI-1844,In Progress,Testing,user0046,2026-09-22
5196,BI-1844,Testing,Done,user0030,2026-10-02
5197,ERP-1845,,To Do,user0026,2026-09-14
5198,ERP-1845,To Do,In Progress,user0024,2026-09-16
5199,ERP-1845,In Progress,Blocked,user0040,2026-09-16
5200,BI-1846,,To Do,user0043,2026-09-14
5201,BI-1846,To Do,In Progress,user0047,2026-09-18
5202,BI-1846,In Progress,Testing,user0040,2026-09-26
5203,BI-1846,Testing,Done,user0026,2026-09-20
5204,ERP-1847,,To Do,user0007,2026-09-14
5205,ERP-1847,To Do,In Progress,user0046,2026-09-19
5206,SEC-1848,,To Do,user0046,2026-09-14
5207,ECOM-1849,,To Do,user0039,2026-09-14
5208,ECOM-1849,To Do,In Progress,user0021,2026-09-21
5209,ECOM-1849,In Progress,Testing,user0045,2026-09-22
5210,ECOM-1849,Testing,Done,user0025,2026-09-17
5211,SEC-1850,,To Do,user0037,2026-09-14
5212,SEC-1850,To Do,In Progress,user0016,2026-09-19
5213,SEC-1851,,To Do,user0012,2026-09-14
5214,PORTAL-1852,,To Do,user0009,2026-09-14
5215,PORTAL-1852,To Do,In Progress,user0013,2026-09-20
5216,ERP-1853,,To Do,user0032,2026-09-14
5217,ECOM-1854,,To Do,user0016,2026-09-14
5218,ECOM-1854,To Do,In Progress,user0045,2026-09-18
5219,ECOM-1854,In Progress,Testing,user0044,2026-09-20
5220,DATA-1855,,To Do,user0047,2026-09-14
5221,DATA-1855,To Do,In Progress,user0006,2026-09-15
5222,DATA-1855,In Progress,Blocked,user0037,2026-09-28
5223,DATA-1856,,To Do,user0031,2026-09-14
5224,DATA-1856,To Do,In Progress,user0008,2026-09-16
5225,DATA-1856,In Progress,Testing,user0006,2026-09-16
5226,DATA-1856,Testing,Done,user0011,2026-10-05
5227,ECOM-1857,,To Do,user0047,2026-09-14
5228,ECOM-1857,To Do,In Progress,user0030,2026-09-16
5229,ECOM-1857,In Progress,Testing,user0012,2026-09-18
5230,ECOM-1857,Testing,Done,user0026,2026-09-17
5231,BI-1858,,To Do,user0005,2026-09-14
5232,BI-1858,To Do,In Progress,user0019,2026-09-18
5233,BI-1858,In Progress,Testing,user0044,2026-09-26
5234,BI-1858,Testing,Done,user0007,2026-10-02
5235,MOB-1859,,To Do,user0039,2026-09-14
5236,MOB-1859,To Do,In Progress,user0015,2026-09-21
5237,MOB-1859,In Progress,Testing,user0037,2026-09-24
5238,MOB-1859,Testing,Done,user0043,2026-09-20
5239,DATA-1860,,To Do,user0016,2026-09-14
5240,CRM-1861,,To Do,user0018,2026-09-14
5241,CRM-1861,To Do,In Progress,user0002,2026-09-21
5242,CRM-1861,In Progress,Testing,user0046,2026-09-24
5243,CRM-1861,Testing,Done,user0035,2026-09-23
5244,BI-1862,,To Do,user0016,2026-09-14
5245,BANK-1863,,To Do,user0019,2026-09-14
5246,CRM-1864,,To Do,user0038,2026-09-14
5247,CRM-1864,To Do,In Progress,user0016,2026-09-16
5248,BI-1865,,To Do,user0009,2026-09-14
5249,BI-1865,To Do,In Progress,user0050,2026-09-18
5250,BI-1865,In Progress,Testing,user0028,2026-09-28
5251,BI-1865,Testing,Done,user0017,2026-09-20
5252,MOB-1866,,To Do,user0038,2026-09-14
5253,MOB-1866,To Do,In Progress,user0038,2026-09-20
5254,MOB-1866,In Progress,Testing,user0048,2026-09-28
5255,MOB-1866,Testing,Done,user0025,2026-09-26
5256,BANK-1867,,To Do,user0015,2026-09-14
5257,BANK-1867,To Do,In Progress,user0002,2026-09-19
5258,BANK-1867,In Progress,Testing,user0029,2026-09-28
5259,BANK-1867,Testing,Done,user0009,2026-09-23
5260,ERP-1868,,To Do,user0025,2026-09-14
5261,ECOM-1869,,To Do,user0014,2026-09-14
5262,ERP-1870,,To Do,user0033,2026-09-14
5263,ERP-1870,To Do,In Progress,user0040,2026-09-20
5264,BANK-1871,,To Do,user0012,2026-09-14
5265,BANK-1871,To Do,In Progress,user0034,2026-09-16
5266,BANK-1871,In Progress,Testing,user0001,2026-09-16
5267,BANK-1871,Testing,Done,user0015,2026-09-20
5268,MOB-1872,,To Do,user0031,2026-09-14
5269,MOB-1872,To Do,In Progress,user0041,2026-09-15
5270,MOB-1872,In Progress,Testing,user0049,2026-09-28
5271,MOB-1872,Testing,Done,user0047,2026-10-02
5272,BI-1873,,To Do,user0027,2026-09-14
5273,BI-1873,To Do,In Progress,user0040,2026-09-15
5274,CRM-1874,,To Do,user0050,2026-09-14
5275,ERP-1875,,To Do,user0013,2026-09-14
5276,ERP-1875,To Do,In Progress,user0019,2026-09-15
5277,ERP-1875,In Progress,Testing,user0030,2026-09-16
5278,ERP-1875,Testing,Done,user0016,2026-10-02
5279,ERP-1875,Done,Reopened,user0016,2026-10-08
5280,MOB-1876,,To Do,user0008,2026-09-14
5281,SEC-1877,,To Do,user0015,2026-09-14
5282,SEC-1877,To Do,In Progress,user0014,2026-09-19
5283,CRM-1878,,To Do,user0036,2026-09-14
5284,ECOM-1879,,To Do,user0036,2026-09-14
5285,ECOM-1879,To Do,In Progress,user0017,2026-09-19
5286,ECOM-1880,,To Do,user0041,2026-09-14
5287,ECOM-1880,To Do,In Progress,user0043,2026-09-17
5288,BANK-1881,,To Do,user0038,2026-09-14
5289,BANK-1881,To Do,In Progress,user0023,2026-09-18
5290,BANK-1881,In Progress,Testing,user0006,2026-09-28
5291,BANK-1881,Testing,Done,user0044,2026-10-02
5292,BANK-1881,Done,Reopened,user0011,2026-09-26
5293,SEC-1882,,To Do,user0050,2026-09-14
5294,SEC-1882,To Do,In Progress,user0044,2026-09-19
5295,BANK-1883,,To Do,user0036,2026-09-14
5296,BANK-1883,To Do,In Progress,user0029,2026-09-19
5297,BANK-1884,,To Do,user0023,2026-09-14
5298,BANK-1884,To Do,In Progress,user0050,2026-09-15
5299,PORTAL-1885,,To Do,user0030,2026-09-14
5300,PORTAL-1885,To Do,In Progress,user0005,2026-09-20
5301,PORTAL-1885,In Progress,Testing,user0010,2026-09-18
5302,CLOUD-1886,,To Do,user0044,2026-09-14
5303,CLOUD-1886,To Do,In Progress,user0015,2026-09-21
5304,BI-1887,,To Do,user0046,2026-09-14
5305,BANK-1888,,To Do,user0002,2026-09-14
5306,BANK-1888,To Do,In Progress,user0002,2026-09-19
5307,CLOUD-1889,,To Do,user0007,2026-09-14
5308,CRM-1890,,To Do,user0020,2026-09-14
5309,CRM-1890,To Do,In Progress,user0020,2026-09-18
5310,CRM-1890,In Progress,Testing,user0015,2026-09-20
5311,CRM-1890,Testing,Done,user0001,2026-09-29
5312,CRM-1890,Done,Reopened,user0006,2026-10-08
5313,CLOUD-1891,,To Do,user0044,2026-09-14
5314,MOB-1892,,To Do,user0015,2026-09-14
5315,MOB-1892,To Do,In Progress,user0037,2026-09-16
5316,MOB-1892,In Progress,Testing,user0036,2026-09-20
5317,MOB-1892,Testing,Done,user0013,2026-09-20
5318,CLOUD-1893,,To Do,user0009,2026-09-14
5319,CLOUD-1893,To Do,In Progress,user0043,2026-09-21
5320,BI-1894,,To Do,user0024,2026-09-14
5321,BI-1894,To Do,In Progress,user0040,2026-09-15
5322,BI-1894,In Progress,Testing,user0008,2026-09-16
5323,BI-1894,Testing,Done,user0034,2026-09-20
5324,ERP-1895,,To Do,user0033,2026-09-14
5325,ERP-1895,To Do,In Progress,user0042,2026-09-17
5326,ERP-1895,In Progress,Blocked,user0035,2026-09-28
5327,CRM-1896,,To Do,user0015,2026-09-14
5328,CRM-1896,To Do,In Progress,user0025,2026-09-20
5329,CRM-1896,In Progress,Testing,user0022,2026-09-20
5330,CRM-1896,Testing,Done,user0004,2026-09-29
5331,ECOM-1897,,To Do,user0044,2026-09-14
5332,ECOM-1897,To Do,In Progress,user0049,2026-09-15
5333,ECOM-1897,In Progress,Testing,user0025,2026-09-16
5334,ECOM-1897,Testing,Done,user0037,2026-09-26
5335,BI-1898,,To Do,user0005,2026-09-14
5336,BI-1898,To Do,In Progress,user0013,2026-09-20
5337,BI-1898,In Progress,Testing,user0027,2026-09-20
5338,BI-1898,Testing,Done,user0048,2026-09-29
5339,ECOM-1899,,To Do,user0025,2026-09-14
5340,ECOM-1899,To Do,In Progress,user0002,2026-09-20
5341,ECOM-1899,In Progress,Testing,user0023,2026-09-22
5342,ECOM-1900,,To Do,user0005,2026-09-14
5343,ERP-1901,,To Do,user0008,2026-09-14
5344,BANK-1902,,To Do,user0032,2026-09-14
5345,BANK-1902,To Do,In Progress,user0020,2026-09-21
5346,BANK-1903,,To Do,user0009,2026-09-14
5347,CLOUD-1904,,To Do,user0032,2026-09-14
5348,CLOUD-1904,To Do,In Progress,user0014,2026-09-16
5349,CLOUD-1904,In Progress,Testing,user0003,2026-09-20
5350,CLOUD-1904,Testing,Done,user0035,2026-09-26
5351,ERP-1905,,To Do,user0046,2026-09-14
5352,MOB-1906,,To Do,user0032,2026-09-14
5353,MOB-1906,To Do,In Progress,user0031,2026-09-16
5354,MOB-1906,In Progress,Testing,user0022,2026-09-28
5355,MOB-1906,Testing,Done,user0013,2026-10-02
5356,BANK-1907,,To Do,user0027,2026-09-14
5357,BANK-1907,To Do,In Progress,user0036,2026-09-18
5358,BANK-1907,In Progress,Testing,user0045,2026-09-24
5359,BANK-1907,Testing,Done,user0046,2026-09-26
5360,BI-1908,,To Do,user0029,2026-09-14
5361,BI-1908,To Do,In Progress,user0047,2026-09-16
5362,BI-1908,In Progress,Testing,user0042,2026-09-20
5363,CLOUD-1909,,To Do,user0007,2026-09-14
5364,CLOUD-1909,To Do,In Progress,user0002,2026-09-19
5365,MOB-1910,,To Do,user0049,2026-09-14
5366,MOB-1910,To Do,In Progress,user0040,2026-09-19
5367,MOB-1910,In Progress,Testing,user0014,2026-09-26
5368,MOB-1910,Testing,Done,user0026,2026-09-17
5369,ERP-1911,,To Do,user0033,2026-09-14
5370,CLOUD-1912,,To Do,user0013,2026-09-14
5371,CLOUD-1912,To Do,In Progress,user0032,2026-09-20
5372,CLOUD-1912,In Progress,Testing,user0050,2026-09-24
5373,CLOUD-1912,Testing,Done,user0048,2026-09-29
5374,BANK-1913,,To Do,user0016,2026-09-14
5375,BANK-1913,To Do,In Progress,user0020,2026-09-20
5376,ERP-1914,,To Do,user0044,2026-09-14
5377,ERP-1914,To Do,In Progress,user0002,2026-09-20
5378,ERP-1914,In Progress,Testing,user0027,2026-09-20
5379,BANK-1915,,To Do,user0033,2026-09-14
5380,BANK-1915,To Do,In Progress,user0030,2026-09-15
5381,BANK-1915,In Progress,Testing,user0023,2026-09-18
5382,BANK-1915,Testing,Done,user0011,2026-10-05
5383,SEC-1916,,To Do,user0029,2026-09-14
5384,SEC-1916,To Do,In Progress,user0025,2026-09-17
5385,SEC-1916,In Progress,Blocked,user0012,2026-09-20
5386,CLOUD-1917,,To Do,user0049,2026-09-14
5387,CLOUD-1917,To Do,In Progress,user0046,2026-09-20
5388,CLOUD-1917,In Progress,Testing,user0001,2026-09-24
5389,CLOUD-1917,Testing,Done,user0016,2026-09-23
5390,CRM-1918,,To Do,user0003,2026-09-14
5391,CRM-1918,To Do,In Progress,user0013,2026-09-21
5392,CRM-1918,In Progress,Blocked,user0008,2026-09-22
5393,SEC-1919,,To Do,user0002,2026-09-14
5394,SEC-1919,To Do,In Progress,user0041,2026-09-17
5395,SEC-1919,In Progress,Blocked,user0041,2026-09-22
5396,BI-1920,,To Do,user0047,2026-09-14
5397,BI-1920,To Do,In Progress,user0007,2026-09-17
5398,BI-1920,In Progress,Testing,user0002,2026-09-16
5399,BI-1920,Testing,Done,user0037,2026-09-17
5400,CRM-1921,,To Do,user0040,2026-09-14
5401,CRM-1921,To Do,In Progress,user0001,2026-09-17
5402,CRM-1921,In Progress,Testing,user0040,2026-09-16
5403,CRM-1921,Testing,Done,user0036,2026-10-05
5404,DATA-1922,,To Do,user0031,2026-09-14
5405,DATA-1922,To Do,In Progress,user0026,2026-09-16
5406,DATA-1922,In Progress,Testing,user0027,2026-09-20
5407,DATA-1922,Testing,Done,user0029,2026-09-20
5408,CLOUD-1923,,To Do,user0027,2026-09-14
5409,CLOUD-1923,To Do,In Progress,user0023,2026-09-18
5410,CLOUD-1923,In Progress,Testing,user0009,2026-09-28
5411,CLOUD-1923,Testing,Done,user0001,2026-10-05
5412,ERP-1924,,To Do,user0037,2026-09-14
5413,ERP-1924,To Do,In Progress,user0049,2026-09-16
5414,ERP-1924,In Progress,Testing,user0022,2026-09-26
5415,ERP-1924,Testing,Done,user0017,2026-10-05
5416,ECOM-1925,,To Do,user0024,2026-09-14
5417,ECOM-1925,To Do,In Progress,user0032,2026-09-21
5418,ECOM-1925,In Progress,Testing,user0011,2026-09-26
5419,ECOM-1925,Testing,Done,user0038,2026-09-20
5420,CRM-1926,,To Do,user0017,2026-09-14
5421,BI-1927,,To Do,user0017,2026-09-14
5422,BI-1927,To Do,In Progress,user0030,2026-09-21
5423,BI-1927,In Progress,Testing,user0010,2026-09-20
5424,PORTAL-1928,,To Do,user0021,2026-09-14
5425,PORTAL-1928,To Do,In Progress,user0038,2026-09-19
5426,PORTAL-1928,In Progress,Blocked,user0040,2026-09-16
5427,PORTAL-1929,,To Do,user0038,2026-09-14
5428,PORTAL-1929,To Do,In Progress,user0021,2026-09-20
5429,PORTAL-1929,In Progress,Blocked,user0032,2026-09-24
5430,ERP-1930,,To Do,user0020,2026-09-14
5431,ERP-1930,To Do,In Progress,user0021,2026-09-18
5432,BI-1931,,To Do,user0037,2026-09-14
5433,BI-1931,To Do,In Progress,user0019,2026-09-19
5434,BI-1931,In Progress,Testing,user0044,2026-09-22
5435,BI-1931,Testing,Done,user0024,2026-10-05
5436,ERP-1932,,To Do,user0014,2026-09-14
5437,ERP-1932,To Do,In Progress,user0008,2026-09-20
5438,ERP-1932,In Progress,Testing,user0026,2026-09-28
5439,ERP-1932,Testing,Done,user0014,2026-09-17
5440,ERP-1932,Done,Reopened,user0042,2026-09-22
5441,ECOM-1933,,To Do,user0043,2026-09-14
5442,ECOM-1933,To Do,In Progress,user0033,2026-09-19
5443,ECOM-1933,In Progress,Testing,user0017,2026-09-24
5444,ECOM-1933,Testing,Done,user0035,2026-10-02
5445,BI-1934,,To Do,user0031,2026-09-14
5446,SEC-1935,,To Do,user0040,2026-09-14
5447,SEC-1935,To Do,In Progress,user0007,2026-09-17
5448,PORTAL-1936,,To Do,user0032,2026-09-14
5449,PORTAL-1936,To Do,In Progress,user0028,2026-09-16
5450,PORTAL-1936,In Progress,Testing,user0015,2026-09-28
5451,MOB-1937,,To Do,user0046,2026-09-14
5452,MOB-1937,To Do,In Progress,user0009,2026-09-17
5453,MOB-1937,In Progress,Testing,user0036,2026-09-24
5454,MOB-1937,Testing,Done,user0033,2026-09-20
5455,PORTAL-1938,,To Do,user0044,2026-09-14
5456,PORTAL-1938,To Do,In Progress,user0034,2026-09-20
5457,PORTAL-1938,In Progress,Testing,user0014,2026-09-18
5458,PORTAL-1938,Testing,Done,user0020,2026-09-17
5459,ECOM-1939,,To Do,user0043,2026-09-14
5460,ECOM-1939,To Do,In Progress,user0046,2026-09-21
5461,ECOM-1939,In Progress,Testing,user0043,2026-09-16
5462,ECOM-1939,Testing,Done,user0023,2026-09-20
5463,PORTAL-1940,,To Do,user0003,2026-09-14
5464,PORTAL-1940,To Do,In Progress,user0042,2026-09-15
5465,PORTAL-1940,In Progress,Testing,user0050,2026-09-18
5466,PORTAL-1940,Testing,Done,user0049,2026-09-29
5467,DATA-1941,,To Do,user0034,2026-09-14
5468,DATA-1941,To Do,In Progress,user0002,2026-09-19
5469,ECOM-1942,,To Do,user0011,2026-09-14
5470,ECOM-1942,To Do,In Progress,user0027,2026-09-20
5471,ECOM-1942,In Progress,Testing,user0045,2026-09-24
5472,ECOM-1942,Testing,Done,user0003,2026-09-29
5473,BI-1943,,To Do,user0031,2026-09-14
5474,BI-1943,To Do,In Progress,user0012,2026-09-19
5475,BI-1943,In Progress,Testing,user0016,2026-09-20
5476,BI-1943,Testing,Done,user0025,2026-09-23
5477,BI-1944,,To Do,user0043,2026-09-14
5478,BI-1944,To Do,In Progress,user0038,2026-09-15
5479,BI-1944,In Progress,Testing,user0029,2026-09-24
5480,BI-1944,Testing,Done,user0033,2026-10-02
5481,PORTAL-1945,,To Do,user0022,2026-09-14
5482,PORTAL-1945,To Do,In Progress,user0003,2026-09-20
5483,PORTAL-1945,In Progress,Testing,user0028,2026-09-28
5484,PORTAL-1945,Testing,Done,user0025,2026-09-17
5485,PORTAL-1945,Done,Reopened,user0016,2026-09-18
5486,MOB-1946,,To Do,user0042,2026-09-14
5487,MOB-1946,To Do,In Progress,user0008,2026-09-16
5488,MOB-1946,In Progress,Testing,user0034,2026-09-22
5489,MOB-1946,Testing,Done,user0043,2026-09-29
5490,PORTAL-1947,,To Do,user0035,2026-09-14
5491,PORTAL-1947,To Do,In Progress,user0034,2026-09-20
5492,BANK-1948,,To Do,user0046,2026-09-14
5493,BANK-1948,To Do,In Progress,user0006,2026-09-20
5494,BANK-1948,In Progress,Blocked,user0042,2026-09-22
5495,MOB-1949,,To Do,user0026,2026-09-14
5496,MOB-1949,To Do,In Progress,user0026,2026-09-18
5497,MOB-1949,In Progress,Testing,user0033,2026-09-24
5498,MOB-1949,Testing,Done,user0018,2026-09-26
5499,CRM-1950,,To Do,user0009,2026-09-14
5500,CRM-1950,To Do,In Progress,user0016,2026-09-16
5501,CRM-1950,In Progress,Testing,user0015,2026-09-28
5502,CRM-1950,Testing,Done,user0019,2026-09-29
5503,BI-1951,,To Do,user0020,2026-09-14
5504,BI-1951,To Do,In Progress,user0005,2026-09-18
5505,BI-1951,In Progress,Testing,user0030,2026-09-16
5506,BI-1951,Testing,Done,user0047,2026-09-29
5507,SEC-1952,,To Do,user0021,2026-09-14
5508,SEC-1952,To Do,In Progress,user0039,2026-09-17
5509,SEC-1952,In Progress,Blocked,user0024,2026-09-26
5510,MOB-1953,,To Do,user0030,2026-09-14
5511,MOB-1953,To Do,In Progress,user0005,2026-09-21
5512,MOB-1953,In Progress,Testing,user0006,2026-09-26
5513,MOB-1953,Testing,Done,user0050,2026-09-26
5514,MOB-1953,Done,Reopened,user0019,2026-09-18
5515,BI-1954,,To Do,user0017,2026-09-14
5516,BI-1954,To Do,In Progress,user0045,2026-09-20
5517,BI-1954,In Progress,Testing,user0042,2026-09-20
5518,BI-1954,Testing,Done,user0005,2026-10-02
5519,ERP-1955,,To Do,user0013,2026-09-14
5520,ERP-1955,To Do,In Progress,user0008,2026-09-18
5521,ERP-1955,In Progress,Blocked,user0022,2026-09-20
5522,BI-1956,,To Do,user0005,2026-09-14
5523,BI-1956,To Do,In Progress,user0043,2026-09-20
5524,BI-1956,In Progress,Testing,user0035,2026-09-26
5525,BI-1956,Testing,Done,user0014,2026-10-05
5526,BANK-1957,,To Do,user0015,2026-09-14
5527,BANK-1957,To Do,In Progress,user0007,2026-09-16
5528,BANK-1957,In Progress,Blocked,user0044,2026-09-28
5529,SEC-1958,,To Do,user0008,2026-09-14
5530,SEC-1958,To Do,In Progress,user0025,2026-09-20
5531,SEC-1958,In Progress,Testing,user0031,2026-09-28
5532,SEC-1958,Testing,Done,user0003,2026-10-05
5533,SEC-1958,Done,Reopened,user0038,2026-09-26
5534,ECOM-1959,,To Do,user0024,2026-09-14
5535,ECOM-1959,To Do,In Progress,user0007,2026-09-18
5536,PORTAL-1960,,To Do,user0004,2026-09-14
5537,PORTAL-1960,To Do,In Progress,user0009,2026-09-18
5538,PORTAL-1960,In Progress,Testing,user0004,2026-09-22
5539,PORTAL-1960,Testing,Done,user0025,2026-09-26
5540,PORTAL-1960,Done,Reopened,user0044,2026-10-04
5541,BI-1961,,To Do,user0005,2026-09-14
5542,BI-1961,To Do,In Progress,user0019,2026-09-18
5543,BI-1961,In Progress,Testing,user0004,2026-09-26
5544,BI-1961,Testing,Done,user0028,2026-10-02
5545,PORTAL-1962,,To Do,user0003,2026-09-14
5546,PORTAL-1962,To Do,In Progress,user0022,2026-09-15
5547,PORTAL-1962,In Progress,Blocked,user0049,2026-09-24
5548,SEC-1963,,To Do,user0046,2026-09-14
5549,DATA-1964,,To Do,user0019,2026-09-14
5550,DATA-1964,To Do,In Progress,user0007,2026-09-17
5551,BANK-1965,,To Do,user0009,2026-09-14
5552,BANK-1965,To Do,In Progress,user0011,2026-09-19
5553,BANK-1965,In Progress,Testing,user0009,2026-09-22
5554,BANK-1965,Testing,Done,user0017,2026-09-29
5555,DATA-1966,,To Do,user0011,2026-09-14
5556,DATA-1966,To Do,In Progress,user0040,2026-09-19
5557,DATA-1966,In Progress,Blocked,user0005,2026-09-24
5558,CLOUD-1967,,To Do,user0028,2026-09-14
5559,CLOUD-1967,To Do,In Progress,user0049,2026-09-18
5560,BANK-1968,,To Do,user0039,2026-09-14
5561,BANK-1969,,To Do,user0011,2026-09-14
5562,BANK-1969,To Do,In Progress,user0018,2026-09-20
5563,BANK-1969,In Progress,Testing,user0048,2026-09-24
5564,BANK-1969,Testing,Done,user0010,2026-09-20
5565,BI-1970,,To Do,user0039,2026-09-14
5566,BI-1970,To Do,In Progress,user0032,2026-09-17
5567,BI-1970,In Progress,Testing,user0045,2026-09-20
5568,PORTAL-1971,,To Do,user0024,2026-09-14
5569,PORTAL-1971,To Do,In Progress,user0007,2026-09-19
5570,PORTAL-1971,In Progress,Blocked,user0015,2026-09-28
5571,CRM-1972,,To Do,user0032,2026-09-14
5572,CRM-1972,To Do,In Progress,user0038,2026-09-17
5573,ECOM-1973,,To Do,user0050,2026-09-14
5574,CLOUD-1974,,To Do,user0015,2026-09-14
5575,CLOUD-1974,To Do,In Progress,user0024,2026-09-17
5576,CLOUD-1974,In Progress,Testing,user0036,2026-09-28
5577,CLOUD-1974,Testing,Done,user0050,2026-09-20
5578,BI-1975,,To Do,user0036,2026-09-14
5579,BI-1975,To Do,In Progress,user0006,2026-09-19
5580,BI-1975,In Progress,Testing,user0032,2026-09-24
5581,BI-1975,Testing,Done,user0026,2026-09-17
5582,CLOUD-1976,,To Do,user0017,2026-09-14
5583,CLOUD-1976,To Do,In Progress,user0048,2026-09-18
5584,ECOM-1977,,To Do,user0050,2026-09-14
5585,ECOM-1977,To Do,In Progress,user0028,2026-09-17
5586,ERP-1978,,To Do,user0050,2026-09-14
5587,ERP-1978,To Do,In Progress,user0043,2026-09-19
5588,ERP-1978,In Progress,Testing,user0009,2026-09-28
5589,ERP-1978,Testing,Done,user0039,2026-10-05
5590,BANK-1979,,To Do,user0012,2026-09-14
5591,BANK-1979,To Do,In Progress,user0042,2026-09-17
5592,BANK-1979,In Progress,Testing,user0030,2026-09-28
5593,CRM-1980,,To Do,user0034,2026-09-14
5594,CRM-1980,To Do,In Progress,user0031,2026-09-15
5595,CRM-1980,In Progress,Blocked,user0022,2026-09-18
5596,DATA-1981,,To Do,user0043,2026-09-14
5597,DATA-1981,To Do,In Progress,user0029,2026-09-19
5598,DATA-1981,In Progress,Testing,user0041,2026-09-20
5599,DATA-1981,Testing,Done,user0013,2026-09-17
5600,DATA-1981,Done,Reopened,user0021,2026-09-18
5601,BANK-1982,,To Do,user0018,2026-09-14
5602,BANK-1982,To Do,In Progress,user0013,2026-09-18
5603,BANK-1982,In Progress,Testing,user0032,2026-09-22
5604,BANK-1982,Testing,Done,user0028,2026-10-02
5605,PORTAL-1983,,To Do,user0007,2026-09-14
5606,PORTAL-1983,To Do,In Progress,user0044,2026-09-16
5607,PORTAL-1983,In Progress,Testing,user0001,2026-09-22
5608,MOB-1984,,To Do,user0010,2026-09-14
5609,MOB-1984,To Do,In Progress,user0019,2026-09-19
5610,MOB-1985,,To Do,user0046,2026-09-14
5611,MOB-1985,To Do,In Progress,user0018,2026-09-19
5612,MOB-1985,In Progress,Testing,user0030,2026-09-20
5613,MOB-1985,Testing,Done,user0012,2026-10-02
5614,CLOUD-1986,,To Do,user0032,2026-09-14
5615,CLOUD-1986,To Do,In Progress,user0020,2026-09-16
5616,CLOUD-1986,In Progress,Testing,user0021,2026-09-20
5617,CLOUD-1986,Testing,Done,user0032,2026-10-02
5618,CLOUD-1986,Done,Reopened,user0039,2026-09-30
5619,DATA-1987,,To Do,user0038,2026-09-14
5620,DATA-1987,To Do,In Progress,user0050,2026-09-19
5621,ERP-1988,,To Do,user0021,2026-09-14
5622,ERP-1988,To Do,In Progress,user0007,2026-09-15
5623,ERP-1988,In Progress,Blocked,user0019,2026-09-24
5624,PORTAL-1989,,To Do,user0038,2026-09-14
5625,PORTAL-1989,To Do,In Progress,user0016,2026-09-21
5626,PORTAL-1989,In Progress,Blocked,user0013,2026-09-26
5627,SEC-1990,,To Do,user0015,2026-09-14
5628,SEC-1990,To Do,In Progress,user0049,2026-09-18
5629,BANK-1991,,To Do,user0014,2026-09-14
5630,BANK-1991,To Do,In Progress,user0037,2026-09-19
5631,BANK-1991,In Progress,Testing,user0028,2026-09-28
5632,BANK-1991,Testing,Done,user0005,2026-09-17
5633,DATA-1992,,To Do,user0018,2026-09-14
5634,DATA-1992,To Do,In Progress,user0008,2026-09-18
5635,DATA-1992,In Progress,Testing,user0044,2026-09-20
5636,DATA-1992,Testing,Done,user0037,2026-10-02
5637,ECOM-1993,,To Do,user0044,2026-09-14
5638,ECOM-1993,To Do,In Progress,user0032,2026-09-18
5639,ECOM-1993,In Progress,Testing,user0005,2026-09-26
5640,ECOM-1993,Testing,Done,user0017,2026-09-29
5641,MOB-1994,,To Do,user0018,2026-09-14
5642,MOB-1994,To Do,In Progress,user0040,2026-09-17
5643,MOB-1994,In Progress,Testing,user0045,2026-09-20
5644,MOB-1994,Testing,Done,user0026,2026-09-29
5645,ERP-1995,,To Do,user0017,2026-09-14
5646,MOB-1996,,To Do,user0040,2026-09-14
5647,MOB-1996,To Do,In Progress,user0030,2026-09-21
5648,MOB-1996,In Progress,Testing,user0020,2026-09-22
5649,CRM-1997,,To Do,user0033,2026-09-14
5650,CRM-1997,To Do,In Progress,user0007,2026-09-17
5651,CRM-1997,In Progress,Blocked,user0010,2026-09-28
5652,BI-1998,,To Do,user0017,2026-09-14
5653,BI-1998,To Do,In Progress,user0002,2026-09-21
5654,BI-1998,In Progress,Testing,user0016,2026-09-20
5655,BI-1998,Testing,Done,user0009,2026-09-23
5656,DATA-1999,,To Do,user0015,2026-09-14
5657,DATA-1999,To Do,In Progress,user0012,2026-09-21
5658,DATA-1999,In Progress,Testing,user0030,2026-09-18
5659,DATA-1999,Testing,Done,user0038,2026-09-26
5660,SEC-2000,,To Do,user0032,2026-09-14
5661,SEC-2000,To Do,In Progress,user0045,2026-09-16
5662,BI-2001,,To Do,user0004,2026-09-14
5663,BI-2001,To Do,In Progress,user0030,2026-09-17
5664,BANK-2002,,To Do,user0008,2026-09-14
5665,BANK-2002,To Do,In Progress,user0028,2026-09-19
5666,BANK-2002,In Progress,Testing,user0022,2026-09-20
5667,ERP-2003,,To Do,user0044,2026-09-14
5668,ERP-2003,To Do,In Progress,user0009,2026-09-16
5669,ERP-2003,In Progress,Blocked,user0028,2026-09-26
5670,PORTAL-2004,,To Do,user0026,2026-09-14
5671,PORTAL-2004,To Do,In Progress,user0005,2026-09-19
5672,PORTAL-2004,In Progress,Testing,user0017,2026-09-22
5673,PORTAL-2004,Testing,Done,user0037,2026-09-29
5674,SEC-2005,,To Do,user0041,2026-09-14
5675,SEC-2005,To Do,In Progress,user0040,2026-09-20
5676,ECOM-2006,,To Do,user0023,2026-09-14
5677,ECOM-2006,To Do,In Progress,user0011,2026-09-20
5678,PORTAL-2007,,To Do,user0029,2026-09-14
5679,PORTAL-2007,To Do,In Progress,user0038,2026-09-20
5680,PORTAL-2007,In Progress,Testing,user0007,2026-09-28
5681,ECOM-2008,,To Do,user0001,2026-09-14
5682,CLOUD-2009,,To Do,user0021,2026-09-14
5683,CLOUD-2009,To Do,In Progress,user0017,2026-09-21
5684,CLOUD-2009,In Progress,Blocked,user0032,2026-09-28
5685,CRM-2010,,To Do,user0004,2026-09-14
5686,CRM-2010,To Do,In Progress,user0027,2026-09-20
5687,CRM-2010,In Progress,Testing,user0049,2026-09-28
5688,CRM-2010,Testing,Done,user0034,2026-09-29
5689,CRM-2010,Done,Reopened,user0016,2026-09-30
5690,ECOM-2011,,To Do,user0046,2026-09-14
5691,ECOM-2011,To Do,In Progress,user0041,2026-09-15
5692,ECOM-2011,In Progress,Testing,user0037,2026-09-18
5693,ECOM-2011,Testing,Done,user0042,2026-09-26
5694,ECOM-2011,Done,Reopened,user0002,2026-09-22
5695,SEC-2012,,To Do,user0023,2026-09-14
5696,SEC-2012,To Do,In Progress,user0027,2026-09-20
5697,PORTAL-2013,,To Do,user0016,2026-09-14
5698,PORTAL-2013,To Do,In Progress,user0026,2026-09-16
5699,PORTAL-2013,In Progress,Testing,user0017,2026-09-28
5700,PORTAL-2013,Testing,Done,user0050,2026-09-17
5701,ECOM-2014,,To Do,user0029,2026-09-14
5702,ERP-2015,,To Do,user0010,2026-09-14
5703,ERP-2015,To Do,In Progress,user0035,2026-09-21
5704,ERP-2015,In Progress,Testing,user0011,2026-09-28
5705,ERP-2015,Testing,Done,user0006,2026-09-26
5706,MOB-2016,,To Do,user0011,2026-09-14
5707,MOB-2016,To Do,In Progress,user0036,2026-09-20
5708,MOB-2016,In Progress,Testing,user0012,2026-09-24
5709,MOB-2016,Testing,Done,user0050,2026-10-05
5710,BANK-2017,,To Do,user0016,2026-09-14
5711,ERP-2018,,To Do,user0002,2026-09-14
5712,ERP-2018,To Do,In Progress,user0037,2026-09-20
5713,ERP-2018,In Progress,Blocked,user0049,2026-09-22
5714,CLOUD-2019,,To Do,user0030,2026-09-14
5715,CLOUD-2020,,To Do,user0024,2026-09-14
5716,CLOUD-2020,To Do,In Progress,user0003,2026-09-17
5717,SEC-2021,,To Do,user0032,2026-09-14
5718,MOB-2022,,To Do,user0048,2026-09-14
5719,MOB-2022,To Do,In Progress,user0035,2026-09-17
5720,MOB-2022,In Progress,Testing,user0034,2026-09-28
5721,MOB-2022,Testing,Done,user0049,2026-10-02
5722,DATA-2023,,To Do,user0005,2026-09-14
5723,DATA-2023,To Do,In Progress,user0033,2026-09-18
5724,DATA-2023,In Progress,Testing,user0001,2026-09-18
5725,DATA-2023,Testing,Done,user0014,2026-09-23
5726,ECOM-2024,,To Do,user0034,2026-09-14
5727,ECOM-2024,To Do,In Progress,user0009,2026-09-15
5728,ECOM-2024,In Progress,Testing,user0032,2026-09-22
5729,ECOM-2024,Testing,Done,user0008,2026-09-20
5730,ERP-2025,,To Do,user0030,2026-09-14
5731,ERP-2025,To Do,In Progress,user0030,2026-09-21
5732,CRM-2026,,To Do,user0044,2026-09-14
5733,CRM-2026,To Do,In Progress,user0011,2026-09-21
5734,CRM-2026,In Progress,Blocked,user0031,2026-09-26
5735,ERP-2027,,To Do,user0039,2026-09-14
5736,ERP-2027,To Do,In Progress,user0050,2026-09-20
5737,BANK-2028,,To Do,user0013,2026-09-14
5738,BANK-2028,To Do,In Progress,user0035,2026-09-18
5739,BANK-2028,In Progress,Testing,user0036,2026-09-26
5740,BANK-2028,Testing,Done,user0011,2026-09-26
5741,DATA-2029,,To Do,user0009,2026-09-14
5742,PORTAL-2030,,To Do,user0023,2026-09-14
5743,SEC-2031,,To Do,user0006,2026-09-14
5744,SEC-2031,To Do,In Progress,user0002,2026-09-17
5745,ECOM-2032,,To Do,user0025,2026-09-14
5746,ECOM-2032,To Do,In Progress,user0004,2026-09-17
5747,BI-2033,,To Do,user0022,2026-09-14
5748,BI-2033,To Do,In Progress,user0001,2026-09-19
5749,BI-2033,In Progress,Testing,user0047,2026-09-28
5750,BI-2033,Testing,Done,user0041,2026-09-29
5751,SEC-2034,,To Do,user0014,2026-09-14
5752,DATA-2035,,To Do,user0028,2026-09-14
5753,DATA-2035,To Do,In Progress,user0029,2026-09-17
5754,DATA-2035,In Progress,Testing,user0024,2026-09-16
5755,DATA-2035,Testing,Done,user0041,2026-09-29
5756,ERP-2036,,To Do,user0036,2026-09-14
5757,ERP-2036,To Do,In Progress,user0036,2026-09-21
5758,ERP-2036,In Progress,Testing,user0030,2026-09-28
5759,CLOUD-2037,,To Do,user0013,2026-09-14
5760,CLOUD-2037,To Do,In Progress,user0018,2026-09-20
5761,CLOUD-2037,In Progress,Blocked,user0031,2026-09-16
5762,CRM-2038,,To Do,user0041,2026-09-14
5763,CRM-2038,To Do,In Progress,user0014,2026-09-20
5764,MOB-2039,,To Do,user0035,2026-09-14
5765,MOB-2039,To Do,In Progress,user0019,2026-09-20
5766,MOB-2039,In Progress,Testing,user0025,2026-09-20
5767,MOB-2039,Testing,Done,user0035,2026-10-05
5768,DATA-2040,,To Do,user0044,2026-09-14
5769,DATA-2040,To Do,In Progress,user0016,2026-09-19
5770,DATA-2040,In Progress,Testing,user0009,2026-09-18
5771,DATA-2040,Testing,Done,user0034,2026-10-05
5772,BI-2041,,To Do,user0041,2026-09-14
5773,BI-2041,To Do,In Progress,user0006,2026-09-18
5774,BI-2041,In Progress,Testing,user0003,2026-09-28
5775,CRM-2042,,To Do,user0012,2026-09-14
5776,CRM-2042,To Do,In Progress,user0035,2026-09-16
5777,CRM-2042,In Progress,Testing,user0037,2026-09-16
5778,MOB-2043,,To Do,user0004,2026-09-14
5779,MOB-2043,To Do,In Progress,user0013,2026-09-16
5780,MOB-2043,In Progress,Testing,user0037,2026-09-20
5781,MOB-2043,Testing,Done,user0031,2026-10-02
5782,PORTAL-2044,,To Do,user0023,2026-09-14
5783,PORTAL-2044,To Do,In Progress,user0041,2026-09-20
5784,PORTAL-2044,In Progress,Testing,user0016,2026-09-24
5785,CLOUD-2045,,To Do,user0025,2026-09-14
5786,PORTAL-2046,,To Do,user0050,2026-09-14
5787,ERP-2047,,To Do,user0015,2026-09-14
5788,ERP-2047,To Do,In Progress,user0033,2026-09-17
5789,ERP-2047,In Progress,Testing,user0019,2026-09-24
5790,BI-2048,,To Do,user0018,2026-09-14
5791,ERP-2049,,To Do,user0003,2026-09-14
5792,ERP-2049,To Do,In Progress,user0035,2026-09-20
5793,ERP-2050,,To Do,user0032,2026-09-14
5794,ERP-2050,To Do,In Progress,user0034,2026-09-20
5795,ERP-2050,In Progress,Blocked,user0014,2026-09-16
5796,ECOM-2051,,To Do,user0044,2026-09-14
5797,ECOM-2051,To Do,In Progress,user0010,2026-09-21
5798,ECOM-2051,In Progress,Testing,user0015,2026-09-28
5799,ECOM-2051,Testing,Done,user0045,2026-10-02
5800,CLOUD-2052,,To Do,user0046,2026-09-14
5801,SEC-2053,,To Do,user0007,2026-09-14
5802,CLOUD-2054,,To Do,user0027,2026-09-14
5803,CLOUD-2054,To Do,In Progress,user0046,2026-09-21
5804,CLOUD-2054,In Progress,Testing,user0050,2026-09-22
5805,CLOUD-2054,Testing,Done,user0026,2026-10-02
5806,MOB-2055,,To Do,user0018,2026-09-14
5807,MOB-2055,To Do,In Progress,user0021,2026-09-18
5808,MOB-2055,In Progress,Testing,user0034,2026-09-26
5809,MOB-2055,Testing,Done,user0016,2026-10-02
5810,BI-2056,,To Do,user0023,2026-09-14
5811,BI-2056,To Do,In Progress,user0025,2026-09-18
5812,BI-2056,In Progress,Testing,user0034,2026-09-18
5813,BI-2056,Testing,Done,user0043,2026-09-29
5814,BI-2056,Done,Reopened,user0011,2026-10-12
5815,ECOM-2057,,To Do,user0011,2026-09-14
5816,ECOM-2057,To Do,In Progress,user0029,2026-09-16
5817,ECOM-2057,In Progress,Testing,user0026,2026-09-16
5818,ECOM-2057,Testing,Done,user0041,2026-10-02
5819,ERP-2058,,To Do,user0031,2026-09-14
5820,ERP-2058,To Do,In Progress,user0030,2026-09-18
5821,ERP-2058,In Progress,Testing,user0016,2026-09-22
5822,ERP-2058,Testing,Done,user0035,2026-09-17
5823,BI-2059,,To Do,user0020,2026-09-14
5824,BI-2059,To Do,In Progress,user0038,2026-09-16
5825,BI-2060,,To Do,user0033,2026-09-14
5826,BI-2060,To Do,In Progress,user0004,2026-09-17
5827,BI-2060,In Progress,Testing,user0029,2026-09-22
5828,BI-2060,Testing,Done,user0041,2026-09-17
5829,BI-2060,Done,Reopened,user0014,2026-09-22
5830,DATA-2061,,To Do,user0035,2026-09-14
5831,DATA-2061,To Do,In Progress,user0044,2026-09-15
5832,DATA-2061,In Progress,Testing,user0047,2026-09-16
5833,DATA-2061,Testing,Done,user0017,2026-10-02
5834,CRM-2062,,To Do,user0028,2026-09-14
5835,BI-2063,,To Do,user0015,2026-09-14
5836,BI-2063,To Do,In Progress,user0043,2026-09-18
5837,BI-2063,In Progress,Testing,user0010,2026-09-18
5838,CRM-2064,,To Do,user0002,2026-09-14
5839,CRM-2064,To Do,In Progress,user0023,2026-09-15
5840,CRM-2064,In Progress,Testing,user0020,2026-09-28
5841,CRM-2064,Testing,Done,user0005,2026-09-26
5842,CRM-2064,Done,Reopened,user0005,2026-09-22
5843,CRM-2065,,To Do,user0047,2026-09-14
5844,CRM-2065,To Do,In Progress,user0006,2026-09-19
5845,CRM-2065,In Progress,Testing,user0012,2026-09-26
5846,CRM-2065,Testing,Done,user0012,2026-10-02
5847,CRM-2066,,To Do,user0042,2026-09-14
5848,CRM-2066,To Do,In Progress,user0027,2026-09-20
5849,ECOM-2067,,To Do,user0029,2026-09-14
5850,ECOM-2067,To Do,In Progress,user0007,2026-09-16
5851,BI-2068,,To Do,user0038,2026-09-14
5852,SEC-2069,,To Do,user0047,2026-09-14
5853,SEC-2069,To Do,In Progress,user0041,2026-09-15
5854,SEC-2069,In Progress,Testing,user0037,2026-09-26
5855,SEC-2069,Testing,Done,user0017,2026-10-05
5856,SEC-2070,,To Do,user0037,2026-09-14
5857,SEC-2070,To Do,In Progress,user0042,2026-09-16
5858,SEC-2070,In Progress,Testing,user0047,2026-09-22
5859,SEC-2070,Testing,Done,user0021,2026-10-02
5860,SEC-2070,Done,Reopened,user0007,2026-10-08
5861,PORTAL-2071,,To Do,user0035,2026-09-14
5862,MOB-2072,,To Do,user0045,2026-09-14
5863,MOB-2073,,To Do,user0004,2026-09-14
5864,MOB-2073,To Do,In Progress,user0012,2026-09-21
5865,MOB-2073,In Progress,Testing,user0012,2026-09-16
5866,MOB-2073,Testing,Done,user0014,2026-10-02
5867,MOB-2074,,To Do,user0021,2026-09-14
5868,MOB-2074,To Do,In Progress,user0050,2026-09-20
5869,DATA-2075,,To Do,user0011,2026-09-14
5870,DATA-2075,To Do,In Progress,user0043,2026-09-15
5871,DATA-2075,In Progress,Testing,user0048,2026-09-26
5872,DATA-2075,Testing,Done,user0035,2026-10-02
5873,PORTAL-2076,,To Do,user0037,2026-09-14
5874,PORTAL-2076,To Do,In Progress,user0005,2026-09-18
5875,PORTAL-2076,In Progress,Blocked,user0020,2026-09-18
5876,BI-2077,,To Do,user0010,2026-09-14
5877,BI-2077,To Do,In Progress,user0008,2026-09-15
5878,BI-2077,In Progress,Testing,user0047,2026-09-24
5879,BI-2077,Testing,Done,user0020,2026-10-05
5880,BI-2078,,To Do,user0015,2026-09-14
5881,BI-2078,To Do,In Progress,user0047,2026-09-17
5882,BI-2078,In Progress,Blocked,user0039,2026-09-26
5883,SEC-2079,,To Do,user0015,2026-09-14
5884,SEC-2079,To Do,In Progress,user0050,2026-09-15
5885,BI-2080,,To Do,user0034,2026-09-14
5886,BI-2080,To Do,In Progress,user0027,2026-09-15
5887,BI-2080,In Progress,Testing,user0031,2026-09-20
5888,BI-2080,Testing,Done,user0031,2026-09-20
5889,BANK-2081,,To Do,user0034,2026-09-14
5890,BANK-2081,To Do,In Progress,user0007,2026-09-15
5891,BANK-2081,In Progress,Testing,user0045,2026-09-22
5892,BANK-2081,Testing,Done,user0036,2026-09-23
5893,CRM-2082,,To Do,user0024,2026-09-14
5894,CRM-2082,To Do,In Progress,user0013,2026-09-18
5895,CRM-2082,In Progress,Testing,user0044,2026-09-18
5896,CRM-2082,Testing,Done,user0023,2026-09-23
5897,ECOM-2083,,To Do,user0048,2026-09-14
5898,ECOM-2083,To Do,In Progress,user0048,2026-09-15
5899,ECOM-2083,In Progress,Testing,user0015,2026-09-20
5900,ECOM-2083,Testing,Done,user0001,2026-09-26
5901,CLOUD-2084,,To Do,user0021,2026-09-14
5902,CLOUD-2084,To Do,In Progress,user0033,2026-09-18
5903,CLOUD-2084,In Progress,Testing,user0049,2026-09-16
5904,CLOUD-2084,Testing,Done,user0017,2026-09-23
5905,CLOUD-2085,,To Do,user0001,2026-09-14
5906,CLOUD-2085,To Do,In Progress,user0039,2026-09-21
5907,CLOUD-2085,In Progress,Testing,user0050,2026-09-24
5908,CLOUD-2085,Testing,Done,user0044,2026-09-23
5909,BANK-2086,,To Do,user0007,2026-09-14
5910,BANK-2086,To Do,In Progress,user0046,2026-09-18
5911,BANK-2086,In Progress,Testing,user0012,2026-09-22
5912,BANK-2086,Testing,Done,user0037,2026-10-02
5913,ERP-2087,,To Do,user0009,2026-09-14
5914,ERP-2087,To Do,In Progress,user0038,2026-09-16
5915,ERP-2087,In Progress,Testing,user0015,2026-09-18
5916,ERP-2087,Testing,Done,user0044,2026-10-02
5917,CRM-2088,,To Do,user0048,2026-09-14
5918,CRM-2088,To Do,In Progress,user0027,2026-09-21
5919,CRM-2088,In Progress,Blocked,user0007,2026-09-22
5920,PORTAL-2089,,To Do,user0020,2026-09-14
5921,MOB-2090,,To Do,user0027,2026-09-14
5922,MOB-2090,To Do,In Progress,user0043,2026-09-15
5923,MOB-2090,In Progress,Testing,user0013,2026-09-22
5924,MOB-2090,Testing,Done,user0029,2026-09-20
5925,ERP-2091,,To Do,user0016,2026-09-14
5926,ERP-2091,To Do,In Progress,user0043,2026-09-15
5927,ERP-2091,In Progress,Testing,user0026,2026-09-22
5928,CRM-2092,,To Do,user0043,2026-09-14
5929,CRM-2092,To Do,In Progress,user0043,2026-09-20
5930,PORTAL-2093,,To Do,user0025,2026-09-14
5931,PORTAL-2093,To Do,In Progress,user0042,2026-09-18
5932,PORTAL-2093,In Progress,Testing,user0041,2026-09-20
5933,DATA-2094,,To Do,user0001,2026-09-14
5934,DATA-2095,,To Do,user0041,2026-09-14
5935,DATA-2095,To Do,In Progress,user0047,2026-09-19
5936,DATA-2095,In Progress,Blocked,user0020,2026-09-26
5937,BANK-2096,,To Do,user0043,2026-09-14
5938,BANK-2096,To Do,In Progress,user0042,2026-09-21
5939,BANK-2097,,To Do,user0025,2026-09-14
5940,BANK-2097,To Do,In Progress,user0039,2026-09-19
5941,BANK-2097,In Progress,Testing,user0048,2026-09-28
5942,BANK-2097,Testing,Done,user0013,2026-09-23
5943,BI-2098,,To Do,user0037,2026-09-14
5944,BI-2098,To Do,In Progress,user0002,2026-09-18
5945,CRM-2099,,To Do,user0006,2026-09-14
5946,CRM-2099,To Do,In Progress,user0018,2026-09-16
5947,CRM-2099,In Progress,Testing,user0004,2026-09-28
5948,CRM-2099,Testing,Done,user0017,2026-09-29
5949,CRM-2100,,To Do,user0031,2026-09-14
5950,CRM-2101,,To Do,user0023,2026-09-14
5951,CRM-2101,To Do,In Progress,user0010,2026-09-20
5952,ERP-2102,,To Do,user0050,2026-09-14
5953,CLOUD-2103,,To Do,user0023,2026-09-14
5954,CLOUD-2103,To Do,In Progress,user0012,2026-09-18
5955,CLOUD-2103,In Progress,Testing,user0044,2026-09-18
5956,ERP-2104,,To Do,user0049,2026-09-14
5957,ERP-2104,To Do,In Progress,user0008,2026-09-18
5958,ECOM-2105,,To Do,user0004,2026-09-14
5959,ECOM-2105,To Do,In Progress,user0041,2026-09-16
5960,ECOM-2105,In Progress,Testing,user0034,2026-09-28
5961,ERP-2106,,To Do,user0005,2026-09-14
5962,ERP-2106,To Do,In Progress,user0041,2026-09-21
5963,ECOM-2107,,To Do,user0019,2026-09-14
5964,ECOM-2107,To Do,In Progress,user0016,2026-09-20
5965,ECOM-2107,In Progress,Testing,user0007,2026-09-22
5966,ECOM-2107,Testing,Done,user0019,2026-09-17
5967,CRM-2108,,To Do,user0021,2026-09-14
5968,CRM-2108,To Do,In Progress,user0034,2026-09-20
5969,CRM-2108,In Progress,Blocked,user0025,2026-09-18
5970,ECOM-2109,,To Do,user0038,2026-09-14
5971,BANK-2110,,To Do,user0048,2026-09-14
5972,MOB-2111,,To Do,user0002,2026-09-14
5973,MOB-2111,To Do,In Progress,user0030,2026-09-20
5974,MOB-2111,In Progress,Testing,user0004,2026-09-20
5975,DATA-2112,,To Do,user0045,2026-09-14
5976,CRM-2113,,To Do,user0037,2026-09-14
5977,CRM-2113,To Do,In Progress,user0022,2026-09-18
5978,SEC-2114,,To Do,user0010,2026-09-14
5979,CRM-2115,,To Do,user0005,2026-09-14
5980,CRM-2115,To Do,In Progress,user0033,2026-09-18
5981,ERP-2116,,To Do,user0027,2026-09-14
5982,ERP-2116,To Do,In Progress,user0032,2026-09-18
5983,CLOUD-2117,,To Do,user0020,2026-09-14
5984,CLOUD-2117,To Do,In Progress,user0033,2026-09-21
5985,CRM-2118,,To Do,user0033,2026-09-14
5986,CRM-2118,To Do,In Progress,user0013,2026-09-19
5987,ERP-2119,,To Do,user0046,2026-09-14
5988,ERP-2119,To Do,In Progress,user0005,2026-09-20
5989,ERP-2119,In Progress,Testing,user0013,2026-09-22
5990,ERP-2119,Testing,Done,user0043,2026-10-02
5991,ERP-2119,Done,Reopened,user0028,2026-10-12
5992,ERP-2120,,To Do,user0018,2026-09-14
5993,ERP-2120,To Do,In Progress,user0028,2026-09-16
5994,PORTAL-2121,,To Do,user0014,2026-09-14
5995,PORTAL-2121,To Do,In Progress,user0006,2026-09-18
5996,DATA-2122,,To Do,user0038,2026-09-14
5997,DATA-2122,To Do,In Progress,user0016,2026-09-15
5998,DATA-2122,In Progress,Testing,user0022,2026-09-20
5999,DATA-2122,Testing,Done,user0049,2026-09-29
6000,BI-2123,,To Do,user0028,2026-09-14
6001,BI-2123,To Do,In Progress,user0030,2026-09-17
6002,BI-2123,In Progress,Testing,user0030,2026-09-18
6003,BI-2123,Testing,Done,user0036,2026-09-20
6004,BI-2123,Done,Reopened,user0036,2026-09-30
6005,PORTAL-2124,,To Do,user0043,2026-09-14
6006,PORTAL-2124,To Do,In Progress,user0033,2026-09-20
6007,CLOUD-2125,,To Do,user0017,2026-09-14
6008,CLOUD-2125,To Do,In Progress,user0008,2026-09-20
6009,CLOUD-2125,In Progress,Testing,user0020,2026-09-26
6010,CLOUD-2125,Testing,Done,user0030,2026-10-05
6011,MOB-2126,,To Do,user0012,2026-09-14
6012,MOB-2126,To Do,In Progress,user0044,2026-09-21
6013,MOB-2126,In Progress,Testing,user0033,2026-09-18
6014,MOB-2126,Testing,Done,user0011,2026-09-17
6015,ECOM-2127,,To Do,user0049,2026-09-14
6016,ECOM-2127,To Do,In Progress,user0004,2026-09-18
6017,ECOM-2127,In Progress,Testing,user0039,2026-09-28
6018,ECOM-2127,Testing,Done,user0027,2026-09-23
6019,PORTAL-2128,,To Do,user0036,2026-09-14
6020,PORTAL-2129,,To Do,user0030,2026-09-14
6021,PORTAL-2129,To Do,In Progress,user0031,2026-09-20
6022,PORTAL-2129,In Progress,Testing,user0048,2026-09-16
6023,PORTAL-2129,Testing,Done,user0049,2026-09-26
6024,DATA-2130,,To Do,user0005,2026-09-14
6025,DATA-2130,To Do,In Progress,user0008,2026-09-19
6026,DATA-2130,In Progress,Blocked,user0027,2026-09-20
6027,SEC-2131,,To Do,user0017,2026-09-14
6028,SEC-2131,To Do,In Progress,user0044,2026-09-20
6029,SEC-2131,In Progress,Blocked,user0038,2026-09-24
6030,CLOUD-2132,,To Do,user0010,2026-09-14
6031,CLOUD-2132,To Do,In Progress,user0043,2026-09-19
6032,PORTAL-2133,,To Do,user0028,2026-09-14
6033,PORTAL-2133,To Do,In Progress,user0050,2026-09-16
6034,PORTAL-2133,In Progress,Testing,user0010,2026-09-18
6035,PORTAL-2133,Testing,Done,user0002,2026-09-29
6036,DATA-2134,,To Do,user0043,2026-09-14
6037,DATA-2134,To Do,In Progress,user0039,2026-09-16
6038,DATA-2134,In Progress,Testing,user0039,2026-09-22
6039,DATA-2134,Testing,Done,user0033,2026-10-05
6040,DATA-2134,Done,Reopened,user0005,2026-09-18
6041,ERP-2135,,To Do,user0049,2026-09-14
6042,ERP-2135,To Do,In Progress,user0032,2026-09-17
6043,ERP-2135,In Progress,Testing,user0048,2026-09-18
6044,ERP-2135,Testing,Done,user0003,2026-10-05
6045,MOB-2136,,To Do,user0028,2026-09-14
6046,CRM-2137,,To Do,user0016,2026-09-14
6047,CRM-2137,To Do,In Progress,user0047,2026-09-19
6048,CRM-2137,In Progress,Testing,user0025,2026-09-22
6049,CLOUD-2138,,To Do,user0023,2026-09-14
6050,CLOUD-2138,To Do,In Progress,user0040,2026-09-15
6051,CRM-2139,,To Do,user0024,2026-09-14
6052,ECOM-2140,,To Do,user0029,2026-09-14
6053,ECOM-2141,,To Do,user0025,2026-09-14
6054,ECOM-2141,To Do,In Progress,user0002,2026-09-18
6055,ECOM-2141,In Progress,Testing,user0040,2026-09-18
6056,ECOM-2141,Testing,Done,user0047,2026-10-05
6057,ERP-2142,,To Do,user0031,2026-09-14
6058,ERP-2142,To Do,In Progress,user0040,2026-09-17
6059,ERP-2142,In Progress,Testing,user0006,2026-09-24
6060,ERP-2142,Testing,Done,user0015,2026-09-23
6061,ERP-2142,Done,Reopened,user0016,2026-10-04
6062,PORTAL-2143,,To Do,user0029,2026-09-14
6063,PORTAL-2143,To Do,In Progress,user0021,2026-09-20
6064,PORTAL-2143,In Progress,Blocked,user0001,2026-09-28
6065,PORTAL-2144,,To Do,user0015,2026-09-14
6066,PORTAL-2144,To Do,In Progress,user0036,2026-09-15
6067,MOB-2145,,To Do,user0013,2026-09-14
6068,MOB-2145,To Do,In Progress,user0025,2026-09-16
6069,MOB-2145,In Progress,Testing,user0003,2026-09-28
6070,BANK-2146,,To Do,user0019,2026-09-14
6071,BI-2147,,To Do,user0032,2026-09-14
6072,BI-2147,To Do,In Progress,user0023,2026-09-15
6073,BI-2147,In Progress,Testing,user0006,2026-09-16
6074,BI-2147,Testing,Done,user0035,2026-10-02
6075,CLOUD-2148,,To Do,user0036,2026-09-14
6076,CLOUD-2148,To Do,In Progress,user0036,2026-09-19
6077,CLOUD-2148,In Progress,Testing,user0012,2026-09-26
6078,CLOUD-2148,Testing,Done,user0004,2026-09-26
6079,CLOUD-2148,Done,Reopened,user0011,2026-09-22
6080,PORTAL-2149,,To Do,user0011,2026-09-14
6081,PORTAL-2149,To Do,In Progress,user0047,2026-09-17
6082,PORTAL-2149,In Progress,Testing,user0040,2026-09-24
6083,PORTAL-2149,Testing,Done,user0016,2026-09-17
6084,PORTAL-2149,Done,Reopened,user0003,2026-09-30
6085,BI-2150,,To Do,user0013,2026-09-14
6086,BI-2150,To Do,In Progress,user0018,2026-09-18
6087,BI-2151,,To Do,user0024,2026-09-14
6088,CRM-2152,,To Do,user0042,2026-09-14
6089,CRM-2152,To Do,In Progress,user0028,2026-09-18
6090,CRM-2152,In Progress,Testing,user0047,2026-09-28
6091,MOB-2153,,To Do,user0037,2026-09-14
6092,MOB-2153,To Do,In Progress,user0020,2026-09-21
6093,CRM-2154,,To Do,user0035,2026-09-14
6094,CRM-2155,,To Do,user0037,2026-09-14
6095,CRM-2155,To Do,In Progress,user0032,2026-09-16
6096,CRM-2155,In Progress,Blocked,user0033,2026-09-20
6097,BI-2156,,To Do,user0018,2026-09-14
6098,BI-2156,To Do,In Progress,user0034,2026-09-20
6099,DATA-2157,,To Do,user0032,2026-09-14
6100,DATA-2157,To Do,In Progress,user0024,2026-09-18
6101,DATA-2157,In Progress,Testing,user0020,2026-09-24
6102,DATA-2157,Testing,Done,user0029,2026-10-05
6103,BI-2158,,To Do,user0012,2026-09-14
6104,BI-2158,To Do,In Progress,user0011,2026-09-21
6105,BI-2158,In Progress,Testing,user0043,2026-09-22
6106,BI-2158,Testing,Done,user0004,2026-10-05
6107,MOB-2159,,To Do,user0038,2026-09-14
6108,MOB-2159,To Do,In Progress,user0017,2026-09-16
6109,ERP-2160,,To Do,user0025,2026-09-14
6110,ERP-2160,To Do,In Progress,user0023,2026-09-18
6111,ERP-2160,In Progress,Testing,user0021,2026-09-24
6112,ERP-2160,Testing,Done,user0040,2026-09-26
6113,ECOM-2161,,To Do,user0025,2026-09-14
6114,ECOM-2161,To Do,In Progress,user0016,2026-09-16
6115,ECOM-2161,In Progress,Testing,user0008,2026-09-22
6116,CRM-2162,,To Do,user0005,2026-09-14
6117,CRM-2162,To Do,In Progress,user0013,2026-09-19
6118,CRM-2162,In Progress,Blocked,user0008,2026-09-20
6119,SEC-2163,,To Do,user0030,2026-09-14
6120,SEC-2163,To Do,In Progress,user0036,2026-09-15
6121,CRM-2164,,To Do,user0008,2026-09-14
6122,CRM-2164,To Do,In Progress,user0021,2026-09-18
6123,CRM-2164,In Progress,Testing,user0034,2026-09-16
6124,CRM-2164,Testing,Done,user0008,2026-10-05
6125,ECOM-2165,,To Do,user0004,2026-09-14
6126,ECOM-2165,To Do,In Progress,user0044,2026-09-16
6127,ECOM-2166,,To Do,user0026,2026-09-14
6128,CRM-2167,,To Do,user0014,2026-09-14
6129,CRM-2167,To Do,In Progress,user0011,2026-09-17
6130,CRM-2167,In Progress,Testing,user0010,2026-09-20
6131,ERP-2168,,To Do,user0007,2026-09-14
6132,ERP-2168,To Do,In Progress,user0038,2026-09-18
6133,ERP-2168,In Progress,Testing,user0022,2026-09-20
6134,ERP-2168,Testing,Done,user0045,2026-09-20
6135,ERP-2169,,To Do,user0035,2026-09-14
6136,BANK-2170,,To Do,user0021,2026-09-14
6137,BANK-2170,To Do,In Progress,user0020,2026-09-17
6138,BANK-2170,In Progress,Testing,user0041,2026-09-18
6139,BANK-2170,Testing,Done,user0042,2026-10-02
6140,BI-2171,,To Do,user0009,2026-09-14
6141,CRM-2172,,To Do,user0018,2026-09-14
6142,CRM-2172,To Do,In Progress,user0029,2026-09-20
6143,CRM-2172,In Progress,Testing,user0049,2026-09-20
6144,SEC-2173,,To Do,user0040,2026-09-14
6145,BI-2174,,To Do,user0041,2026-09-14
6146,BI-2174,To Do,In Progress,user0029,2026-09-19
6147,BI-2174,In Progress,Testing,user0042,2026-09-26
6148,SEC-2175,,To Do,user0045,2026-09-14
6149,PORTAL-2176,,To Do,user0009,2026-09-14
6150,PORTAL-2176,To Do,In Progress,user0003,2026-09-20
6151,SEC-2177,,To Do,user0019,2026-09-14
6152,DATA-2178,,To Do,user0010,2026-09-14
6153,DATA-2178,To Do,In Progress,user0011,2026-09-19
6154,CLOUD-2179,,To Do,user0031,2026-09-14
6155,MOB-2180,,To Do,user0012,2026-09-14
6156,MOB-2180,To Do,In Progress,user0044,2026-09-17
6157,MOB-2180,In Progress,Blocked,user0047,2026-09-24
6158,ERP-2181,,To Do,user0039,2026-09-14
6159,ERP-2181,To Do,In Progress,user0035,2026-09-18
6160,ERP-2181,In Progress,Testing,user0043,2026-09-22
6161,ERP-2181,Testing,Done,user0001,2026-09-23
6162,SEC-2182,,To Do,user0027,2026-09-14
6163,SEC-2182,To Do,In Progress,user0008,2026-09-15
6164,BANK-2183,,To Do,user0006,2026-09-14
6165,BANK-2183,To Do,In Progress,user0023,2026-09-18
6166,BANK-2183,In Progress,Testing,user0034,2026-09-20
6167,BANK-2183,Testing,Done,user0023,2026-09-26
6168,ECOM-2184,,To Do,user0006,2026-09-14
6169,ECOM-2184,To Do,In Progress,user0002,2026-09-17
6170,ECOM-2184,In Progress,Testing,user0021,2026-09-18
6171,ECOM-2184,Testing,Done,user0024,2026-09-23
6172,BI-2185,,To Do,user0007,2026-09-14
6173,BI-2185,To Do,In Progress,user0035,2026-09-21
6174,BI-2185,In Progress,Testing,user0004,2026-09-26
6175,BI-2185,Testing,Done,user0044,2026-10-02
6176,SEC-2186,,To Do,user0049,2026-09-14
6177,SEC-2186,To Do,In Progress,user0027,2026-09-15
6178,BI-2187,,To Do,user0042,2026-09-14
6179,BI-2187,To Do,In Progress,user0023,2026-09-15
6180,BI-2187,In Progress,Testing,user0044,2026-09-22
6181,BI-2187,Testing,Done,user0031,2026-10-05
6182,BI-2188,,To Do,user0043,2026-09-14
6183,BI-2188,To Do,In Progress,user0012,2026-09-21
6184,BI-2188,In Progress,Testing,user0007,2026-09-26
6185,BI-2188,Testing,Done,user0028,2026-09-20
6186,DATA-2189,,To Do,user0003,2026-09-14
6187,DATA-2189,To Do,In Progress,user0018,2026-09-19
6188,DATA-2189,In Progress,Blocked,user0047,2026-09-26
6189,CLOUD-2190,,To Do,user0014,2026-09-14
6190,CLOUD-2190,To Do,In Progress,user0003,2026-09-19
6191,CLOUD-2190,In Progress,Testing,user0047,2026-09-16
6192,CLOUD-2190,Testing,Done,user0016,2026-09-26
6193,BI-2191,,To Do,user0039,2026-09-14
6194,BI-2191,To Do,In Progress,user0015,2026-09-19
6195,BI-2191,In Progress,Testing,user0034,2026-09-22
6196,BI-2191,Testing,Done,user0050,2026-09-20
6197,MOB-2192,,To Do,user0016,2026-09-14
6198,MOB-2192,To Do,In Progress,user0038,2026-09-18
6199,MOB-2192,In Progress,Testing,user0008,2026-09-26
6200,MOB-2192,Testing,Done,user0039,2026-09-17
6201,PORTAL-2193,,To Do,user0040,2026-09-14
6202,PORTAL-2193,To Do,In Progress,user0032,2026-09-20
6203,DATA-2194,,To Do,user0034,2026-09-14
6204,DATA-2194,To Do,In Progress,user0011,2026-09-18
6205,DATA-2194,In Progress,Testing,user0005,2026-09-28
6206,DATA-2194,Testing,Done,user0007,2026-09-29
6207,CLOUD-2195,,To Do,user0025,2026-09-14
6208,CLOUD-2195,To Do,In Progress,user0043,2026-09-16
6209,BANK-2196,,To Do,user0045,2026-09-14
6210,BANK-2196,To Do,In Progress,user0049,2026-09-20
6211,BANK-2196,In Progress,Blocked,user0008,2026-09-24
6212,PORTAL-2197,,To Do,user0022,2026-09-14
6213,PORTAL-2197,To Do,In Progress,user0027,2026-09-15
6214,PORTAL-2197,In Progress,Testing,user0003,2026-09-24
6215,PORTAL-2197,Testing,Done,user0018,2026-09-17
6216,ERP-2198,,To Do,user0031,2026-09-14
6217,CRM-2199,,To Do,user0007,2026-09-14
6218,CRM-2199,To Do,In Progress,user0013,2026-09-17
6219,CRM-2199,In Progress,Testing,user0031,2026-09-20
6220,CRM-2199,Testing,Done,user0003,2026-10-02
6221,CRM-2200,,To Do,user0040,2026-09-14
6222,CRM-2200,To Do,In Progress,user0022,2026-09-16
6223,MOB-2201,,To Do,user0029,2026-09-14
6224,MOB-2201,To Do,In Progress,user0032,2026-09-15
6225,MOB-2201,In Progress,Testing,user0012,2026-09-16
6226,MOB-2201,Testing,Done,user0004,2026-09-17
6227,CLOUD-2202,,To Do,user0047,2026-09-14
6228,CLOUD-2202,To Do,In Progress,user0021,2026-09-17
6229,CRM-2203,,To Do,user0024,2026-09-14
6230,CRM-2203,To Do,In Progress,user0042,2026-09-15
6231,CRM-2203,In Progress,Testing,user0048,2026-09-16
6232,CRM-2203,Testing,Done,user0029,2026-09-29
6233,SEC-2204,,To Do,user0038,2026-09-14
6234,CLOUD-2205,,To Do,user0004,2026-09-14
6235,PORTAL-2206,,To Do,user0021,2026-09-14
6236,PORTAL-2206,To Do,In Progress,user0038,2026-09-16
6237,PORTAL-2206,In Progress,Blocked,user0050,2026-09-24
6238,ERP-2207,,To Do,user0010,2026-09-14
6239,BANK-2208,,To Do,user0009,2026-09-14
6240,SEC-2209,,To Do,user0023,2026-09-14
6241,SEC-2209,To Do,In Progress,user0017,2026-09-20
6242,SEC-2209,In Progress,Testing,user0013,2026-09-28
6243,ERP-2210,,To Do,user0013,2026-09-14
6244,ERP-2210,To Do,In Progress,user0039,2026-09-17
6245,ERP-2211,,To Do,user0044,2026-09-14
6246,ERP-2211,To Do,In Progress,user0014,2026-09-21
6247,MOB-2212,,To Do,user0042,2026-09-14
6248,MOB-2212,To Do,In Progress,user0006,2026-09-21
6249,MOB-2212,In Progress,Testing,user0044,2026-09-18
6250,MOB-2212,Testing,Done,user0013,2026-09-23
6251,CLOUD-2213,,To Do,user0001,2026-09-14
6252,CLOUD-2213,To Do,In Progress,user0022,2026-09-16
6253,CLOUD-2213,In Progress,Testing,user0043,2026-09-24
6254,CLOUD-2213,Testing,Done,user0013,2026-10-02
6255,MOB-2214,,To Do,user0045,2026-09-14
6256,MOB-2214,To Do,In Progress,user0014,2026-09-15
6257,MOB-2214,In Progress,Testing,user0041,2026-09-22
6258,MOB-2214,Testing,Done,user0016,2026-09-17
6259,DATA-2215,,To Do,user0009,2026-09-14
6260,DATA-2215,To Do,In Progress,user0028,2026-09-18
6261,DATA-2215,In Progress,Testing,user0038,2026-09-26
6262,ERP-2216,,To Do,user0017,2026-09-14
6263,ERP-2216,To Do,In Progress,user0042,2026-09-21
6264,ERP-2216,In Progress,Testing,user0045,2026-09-26
6265,DATA-2217,,To Do,user0042,2026-09-14
6266,DATA-2217,To Do,In Progress,user0020,2026-09-17
6267,DATA-2217,In Progress,Testing,user0042,2026-09-22
6268,DATA-2217,Testing,Done,user0015,2026-10-05
6269,BI-2218,,To Do,user0039,2026-09-14
6270,ECOM-2219,,To Do,user0047,2026-09-14
6271,PORTAL-2220,,To Do,user0007,2026-09-14
6272,PORTAL-2220,To Do,In Progress,user0002,2026-09-15
6273,ERP-2221,,To Do,user0048,2026-09-14
6274,BI-2222,,To Do,user0041,2026-09-14
6275,BI-2222,To Do,In Progress,user0036,2026-09-20
6276,BI-2222,In Progress,Testing,user0047,2026-09-16
6277,BI-2222,Testing,Done,user0036,2026-10-05
6278,SEC-2223,,To Do,user0027,2026-09-14
6279,SEC-2223,To Do,In Progress,user0025,2026-09-21
6280,SEC-2223,In Progress,Blocked,user0034,2026-09-22
6281,ECOM-2224,,To Do,user0022,2026-09-14
6282,BI-2225,,To Do,user0013,2026-09-14
6283,BI-2225,To Do,In Progress,user0041,2026-09-17
6284,BI-2225,In Progress,Testing,user0013,2026-09-26
6285,MOB-2226,,To Do,user0016,2026-09-14
6286,MOB-2226,To Do,In Progress,user0044,2026-09-17
6287,MOB-2226,In Progress,Testing,user0030,2026-09-28
6288,MOB-2226,Testing,Done,user0020,2026-09-29
6289,PORTAL-2227,,To Do,user0030,2026-09-14
6290,PORTAL-2227,To Do,In Progress,user0050,2026-09-15
6291,PORTAL-2227,In Progress,Blocked,user0044,2026-09-16
6292,CLOUD-2228,,To Do,user0033,2026-09-14
6293,CRM-2229,,To Do,user0044,2026-09-14
6294,BI-2230,,To Do,user0013,2026-09-14
6295,ECOM-2231,,To Do,user0048,2026-09-14
6296,ECOM-2231,To Do,In Progress,user0006,2026-09-18
6297,ERP-2232,,To Do,user0026,2026-09-14
6298,ERP-2232,To Do,In Progress,user0031,2026-09-16
6299,ERP-2232,In Progress,Testing,user0021,2026-09-26
6300,BANK-2233,,To Do,user0027,2026-09-14
6301,BANK-2233,To Do,In Progress,user0021,2026-09-15
6302,BANK-2233,In Progress,Testing,user0015,2026-09-16
6303,BANK-2233,Testing,Done,user0047,2026-09-20
6304,SEC-2234,,To Do,user0007,2026-09-14
6305,SEC-2234,To Do,In Progress,user0008,2026-09-21
6306,PORTAL-2235,,To Do,user0016,2026-09-14
6307,PORTAL-2235,To Do,In Progress,user0047,2026-09-21
6308,PORTAL-2235,In Progress,Testing,user0050,2026-09-26
6309,CRM-2236,,To Do,user0036,2026-09-14
6310,ECOM-2237,,To Do,user0019,2026-09-14
6311,ECOM-2238,,To Do,user0023,2026-09-14
6312,ECOM-2238,To Do,In Progress,user0029,2026-09-20
6313,ECOM-2238,In Progress,Testing,user0016,2026-09-26
6314,ECOM-2238,Testing,Done,user0011,2026-09-26
6315,ECOM-2238,Done,Reopened,user0016,2026-09-26
6316,ECOM-2239,,To Do,user0016,2026-09-14
6317,ECOM-2240,,To Do,user0043,2026-09-14
6318,ECOM-2240,To Do,In Progress,user0009,2026-09-20
6319,ECOM-2240,In Progress,Testing,user0028,2026-09-28
6320,ECOM-2240,Testing,Done,user0001,2026-10-05
6321,SEC-2241,,To Do,user0029,2026-09-14
6322,PORTAL-2242,,To Do,user0016,2026-09-14
6323,PORTAL-2242,To Do,In Progress,user0009,2026-09-16
6324,SEC-2243,,To Do,user0040,2026-09-14
6325,SEC-2243,To Do,In Progress,user0009,2026-09-19
6326,SEC-2243,In Progress,Testing,user0009,2026-09-22
6327,SEC-2243,Testing,Done,user0034,2026-10-02
6328,DATA-2244,,To Do,user0002,2026-09-14
6329,CLOUD-2245,,To Do,user0012,2026-09-14
6330,CLOUD-2245,To Do,In Progress,user0020,2026-09-19
6331,CLOUD-2245,In Progress,Testing,user0001,2026-09-26
6332,CLOUD-2245,Testing,Done,user0038,2026-09-17
6333,CRM-2246,,To Do,user0032,2026-09-14
6334,CRM-2246,To Do,In Progress,user0006,2026-09-17
6335,PORTAL-2247,,To Do,user0005,2026-09-14
6336,PORTAL-2247,To Do,In Progress,user0050,2026-09-15
6337,PORTAL-2247,In Progress,Testing,user0037,2026-09-18
6338,ECOM-2248,,To Do,user0039,2026-09-14
6339,ECOM-2248,To Do,In Progress,user0045,2026-09-20
6340,ECOM-2248,In Progress,Testing,user0001,2026-09-20
6341,ECOM-2248,Testing,Done,user0050,2026-09-29
6342,PORTAL-2249,,To Do,user0037,2026-09-14
6343,PORTAL-2249,To Do,In Progress,user0023,2026-09-18
6344,PORTAL-2249,In Progress,Testing,user0030,2026-09-22
6345,CRM-2250,,To Do,user0036,2026-09-14
6346,CRM-2250,To Do,In Progress,user0023,2026-09-19
6347,CRM-2250,In Progress,Blocked,user0025,2026-09-26
6348,CLOUD-2251,,To Do,user0048,2026-09-14
6349,CLOUD-2251,To Do,In Progress,user0039,2026-09-17
6350,PORTAL-2252,,To Do,user0034,2026-09-14
6351,MOB-2253,,To Do,user0006,2026-09-14
6352,MOB-2253,To Do,In Progress,user0029,2026-09-21
6353,MOB-2253,In Progress,Testing,user0014,2026-09-16
6354,MOB-2253,Testing,Done,user0015,2026-09-17
6355,PORTAL-2254,,To Do,user0038,2026-09-14
6356,PORTAL-2254,To Do,In Progress,user0036,2026-09-16
6357,PORTAL-2254,In Progress,Testing,user0020,2026-09-20
6358,ECOM-2255,,To Do,user0047,2026-09-14
6359,ECOM-2256,,To Do,user0007,2026-09-14
6360,ECOM-2256,To Do,In Progress,user0035,2026-09-16
6361,ECOM-2256,In Progress,Testing,user0048,2026-09-20
6362,ECOM-2256,Testing,Done,user0014,2026-09-20
6363,MOB-2257,,To Do,user0006,2026-09-14
6364,MOB-2257,To Do,In Progress,user0016,2026-09-21
6365,MOB-2257,In Progress,Testing,user0015,2026-09-28
6366,MOB-2257,Testing,Done,user0003,2026-10-05
6367,CRM-2258,,To Do,user0042,2026-09-14
6368,CRM-2258,To Do,In Progress,user0019,2026-09-15
6369,CRM-2258,In Progress,Testing,user0011,2026-09-26
6370,CRM-2258,Testing,Done,user0022,2026-09-29
6371,DATA-2259,,To Do,user0001,2026-09-14
6372,DATA-2259,To Do,In Progress,user0002,2026-09-16
6373,DATA-2259,In Progress,Testing,user0009,2026-09-28
6374,DATA-2259,Testing,Done,user0013,2026-09-29
6375,DATA-2260,,To Do,user0001,2026-09-14
6376,DATA-2260,To Do,In Progress,user0022,2026-09-19
6377,DATA-2260,In Progress,Testing,user0033,2026-09-28
6378,DATA-2260,Testing,Done,user0042,2026-09-26
6379,DATA-2260,Done,Reopened,user0002,2026-09-22
6380,PORTAL-2261,,To Do,user0002,2026-09-14
6381,PORTAL-2261,To Do,In Progress,user0029,2026-09-21
6382,DATA-2262,,To Do,user0010,2026-09-14
6383,DATA-2262,To Do,In Progress,user0002,2026-09-15
6384,SEC-2263,,To Do,user0045,2026-09-14
6385,SEC-2263,To Do,In Progress,user0021,2026-09-16
6386,SEC-2263,In Progress,Blocked,user0026,2026-09-20
6387,DATA-2264,,To Do,user0014,2026-09-14
6388,DATA-2264,To Do,In Progress,user0033,2026-09-15
6389,DATA-2264,In Progress,Testing,user0001,2026-09-22
6390,DATA-2264,Testing,Done,user0046,2026-09-26
6391,ECOM-2265,,To Do,user0015,2026-09-14
6392,ECOM-2265,To Do,In Progress,user0041,2026-09-21
6393,PORTAL-2266,,To Do,user0008,2026-09-14
6394,PORTAL-2266,To Do,In Progress,user0016,2026-09-17
6395,PORTAL-2266,In Progress,Testing,user0031,2026-09-24
6396,PORTAL-2266,Testing,Done,user0020,2026-09-23
6397,SEC-2267,,To Do,user0032,2026-09-14
6398,SEC-2267,To Do,In Progress,user0016,2026-09-21
6399,SEC-2267,In Progress,Blocked,user0023,2026-09-16
6400,CLOUD-2268,,To Do,user0023,2026-09-14
6401,CLOUD-2268,To Do,In Progress,user0027,2026-09-19
6402,DATA-2269,,To Do,user0032,2026-09-14
6403,ECOM-2270,,To Do,user0016,2026-09-14
6404,CRM-2271,,To Do,user0003,2026-09-14
6405,CRM-2271,To Do,In Progress,user0038,2026-09-20
6406,CRM-2271,In Progress,Testing,user0025,2026-09-22
6407,CRM-2271,Testing,Done,user0015,2026-10-05
6408,MOB-2272,,To Do,user0041,2026-09-14
6409,MOB-2272,To Do,In Progress,user0021,2026-09-16
6410,MOB-2272,In Progress,Testing,user0030,2026-09-18
6411,MOB-2272,Testing,Done,user0016,2026-10-02
6412,PORTAL-2273,,To Do,user0029,2026-09-14
6413,PORTAL-2273,To Do,In Progress,user0032,2026-09-18
6414,BANK-2274,,To Do,user0017,2026-09-14
6415,BANK-2274,To Do,In Progress,user0036,2026-09-19
6416,BI-2275,,To Do,user0015,2026-09-14
6417,BI-2275,To Do,In Progress,user0007,2026-09-19
6418,BI-2275,In Progress,Testing,user0010,2026-09-20
6419,BI-2276,,To Do,user0001,2026-09-14
6420,BI-2276,To Do,In Progress,user0032,2026-09-16
6421,BI-2276,In Progress,Testing,user0050,2026-09-20
6422,BI-2276,Testing,Done,user0040,2026-09-26
6423,BI-2277,,To Do,user0005,2026-09-14
6424,BI-2277,To Do,In Progress,user0020,2026-09-21
6425,BI-2277,In Progress,Testing,user0005,2026-09-18
6426,BI-2277,Testing,Done,user0020,2026-10-05
6427,SEC-2278,,To Do,user0007,2026-09-14
6428,SEC-2278,To Do,In Progress,user0038,2026-09-16
6429,SEC-2278,In Progress,Blocked,user0036,2026-09-24
6430,DATA-2279,,To Do,user0045,2026-09-14
6431,DATA-2279,To Do,In Progress,user0020,2026-09-19
6432,DATA-2279,In Progress,Testing,user0040,2026-09-18
6433,DATA-2279,Testing,Done,user0016,2026-09-23
6434,CLOUD-2280,,To Do,user0050,2026-09-14
6435,ERP-2281,,To Do,user0047,2026-09-14
6436,ERP-2281,To Do,In Progress,user0007,2026-09-18
6437,ERP-2281,In Progress,Testing,user0038,2026-09-24
6438,CRM-2282,,To Do,user0049,2026-09-14
6439,CRM-2282,To Do,In Progress,user0035,2026-09-16
6440,CRM-2282,In Progress,Testing,user0001,2026-09-20
6441,CRM-2282,Testing,Done,user0035,2026-10-05
6442,DATA-2283,,To Do,user0041,2026-09-14
6443,DATA-2283,To Do,In Progress,user0049,2026-09-19
6444,BANK-2284,,To Do,user0033,2026-09-14
6445,BANK-2284,To Do,In Progress,user0027,2026-09-17
6446,BANK-2284,In Progress,Testing,user0015,2026-09-26
6447,BANK-2284,Testing,Done,user0001,2026-09-29
6448,DATA-2285,,To Do,user0043,2026-09-14
6449,DATA-2285,To Do,In Progress,user0050,2026-09-19
6450,DATA-2285,In Progress,Testing,user0010,2026-09-20
6451,DATA-2285,Testing,Done,user0010,2026-09-17
6452,BANK-2286,,To Do,user0004,2026-09-14
6453,BANK-2286,To Do,In Progress,user0019,2026-09-15
6454,BANK-2286,In Progress,Testing,user0006,2026-09-26
6455,BANK-2286,Testing,Done,user0018,2026-09-26
6456,DATA-2287,,To Do,user0045,2026-09-14
6457,DATA-2288,,To Do,user0046,2026-09-14
6458,BI-2289,,To Do,user0024,2026-09-14
6459,BI-2289,To Do,In Progress,user0037,2026-09-17
6460,BANK-2290,,To Do,user0026,2026-09-14
6461,BANK-2290,To Do,In Progress,user0035,2026-09-17
6462,BANK-2290,In Progress,Testing,user0003,2026-09-22
6463,BANK-2290,Testing,Done,user0009,2026-09-20
6464,CRM-2291,,To Do,user0034,2026-09-14
6465,CRM-2291,To Do,In Progress,user0001,2026-09-18
6466,ERP-2292,,To Do,user0040,2026-09-14
6467,ERP-2293,,To Do,user0047,2026-09-14
6468,ERP-2293,To Do,In Progress,user0047,2026-09-15
6469,ERP-2293,In Progress,Testing,user0036,2026-09-26
6470,ERP-2293,Testing,Done,user0036,2026-10-05
6471,DATA-2294,,To Do,user0034,2026-09-14
6472,DATA-2294,To Do,In Progress,user0011,2026-09-17
6473,DATA-2294,In Progress,Testing,user0015,2026-09-28
6474,MOB-2295,,To Do,user0024,2026-09-14
6475,MOB-2295,To Do,In Progress,user0017,2026-09-19
6476,MOB-2295,In Progress,Testing,user0009,2026-09-16
6477,MOB-2295,Testing,Done,user0005,2026-10-02
6478,BANK-2296,,To Do,user0037,2026-09-14
6479,PORTAL-2297,,To Do,user0045,2026-09-14
6480,PORTAL-2297,To Do,In Progress,user0028,2026-09-15
6481,BI-2298,,To Do,user0005,2026-09-14
6482,BI-2298,To Do,In Progress,user0022,2026-09-16
6483,BI-2298,In Progress,Testing,user0025,2026-09-26
6484,BI-2298,Testing,Done,user0044,2026-09-20
6485,MOB-2299,,To Do,user0025,2026-09-14
6486,MOB-2299,To Do,In Progress,user0010,2026-09-21
6487,MOB-2299,In Progress,Testing,user0018,2026-09-18
6488,MOB-2299,Testing,Done,user0019,2026-10-02
6489,ECOM-2300,,To Do,user0050,2026-09-14
6490,ECOM-2300,To Do,In Progress,user0028,2026-09-16
6491,ECOM-2300,In Progress,Testing,user0024,2026-09-20
6492,ECOM-2300,Testing,Done,user0008,2026-09-26
6493,CLOUD-2301,,To Do,user0043,2026-09-14
6494,CLOUD-2301,To Do,In Progress,user0043,2026-09-18
6495,CLOUD-2302,,To Do,user0009,2026-09-14
6496,CLOUD-2302,To Do,In Progress,user0015,2026-09-21
6497,BI-2303,,To Do,user0043,2026-09-14
6498,BI-2303,To Do,In Progress,user0006,2026-09-17
6499,BI-2303,In Progress,Testing,user0009,2026-09-22
6500,BI-2303,Testing,Done,user0018,2026-09-26
6501,CRM-2304,,To Do,user0036,2026-09-14
6502,CRM-2304,To Do,In Progress,user0030,2026-09-17
6503,MOB-2305,,To Do,user0044,2026-09-14
6504,MOB-2305,To Do,In Progress,user0030,2026-09-16
6505,MOB-2305,In Progress,Testing,user0023,2026-09-16
6506,MOB-2305,Testing,Done,user0039,2026-09-29
6507,PORTAL-2306,,To Do,user0018,2026-09-14
6508,PORTAL-2306,To Do,In Progress,user0007,2026-09-18
6509,PORTAL-2306,In Progress,Testing,user0015,2026-09-22
6510,PORTAL-2306,Testing,Done,user0015,2026-09-23
6511,MOB-2307,,To Do,user0004,2026-09-14
6512,MOB-2307,To Do,In Progress,user0046,2026-09-18
6513,MOB-2307,In Progress,Testing,user0019,2026-09-24
6514,MOB-2307,Testing,Done,user0032,2026-09-23
6515,CLOUD-2308,,To Do,user0044,2026-09-14
6516,CLOUD-2308,To Do,In Progress,user0028,2026-09-15
6517,CLOUD-2308,In Progress,Testing,user0045,2026-09-26
6518,CLOUD-2308,Testing,Done,user0020,2026-09-26
6519,SEC-2309,,To Do,user0039,2026-09-14
6520,SEC-2309,To Do,In Progress,user0005,2026-09-20
6521,SEC-2309,In Progress,Testing,user0011,2026-09-26
6522,ECOM-2310,,To Do,user0002,2026-09-14
6523,ECOM-2310,To Do,In Progress,user0041,2026-09-16
6524,ECOM-2310,In Progress,Testing,user0030,2026-09-24
6525,BANK-2311,,To Do,user0004,2026-09-14
6526,BANK-2311,To Do,In Progress,user0047,2026-09-15
6527,BANK-2311,In Progress,Testing,user0049,2026-09-22
6528,BANK-2311,Testing,Done,user0007,2026-09-17
6529,PORTAL-2312,,To Do,user0028,2026-09-14
6530,CRM-2313,,To Do,user0033,2026-09-14
6531,CRM-2313,To Do,In Progress,user0049,2026-09-15
6532,ECOM-2314,,To Do,user0050,2026-09-14
6533,ECOM-2314,To Do,In Progress,user0010,2026-09-16
6534,CLOUD-2315,,To Do,user0044,2026-09-14
6535,BANK-2316,,To Do,user0033,2026-09-14
6536,BANK-2316,To Do,In Progress,user0037,2026-09-18
6537,BANK-2316,In Progress,Testing,user0041,2026-09-24
6538,BANK-2317,,To Do,user0002,2026-09-14
6539,BI-2318,,To Do,user0050,2026-09-14
6540,BI-2318,To Do,In Progress,user0035,2026-09-19
6541,MOB-2319,,To Do,user0007,2026-09-14
6542,MOB-2319,To Do,In Progress,user0034,2026-09-17
6543,MOB-2319,In Progress,Testing,user0035,2026-09-20
6544,MOB-2319,Testing,Done,user0039,2026-10-02
6545,MOB-2320,,To Do,user0025,2026-09-14
6546,MOB-2320,To Do,In Progress,user0022,2026-09-20
6547,MOB-2320,In Progress,Testing,user0005,2026-09-20
6548,MOB-2320,Testing,Done,user0005,2026-10-02
6549,PORTAL-2321,,To Do,user0018,2026-09-14
6550,PORTAL-2321,To Do,In Progress,user0012,2026-09-20
6551,ERP-2322,,To Do,user0039,2026-09-14
6552,ERP-2322,To Do,In Progress,user0004,2026-09-18
6553,BANK-2323,,To Do,user0050,2026-09-14
6554,BANK-2323,To Do,In Progress,user0006,2026-09-19
6555,BANK-2323,In Progress,Testing,user0036,2026-09-18
6556,BANK-2323,Testing,Done,user0047,2026-09-20
6557,CRM-2324,,To Do,user0031,2026-09-14
6558,CRM-2324,To Do,In Progress,user0011,2026-09-20
6559,CRM-2324,In Progress,Testing,user0050,2026-09-26
6560,CRM-2324,Testing,Done,user0021,2026-09-29
6561,SEC-2325,,To Do,user0010,2026-09-14
6562,SEC-2325,To Do,In Progress,user0005,2026-09-20
6563,SEC-2325,In Progress,Blocked,user0027,2026-09-24
6564,PORTAL-2326,,To Do,user0029,2026-09-14
6565,PORTAL-2326,To Do,In Progress,user0010,2026-09-19
6566,PORTAL-2326,In Progress,Testing,user0043,2026-09-18
6567,SEC-2327,,To Do,user0027,2026-09-14
6568,SEC-2327,To Do,In Progress,user0021,2026-09-18
6569,SEC-2328,,To Do,user0047,2026-09-14
6570,SEC-2328,To Do,In Progress,user0027,2026-09-18
6571,SEC-2328,In Progress,Testing,user0024,2026-09-26
6572,SEC-2328,Testing,Done,user0019,2026-09-29
6573,SEC-2328,Done,Reopened,user0036,2026-10-08
6574,CRM-2329,,To Do,user0015,2026-09-14
6575,BANK-2330,,To Do,user0036,2026-09-14
6576,BANK-2330,To Do,In Progress,user0042,2026-09-18
6577,BI-2331,,To Do,user0034,2026-09-14
6578,BI-2331,To Do,In Progress,user0022,2026-09-17
6579,CRM-2332,,To Do,user0047,2026-09-14
6580,PORTAL-2333,,To Do,user0008,2026-09-14
6581,CRM-2334,,To Do,user0006,2026-09-14
6582,BANK-2335,,To Do,user0034,2026-09-14
6583,MOB-2336,,To Do,user0031,2026-09-14
6584,MOB-2336,To Do,In Progress,user0009,2026-09-20
6585,ERP-2337,,To Do,user0046,2026-09-14
6586,ERP-2337,To Do,In Progress,user0008,2026-09-19
6587,ERP-2337,In Progress,Blocked,user0047,2026-09-24
6588,ECOM-2338,,To Do,user0002,2026-09-14
6589,ECOM-2338,To Do,In Progress,user0013,2026-09-18
6590,PORTAL-2339,,To Do,user0031,2026-09-14
6591,PORTAL-2339,To Do,In Progress,user0035,2026-09-20
6592,PORTAL-2339,In Progress,Blocked,user0030,2026-09-28
6593,MOB-2340,,To Do,user0029,2026-09-14
6594,MOB-2340,To Do,In Progress,user0046,2026-09-16
6595,MOB-2340,In Progress,Testing,user0050,2026-09-22
6596,MOB-2340,Testing,Done,user0029,2026-10-05
6597,CRM-2341,,To Do,user0014,2026-09-14
6598,CRM-2341,To Do,In Progress,user0025,2026-09-16
6599,CRM-2341,In Progress,Blocked,user0034,2026-09-26
6600,SEC-2342,,To Do,user0015,2026-09-14
6601,SEC-2342,To Do,In Progress,user0005,2026-09-18
6602,ECOM-2343,,To Do,user0043,2026-09-14
6603,ECOM-2343,To Do,In Progress,user0040,2026-09-20
6604,ECOM-2343,In Progress,Testing,user0026,2026-09-18
6605,ECOM-2343,Testing,Done,user0004,2026-09-23
6606,BANK-2344,,To Do,user0045,2026-09-14
6607,BANK-2344,To Do,In Progress,user0009,2026-09-18
6608,CLOUD-2345,,To Do,user0045,2026-09-14
6609,CLOUD-2345,To Do,In Progress,user0012,2026-09-20
6610,CLOUD-2345,In Progress,Testing,user0035,2026-09-26
6611,CLOUD-2345,Testing,Done,user0046,2026-09-20
6612,BI-2346,,To Do,user0031,2026-09-14
6613,BI-2346,To Do,In Progress,user0041,2026-09-17
6614,BI-2346,In Progress,Testing,user0021,2026-09-24
6615,ERP-2347,,To Do,user0040,2026-09-14
6616,ERP-2347,To Do,In Progress,user0012,2026-09-18
6617,BI-2348,,To Do,user0018,2026-09-14
6618,BI-2348,To Do,In Progress,user0042,2026-09-15
6619,BI-2348,In Progress,Testing,user0050,2026-09-18
6620,BI-2348,Testing,Done,user0018,2026-09-20
6621,CLOUD-2349,,To Do,user0039,2026-09-14
6622,CLOUD-2349,To Do,In Progress,user0007,2026-09-20
6623,CLOUD-2349,In Progress,Testing,user0009,2026-09-26
6624,CLOUD-2349,Testing,Done,user0044,2026-09-20
6625,BI-2350,,To Do,user0005,2026-09-14
6626,BI-2350,To Do,In Progress,user0043,2026-09-17
6627,BI-2350,In Progress,Testing,user0006,2026-09-26
6628,BI-2350,Testing,Done,user0011,2026-09-23
6629,MOB-2351,,To Do,user0023,2026-09-14
6630,MOB-2351,To Do,In Progress,user0010,2026-09-19
6631,MOB-2351,In Progress,Testing,user0017,2026-09-20
6632,ECOM-2352,,To Do,user0022,2026-09-14
6633,ECOM-2352,To Do,In Progress,user0050,2026-09-20
6634,BI-2353,,To Do,user0008,2026-09-14
6635,BI-2353,To Do,In Progress,user0015,2026-09-17
6636,BANK-2354,,To Do,user0014,2026-09-14
6637,BANK-2354,To Do,In Progress,user0010,2026-09-19
6638,BI-2355,,To Do,user0004,2026-09-14
6639,BI-2355,To Do,In Progress,user0034,2026-09-15
6640,BI-2355,In Progress,Testing,user0025,2026-09-26
6641,BI-2355,Testing,Done,user0039,2026-10-02
6642,CLOUD-2356,,To Do,user0038,2026-09-14
6643,CLOUD-2356,To Do,In Progress,user0003,2026-09-16
6644,CLOUD-2356,In Progress,Testing,user0005,2026-09-20
6645,CLOUD-2356,Testing,Done,user0013,2026-09-17
6646,ECOM-2357,,To Do,user0045,2026-09-14
6647,ECOM-2357,To Do,In Progress,user0005,2026-09-21
6648,ERP-2358,,To Do,user0038,2026-09-14
6649,ERP-2358,To Do,In Progress,user0049,2026-09-17
6650,PORTAL-2359,,To Do,user0050,2026-09-14
6651,PORTAL-2359,To Do,In Progress,user0043,2026-09-21
6652,PORTAL-2359,In Progress,Testing,user0009,2026-09-28
6653,PORTAL-2359,Testing,Done,user0035,2026-10-02
6654,PORTAL-2359,Done,Reopened,user0019,2026-09-22
6655,PORTAL-2360,,To Do,user0019,2026-09-14
6656,PORTAL-2360,To Do,In Progress,user0034,2026-09-16
6657,PORTAL-2360,In Progress,Blocked,user0023,2026-09-18
6658,BI-2361,,To Do,user0009,2026-09-14
6659,BI-2361,To Do,In Progress,user0004,2026-09-18
6660,BI-2361,In Progress,Testing,user0001,2026-09-22
6661,BI-2361,Testing,Done,user0031,2026-09-26
6662,PORTAL-2362,,To Do,user0047,2026-09-14
6663,BI-2363,,To Do,user0005,2026-09-14
6664,BI-2363,To Do,In Progress,user0039,2026-09-17
6665,BI-2363,In Progress,Testing,user0031,2026-09-28
6666,BI-2363,Testing,Done,user0019,2026-09-26
6667,BI-2363,Done,Reopened,user0015,2026-09-22
6668,CRM-2364,,To Do,user0040,2026-09-14
6669,CRM-2364,To Do,In Progress,user0032,2026-09-15
6670,PORTAL-2365,,To Do,user0042,2026-09-14
6671,PORTAL-2365,To Do,In Progress,user0016,2026-09-15
6672,BANK-2366,,To Do,user0009,2026-09-14
6673,ECOM-2367,,To Do,user0012,2026-09-14
6674,ECOM-2367,To Do,In Progress,user0015,2026-09-16
6675,ECOM-2367,In Progress,Testing,user0005,2026-09-20
6676,ECOM-2367,Testing,Done,user0042,2026-09-26
6677,BANK-2368,,To Do,user0038,2026-09-14
6678,BANK-2368,To Do,In Progress,user0050,2026-09-20
6679,BANK-2368,In Progress,Testing,user0049,2026-09-18
6680,BANK-2368,Testing,Done,user0048,2026-10-02
6681,ECOM-2369,,To Do,user0044,2026-09-14
6682,ECOM-2369,To Do,In Progress,user0030,2026-09-15
6683,ECOM-2369,In Progress,Testing,user0003,2026-09-16
6684,ECOM-2369,Testing,Done,user0011,2026-09-23
6685,CLOUD-2370,,To Do,user0021,2026-09-14
6686,CLOUD-2370,To Do,In Progress,user0040,2026-09-21
6687,CLOUD-2370,In Progress,Testing,user0001,2026-09-22
6688,CLOUD-2370,Testing,Done,user0002,2026-09-29
6689,BANK-2371,,To Do,user0011,2026-09-14
6690,BANK-2371,To Do,In Progress,user0031,2026-09-21
6691,BANK-2371,In Progress,Testing,user0008,2026-09-28
6692,BANK-2371,Testing,Done,user0011,2026-09-26
6693,MOB-2372,,To Do,user0003,2026-09-14
6694,MOB-2372,To Do,In Progress,user0044,2026-09-19
6695,MOB-2372,In Progress,Testing,user0019,2026-09-24
6696,MOB-2372,Testing,Done,user0011,2026-09-17
6697,SEC-2373,,To Do,user0050,2026-09-14
6698,ECOM-2374,,To Do,user0042,2026-09-14
6699,BI-2375,,To Do,user0018,2026-09-14
6700,BI-2375,To Do,In Progress,user0006,2026-09-16
6701,BI-2375,In Progress,Testing,user0011,2026-09-20
6702,BI-2375,Testing,Done,user0006,2026-09-17
6703,MOB-2376,,To Do,user0039,2026-09-14
6704,DATA-2377,,To Do,user0049,2026-09-14
6705,DATA-2377,To Do,In Progress,user0032,2026-09-19
6706,DATA-2377,In Progress,Testing,user0031,2026-09-16
6707,DATA-2377,Testing,Done,user0027,2026-09-29
6708,CRM-2378,,To Do,user0012,2026-09-14
6709,CRM-2378,To Do,In Progress,user0042,2026-09-17
6710,MOB-2379,,To Do,user0045,2026-09-14
6711,MOB-2379,To Do,In Progress,user0006,2026-09-21
6712,MOB-2379,In Progress,Testing,user0027,2026-09-20
6713,MOB-2379,Testing,Done,user0028,2026-09-20
6714,ECOM-2380,,To Do,user0035,2026-09-14
6715,ECOM-2380,To Do,In Progress,user0018,2026-09-18
6716,CRM-2381,,To Do,user0025,2026-09-14
6717,CRM-2381,To Do,In Progress,user0043,2026-09-20
6718,CRM-2381,In Progress,Blocked,user0042,2026-09-20
6719,CRM-2382,,To Do,user0019,2026-09-14
6720,CRM-2382,To Do,In Progress,user0021,2026-09-21
6721,DATA-2383,,To Do,user0037,2026-09-14
6722,DATA-2383,To Do,In Progress,user0001,2026-09-18
6723,DATA-2383,In Progress,Blocked,user0048,2026-09-28
6724,DATA-2384,,To Do,user0011,2026-09-14
6725,DATA-2384,To Do,In Progress,user0023,2026-09-19
6726,DATA-2384,In Progress,Testing,user0025,2026-09-18
6727,DATA-2384,Testing,Done,user0049,2026-10-05
6728,CLOUD-2385,,To Do,user0043,2026-09-14
6729,CLOUD-2385,To Do,In Progress,user0032,2026-09-20
6730,CLOUD-2385,In Progress,Testing,user0020,2026-09-28
6731,CLOUD-2385,Testing,Done,user0011,2026-09-29
6732,CLOUD-2385,Done,Reopened,user0041,2026-10-04
6733,BI-2386,,To Do,user0005,2026-09-14
6734,BANK-2387,,To Do,user0031,2026-09-14
6735,BANK-2387,To Do,In Progress,user0049,2026-09-15
6736,BANK-2387,In Progress,Testing,user0045,2026-09-16
6737,BANK-2387,Testing,Done,user0046,2026-09-20
6738,BANK-2387,Done,Reopened,user0015,2026-09-30
6739,BI-2388,,To Do,user0050,2026-09-14
6740,BI-2388,To Do,In Progress,user0013,2026-09-17
6741,BI-2388,In Progress,Testing,user0015,2026-09-16
6742,BI-2388,Testing,Done,user0008,2026-09-20
6743,BANK-2389,,To Do,user0045,2026-09-14
6744,BANK-2389,To Do,In Progress,user0044,2026-09-16
6745,CRM-2390,,To Do,user0048,2026-09-14
6746,CRM-2390,To Do,In Progress,user0028,2026-09-15
6747,CRM-2390,In Progress,Testing,user0019,2026-09-26
6748,CRM-2390,Testing,Done,user0020,2026-09-23
6749,CRM-2390,Done,Reopened,user0034,2026-09-30
6750,ECOM-2391,,To Do,user0014,2026-09-14
6751,ECOM-2391,To Do,In Progress,user0037,2026-09-21
6752,ECOM-2391,In Progress,Testing,user0042,2026-09-26
6753,ECOM-2391,Testing,Done,user0002,2026-09-29
6754,CRM-2392,,To Do,user0038,2026-09-14
6755,CRM-2392,To Do,In Progress,user0039,2026-09-18
6756,CRM-2392,In Progress,Blocked,user0006,2026-09-26
6757,BI-2393,,To Do,user0016,2026-09-14
6758,BI-2393,To Do,In Progress,user0047,2026-09-15
6759,BI-2394,,To Do,user0015,2026-09-14
6760,BI-2394,To Do,In Progress,user0031,2026-09-21
6761,BI-2394,In Progress,Testing,user0039,2026-09-24
6762,BI-2394,Testing,Done,user0026,2026-09-17
6763,BI-2395,,To Do,user0033,2026-09-14
6764,BI-2395,To Do,In Progress,user0046,2026-09-17
6765,BI-2395,In Progress,Testing,user0011,2026-09-16
6766,BI-2395,Testing,Done,user0030,2026-09-29
6767,ERP-2396,,To Do,user0029,2026-09-14
6768,ERP-2396,To Do,In Progress,user0050,2026-09-15
6769,ERP-2396,In Progress,Blocked,user0017,2026-09-22
6770,ERP-2397,,To Do,user0001,2026-09-14
6771,ERP-2397,To Do,In Progress,user0014,2026-09-19
6772,ERP-2397,In Progress,Testing,user0002,2026-09-28
6773,ERP-2397,Testing,Done,user0049,2026-10-02
6774,ECOM-2398,,To Do,user0031,2026-09-14
6775,PORTAL-2399,,To Do,user0028,2026-09-14
6776,PORTAL-2399,To Do,In Progress,user0046,2026-09-21
6777,PORTAL-2400,,To Do,user0006,2026-09-14
6778,PORTAL-2400,To Do,In Progress,user0001,2026-09-17
6779,SEC-2401,,To Do,user0038,2026-09-14
6780,SEC-2401,To Do,In Progress,user0010,2026-09-20
6781,SEC-2401,In Progress,Blocked,user0002,2026-09-22
6782,PORTAL-2402,,To Do,user0023,2026-09-14
6783,ERP-2403,,To Do,user0010,2026-09-14
6784,ERP-2403,To Do,In Progress,user0027,2026-09-19
6785,ERP-2403,In Progress,Blocked,user0023,2026-09-18
6786,MOB-2404,,To Do,user0018,2026-09-14
6787,MOB-2404,To Do,In Progress,user0036,2026-09-15
6788,MOB-2404,In Progress,Testing,user0043,2026-09-24
6789,MOB-2404,Testing,Done,user0007,2026-09-23
6790,ERP-2405,,To Do,user0020,2026-09-14
6791,SEC-2406,,To Do,user0020,2026-09-14
6792,PORTAL-2407,,To Do,user0005,2026-09-14
6793,PORTAL-2407,To Do,In Progress,user0049,2026-09-16
6794,BANK-2408,,To Do,user0035,2026-09-14
6795,BANK-2408,To Do,In Progress,user0009,2026-09-21
6796,BANK-2408,In Progress,Blocked,user0035,2026-09-20
6797,MOB-2409,,To Do,user0012,2026-09-14
6798,MOB-2409,To Do,In Progress,user0016,2026-09-20
6799,BI-2410,,To Do,user0043,2026-09-14
6800,BI-2410,To Do,In Progress,user0022,2026-09-17
6801,BI-2410,In Progress,Testing,user0026,2026-09-18
6802,BI-2410,Testing,Done,user0030,2026-09-20
6803,CLOUD-2411,,To Do,user0016,2026-09-14
6804,CLOUD-2412,,To Do,user0050,2026-09-14
6805,CLOUD-2412,To Do,In Progress,user0025,2026-09-15
6806,CLOUD-2412,In Progress,Testing,user0007,2026-09-28
6807,CLOUD-2412,Testing,Done,user0031,2026-09-26
6808,SEC-2413,,To Do,user0039,2026-09-14
6809,SEC-2413,To Do,In Progress,user0037,2026-09-19
6810,SEC-2413,In Progress,Testing,user0019,2026-09-16
6811,SEC-2413,Testing,Done,user0049,2026-10-05
6812,SEC-2413,Done,Reopened,user0035,2026-09-22
6813,PORTAL-2414,,To Do,user0006,2026-09-14
6814,PORTAL-2414,To Do,In Progress,user0001,2026-09-15
6815,PORTAL-2414,In Progress,Blocked,user0014,2026-09-22
6816,ERP-2415,,To Do,user0001,2026-09-14
6817,ERP-2415,To Do,In Progress,user0039,2026-09-17
6818,BANK-2416,,To Do,user0048,2026-09-14
6819,CRM-2417,,To Do,user0050,2026-09-14
6820,BI-2418,,To Do,user0002,2026-09-14
6821,ERP-2419,,To Do,user0026,2026-09-14
6822,ERP-2419,To Do,In Progress,user0017,2026-09-15
6823,ERP-2419,In Progress,Testing,user0043,2026-09-16
6824,ERP-2419,Testing,Done,user0033,2026-09-23
6825,ERP-2419,Done,Reopened,user0033,2026-09-30
6826,SEC-2420,,To Do,user0008,2026-09-14
6827,SEC-2420,To Do,In Progress,user0043,2026-09-21
6828,PORTAL-2421,,To Do,user0039,2026-09-14
6829,PORTAL-2421,To Do,In Progress,user0031,2026-09-15
6830,DATA-2422,,To Do,user0016,2026-09-14
6831,DATA-2422,To Do,In Progress,user0015,2026-09-21
6832,DATA-2422,In Progress,Testing,user0010,2026-09-24
6833,DATA-2422,Testing,Done,user0007,2026-10-05
6834,SEC-2423,,To Do,user0039,2026-09-14
6835,SEC-2423,To Do,In Progress,user0004,2026-09-16
6836,SEC-2423,In Progress,Testing,user0040,2026-09-16
6837,SEC-2423,Testing,Done,user0008,2026-09-17
6838,SEC-2423,Done,Reopened,user0039,2026-09-26
6839,BANK-2424,,To Do,user0034,2026-09-14
6840,BANK-2424,To Do,In Progress,user0009,2026-09-19
6841,BANK-2424,In Progress,Testing,user0044,2026-09-16
6842,BANK-2424,Testing,Done,user0036,2026-09-26
6843,ERP-2425,,To Do,user0002,2026-09-14
6844,ERP-2425,To Do,In Progress,user0033,2026-09-19
6845,ERP-2425,In Progress,Testing,user0039,2026-09-28
6846,CLOUD-2426,,To Do,user0030,2026-09-14
6847,CLOUD-2426,To Do,In Progress,user0013,2026-09-19
6848,CLOUD-2426,In Progress,Testing,user0034,2026-09-24
6849,BANK-2427,,To Do,user0042,2026-09-14
6850,BANK-2427,To Do,In Progress,user0043,2026-09-16
6851,SEC-2428,,To Do,user0017,2026-09-14
6852,SEC-2428,To Do,In Progress,user0039,2026-09-18
6853,SEC-2428,In Progress,Testing,user0041,2026-09-16
6854,BI-2429,,To Do,user0041,2026-09-14
6855,BI-2429,To Do,In Progress,user0001,2026-09-15
6856,BI-2429,In Progress,Testing,user0028,2026-09-24
6857,BI-2430,,To Do,user0015,2026-09-14
6858,BI-2430,To Do,In Progress,user0034,2026-09-16
6859,BI-2430,In Progress,Testing,user0010,2026-09-26
6860,BI-2430,Testing,Done,user0049,2026-10-05
6861,DATA-2431,,To Do,user0044,2026-09-14
6862,DATA-2431,To Do,In Progress,user0014,2026-09-21
6863,MOB-2432,,To Do,user0041,2026-09-14
6864,MOB-2432,To Do,In Progress,user0011,2026-09-20
6865,MOB-2432,In Progress,Testing,user0016,2026-09-18
6866,MOB-2432,Testing,Done,user0014,2026-09-23
6867,SEC-2433,,To Do,user0021,2026-09-14
6868,SEC-2433,To Do,In Progress,user0044,2026-09-17
6869,SEC-2433,In Progress,Testing,user0009,2026-09-22
6870,SEC-2433,Testing,Done,user0045,2026-09-26
6871,SEC-2433,Done,Reopened,user0022,2026-09-18
6872,BI-2434,,To Do,user0009,2026-09-14
6873,BI-2434,To Do,In Progress,user0041,2026-09-21
6874,BI-2434,In Progress,Testing,user0002,2026-09-20
6875,BI-2434,Testing,Done,user0005,2026-10-02
6876,BANK-2435,,To Do,user0041,2026-09-14
6877,BANK-2435,To Do,In Progress,user0035,2026-09-21
6878,BANK-2435,In Progress,Testing,user0010,2026-09-22
6879,BANK-2435,Testing,Done,user0027,2026-09-17
6880,BANK-2436,,To Do,user0026,2026-09-14
6881,BANK-2436,To Do,In Progress,user0050,2026-09-17
6882,BANK-2436,In Progress,Testing,user0029,2026-09-28
6883,BANK-2436,Testing,Done,user0026,2026-09-26
6884,PORTAL-2437,,To Do,user0047,2026-09-14
6885,PORTAL-2437,To Do,In Progress,user0030,2026-09-21
6886,PORTAL-2437,In Progress,Blocked,user0033,2026-09-24
6887,PORTAL-2438,,To Do,user0008,2026-09-14
6888,PORTAL-2438,To Do,In Progress,user0001,2026-09-16
6889,SEC-2439,,To Do,user0041,2026-09-14
6890,SEC-2439,To Do,In Progress,user0033,2026-09-17
6891,ECOM-2440,,To Do,user0039,2026-09-14
6892,ECOM-2441,,To Do,user0009,2026-09-14
6893,ECOM-2441,To Do,In Progress,user0003,2026-09-15
6894,ECOM-2441,In Progress,Testing,user0046,2026-09-22
6895,ECOM-2441,Testing,Done,user0014,2026-09-26
6896,SEC-2442,,To Do,user0040,2026-09-14
6897,SEC-2442,To Do,In Progress,user0028,2026-09-17
6898,BI-2443,,To Do,user0037,2026-09-14
6899,BI-2443,To Do,In Progress,user0025,2026-09-19
6900,BI-2443,In Progress,Blocked,user0029,2026-09-20
6901,SEC-2444,,To Do,user0033,2026-09-14
6902,BANK-2445,,To Do,user0038,2026-09-14
6903,BANK-2445,To Do,In Progress,user0050,2026-09-21
6904,BANK-2445,In Progress,Testing,user0026,2026-09-18
6905,BANK-2445,Testing,Done,user0041,2026-09-26
6906,CLOUD-2446,,To Do,user0028,2026-09-14
6907,CLOUD-2446,To Do,In Progress,user0005,2026-09-20
6908,CLOUD-2446,In Progress,Testing,user0045,2026-09-24
6909,CLOUD-2446,Testing,Done,user0048,2026-10-05
6910,SEC-2447,,To Do,user0023,2026-09-14
6911,SEC-2447,To Do,In Progress,user0001,2026-09-15
6912,SEC-2447,In Progress,Testing,user0034,2026-09-18
6913,SEC-2447,Testing,Done,user0047,2026-09-17
6914,SEC-2448,,To Do,user0042,2026-09-14
6915,CLOUD-2449,,To Do,user0017,2026-09-14
6916,CRM-2450,,To Do,user0036,2026-09-14
6917,CLOUD-2451,,To Do,user0001,2026-09-14
6918,CLOUD-2451,To Do,In Progress,user0023,2026-09-15
6919,CLOUD-2451,In Progress,Blocked,user0014,2026-09-28
6920,ERP-2452,,To Do,user0023,2026-09-14
6921,ERP-2452,To Do,In Progress,user0001,2026-09-15
6922,ERP-2452,In Progress,Testing,user0024,2026-09-28
6923,ERP-2452,Testing,Done,user0035,2026-10-02
6924,ERP-2452,Done,Reopened,user0024,2026-09-22
6925,SEC-2453,,To Do,user0013,2026-09-14
6926,SEC-2453,To Do,In Progress,user0045,2026-09-17
6927,SEC-2453,In Progress,Blocked,user0021,2026-09-24
6928,CRM-2454,,To Do,user0036,2026-09-14
6929,CRM-2454,To Do,In Progress,user0012,2026-09-17
6930,CRM-2454,In Progress,Blocked,user0022,2026-09-20
6931,MOB-2455,,To Do,user0005,2026-09-14
6932,MOB-2455,To Do,In Progress,user0005,2026-09-17
6933,MOB-2455,In Progress,Testing,user0029,2026-09-26
6934,MOB-2455,Testing,Done,user0020,2026-09-29
6935,DATA-2456,,To Do,user0029,2026-09-14
6936,DATA-2456,To Do,In Progress,user0002,2026-09-18
6937,DATA-2456,In Progress,Testing,user0050,2026-09-16
6938,DATA-2456,Testing,Done,user0048,2026-09-29
6939,DATA-2456,Done,Reopened,user0012,2026-09-22
6940,ECOM-2457,,To Do,user0023,2026-09-14
6941,ECOM-2457,To Do,In Progress,user0044,2026-09-18
6942,ECOM-2457,In Progress,Testing,user0033,2026-09-24
6943,BI-2458,,To Do,user0045,2026-09-14
6944,BI-2458,To Do,In Progress,user0039,2026-09-18
6945,MOB-2459,,To Do,user0045,2026-09-14
6946,MOB-2459,To Do,In Progress,user0049,2026-09-20
6947,MOB-2459,In Progress,Testing,user0042,2026-09-18
6948,MOB-2459,Testing,Done,user0024,2026-10-05
6949,MOB-2459,Done,Reopened,user0017,2026-09-22
6950,ERP-2460,,To Do,user0047,2026-09-14
6951,ERP-2460,To Do,In Progress,user0049,2026-09-18
6952,ERP-2460,In Progress,Testing,user0038,2026-09-28
6953,ERP-2461,,To Do,user0049,2026-09-14
6954,CLOUD-2462,,To Do,user0028,2026-09-14
6955,CLOUD-2462,To Do,In Progress,user0017,2026-09-15
6956,CLOUD-2462,In Progress,Testing,user0046,2026-09-28
6957,CLOUD-2462,Testing,Done,user0021,2026-09-20
6958,ECOM-2463,,To Do,user0038,2026-09-14
6959,ECOM-2463,To Do,In Progress,user0017,2026-09-15
6960,BANK-2464,,To Do,user0044,2026-09-14
6961,MOB-2465,,To Do,user0046,2026-09-14
6962,CRM-2466,,To Do,user0005,2026-09-14
6963,CRM-2466,To Do,In Progress,user0016,2026-09-19
6964,CRM-2466,In Progress,Blocked,user0021,2026-09-24
6965,CLOUD-2467,,To Do,user0036,2026-09-14
6966,CLOUD-2467,To Do,In Progress,user0033,2026-09-19
6967,CLOUD-2467,In Progress,Testing,user0046,2026-09-16
6968,PORTAL-2468,,To Do,user0033,2026-09-14
6969,PORTAL-2468,To Do,In Progress,user0019,2026-09-20
6970,PORTAL-2468,In Progress,Testing,user0046,2026-09-18
6971,PORTAL-2468,Testing,Done,user0018,2026-09-20
6972,MOB-2469,,To Do,user0020,2026-09-14
6973,MOB-2469,To Do,In Progress,user0024,2026-09-21
6974,MOB-2469,In Progress,Testing,user0046,2026-09-22
6975,MOB-2469,Testing,Done,user0015,2026-09-23
6976,BANK-2470,,To Do,user0042,2026-09-14
6977,BANK-2470,To Do,In Progress,user0021,2026-09-16
6978,BANK-2470,In Progress,Testing,user0023,2026-09-24
6979,BANK-2470,Testing,Done,user0005,2026-10-02
6980,BI-2471,,To Do,user0010,2026-09-14
6981,BI-2471,To Do,In Progress,user0026,2026-09-19
6982,BI-2471,In Progress,Testing,user0038,2026-09-28
6983,BI-2471,Testing,Done,user0010,2026-09-23
6984,ERP-2472,,To Do,user0049,2026-09-14
6985,DATA-2473,,To Do,user0015,2026-09-14
6986,DATA-2473,To Do,In Progress,user0048,2026-09-21
6987,DATA-2473,In Progress,Blocked,user0041,2026-09-26
6988,ECOM-2474,,To Do,user0011,2026-09-14
6989,ECOM-2474,To Do,In Progress,user0004,2026-09-15
6990,MOB-2475,,To Do,user0010,2026-09-14
6991,MOB-2475,To Do,In Progress,user0025,2026-09-19
6992,MOB-2475,In Progress,Testing,user0023,2026-09-24
6993,MOB-2475,Testing,Done,user0007,2026-09-20
6994,BANK-2476,,To Do,user0003,2026-09-14
6995,BANK-2476,To Do,In Progress,user0046,2026-09-15
6996,BANK-2476,In Progress,Testing,user0015,2026-09-22
6997,BANK-2476,Testing,Done,user0039,2026-09-23
6998,CLOUD-2477,,To Do,user0005,2026-09-14
6999,CLOUD-2477,To Do,In Progress,user0012,2026-09-16
7000,CLOUD-2477,In Progress,Testing,user0041,2026-09-26
7001,CLOUD-2477,Testing,Done,user0030,2026-09-23
7002,ERP-2478,,To Do,user0042,2026-09-14
7003,ERP-2478,To Do,In Progress,user0020,2026-09-21
7004,ERP-2478,In Progress,Testing,user0006,2026-09-20
7005,ECOM-2479,,To Do,user0017,2026-09-14
7006,ECOM-2479,To Do,In Progress,user0010,2026-09-19
7007,ECOM-2479,In Progress,Testing,user0018,2026-09-18
7008,BI-2480,,To Do,user0014,2026-09-14
7009,BI-2480,To Do,In Progress,user0002,2026-09-21
7010,BI-2480,In Progress,Testing,user0022,2026-09-18
7011,BI-2480,Testing,Done,user0021,2026-09-29
7012,DATA-2481,,To Do,user0034,2026-09-14
7013,DATA-2481,To Do,In Progress,user0024,2026-09-19
7014,DATA-2481,In Progress,Testing,user0021,2026-09-28
7015,PORTAL-2482,,To Do,user0014,2026-09-14
7016,PORTAL-2482,To Do,In Progress,user0015,2026-09-19
7017,PORTAL-2482,In Progress,Testing,user0032,2026-09-24
7018,PORTAL-2482,Testing,Done,user0011,2026-09-23
7019,PORTAL-2482,Done,Reopened,user0026,2026-10-08
7020,BI-2483,,To Do,user0035,2026-09-14
7021,BI-2483,To Do,In Progress,user0023,2026-09-17
7022,BI-2483,In Progress,Testing,user0009,2026-09-16
7023,BI-2483,Testing,Done,user0026,2026-10-02
7024,MOB-2484,,To Do,user0049,2026-09-14
7025,CRM-2485,,To Do,user0024,2026-09-14
7026,CRM-2485,To Do,In Progress,user0038,2026-09-21
7027,ECOM-2486,,To Do,user0008,2026-09-14
7028,ECOM-2486,To Do,In Progress,user0049,2026-09-17
7029,ECOM-2486,In Progress,Testing,user0049,2026-09-26
7030,ECOM-2486,Testing,Done,user0016,2026-10-05
7031,CLOUD-2487,,To Do,user0050,2026-09-14
7032,CLOUD-2487,To Do,In Progress,user0014,2026-09-17
7033,CLOUD-2487,In Progress,Testing,user0037,2026-09-28
7034,CLOUD-2487,Testing,Done,user0024,2026-10-05
7035,BANK-2488,,To Do,user0021,2026-09-14
7036,BANK-2488,To Do,In Progress,user0039,2026-09-18
7037,ERP-2489,,To Do,user0008,2026-09-14
7038,ERP-2489,To Do,In Progress,user0011,2026-09-18
7039,ERP-2489,In Progress,Testing,user0031,2026-09-16
7040,ERP-2490,,To Do,user0016,2026-09-14
7041,ERP-2490,To Do,In Progress,user0045,2026-09-18
7042,CRM-2491,,To Do,user0040,2026-09-14
7043,CRM-2491,To Do,In Progress,user0033,2026-09-19
7044,ECOM-2492,,To Do,user0014,2026-09-14
7045,ECOM-2492,To Do,In Progress,user0013,2026-09-18
7046,ECOM-2492,In Progress,Testing,user0015,2026-09-22
7047,ECOM-2492,Testing,Done,user0004,2026-10-05
7048,ECOM-2492,Done,Reopened,user0023,2026-09-18
7049,SEC-2493,,To Do,user0012,2026-09-14
7050,SEC-2493,To Do,In Progress,user0031,2026-09-18
7051,CRM-2494,,To Do,user0030,2026-09-14
7052,CRM-2494,To Do,In Progress,user0046,2026-09-17
7053,BI-2495,,To Do,user0006,2026-09-14
7054,BI-2495,To Do,In Progress,user0035,2026-09-15
7055,BI-2495,In Progress,Testing,user0018,2026-09-20
7056,BI-2495,Testing,Done,user0032,2026-09-29
7057,BI-2496,,To Do,user0038,2026-09-14
7058,ECOM-2497,,To Do,user0002,2026-09-14
7059,ECOM-2497,To Do,In Progress,user0010,2026-09-17
7060,ECOM-2497,In Progress,Testing,user0007,2026-09-24
7061,ECOM-2497,Testing,Done,user0019,2026-09-29
7062,PORTAL-2498,,To Do,user0004,2026-09-14
7063,MOB-2499,,To Do,user0002,2026-09-14
7064,MOB-2499,To Do,In Progress,user0011,2026-09-15
7065,MOB-2499,In Progress,Testing,user0021,2026-09-20
7066,MOB-2499,Testing,Done,user0030,2026-09-29
7067,BI-2500,,To Do,user0010,2026-09-14
7068,BI-2500,To Do,In Progress,user0030,2026-09-17
7069,BI-2500,In Progress,Testing,user0008,2026-09-18
7070,CRM-2501,,To Do,user0002,2026-09-14
7071,CRM-2501,To Do,In Progress,user0011,2026-09-16
7072,CLOUD-2502,,To Do,user0002,2026-09-14
7073,CLOUD-2502,To Do,In Progress,user0029,2026-09-16
7074,ECOM-2503,,To Do,user0016,2026-09-14
7075,ECOM-2503,To Do,In Progress,user0023,2026-09-20
7076,ECOM-2503,In Progress,Testing,user0003,2026-09-20
7077,ECOM-2503,Testing,Done,user0024,2026-10-05
7078,BANK-2504,,To Do,user0015,2026-09-14
7079,CLOUD-2505,,To Do,user0044,2026-09-14
7080,CLOUD-2505,To Do,In Progress,user0017,2026-09-20
7081,CLOUD-2505,In Progress,Testing,user0001,2026-09-28
7082,CLOUD-2505,Testing,Done,user0007,2026-10-05
7083,BANK-2506,,To Do,user0018,2026-09-14
7084,BANK-2506,To Do,In Progress,user0044,2026-09-21
7085,BANK-2506,In Progress,Testing,user0035,2026-09-22
7086,BANK-2506,Testing,Done,user0024,2026-10-02
7087,BI-2507,,To Do,user0004,2026-09-14
7088,BI-2507,To Do,In Progress,user0046,2026-09-21
7089,BI-2507,In Progress,Testing,user0003,2026-09-22
7090,CLOUD-2508,,To Do,user0047,2026-09-14
7091,BI-2509,,To Do,user0013,2026-09-14
7092,BI-2509,To Do,In Progress,user0005,2026-09-18
7093,BI-2509,In Progress,Testing,user0035,2026-09-24
7094,BI-2509,Testing,Done,user0023,2026-09-26
7095,ERP-2510,,To Do,user0021,2026-09-14
7096,ERP-2510,To Do,In Progress,user0002,2026-09-15
7097,ERP-2511,,To Do,user0046,2026-09-14
7098,ERP-2511,To Do,In Progress,user0048,2026-09-20
7099,ERP-2511,In Progress,Blocked,user0047,2026-09-16
7100,ERP-2512,,To Do,user0026,2026-09-14
7101,ERP-2512,To Do,In Progress,user0017,2026-09-17
7102,ERP-2512,In Progress,Testing,user0007,2026-09-24
7103,ERP-2512,Testing,Done,user0050,2026-09-29
7104,BI-2513,,To Do,user0014,2026-09-14
7105,BI-2513,To Do,In Progress,user0011,2026-09-16
7106,ECOM-2514,,To Do,user0002,2026-09-14
7107,ECOM-2514,To Do,In Progress,user0026,2026-09-21
7108,CRM-2515,,To Do,user0023,2026-09-14
7109,CRM-2515,To Do,In Progress,user0044,2026-09-16
7110,CRM-2515,In Progress,Blocked,user0002,2026-09-20
7111,PORTAL-2516,,To Do,user0039,2026-09-14
7112,PORTAL-2516,To Do,In Progress,user0006,2026-09-21
7113,PORTAL-2516,In Progress,Testing,user0031,2026-09-22
7114,PORTAL-2516,Testing,Done,user0033,2026-09-29
7115,BI-2517,,To Do,user0029,2026-09-14
7116,BI-2517,To Do,In Progress,user0021,2026-09-19
7117,BI-2518,,To Do,user0020,2026-09-14
7118,BI-2518,To Do,In Progress,user0041,2026-09-18
7119,BI-2518,In Progress,Testing,user0003,2026-09-26
7120,BI-2518,Testing,Done,user0026,2026-09-17
7121,BI-2518,Done,Reopened,user0009,2026-09-22
7122,ERP-2519,,To Do,user0003,2026-09-14
7123,ERP-2519,To Do,In Progress,user0029,2026-09-15
7124,ECOM-2520,,To Do,user0032,2026-09-14
7125,ECOM-2520,To Do,In Progress,user0040,2026-09-17
7126,BANK-2521,,To Do,user0030,2026-09-14
7127,BANK-2521,To Do,In Progress,user0019,2026-09-20
7128,BANK-2521,In Progress,Testing,user0035,2026-09-28
7129,BANK-2521,Testing,Done,user0038,2026-10-02
7130,ECOM-2522,,To Do,user0039,2026-09-14
7131,ECOM-2522,To Do,In Progress,user0013,2026-09-16
7132,ECOM-2522,In Progress,Testing,user0037,2026-09-28
7133,ECOM-2522,Testing,Done,user0015,2026-10-05
7134,ECOM-2522,Done,Reopened,user0002,2026-09-30
7135,CLOUD-2523,,To Do,user0020,2026-09-14
7136,CLOUD-2523,To Do,In Progress,user0018,2026-09-20
7137,CLOUD-2523,In Progress,Testing,user0002,2026-09-22
7138,CLOUD-2523,Testing,Done,user0047,2026-09-26
7139,BANK-2524,,To Do,user0041,2026-09-14
7140,BANK-2524,To Do,In Progress,user0027,2026-09-15
7141,BANK-2524,In Progress,Testing,user0004,2026-09-22
7142,BANK-2524,Testing,Done,user0023,2026-10-02
7143,DATA-2525,,To Do,user0040,2026-09-14
7144,DATA-2525,To Do,In Progress,user0021,2026-09-18
7145,ECOM-2526,,To Do,user0031,2026-09-14
7146,ECOM-2526,To Do,In Progress,user0037,2026-09-16
7147,PORTAL-2527,,To Do,user0036,2026-09-14
7148,SEC-2528,,To Do,user0005,2026-09-14
7149,SEC-2528,To Do,In Progress,user0007,2026-09-20
7150,SEC-2528,In Progress,Testing,user0047,2026-09-18
7151,BANK-2529,,To Do,user0021,2026-09-14
7152,BI-2530,,To Do,user0033,2026-09-14
7153,BI-2530,To Do,In Progress,user0011,2026-09-21
7154,BI-2530,In Progress,Testing,user0006,2026-09-18
7155,BI-2530,Testing,Done,user0046,2026-09-29
7156,CLOUD-2531,,To Do,user0035,2026-09-14
7157,CLOUD-2531,To Do,In Progress,user0001,2026-09-18
7158,CLOUD-2531,In Progress,Testing,user0028,2026-09-16
7159,CLOUD-2531,Testing,Done,user0044,2026-09-20
7160,PORTAL-2532,,To Do,user0044,2026-09-14
7161,PORTAL-2532,To Do,In Progress,user0018,2026-09-17
7162,PORTAL-2532,In Progress,Testing,user0005,2026-09-20
7163,CRM-2533,,To Do,user0039,2026-09-14
7164,CRM-2533,To Do,In Progress,user0006,2026-09-18
7165,CRM-2533,In Progress,Blocked,user0032,2026-09-18
7166,BI-2534,,To Do,user0016,2026-09-14
7167,BI-2534,To Do,In Progress,user0002,2026-09-17
7168,BI-2534,In Progress,Testing,user0035,2026-09-28
7169,PORTAL-2535,,To Do,user0019,2026-09-14
7170,MOB-2536,,To Do,user0031,2026-09-14
7171,MOB-2536,To Do,In Progress,user0021,2026-09-19
7172,MOB-2536,In Progress,Testing,user0008,2026-09-18
7173,MOB-2536,Testing,Done,user0046,2026-09-23
7174,SEC-2537,,To Do,user0009,2026-09-14
7175,SEC-2537,To Do,In Progress,user0030,2026-09-20
7176,SEC-2537,In Progress,Testing,user0019,2026-09-26
7177,SEC-2537,Testing,Done,user0037,2026-09-20
7178,SEC-2538,,To Do,user0039,2026-09-14
7179,SEC-2538,To Do,In Progress,user0008,2026-09-20
7180,SEC-2538,In Progress,Testing,user0037,2026-09-28
7181,SEC-2538,Testing,Done,user0044,2026-09-17
7182,BANK-2539,,To Do,user0025,2026-09-14
7183,BANK-2539,To Do,In Progress,user0018,2026-09-17
7184,BANK-2539,In Progress,Testing,user0038,2026-09-20
7185,BI-2540,,To Do,user0035,2026-09-14
7186,BI-2540,To Do,In Progress,user0027,2026-09-15
7187,BI-2540,In Progress,Testing,user0004,2026-09-18
7188,BI-2540,Testing,Done,user0043,2026-09-29
7189,BANK-2541,,To Do,user0009,2026-09-14
7190,BANK-2541,To Do,In Progress,user0049,2026-09-20
7191,BANK-2541,In Progress,Testing,user0040,2026-09-22
7192,SEC-2542,,To Do,user0033,2026-09-14
7193,SEC-2542,To Do,In Progress,user0026,2026-09-20
7194,SEC-2542,In Progress,Testing,user0029,2026-09-16
7195,SEC-2542,Testing,Done,user0023,2026-09-20
7196,SEC-2542,Done,Reopened,user0039,2026-09-18
7197,BI-2543,,To Do,user0013,2026-09-14
7198,BI-2543,To Do,In Progress,user0043,2026-09-20
7199,BI-2543,In Progress,Testing,user0015,2026-09-26
7200,BI-2543,Testing,Done,user0002,2026-10-05
7201,BI-2544,,To Do,user0004,2026-09-14
7202,BI-2544,To Do,In Progress,user0027,2026-09-21
7203,BI-2544,In Progress,Testing,user0036,2026-09-28
7204,CLOUD-2545,,To Do,user0010,2026-09-14
7205,CLOUD-2545,To Do,In Progress,user0021,2026-09-15
7206,ECOM-2546,,To Do,user0033,2026-09-14
7207,ECOM-2546,To Do,In Progress,user0022,2026-09-17
7208,BI-2547,,To Do,user0011,2026-09-14
7209,BI-2547,To Do,In Progress,user0008,2026-09-19
7210,BI-2547,In Progress,Testing,user0017,2026-09-18
7211,BI-2547,Testing,Done,user0030,2026-09-29
7212,MOB-2548,,To Do,user0021,2026-09-14
7213,MOB-2548,To Do,In Progress,user0029,2026-09-21
7214,MOB-2548,In Progress,Testing,user0010,2026-09-20
7215,MOB-2548,Testing,Done,user0015,2026-10-05
7216,ERP-2549,,To Do,user0025,2026-09-14
7217,CLOUD-2550,,To Do,user0006,2026-09-14
7218,CLOUD-2550,To Do,In Progress,user0014,2026-09-15
7219,CLOUD-2550,In Progress,Testing,user0010,2026-09-24
7220,CLOUD-2550,Testing,Done,user0008,2026-09-17
7221,ECOM-2551,,To Do,user0027,2026-09-14
7222,ECOM-2551,To Do,In Progress,user0001,2026-09-16
7223,BANK-2552,,To Do,user0021,2026-09-14
7224,BANK-2552,To Do,In Progress,user0049,2026-09-21
7225,BANK-2552,In Progress,Testing,user0044,2026-09-16
7226,BANK-2552,Testing,Done,user0024,2026-09-20
7227,BANK-2553,,To Do,user0021,2026-09-14
7228,BANK-2553,To Do,In Progress,user0016,2026-09-15
7229,BANK-2553,In Progress,Testing,user0037,2026-09-16
7230,BANK-2553,Testing,Done,user0041,2026-10-05
7231,CRM-2554,,To Do,user0040,2026-09-14
7232,CRM-2554,To Do,In Progress,user0012,2026-09-18
7233,CRM-2554,In Progress,Testing,user0020,2026-09-24
7234,CRM-2554,Testing,Done,user0043,2026-09-20
7235,ERP-2555,,To Do,user0019,2026-09-14
7236,ERP-2555,To Do,In Progress,user0040,2026-09-20
7237,ERP-2556,,To Do,user0049,2026-09-14
7238,ERP-2556,To Do,In Progress,user0002,2026-09-18
7239,ERP-2556,In Progress,Blocked,user0002,2026-09-22
7240,CRM-2557,,To Do,user0019,2026-09-14
7241,CRM-2557,To Do,In Progress,user0025,2026-09-17
7242,CRM-2557,In Progress,Testing,user0005,2026-09-18
7243,DATA-2558,,To Do,user0023,2026-09-14
7244,CRM-2559,,To Do,user0009,2026-09-14
7245,CRM-2559,To Do,In Progress,user0017,2026-09-18
7246,CRM-2559,In Progress,Testing,user0008,2026-09-18
7247,DATA-2560,,To Do,user0037,2026-09-14
7248,DATA-2560,To Do,In Progress,user0038,2026-09-15
7249,CLOUD-2561,,To Do,user0049,2026-09-14
7250,CLOUD-2561,To Do,In Progress,user0023,2026-09-18
7251,CLOUD-2561,In Progress,Testing,user0037,2026-09-28
7252,CLOUD-2561,Testing,Done,user0020,2026-10-05
7253,BI-2562,,To Do,user0043,2026-09-14
7254,BI-2562,To Do,In Progress,user0047,2026-09-19
7255,BI-2562,In Progress,Testing,user0017,2026-09-16
7256,BI-2562,Testing,Done,user0017,2026-09-23
7257,PORTAL-2563,,To Do,user0037,2026-09-14
7258,ERP-2564,,To Do,user0028,2026-09-14
7259,ERP-2564,To Do,In Progress,user0020,2026-09-17
7260,ERP-2565,,To Do,user0032,2026-09-14
7261,ERP-2565,To Do,In Progress,user0048,2026-09-19
7262,ERP-2565,In Progress,Testing,user0010,2026-09-28
7263,ERP-2565,Testing,Done,user0010,2026-09-29
7264,ERP-2565,Done,Reopened,user0004,2026-09-26
7265,ERP-2566,,To Do,user0040,2026-09-14
7266,ERP-2566,To Do,In Progress,user0034,2026-09-19
7267,SEC-2567,,To Do,user0028,2026-09-14
7268,BI-2568,,To Do,user0005,2026-09-14
7269,BI-2568,To Do,In Progress,user0043,2026-09-21
7270,BI-2568,In Progress,Testing,user0034,2026-09-16
7271,BI-2568,Testing,Done,user0029,2026-10-05
7272,CLOUD-2569,,To Do,user0004,2026-09-14
7273,CLOUD-2569,To Do,In Progress,user0001,2026-09-21
7274,CLOUD-2569,In Progress,Testing,user0018,2026-09-22
7275,CLOUD-2569,Testing,Done,user0050,2026-09-29
7276,PORTAL-2570,,To Do,user0036,2026-09-14
7277,PORTAL-2570,To Do,In Progress,user0001,2026-09-19
7278,CRM-2571,,To Do,user0027,2026-09-14
7279,CRM-2571,To Do,In Progress,user0036,2026-09-15
7280,ECOM-2572,,To Do,user0010,2026-09-14
7281,ECOM-2572,To Do,In Progress,user0003,2026-09-21
7282,ECOM-2572,In Progress,Testing,user0008,2026-09-18
7283,ECOM-2572,Testing,Done,user0024,2026-09-23
7284,PORTAL-2573,,To Do,user0030,2026-09-14
7285,PORTAL-2573,To Do,In Progress,user0021,2026-09-18
7286,SEC-2574,,To Do,user0008,2026-09-14
7287,ECOM-2575,,To Do,user0013,2026-09-14
7288,ECOM-2575,To Do,In Progress,user0040,2026-09-17
7289,ECOM-2575,In Progress,Testing,user0011,2026-09-28
7290,ECOM-2576,,To Do,user0017,2026-09-14
7291,CRM-2577,,To Do,user0018,2026-09-14
7292,CRM-2577,To Do,In Progress,user0050,2026-09-17
7293,SEC-2578,,To Do,user0002,2026-09-14
7294,SEC-2578,To Do,In Progress,user0028,2026-09-18
7295,DATA-2579,,To Do,user0020,2026-09-14
7296,DATA-2579,To Do,In Progress,user0034,2026-09-18
7297,PORTAL-2580,,To Do,user0037,2026-09-14
7298,PORTAL-2580,To Do,In Progress,user0021,2026-09-15
7299,DATA-2581,,To Do,user0024,2026-09-14
7300,DATA-2581,To Do,In Progress,user0016,2026-09-19
7301,DATA-2581,In Progress,Testing,user0035,2026-09-24
7302,DATA-2581,Testing,Done,user0030,2026-09-29
7303,SEC-2582,,To Do,user0024,2026-09-14
7304,SEC-2582,To Do,In Progress,user0043,2026-09-20
7305,SEC-2582,In Progress,Blocked,user0020,2026-09-16
7306,MOB-2583,,To Do,user0021,2026-09-14
7307,MOB-2583,To Do,In Progress,user0033,2026-09-20
7308,MOB-2583,In Progress,Testing,user0032,2026-09-16
7309,PORTAL-2584,,To Do,user0019,2026-09-14
7310,PORTAL-2584,To Do,In Progress,user0011,2026-09-16
7311,PORTAL-2584,In Progress,Blocked,user0011,2026-09-16
7312,PORTAL-2585,,To Do,user0050,2026-09-14
7313,PORTAL-2585,To Do,In Progress,user0050,2026-09-16
7314,PORTAL-2585,In Progress,Blocked,user0048,2026-09-22
7315,PORTAL-2586,,To Do,user0027,2026-09-14
7316,PORTAL-2586,To Do,In Progress,user0001,2026-09-15
7317,PORTAL-2586,In Progress,Blocked,user0020,2026-09-16
7318,BI-2587,,To Do,user0012,2026-09-14
7319,BI-2587,To Do,In Progress,user0012,2026-09-16
7320,BI-2587,In Progress,Testing,user0009,2026-09-18
7321,BI-2587,Testing,Done,user0040,2026-10-05
7322,PORTAL-2588,,To Do,user0049,2026-09-14
7323,PORTAL-2589,,To Do,user0009,2026-09-14
7324,PORTAL-2589,To Do,In Progress,user0003,2026-09-20
7325,PORTAL-2589,In Progress,Blocked,user0049,2026-09-20
7326,CLOUD-2590,,To Do,user0032,2026-09-14
7327,CLOUD-2590,To Do,In Progress,user0014,2026-09-19
7328,SEC-2591,,To Do,user0037,2026-09-14
7329,BI-2592,,To Do,user0015,2026-09-14
7330,PORTAL-2593,,To Do,user0019,2026-09-14
7331,PORTAL-2593,To Do,In Progress,user0001,2026-09-16
7332,PORTAL-2593,In Progress,Testing,user0005,2026-09-22
7333,PORTAL-2593,Testing,Done,user0033,2026-10-02
7334,PORTAL-2593,Done,Reopened,user0027,2026-09-26
7335,CRM-2594,,To Do,user0001,2026-09-14
7336,ECOM-2595,,To Do,user0002,2026-09-14
7337,ECOM-2595,To Do,In Progress,user0046,2026-09-16
7338,PORTAL-2596,,To Do,user0008,2026-09-14
7339,BANK-2597,,To Do,user0018,2026-09-14
7340,BI-2598,,To Do,user0004,2026-09-14
7341,BI-2598,To Do,In Progress,user0014,2026-09-20
7342,BI-2598,In Progress,Testing,user0015,2026-09-18
7343,BI-2598,Testing,Done,user0016,2026-09-17
7344,ERP-2599,,To Do,user0013,2026-09-14
7345,ERP-2599,To Do,In Progress,user0048,2026-09-18
7346,ERP-2599,In Progress,Testing,user0023,2026-09-16
7347,ERP-2599,Testing,Done,user0031,2026-10-02
7348,DATA-2600,,To Do,user0047,2026-09-14
7349,DATA-2600,To Do,In Progress,user0004,2026-09-21
7350,BANK-2601,,To Do,user0029,2026-09-14
7351,BANK-2601,To Do,In Progress,user0006,2026-09-16
7352,BANK-2601,In Progress,Blocked,user0024,2026-09-16
7353,CRM-2602,,To Do,user0044,2026-09-14
7354,CRM-2602,To Do,In Progress,user0046,2026-09-21
7355,CRM-2602,In Progress,Blocked,user0032,2026-09-22
7356,CRM-2603,,To Do,user0027,2026-09-14
7357,CRM-2603,To Do,In Progress,user0012,2026-09-20
7358,SEC-2604,,To Do,user0033,2026-09-14
7359,SEC-2604,To Do,In Progress,user0028,2026-09-21
7360,CLOUD-2605,,To Do,user0035,2026-09-14
7361,CLOUD-2605,To Do,In Progress,user0026,2026-09-16
7362,CLOUD-2605,In Progress,Testing,user0002,2026-09-18
7363,CLOUD-2605,Testing,Done,user0007,2026-10-05
7364,CLOUD-2605,Done,Reopened,user0025,2026-10-08
7365,ERP-2606,,To Do,user0005,2026-09-14
7366,ERP-2606,To Do,In Progress,user0004,2026-09-19
7367,BANK-2607,,To Do,user0003,2026-09-14
7368,BANK-2607,To Do,In Progress,user0043,2026-09-21
7369,BANK-2607,In Progress,Testing,user0034,2026-09-18
7370,BANK-2607,Testing,Done,user0038,2026-09-26
7371,ECOM-2608,,To Do,user0049,2026-09-14
7372,ECOM-2608,To Do,In Progress,user0011,2026-09-17
7373,SEC-2609,,To Do,user0014,2026-09-14
7374,SEC-2609,To Do,In Progress,user0019,2026-09-20
7375,SEC-2609,In Progress,Testing,user0047,2026-09-16
7376,SEC-2609,Testing,Done,user0019,2026-09-23
7377,MOB-2610,,To Do,user0032,2026-09-14
7378,MOB-2610,To Do,In Progress,user0024,2026-09-17
7379,ECOM-2611,,To Do,user0022,2026-09-14
7380,ECOM-2611,To Do,In Progress,user0049,2026-09-21
7381,ECOM-2611,In Progress,Testing,user0026,2026-09-26
7382,ECOM-2611,Testing,Done,user0034,2026-09-29
7383,BI-2612,,To Do,user0011,2026-09-14
7384,BI-2612,To Do,In Progress,user0039,2026-09-16
7385,BI-2612,In Progress,Testing,user0038,2026-09-28
7386,BI-2612,Testing,Done,user0045,2026-09-17
7387,BANK-2613,,To Do,user0036,2026-09-14
7388,CRM-2614,,To Do,user0011,2026-09-14
7389,CRM-2614,To Do,In Progress,user0041,2026-09-19
7390,BANK-2615,,To Do,user0039,2026-09-14
7391,BANK-2615,To Do,In Progress,user0037,2026-09-15
7392,DATA-2616,,To Do,user0030,2026-09-14
7393,DATA-2616,To Do,In Progress,user0045,2026-09-18
7394,DATA-2616,In Progress,Testing,user0006,2026-09-16
7395,DATA-2616,Testing,Done,user0045,2026-09-29
7396,PORTAL-2617,,To Do,user0012,2026-09-14
7397,PORTAL-2617,To Do,In Progress,user0032,2026-09-21
7398,PORTAL-2617,In Progress,Blocked,user0042,2026-09-22
7399,ERP-2618,,To Do,user0008,2026-09-14
7400,ERP-2619,,To Do,user0038,2026-09-14
7401,CRM-2620,,To Do,user0026,2026-09-14
7402,CRM-2620,To Do,In Progress,user0034,2026-09-18
7403,CLOUD-2621,,To Do,user0041,2026-09-14
7404,CRM-2622,,To Do,user0029,2026-09-14
7405,CRM-2622,To Do,In Progress,user0026,2026-09-21
7406,CRM-2622,In Progress,Testing,user0008,2026-09-22
7407,DATA-2623,,To Do,user0006,2026-09-14
7408,DATA-2623,To Do,In Progress,user0029,2026-09-20
7409,DATA-2623,In Progress,Testing,user0046,2026-09-22
7410,DATA-2623,Testing,Done,user0048,2026-10-02
7411,ECOM-2624,,To Do,user0047,2026-09-14
7412,BI-2625,,To Do,user0020,2026-09-14
7413,BI-2625,To Do,In Progress,user0023,2026-09-15
7414,BI-2625,In Progress,Testing,user0025,2026-09-28
7415,BI-2625,Testing,Done,user0029,2026-09-23
7416,DATA-2626,,To Do,user0014,2026-09-14
7417,DATA-2626,To Do,In Progress,user0031,2026-09-21
7418,DATA-2626,In Progress,Testing,user0039,2026-09-20
7419,DATA-2626,Testing,Done,user0012,2026-09-29
7420,SEC-2627,,To Do,user0035,2026-09-14
7421,SEC-2627,To Do,In Progress,user0014,2026-09-15
7422,SEC-2627,In Progress,Testing,user0035,2026-09-18
7423,SEC-2627,Testing,Done,user0008,2026-10-05
7424,BANK-2628,,To Do,user0001,2026-09-14
7425,MOB-2629,,To Do,user0007,2026-09-14
7426,MOB-2629,To Do,In Progress,user0040,2026-09-16
7427,MOB-2629,In Progress,Testing,user0024,2026-09-26
7428,MOB-2629,Testing,Done,user0033,2026-09-23
7429,MOB-2629,Done,Reopened,user0043,2026-09-26
7430,BI-2630,,To Do,user0021,2026-09-14
7431,BI-2630,To Do,In Progress,user0013,2026-09-18
7432,BI-2630,In Progress,Testing,user0011,2026-09-20
7433,BI-2630,Testing,Done,user0017,2026-09-26
7434,ECOM-2631,,To Do,user0029,2026-09-14
7435,ECOM-2631,To Do,In Progress,user0045,2026-09-15
7436,ECOM-2631,In Progress,Testing,user0020,2026-09-26
7437,ECOM-2631,Testing,Done,user0041,2026-10-05
7438,ECOM-2632,,To Do,user0006,2026-09-14
7439,ECOM-2633,,To Do,user0007,2026-09-14
7440,ECOM-2633,To Do,In Progress,user0017,2026-09-15
7441,CLOUD-2634,,To Do,user0047,2026-09-14
7442,SEC-2635,,To Do,user0010,2026-09-14
7443,SEC-2635,To Do,In Progress,user0020,2026-09-18
7444,SEC-2635,In Progress,Testing,user0047,2026-09-16
7445,SEC-2635,Testing,Done,user0023,2026-09-23
7446,DATA-2636,,To Do,user0017,2026-09-14
7447,DATA-2636,To Do,In Progress,user0018,2026-09-17
7448,CLOUD-2637,,To Do,user0014,2026-09-14
7449,CLOUD-2637,To Do,In Progress,user0041,2026-09-15
7450,CLOUD-2637,In Progress,Testing,user0037,2026-09-18
7451,CLOUD-2637,Testing,Done,user0016,2026-09-17
7452,CLOUD-2637,Done,Reopened,user0012,2026-10-04
7453,ERP-2638,,To Do,user0021,2026-09-14
7454,ERP-2639,,To Do,user0010,2026-09-14
7455,ERP-2639,To Do,In Progress,user0038,2026-09-21
7456,CLOUD-2640,,To Do,user0029,2026-09-14
7457,CLOUD-2640,To Do,In Progress,user0037,2026-09-16
7458,BANK-2641,,To Do,user0009,2026-09-14
7459,BANK-2641,To Do,In Progress,user0050,2026-09-18
7460,BANK-2641,In Progress,Testing,user0013,2026-09-18
7461,BI-2642,,To Do,user0003,2026-09-14
7462,BI-2642,To Do,In Progress,user0003,2026-09-20
7463,BI-2642,In Progress,Testing,user0023,2026-09-24
7464,BI-2642,Testing,Done,user0005,2026-09-17
7465,BI-2642,Done,Reopened,user0044,2026-09-22
7466,BI-2643,,To Do,user0006,2026-09-14
7467,BI-2643,To Do,In Progress,user0012,2026-09-20
7468,BI-2643,In Progress,Testing,user0010,2026-09-28
7469,BI-2643,Testing,Done,user0029,2026-09-20
7470,PORTAL-2644,,To Do,user0028,2026-09-14
7471,CRM-2645,,To Do,user0023,2026-09-14
7472,CRM-2645,To Do,In Progress,user0017,2026-09-19
7473,CRM-2645,In Progress,Testing,user0010,2026-09-28
7474,CRM-2645,Testing,Done,user0045,2026-09-23
7475,BANK-2646,,To Do,user0006,2026-09-14
7476,BANK-2646,To Do,In Progress,user0049,2026-09-19
7477,BANK-2646,In Progress,Testing,user0031,2026-09-28
7478,BANK-2646,Testing,Done,user0019,2026-10-02
7479,CRM-2647,,To Do,user0011,2026-09-14
7480,BANK-2648,,To Do,user0008,2026-09-14
7481,BANK-2648,To Do,In Progress,user0022,2026-09-19
7482,BANK-2648,In Progress,Testing,user0014,2026-09-24
7483,BANK-2648,Testing,Done,user0045,2026-09-17
7484,BANK-2648,Done,Reopened,user0014,2026-10-12
7485,DATA-2649,,To Do,user0040,2026-09-14
7486,DATA-2649,To Do,In Progress,user0023,2026-09-18
7487,SEC-2650,,To Do,user0002,2026-09-14
7488,SEC-2650,To Do,In Progress,user0019,2026-09-16
7489,SEC-2650,In Progress,Testing,user0040,2026-09-16
7490,MOB-2651,,To Do,user0008,2026-09-14
7491,MOB-2651,To Do,In Progress,user0035,2026-09-20
7492,MOB-2651,In Progress,Testing,user0018,2026-09-16
7493,MOB-2651,Testing,Done,user0035,2026-10-05
7494,DATA-2652,,To Do,user0020,2026-09-14
7495,DATA-2652,To Do,In Progress,user0026,2026-09-16
7496,PORTAL-2653,,To Do,user0041,2026-09-14
7497,PORTAL-2653,To Do,In Progress,user0029,2026-09-21
7498,PORTAL-2653,In Progress,Testing,user0018,2026-09-26
7499,PORTAL-2653,Testing,Done,user0047,2026-09-29
7500,DATA-2654,,To Do,user0036,2026-09-14
7501,CRM-2655,,To Do,user0013,2026-09-14
7502,CRM-2655,To Do,In Progress,user0031,2026-09-15
7503,CRM-2655,In Progress,Testing,user0036,2026-09-26
7504,CRM-2655,Testing,Done,user0050,2026-10-05
7505,CRM-2655,Done,Reopened,user0009,2026-09-26
7506,ECOM-2656,,To Do,user0031,2026-09-14
7507,ECOM-2656,To Do,In Progress,user0019,2026-09-18
7508,ECOM-2656,In Progress,Testing,user0033,2026-09-18
7509,ECOM-2656,Testing,Done,user0042,2026-09-23
7510,CRM-2657,,To Do,user0049,2026-09-14
7511,CRM-2657,To Do,In Progress,user0036,2026-09-18
7512,CRM-2657,In Progress,Testing,user0008,2026-09-20
7513,CRM-2657,Testing,Done,user0010,2026-09-29
7514,MOB-2658,,To Do,user0005,2026-09-14
7515,MOB-2658,To Do,In Progress,user0045,2026-09-18
7516,MOB-2658,In Progress,Testing,user0050,2026-09-26
7517,MOB-2658,Testing,Done,user0044,2026-09-23
7518,CLOUD-2659,,To Do,user0026,2026-09-14
7519,CLOUD-2659,To Do,In Progress,user0039,2026-09-21
7520,CLOUD-2659,In Progress,Testing,user0029,2026-09-18
7521,CLOUD-2659,Testing,Done,user0046,2026-10-02
7522,SEC-2660,,To Do,user0011,2026-09-14
7523,SEC-2660,To Do,In Progress,user0040,2026-09-20
7524,CLOUD-2661,,To Do,user0042,2026-09-14
7525,CLOUD-2661,To Do,In Progress,user0015,2026-09-15
7526,CLOUD-2661,In Progress,Testing,user0008,2026-09-24
7527,CLOUD-2661,Testing,Done,user0008,2026-09-26
7528,SEC-2662,,To Do,user0009,2026-09-14
7529,BANK-2663,,To Do,user0006,2026-09-14
7530,PORTAL-2664,,To Do,user0007,2026-09-14
7531,PORTAL-2664,To Do,In Progress,user0032,2026-09-15
7532,SEC-2665,,To Do,user0020,2026-09-14
7533,SEC-2665,To Do,In Progress,user0019,2026-09-15
7534,PORTAL-2666,,To Do,user0032,2026-09-14
7535,PORTAL-2666,To Do,In Progress,user0042,2026-09-19
7536,PORTAL-2666,In Progress,Testing,user0031,2026-09-26
7537,PORTAL-2666,Testing,Done,user0031,2026-09-20
7538,SEC-2667,,To Do,user0033,2026-09-14
7539,SEC-2667,To Do,In Progress,user0024,2026-09-15
7540,SEC-2667,In Progress,Testing,user0008,2026-09-18
7541,BANK-2668,,To Do,user0044,2026-09-14
7542,DATA-2669,,To Do,user0047,2026-09-14
7543,DATA-2669,To Do,In Progress,user0009,2026-09-15
7544,MOB-2670,,To Do,user0032,2026-09-14
7545,MOB-2670,To Do,In Progress,user0037,2026-09-16
7546,ECOM-2671,,To Do,user0031,2026-09-14
7547,BI-2672,,To Do,user0004,2026-09-14
7548,BI-2672,To Do,In Progress,user0006,2026-09-20
7549,BI-2672,In Progress,Testing,user0044,2026-09-22
7550,BI-2672,Testing,Done,user0008,2026-09-20
7551,ECOM-2673,,To Do,user0009,2026-09-14
7552,CRM-2674,,To Do,user0021,2026-09-14
7553,ECOM-2675,,To Do,user0005,2026-09-14
7554,ECOM-2675,To Do,In Progress,user0029,2026-09-15
7555,ECOM-2675,In Progress,Blocked,user0008,2026-09-22
7556,CLOUD-2676,,To Do,user0026,2026-09-14
7557,CLOUD-2676,To Do,In Progress,user0032,2026-09-20
7558,CLOUD-2676,In Progress,Testing,user0032,2026-09-22
7559,CLOUD-2676,Testing,Done,user0048,2026-10-05
7560,BANK-2677,,To Do,user0005,2026-09-14
7561,BANK-2677,To Do,In Progress,user0026,2026-09-20
7562,BANK-2677,In Progress,Testing,user0004,2026-09-22
7563,ERP-2678,,To Do,user0018,2026-09-14
7564,ERP-2678,To Do,In Progress,user0022,2026-09-19
7565,MOB-2679,,To Do,user0036,2026-09-14
7566,MOB-2679,To Do,In Progress,user0048,2026-09-20
7567,MOB-2679,In Progress,Testing,user0034,2026-09-28
7568,DATA-2680,,To Do,user0042,2026-09-14
7569,DATA-2680,To Do,In Progress,user0041,2026-09-17
7570,DATA-2680,In Progress,Testing,user0020,2026-09-28
7571,DATA-2680,Testing,Done,user0043,2026-09-23
7572,ECOM-2681,,To Do,user0019,2026-09-14
7573,ECOM-2681,To Do,In Progress,user0004,2026-09-17
7574,SEC-2682,,To Do,user0047,2026-09-14
7575,SEC-2682,To Do,In Progress,user0048,2026-09-19
7576,SEC-2682,In Progress,Testing,user0033,2026-09-24
7577,SEC-2683,,To Do,user0019,2026-09-14
7578,DATA-2684,,To Do,user0023,2026-09-14
7579,DATA-2684,To Do,In Progress,user0033,2026-09-16
7580,DATA-2684,In Progress,Testing,user0036,2026-09-22
7581,DATA-2684,Testing,Done,user0019,2026-10-02
7582,SEC-2685,,To Do,user0007,2026-09-14
7583,CLOUD-2686,,To Do,user0027,2026-09-14
7584,BI-2687,,To Do,user0012,2026-09-14
7585,BI-2687,To Do,In Progress,user0027,2026-09-18
7586,BI-2687,In Progress,Testing,user0029,2026-09-22
7587,BI-2687,Testing,Done,user0007,2026-09-20
7588,BANK-2688,,To Do,user0024,2026-09-14
7589,BANK-2688,To Do,In Progress,user0021,2026-09-16
7590,BANK-2688,In Progress,Testing,user0018,2026-09-28
7591,BANK-2688,Testing,Done,user0045,2026-09-17
7592,SEC-2689,,To Do,user0035,2026-09-14
7593,BI-2690,,To Do,user0012,2026-09-14
7594,BI-2690,To Do,In Progress,user0006,2026-09-15
7595,BI-2690,In Progress,Testing,user0025,2026-09-18
7596,BI-2691,,To Do,user0007,2026-09-14
7597,BANK-2692,,To Do,user0027,2026-09-14
7598,BANK-2692,To Do,In Progress,user0024,2026-09-19
7599,BANK-2692,In Progress,Testing,user0026,2026-09-16
7600,BANK-2692,Testing,Done,user0020,2026-09-20
7601,BANK-2693,,To Do,user0034,2026-09-14
7602,BANK-2693,To Do,In Progress,user0022,2026-09-20
7603,BANK-2693,In Progress,Testing,user0048,2026-09-22
7604,CLOUD-2694,,To Do,user0038,2026-09-14
7605,CLOUD-2694,To Do,In Progress,user0032,2026-09-18
7606,CLOUD-2695,,To Do,user0001,2026-09-14
7607,CLOUD-2695,To Do,In Progress,user0024,2026-09-17
7608,CLOUD-2695,In Progress,Testing,user0025,2026-09-26
7609,CLOUD-2695,Testing,Done,user0048,2026-09-29
7610,BI-2696,,To Do,user0012,2026-09-14
7611,BI-2696,To Do,In Progress,user0045,2026-09-18
7612,BI-2696,In Progress,Testing,user0020,2026-09-18
7613,BI-2696,Testing,Done,user0020,2026-09-20
7614,DATA-2697,,To Do,user0014,2026-09-14
7615,DATA-2697,To Do,In Progress,user0040,2026-09-17
7616,DATA-2697,In Progress,Testing,user0034,2026-09-18
7617,DATA-2697,Testing,Done,user0034,2026-10-05
7618,DATA-2697,Done,Reopened,user0031,2026-10-08
7619,BANK-2698,,To Do,user0002,2026-09-14
7620,BANK-2698,To Do,In Progress,user0009,2026-09-17
7621,DATA-2699,,To Do,user0006,2026-09-14
7622,DATA-2699,To Do,In Progress,user0014,2026-09-21
7623,DATA-2699,In Progress,Testing,user0012,2026-09-22
7624,DATA-2699,Testing,Done,user0012,2026-09-26
7625,ERP-2700,,To Do,user0035,2026-09-14
7626,ERP-2700,To Do,In Progress,user0026,2026-09-21
7627,BI-2701,,To Do,user0033,2026-09-14
7628,BI-2701,To Do,In Progress,user0007,2026-09-16
7629,BI-2701,In Progress,Testing,user0041,2026-09-16
7630,BI-2701,Testing,Done,user0001,2026-09-23
7631,BANK-2702,,To Do,user0036,2026-09-14
7632,BANK-2702,To Do,In Progress,user0047,2026-09-17
7633,MOB-2703,,To Do,user0030,2026-09-14
7634,MOB-2703,To Do,In Progress,user0010,2026-09-17
7635,PORTAL-2704,,To Do,user0008,2026-09-14
7636,PORTAL-2704,To Do,In Progress,user0041,2026-09-17
7637,SEC-2705,,To Do,user0020,2026-09-14
7638,MOB-2706,,To Do,user0008,2026-09-14
7639,MOB-2706,To Do,In Progress,user0011,2026-09-21
7640,BI-2707,,To Do,user0050,2026-09-14
7641,BI-2707,To Do,In Progress,user0025,2026-09-20
7642,BI-2707,In Progress,Testing,user0031,2026-09-18
7643,BI-2707,Testing,Done,user0030,2026-09-23
7644,ECOM-2708,,To Do,user0013,2026-09-14
7645,PORTAL-2709,,To Do,user0046,2026-09-14
7646,PORTAL-2709,To Do,In Progress,user0003,2026-09-16
7647,PORTAL-2709,In Progress,Testing,user0027,2026-09-16
7648,PORTAL-2709,Testing,Done,user0008,2026-09-17
7649,CRM-2710,,To Do,user0042,2026-09-14
7650,CRM-2710,To Do,In Progress,user0040,2026-09-20
7651,CRM-2710,In Progress,Testing,user0015,2026-09-28
7652,CRM-2710,Testing,Done,user0036,2026-09-26
7653,CLOUD-2711,,To Do,user0023,2026-09-14
7654,CLOUD-2711,To Do,In Progress,user0040,2026-09-16
7655,CLOUD-2711,In Progress,Testing,user0043,2026-09-26
7656,CLOUD-2711,Testing,Done,user0031,2026-10-05
7657,ERP-2712,,To Do,user0019,2026-09-14
7658,CLOUD-2713,,To Do,user0050,2026-09-14
7659,CLOUD-2713,To Do,In Progress,user0001,2026-09-19
7660,CLOUD-2713,In Progress,Testing,user0046,2026-09-18
7661,CLOUD-2713,Testing,Done,user0015,2026-09-20
7662,ERP-2714,,To Do,user0023,2026-09-14
7663,ERP-2714,To Do,In Progress,user0016,2026-09-16
7664,PORTAL-2715,,To Do,user0034,2026-09-14
7665,SEC-2716,,To Do,user0017,2026-09-14
7666,CRM-2717,,To Do,user0024,2026-09-14
7667,CRM-2717,To Do,In Progress,user0028,2026-09-19
7668,DATA-2718,,To Do,user0036,2026-09-14
7669,DATA-2718,To Do,In Progress,user0043,2026-09-16
7670,DATA-2718,In Progress,Blocked,user0034,2026-09-26
7671,CRM-2719,,To Do,user0026,2026-09-14
7672,CRM-2719,To Do,In Progress,user0029,2026-09-15
7673,BANK-2720,,To Do,user0038,2026-09-14
7674,BANK-2720,To Do,In Progress,user0026,2026-09-15
7675,BANK-2720,In Progress,Testing,user0040,2026-09-26
7676,BI-2721,,To Do,user0008,2026-09-14
7677,BANK-2722,,To Do,user0021,2026-09-14
7678,BANK-2722,To Do,In Progress,user0028,2026-09-17
7679,BANK-2722,In Progress,Blocked,user0013,2026-09-16
7680,PORTAL-2723,,To Do,user0039,2026-09-14
7681,CRM-2724,,To Do,user0049,2026-09-14
7682,CRM-2724,To Do,In Progress,user0004,2026-09-20
7683,CRM-2724,In Progress,Testing,user0043,2026-09-28
7684,CRM-2724,Testing,Done,user0031,2026-09-23
7685,MOB-2725,,To Do,user0021,2026-09-14
7686,BANK-2726,,To Do,user0008,2026-09-14
7687,ERP-2727,,To Do,user0041,2026-09-14
7688,ERP-2727,To Do,In Progress,user0019,2026-09-15
7689,ERP-2727,In Progress,Blocked,user0018,2026-09-18
7690,CLOUD-2728,,To Do,user0009,2026-09-14
7691,CLOUD-2728,To Do,In Progress,user0036,2026-09-17
7692,BANK-2729,,To Do,user0026,2026-09-14
7693,BANK-2729,To Do,In Progress,user0034,2026-09-17
7694,CLOUD-2730,,To Do,user0038,2026-09-14
7695,MOB-2731,,To Do,user0013,2026-09-14
7696,MOB-2731,To Do,In Progress,user0022,2026-09-16
7697,MOB-2731,In Progress,Testing,user0006,2026-09-22
7698,MOB-2731,Testing,Done,user0028,2026-09-26
7699,CRM-2732,,To Do,user0046,2026-09-14
7700,CRM-2732,To Do,In Progress,user0013,2026-09-17
7701,CRM-2733,,To Do,user0018,2026-09-14
7702,SEC-2734,,To Do,user0040,2026-09-14
7703,SEC-2734,To Do,In Progress,user0018,2026-09-21
7704,SEC-2734,In Progress,Testing,user0034,2026-09-16
7705,SEC-2734,Testing,Done,user0018,2026-10-02
7706,SEC-2734,Done,Reopened,user0029,2026-10-08
7707,BANK-2735,,To Do,user0010,2026-09-14
7708,BANK-2735,To Do,In Progress,user0040,2026-09-18
7709,BANK-2735,In Progress,Testing,user0010,2026-09-22
7710,BANK-2735,Testing,Done,user0002,2026-09-29
7711,DATA-2736,,To Do,user0009,2026-09-14
7712,DATA-2736,To Do,In Progress,user0030,2026-09-18
7713,DATA-2736,In Progress,Testing,user0005,2026-09-26
7714,DATA-2736,Testing,Done,user0001,2026-09-23
7715,ECOM-2737,,To Do,user0044,2026-09-14
7716,ECOM-2737,To Do,In Progress,user0025,2026-09-17
7717,ECOM-2737,In Progress,Testing,user0004,2026-09-20
7718,ECOM-2737,Testing,Done,user0032,2026-09-29
7719,ERP-2738,,To Do,user0035,2026-09-14
7720,CLOUD-2739,,To Do,user0031,2026-09-14
7721,CLOUD-2739,To Do,In Progress,user0028,2026-09-16
7722,CLOUD-2739,In Progress,Testing,user0033,2026-09-16
7723,CLOUD-2739,Testing,Done,user0022,2026-09-29
7724,CLOUD-2739,Done,Reopened,user0048,2026-09-30
7725,BI-2740,,To Do,user0010,2026-09-14
7726,BI-2740,To Do,In Progress,user0024,2026-09-17
7727,BI-2740,In Progress,Blocked,user0008,2026-09-18
7728,MOB-2741,,To Do,user0019,2026-09-14
7729,MOB-2741,To Do,In Progress,user0042,2026-09-16
7730,MOB-2741,In Progress,Testing,user0045,2026-09-16
7731,MOB-2741,Testing,Done,user0008,2026-09-17
7732,BANK-2742,,To Do,user0034,2026-09-14
7733,BANK-2742,To Do,In Progress,user0034,2026-09-15
7734,BANK-2742,In Progress,Testing,user0050,2026-09-18
7735,BANK-2742,Testing,Done,user0042,2026-10-02
7736,BANK-2742,Done,Reopened,user0021,2026-10-04
7737,BI-2743,,To Do,user0041,2026-09-14
7738,BI-2743,To Do,In Progress,user0042,2026-09-19
7739,BI-2743,In Progress,Testing,user0009,2026-09-20
7740,BI-2743,Testing,Done,user0047,2026-09-17
7741,DATA-2744,,To Do,user0042,2026-09-14
7742,ERP-2745,,To Do,user0008,2026-09-14
7743,ERP-2746,,To Do,user0045,2026-09-14
7744,ERP-2746,To Do,In Progress,user0037,2026-09-17
7745,ERP-2746,In Progress,Blocked,user0028,2026-09-20
7746,CLOUD-2747,,To Do,user0013,2026-09-14
7747,CLOUD-2747,To Do,In Progress,user0036,2026-09-16
7748,CLOUD-2747,In Progress,Testing,user0049,2026-09-16
7749,BANK-2748,,To Do,user0031,2026-09-14
7750,BANK-2748,To Do,In Progress,user0043,2026-09-19
7751,DATA-2749,,To Do,user0017,2026-09-14
7752,DATA-2749,To Do,In Progress,user0029,2026-09-16
7753,DATA-2749,In Progress,Blocked,user0038,2026-09-22
7754,DATA-2750,,To Do,user0007,2026-09-14
7755,DATA-2750,To Do,In Progress,user0030,2026-09-18
7756,ERP-2751,,To Do,user0025,2026-09-14
7757,ERP-2751,To Do,In Progress,user0042,2026-09-19
7758,ERP-2751,In Progress,Testing,user0045,2026-09-16
7759,ERP-2751,Testing,Done,user0022,2026-10-05
7760,ERP-2751,Done,Reopened,user0013,2026-09-22
7761,PORTAL-2752,,To Do,user0004,2026-09-14
7762,PORTAL-2752,To Do,In Progress,user0008,2026-09-20
7763,SEC-2753,,To Do,user0041,2026-09-14
7764,DATA-2754,,To Do,user0025,2026-09-14
7765,PORTAL-2755,,To Do,user0039,2026-09-14
7766,BANK-2756,,To Do,user0048,2026-09-14
7767,BANK-2756,To Do,In Progress,user0034,2026-09-19
7768,BANK-2756,In Progress,Testing,user0045,2026-09-28
7769,BANK-2756,Testing,Done,user0048,2026-09-26
7770,ERP-2757,,To Do,user0005,2026-09-14
7771,ERP-2757,To Do,In Progress,user0041,2026-09-17
7772,ERP-2757,In Progress,Testing,user0027,2026-09-18
7773,ERP-2757,Testing,Done,user0028,2026-09-23
7774,PORTAL-2758,,To Do,user0037,2026-09-14
7775,DATA-2759,,To Do,user0046,2026-09-14
7776,DATA-2759,To Do,In Progress,user0037,2026-09-20
7777,DATA-2759,In Progress,Testing,user0023,2026-09-16
7778,DATA-2759,Testing,Done,user0046,2026-09-23
7779,PORTAL-2760,,To Do,user0012,2026-09-14
7780,PORTAL-2760,To Do,In Progress,user0038,2026-09-15
7781,CLOUD-2761,,To Do,user0038,2026-09-14
7782,CLOUD-2761,To Do,In Progress,user0026,2026-09-16
7783,CLOUD-2761,In Progress,Testing,user0008,2026-09-22
7784,CLOUD-2761,Testing,Done,user0021,2026-09-20
7785,ECOM-2762,,To Do,user0018,2026-09-14
7786,ECOM-2762,To Do,In Progress,user0019,2026-09-15
7787,ECOM-2762,In Progress,Testing,user0032,2026-09-28
7788,ECOM-2762,Testing,Done,user0004,2026-09-26
7789,BI-2763,,To Do,user0043,2026-09-14
7790,BI-2763,To Do,In Progress,user0048,2026-09-16
7791,BI-2763,In Progress,Testing,user0029,2026-09-16
7792,BI-2763,Testing,Done,user0022,2026-09-20
7793,CLOUD-2764,,To Do,user0027,2026-09-14
7794,CLOUD-2764,To Do,In Progress,user0001,2026-09-15
7795,CLOUD-2764,In Progress,Blocked,user0032,2026-09-26
7796,CRM-2765,,To Do,user0030,2026-09-14
7797,BI-2766,,To Do,user0017,2026-09-14
7798,BI-2766,To Do,In Progress,user0041,2026-09-15
7799,BI-2766,In Progress,Testing,user0031,2026-09-28
7800,BI-2766,Testing,Done,user0028,2026-10-05
7801,SEC-2767,,To Do,user0023,2026-09-14
7802,SEC-2767,To Do,In Progress,user0025,2026-09-21
7803,BI-2768,,To Do,user0017,2026-09-14
7804,BI-2768,To Do,In Progress,user0049,2026-09-21
7805,BI-2768,In Progress,Testing,user0045,2026-09-24
7806,BI-2768,Testing,Done,user0021,2026-09-20
7807,BI-2768,Done,Reopened,user0022,2026-10-12
7808,MOB-2769,,To Do,user0015,2026-09-14
7809,CRM-2770,,To Do,user0017,2026-09-14
7810,CRM-2770,To Do,In Progress,user0033,2026-09-19
7811,CRM-2770,In Progress,Testing,user0037,2026-09-22
7812,CRM-2770,Testing,Done,user0020,2026-09-23
7813,CRM-2771,,To Do,user0035,2026-09-14
7814,CRM-2771,To Do,In Progress,user0001,2026-09-15
7815,CRM-2771,In Progress,Blocked,user0012,2026-09-18
7816,PORTAL-2772,,To Do,user0043,2026-09-14
7817,PORTAL-2772,To Do,In Progress,user0029,2026-09-19
7818,PORTAL-2772,In Progress,Blocked,user0018,2026-09-22
7819,SEC-2773,,To Do,user0024,2026-09-14
7820,SEC-2773,To Do,In Progress,user0005,2026-09-16
7821,SEC-2773,In Progress,Testing,user0047,2026-09-26
7822,SEC-2773,Testing,Done,user0043,2026-09-26
7823,SEC-2773,Done,Reopened,user0045,2026-09-26
7824,MOB-2774,,To Do,user0022,2026-09-14
7825,ECOM-2775,,To Do,user0027,2026-09-14
7826,ECOM-2775,To Do,In Progress,user0044,2026-09-16
7827,CRM-2776,,To Do,user0041,2026-09-14
7828,CRM-2776,To Do,In Progress,user0017,2026-09-18
7829,CRM-2776,In Progress,Blocked,user0014,2026-09-18
7830,CRM-2777,,To Do,user0020,2026-09-14
7831,CRM-2777,To Do,In Progress,user0008,2026-09-20
7832,CRM-2777,In Progress,Testing,user0010,2026-09-28
7833,CRM-2777,Testing,Done,user0045,2026-09-29
7834,CRM-2777,Done,Reopened,user0019,2026-09-22
7835,BI-2778,,To Do,user0016,2026-09-14
7836,BANK-2779,,To Do,user0031,2026-09-14
7837,BANK-2779,To Do,In Progress,user0016,2026-09-15
7838,BANK-2779,In Progress,Testing,user0022,2026-09-22
7839,SEC-2780,,To Do,user0026,2026-09-14
7840,SEC-2780,To Do,In Progress,user0040,2026-09-21
7841,SEC-2780,In Progress,Blocked,user0027,2026-09-28
7842,BI-2781,,To Do,user0024,2026-09-14
7843,BI-2781,To Do,In Progress,user0023,2026-09-18
7844,BI-2781,In Progress,Testing,user0039,2026-09-18
7845,BI-2781,Testing,Done,user0025,2026-09-17
7846,CRM-2782,,To Do,user0039,2026-09-14
7847,CRM-2782,To Do,In Progress,user0013,2026-09-15
7848,CRM-2782,In Progress,Testing,user0017,2026-09-24
7849,CRM-2782,Testing,Done,user0036,2026-09-26
7850,BI-2783,,To Do,user0039,2026-09-14
7851,BI-2783,To Do,In Progress,user0016,2026-09-16
7852,BI-2783,In Progress,Testing,user0031,2026-09-18
7853,BI-2783,Testing,Done,user0026,2026-09-26
7854,ERP-2784,,To Do,user0006,2026-09-14
7855,ERP-2784,To Do,In Progress,user0014,2026-09-18
7856,SEC-2785,,To Do,user0033,2026-09-14
7857,SEC-2785,To Do,In Progress,user0034,2026-09-17
7858,CRM-2786,,To Do,user0008,2026-09-14
7859,BANK-2787,,To Do,user0010,2026-09-14
7860,BANK-2787,To Do,In Progress,user0050,2026-09-21
7861,BANK-2787,In Progress,Testing,user0022,2026-09-18
7862,BANK-2787,Testing,Done,user0012,2026-09-17
7863,BANK-2787,Done,Reopened,user0021,2026-10-12
7864,ECOM-2788,,To Do,user0020,2026-09-14
7865,ECOM-2788,To Do,In Progress,user0008,2026-09-19
7866,BI-2789,,To Do,user0023,2026-09-14
7867,BI-2789,To Do,In Progress,user0014,2026-09-21
7868,BI-2789,In Progress,Testing,user0020,2026-09-18
7869,PORTAL-2790,,To Do,user0041,2026-09-14
7870,PORTAL-2790,To Do,In Progress,user0041,2026-09-15
7871,PORTAL-2790,In Progress,Blocked,user0015,2026-09-22
7872,CRM-2791,,To Do,user0033,2026-09-14
7873,CRM-2791,To Do,In Progress,user0041,2026-09-15
7874,BANK-2792,,To Do,user0001,2026-09-14
7875,ECOM-2793,,To Do,user0022,2026-09-14
7876,ECOM-2793,To Do,In Progress,user0018,2026-09-17
7877,DATA-2794,,To Do,user0003,2026-09-14
7878,DATA-2794,To Do,In Progress,user0026,2026-09-21
7879,DATA-2794,In Progress,Testing,user0040,2026-09-16
7880,DATA-2794,Testing,Done,user0039,2026-10-02
7881,CRM-2795,,To Do,user0016,2026-09-14
7882,CRM-2795,To Do,In Progress,user0041,2026-09-19
7883,CRM-2795,In Progress,Testing,user0026,2026-09-28
7884,MOB-2796,,To Do,user0004,2026-09-14
7885,MOB-2796,To Do,In Progress,user0032,2026-09-20
7886,MOB-2796,In Progress,Testing,user0037,2026-09-24
7887,MOB-2796,Testing,Done,user0017,2026-10-02
7888,CRM-2797,,To Do,user0050,2026-09-14
7889,CRM-2797,To Do,In Progress,user0014,2026-09-21
7890,CRM-2797,In Progress,Blocked,user0050,2026-09-20
7891,CRM-2798,,To Do,user0026,2026-09-14
7892,CRM-2798,To Do,In Progress,user0032,2026-09-15
7893,CRM-2798,In Progress,Blocked,user0012,2026-09-22
7894,SEC-2799,,To Do,user0033,2026-09-14
7895,SEC-2799,To Do,In Progress,user0003,2026-09-16
7896,SEC-2799,In Progress,Testing,user0023,2026-09-22
7897,SEC-2799,Testing,Done,user0008,2026-09-17
7898,DATA-2800,,To Do,user0020,2026-09-14
7899,BANK-2801,,To Do,user0050,2026-09-14
7900,PORTAL-2802,,To Do,user0022,2026-09-14
7901,PORTAL-2802,To Do,In Progress,user0038,2026-09-18
7902,DATA-2803,,To Do,user0046,2026-09-14
7903,DATA-2803,To Do,In Progress,user0008,2026-09-19
7904,BI-2804,,To Do,user0016,2026-09-14
7905,BI-2804,To Do,In Progress,user0004,2026-09-16
7906,DATA-2805,,To Do,user0011,2026-09-14
7907,DATA-2805,To Do,In Progress,user0001,2026-09-17
7908,DATA-2805,In Progress,Testing,user0032,2026-09-16
7909,DATA-2805,Testing,Done,user0044,2026-09-20
7910,PORTAL-2806,,To Do,user0036,2026-09-14
7911,ECOM-2807,,To Do,user0021,2026-09-14
7912,ECOM-2807,To Do,In Progress,user0045,2026-09-19
7913,ECOM-2807,In Progress,Testing,user0041,2026-09-28
7914,ECOM-2807,Testing,Done,user0049,2026-09-23
7915,DATA-2808,,To Do,user0020,2026-09-14
7916,PORTAL-2809,,To Do,user0005,2026-09-14
7917,ECOM-2810,,To Do,user0017,2026-09-14
7918,ECOM-2810,To Do,In Progress,user0027,2026-09-20
7919,ECOM-2810,In Progress,Testing,user0017,2026-09-22
7920,ECOM-2810,Testing,Done,user0045,2026-09-17
7921,ECOM-2810,Done,Reopened,user0040,2026-09-18
7922,BI-2811,,To Do,user0001,2026-09-14
7923,BI-2811,To Do,In Progress,user0016,2026-09-17
7924,BI-2811,In Progress,Blocked,user0036,2026-09-22
7925,BI-2812,,To Do,user0019,2026-09-14
7926,BI-2812,To Do,In Progress,user0008,2026-09-15
7927,BI-2812,In Progress,Testing,user0024,2026-09-24
7928,DATA-2813,,To Do,user0030,2026-09-14
7929,DATA-2813,To Do,In Progress,user0015,2026-09-20
7930,SEC-2814,,To Do,user0004,2026-09-14
7931,SEC-2814,To Do,In Progress,user0045,2026-09-18
7932,SEC-2814,In Progress,Testing,user0015,2026-09-28
7933,SEC-2814,Testing,Done,user0003,2026-09-23
7934,MOB-2815,,To Do,user0006,2026-09-14
7935,MOB-2815,To Do,In Progress,user0003,2026-09-16
7936,MOB-2815,In Progress,Testing,user0023,2026-09-16
7937,MOB-2815,Testing,Done,user0012,2026-09-26
7938,BI-2816,,To Do,user0037,2026-09-14
7939,BI-2816,To Do,In Progress,user0014,2026-09-17
7940,BI-2816,In Progress,Blocked,user0029,2026-09-18
7941,CRM-2817,,To Do,user0008,2026-09-14
7942,CRM-2817,To Do,In Progress,user0011,2026-09-19
7943,ERP-2818,,To Do,user0015,2026-09-14
7944,ERP-2818,To Do,In Progress,user0008,2026-09-21
7945,ERP-2818,In Progress,Testing,user0032,2026-09-22
7946,ERP-2818,Testing,Done,user0027,2026-09-17
7947,BANK-2819,,To Do,user0039,2026-09-14
7948,BANK-2819,To Do,In Progress,user0027,2026-09-19
7949,BANK-2819,In Progress,Testing,user0045,2026-09-26
7950,PORTAL-2820,,To Do,user0005,2026-09-14
7951,PORTAL-2820,To Do,In Progress,user0030,2026-09-20
7952,PORTAL-2820,In Progress,Testing,user0022,2026-09-28
7953,CLOUD-2821,,To Do,user0036,2026-09-14
7954,CLOUD-2821,To Do,In Progress,user0019,2026-09-15
7955,BANK-2822,,To Do,user0009,2026-09-14
7956,BANK-2822,To Do,In Progress,user0046,2026-09-20
7957,BANK-2822,In Progress,Testing,user0015,2026-09-18
7958,BANK-2822,Testing,Done,user0010,2026-09-23
7959,DATA-2823,,To Do,user0007,2026-09-14
7960,DATA-2823,To Do,In Progress,user0026,2026-09-17
7961,DATA-2823,In Progress,Testing,user0010,2026-09-16
7962,DATA-2823,Testing,Done,user0043,2026-09-20
7963,ECOM-2824,,To Do,user0011,2026-09-14
7964,MOB-2825,,To Do,user0032,2026-09-14
7965,MOB-2825,To Do,In Progress,user0026,2026-09-17
7966,MOB-2825,In Progress,Testing,user0031,2026-09-24
7967,MOB-2825,Testing,Done,user0009,2026-09-29
7968,CLOUD-2826,,To Do,user0006,2026-09-14
7969,CLOUD-2826,To Do,In Progress,user0023,2026-09-19
7970,CLOUD-2826,In Progress,Testing,user0048,2026-09-20
7971,CLOUD-2826,Testing,Done,user0015,2026-09-17
7972,CLOUD-2827,,To Do,user0004,2026-09-14
7973,CLOUD-2827,To Do,In Progress,user0045,2026-09-16
7974,SEC-2828,,To Do,user0046,2026-09-14
7975,SEC-2828,To Do,In Progress,user0048,2026-09-21
7976,SEC-2828,In Progress,Testing,user0029,2026-09-24
7977,SEC-2828,Testing,Done,user0039,2026-10-05
7978,SEC-2828,Done,Reopened,user0035,2026-09-30
7979,ECOM-2829,,To Do,user0002,2026-09-14
7980,ECOM-2829,To Do,In Progress,user0032,2026-09-19
7981,ECOM-2829,In Progress,Testing,user0041,2026-09-24
7982,ECOM-2829,Testing,Done,user0007,2026-09-23
7983,CLOUD-2830,,To Do,user0033,2026-09-14
7984,BI-2831,,To Do,user0031,2026-09-14
7985,BI-2831,To Do,In Progress,user0042,2026-09-19
7986,BI-2831,In Progress,Testing,user0015,2026-09-28
7987,MOB-2832,,To Do,user0050,2026-09-14
7988,MOB-2832,To Do,In Progress,user0028,2026-09-16
7989,MOB-2832,In Progress,Testing,user0015,2026-09-24
7990,MOB-2832,Testing,Done,user0020,2026-09-29
7991,BANK-2833,,To Do,user0048,2026-09-14
7992,CRM-2834,,To Do,user0038,2026-09-14
7993,CRM-2834,To Do,In Progress,user0022,2026-09-20
7994,CRM-2834,In Progress,Testing,user0032,2026-09-28
7995,CRM-2834,Testing,Done,user0002,2026-09-20
7996,CLOUD-2835,,To Do,user0004,2026-09-14
7997,CLOUD-2835,To Do,In Progress,user0021,2026-09-16
7998,CLOUD-2835,In Progress,Testing,user0008,2026-09-18
7999,CLOUD-2835,Testing,Done,user0020,2026-09-17
8000,BANK-2836,,To Do,user0007,2026-09-14
8001,BANK-2836,To Do,In Progress,user0017,2026-09-15
8002,BANK-2836,In Progress,Testing,user0034,2026-09-22
8003,BANK-2836,Testing,Done,user0006,2026-10-02
8004,CLOUD-2837,,To Do,user0035,2026-09-14
8005,DATA-2838,,To Do,user0038,2026-09-14
8006,DATA-2838,To Do,In Progress,user0015,2026-09-20
8007,DATA-2838,In Progress,Testing,user0005,2026-09-18
8008,ERP-2839,,To Do,user0034,2026-09-14
8009,ERP-2839,To Do,In Progress,user0013,2026-09-18
8010,ERP-2839,In Progress,Testing,user0043,2026-09-26
8011,ERP-2839,Testing,Done,user0037,2026-09-23
8012,ERP-2840,,To Do,user0014,2026-09-14
8013,ERP-2840,To Do,In Progress,user0021,2026-09-21
8014,PORTAL-2841,,To Do,user0044,2026-09-14
8015,PORTAL-2841,To Do,In Progress,user0050,2026-09-20
8016,CLOUD-2842,,To Do,user0048,2026-09-14
8017,CLOUD-2842,To Do,In Progress,user0039,2026-09-17
8018,ERP-2843,,To Do,user0032,2026-09-14
8019,ERP-2843,To Do,In Progress,user0008,2026-09-20
8020,ERP-2843,In Progress,Testing,user0018,2026-09-16
8021,ERP-2843,Testing,Done,user0030,2026-09-17
8022,BI-2844,,To Do,user0012,2026-09-14
8023,BI-2844,To Do,In Progress,user0036,2026-09-21
8024,BI-2844,In Progress,Testing,user0045,2026-09-20
8025,BI-2844,Testing,Done,user0001,2026-09-17
8026,SEC-2845,,To Do,user0042,2026-09-14
8027,SEC-2845,To Do,In Progress,user0005,2026-09-15
8028,CRM-2846,,To Do,user0018,2026-09-14
8029,CRM-2846,To Do,In Progress,user0003,2026-09-21
8030,PORTAL-2847,,To Do,user0018,2026-09-14
8031,PORTAL-2847,To Do,In Progress,user0015,2026-09-15
8032,PORTAL-2847,In Progress,Testing,user0045,2026-09-24
8033,BANK-2848,,To Do,user0049,2026-09-14
8034,BANK-2848,To Do,In Progress,user0026,2026-09-20
8035,BANK-2848,In Progress,Testing,user0008,2026-09-18
8036,BANK-2848,Testing,Done,user0034,2026-09-17
8037,BANK-2849,,To Do,user0002,2026-09-14
8038,BANK-2849,To Do,In Progress,user0040,2026-09-18
8039,BANK-2849,In Progress,Testing,user0018,2026-09-16
8040,BANK-2849,Testing,Done,user0033,2026-09-20
8041,BANK-2849,Done,Reopened,user0006,2026-10-04
8042,CLOUD-2850,,To Do,user0020,2026-09-14
8043,CLOUD-2850,To Do,In Progress,user0033,2026-09-20
8044,CLOUD-2850,In Progress,Testing,user0005,2026-09-18
8045,DATA-2851,,To Do,user0037,2026-09-14
8046,ERP-2852,,To Do,user0008,2026-09-14
8047,DATA-2853,,To Do,user0001,2026-09-14
8048,DATA-2853,To Do,In Progress,user0010,2026-09-18
8049,DATA-2853,In Progress,Testing,user0017,2026-09-28
8050,DATA-2853,Testing,Done,user0005,2026-09-23
8051,DATA-2854,,To Do,user0021,2026-09-14
8052,DATA-2854,To Do,In Progress,user0002,2026-09-21
8053,DATA-2854,In Progress,Testing,user0043,2026-09-16
8054,DATA-2854,Testing,Done,user0050,2026-09-26
8055,MOB-2855,,To Do,user0047,2026-09-14
8056,MOB-2855,To Do,In Progress,user0043,2026-09-17
8057,MOB-2855,In Progress,Testing,user0022,2026-09-16
8058,MOB-2855,Testing,Done,user0002,2026-10-05
8059,SEC-2856,,To Do,user0040,2026-09-14
8060,DATA-2857,,To Do,user0032,2026-09-14
8061,DATA-2857,To Do,In Progress,user0022,2026-09-20
8062,DATA-2857,In Progress,Testing,user0034,2026-09-22
8063,SEC-2858,,To Do,user0006,2026-09-14
8064,BANK-2859,,To Do,user0042,2026-09-14
8065,ERP-2860,,To Do,user0017,2026-09-14
8066,ERP-2860,To Do,In Progress,user0005,2026-09-16
8067,ERP-2860,In Progress,Blocked,user0015,2026-09-20
8068,PORTAL-2861,,To Do,user0012,2026-09-14
8069,MOB-2862,,To Do,user0015,2026-09-14
8070,SEC-2863,,To Do,user0007,2026-09-14
8071,SEC-2863,To Do,In Progress,user0038,2026-09-17
8072,MOB-2864,,To Do,user0039,2026-09-14
8073,MOB-2864,To Do,In Progress,user0048,2026-09-16
8074,BANK-2865,,To Do,user0042,2026-09-14
8075,BANK-2865,To Do,In Progress,user0050,2026-09-16
8076,MOB-2866,,To Do,user0014,2026-09-14
8077,MOB-2866,To Do,In Progress,user0046,2026-09-17
8078,ECOM-2867,,To Do,user0026,2026-09-14
8079,ECOM-2867,To Do,In Progress,user0018,2026-09-16
8080,ECOM-2867,In Progress,Testing,user0031,2026-09-26
8081,ECOM-2867,Testing,Done,user0011,2026-10-05
8082,SEC-2868,,To Do,user0028,2026-09-14
8083,SEC-2868,To Do,In Progress,user0047,2026-09-16
8084,SEC-2868,In Progress,Blocked,user0029,2026-09-20
8085,MOB-2869,,To Do,user0039,2026-09-14
8086,MOB-2869,To Do,In Progress,user0048,2026-09-21
8087,ERP-2870,,To Do,user0037,2026-09-14
8088,ERP-2870,To Do,In Progress,user0027,2026-09-15
8089,ERP-2870,In Progress,Testing,user0011,2026-09-20
8090,ERP-2870,Testing,Done,user0044,2026-09-26
8091,ERP-2870,Done,Reopened,user0048,2026-09-30
8092,SEC-2871,,To Do,user0001,2026-09-14
8093,SEC-2872,,To Do,user0031,2026-09-14
8094,SEC-2872,To Do,In Progress,user0009,2026-09-20
8095,SEC-2872,In Progress,Blocked,user0017,2026-09-26
8096,BANK-2873,,To Do,user0015,2026-09-14
8097,BANK-2873,To Do,In Progress,user0019,2026-09-18
8098,BANK-2873,In Progress,Testing,user0049,2026-09-24
8099,BANK-2873,Testing,Done,user0001,2026-09-17
8100,SEC-2874,,To Do,user0011,2026-09-14
8101,SEC-2874,To Do,In Progress,user0023,2026-09-20
8102,SEC-2874,In Progress,Testing,user0043,2026-09-28
8103,SEC-2874,Testing,Done,user0001,2026-09-23
8104,SEC-2874,Done,Reopened,user0046,2026-09-30
8105,CRM-2875,,To Do,user0048,2026-09-14
8106,CRM-2875,To Do,In Progress,user0043,2026-09-20
8107,CLOUD-2876,,To Do,user0043,2026-09-14
8108,CLOUD-2876,To Do,In Progress,user0028,2026-09-18
8109,CLOUD-2876,In Progress,Testing,user0005,2026-09-20
8110,CLOUD-2876,Testing,Done,user0010,2026-09-26
8111,DATA-2877,,To Do,user0048,2026-09-14
8112,DATA-2877,To Do,In Progress,user0046,2026-09-18
8113,BANK-2878,,To Do,user0049,2026-09-14
8114,ECOM-2879,,To Do,user0011,2026-09-14
8115,ECOM-2879,To Do,In Progress,user0008,2026-09-19
8116,ECOM-2879,In Progress,Testing,user0014,2026-09-18
8117,ECOM-2879,Testing,Done,user0025,2026-10-02
8118,BANK-2880,,To Do,user0048,2026-09-14
8119,BANK-2880,To Do,In Progress,user0028,2026-09-17
8120,BANK-2880,In Progress,Testing,user0017,2026-09-20
8121,BANK-2880,Testing,Done,user0017,2026-09-17
8122,MOB-2881,,To Do,user0013,2026-09-14
8123,MOB-2881,To Do,In Progress,user0002,2026-09-15
8124,SEC-2882,,To Do,user0048,2026-09-14
8125,SEC-2882,To Do,In Progress,user0024,2026-09-21
8126,SEC-2882,In Progress,Testing,user0001,2026-09-24
8127,BI-2883,,To Do,user0036,2026-09-14
8128,CRM-2884,,To Do,user0017,2026-09-14
8129,ECOM-2885,,To Do,user0016,2026-09-14
8130,DATA-2886,,To Do,user0038,2026-09-14
8131,DATA-2886,To Do,In Progress,user0009,2026-09-16
8132,DATA-2886,In Progress,Testing,user0033,2026-09-26
8133,SEC-2887,,To Do,user0020,2026-09-14
8134,SEC-2887,To Do,In Progress,user0025,2026-09-16
8135,SEC-2887,In Progress,Testing,user0020,2026-09-20
8136,SEC-2887,Testing,Done,user0025,2026-09-23
8137,SEC-2887,Done,Reopened,user0013,2026-09-30
8138,BANK-2888,,To Do,user0038,2026-09-14
8139,BANK-2888,To Do,In Progress,user0042,2026-09-21
8140,CRM-2889,,To Do,user0025,2026-09-14
8141,CRM-2889,To Do,In Progress,user0037,2026-09-18
8142,CRM-2890,,To Do,user0036,2026-09-14
8143,CRM-2890,To Do,In Progress,user0048,2026-09-15
8144,BANK-2891,,To Do,user0050,2026-09-14
8145,BANK-2891,To Do,In Progress,user0018,2026-09-19
8146,BANK-2891,In Progress,Testing,user0026,2026-09-16
8147,BANK-2891,Testing,Done,user0020,2026-09-26
8148,CLOUD-2892,,To Do,user0027,2026-09-14
8149,CLOUD-2892,To Do,In Progress,user0024,2026-09-21
8150,CLOUD-2892,In Progress,Testing,user0022,2026-09-16
8151,CLOUD-2892,Testing,Done,user0007,2026-09-26
8152,PORTAL-2893,,To Do,user0043,2026-09-14
8153,PORTAL-2893,To Do,In Progress,user0010,2026-09-19
8154,PORTAL-2893,In Progress,Testing,user0015,2026-09-26
8155,PORTAL-2893,Testing,Done,user0001,2026-09-17
8156,DATA-2894,,To Do,user0034,2026-09-14
8157,DATA-2894,To Do,In Progress,user0013,2026-09-19
8158,ERP-2895,,To Do,user0018,2026-09-14
8159,CLOUD-2896,,To Do,user0043,2026-09-14
8160,CLOUD-2896,To Do,In Progress,user0035,2026-09-16
8161,CLOUD-2896,In Progress,Testing,user0019,2026-09-20
8162,CLOUD-2896,Testing,Done,user0021,2026-09-23
8163,BI-2897,,To Do,user0003,2026-09-14
8164,BI-2897,To Do,In Progress,user0020,2026-09-18
8165,BI-2897,In Progress,Blocked,user0042,2026-09-28
8166,CRM-2898,,To Do,user0011,2026-09-14
8167,CRM-2898,To Do,In Progress,user0040,2026-09-21
8168,BANK-2899,,To Do,user0033,2026-09-14
8169,BANK-2899,To Do,In Progress,user0035,2026-09-16
8170,BI-2900,,To Do,user0013,2026-09-14
8171,BI-2900,To Do,In Progress,user0032,2026-09-20
8172,DATA-2901,,To Do,user0044,2026-09-14
8173,DATA-2901,To Do,In Progress,user0018,2026-09-17
8174,ERP-2902,,To Do,user0004,2026-09-14
8175,ERP-2902,To Do,In Progress,user0005,2026-09-15
8176,ERP-2902,In Progress,Testing,user0022,2026-09-16
8177,ERP-2902,Testing,Done,user0034,2026-09-26
8178,PORTAL-2903,,To Do,user0031,2026-09-14
8179,PORTAL-2903,To Do,In Progress,user0039,2026-09-18
8180,PORTAL-2903,In Progress,Testing,user0015,2026-09-16
8181,PORTAL-2904,,To Do,user0028,2026-09-14
8182,PORTAL-2904,To Do,In Progress,user0017,2026-09-21
8183,PORTAL-2904,In Progress,Testing,user0025,2026-09-24
8184,PORTAL-2904,Testing,Done,user0020,2026-09-23
8185,ERP-2905,,To Do,user0043,2026-09-14
8186,ERP-2905,To Do,In Progress,user0008,2026-09-16
8187,ERP-2905,In Progress,Testing,user0026,2026-09-28
8188,ERP-2905,Testing,Done,user0027,2026-09-29
8189,PORTAL-2906,,To Do,user0044,2026-09-14
8190,BI-2907,,To Do,user0039,2026-09-14
8191,BI-2907,To Do,In Progress,user0011,2026-09-21
8192,BI-2908,,To Do,user0033,2026-09-14
8193,BI-2908,To Do,In Progress,user0037,2026-09-18
8194,BI-2908,In Progress,Testing,user0038,2026-09-22
8195,PORTAL-2909,,To Do,user0030,2026-09-14
8196,BI-2910,,To Do,user0038,2026-09-14
8197,BI-2910,To Do,In Progress,user0019,2026-09-16
8198,BI-2910,In Progress,Testing,user0021,2026-09-24
8199,BI-2910,Testing,Done,user0028,2026-09-29
8200,CLOUD-2911,,To Do,user0024,2026-09-14
8201,CLOUD-2911,To Do,In Progress,user0009,2026-09-18
8202,CLOUD-2911,In Progress,Testing,user0043,2026-09-18
8203,DATA-2912,,To Do,user0047,2026-09-14
8204,DATA-2912,To Do,In Progress,user0021,2026-09-15
8205,PORTAL-2913,,To Do,user0050,2026-09-14
8206,PORTAL-2913,To Do,In Progress,user0026,2026-09-20
8207,PORTAL-2913,In Progress,Testing,user0024,2026-09-16
8208,PORTAL-2913,Testing,Done,user0030,2026-10-02
8209,BI-2914,,To Do,user0019,2026-09-14
8210,BI-2914,To Do,In Progress,user0005,2026-09-19
8211,BI-2914,In Progress,Testing,user0030,2026-09-20
8212,BI-2914,Testing,Done,user0034,2026-09-23
8213,PORTAL-2915,,To Do,user0002,2026-09-14
8214,PORTAL-2915,To Do,In Progress,user0005,2026-09-15
8215,CLOUD-2916,,To Do,user0024,2026-09-14
8216,CLOUD-2916,To Do,In Progress,user0020,2026-09-17
8217,CLOUD-2916,In Progress,Testing,user0024,2026-09-22
8218,CLOUD-2916,Testing,Done,user0012,2026-09-17
8219,PORTAL-2917,,To Do,user0024,2026-09-14
8220,PORTAL-2917,To Do,In Progress,user0016,2026-09-18
8221,PORTAL-2917,In Progress,Blocked,user0044,2026-09-22
8222,CLOUD-2918,,To Do,user0045,2026-09-14
8223,CLOUD-2918,To Do,In Progress,user0018,2026-09-19
8224,CLOUD-2918,In Progress,Testing,user0003,2026-09-24
8225,CLOUD-2918,Testing,Done,user0004,2026-10-02
8226,CLOUD-2918,Done,Reopened,user0001,2026-09-22
8227,CRM-2919,,To Do,user0044,2026-09-14
8228,PORTAL-2920,,To Do,user0011,2026-09-14
8229,PORTAL-2920,To Do,In Progress,user0034,2026-09-21
8230,PORTAL-2920,In Progress,Blocked,user0042,2026-09-22
8231,BI-2921,,To Do,user0004,2026-09-14
8232,BI-2921,To Do,In Progress,user0034,2026-09-18
8233,ECOM-2922,,To Do,user0037,2026-09-14
8234,ECOM-2922,To Do,In Progress,user0025,2026-09-21
8235,SEC-2923,,To Do,user0005,2026-09-14
8236,SEC-2923,To Do,In Progress,user0034,2026-09-18
8237,SEC-2923,In Progress,Testing,user0049,2026-09-26
8238,SEC-2923,Testing,Done,user0010,2026-09-20
8239,SEC-2923,Done,Reopened,user0009,2026-10-08
8240,CLOUD-2924,,To Do,user0043,2026-09-14
8241,CLOUD-2924,To Do,In Progress,user0039,2026-09-15
8242,CLOUD-2924,In Progress,Testing,user0007,2026-09-26
8243,CLOUD-2924,Testing,Done,user0024,2026-10-05
8244,CLOUD-2925,,To Do,user0024,2026-09-14
8245,CLOUD-2925,To Do,In Progress,user0015,2026-09-18
8246,CLOUD-2925,In Progress,Blocked,user0012,2026-09-18
8247,DATA-2926,,To Do,user0012,2026-09-14
8248,DATA-2926,To Do,In Progress,user0045,2026-09-16
8249,PORTAL-2927,,To Do,user0026,2026-09-14
8250,PORTAL-2927,To Do,In Progress,user0006,2026-09-15
8251,PORTAL-2927,In Progress,Testing,user0023,2026-09-22
8252,SEC-2928,,To Do,user0010,2026-09-14
8253,CLOUD-2929,,To Do,user0040,2026-09-14
8254,CLOUD-2929,To Do,In Progress,user0046,2026-09-20
8255,SEC-2930,,To Do,user0034,2026-09-14
8256,ECOM-2931,,To Do,user0014,2026-09-14
8257,BANK-2932,,To Do,user0004,2026-09-14
8258,BANK-2932,To Do,In Progress,user0037,2026-09-19
8259,BANK-2932,In Progress,Testing,user0041,2026-09-28
8260,ERP-2933,,To Do,user0009,2026-09-14
8261,ERP-2933,To Do,In Progress,user0010,2026-09-17
8262,ERP-2933,In Progress,Blocked,user0020,2026-09-18
8263,DATA-2934,,To Do,user0013,2026-09-14
8264,DATA-2934,To Do,In Progress,user0040,2026-09-20
8265,DATA-2934,In Progress,Testing,user0049,2026-09-26
8266,DATA-2934,Testing,Done,user0003,2026-10-05
8267,BI-2935,,To Do,user0027,2026-09-14
8268,BI-2935,To Do,In Progress,user0046,2026-09-15
8269,BI-2935,In Progress,Testing,user0018,2026-09-24
8270,BI-2935,Testing,Done,user0022,2026-10-05
8271,ERP-2936,,To Do,user0045,2026-09-14
8272,BANK-2937,,To Do,user0031,2026-09-14
8273,BANK-2937,To Do,In Progress,user0029,2026-09-16
8274,PORTAL-2938,,To Do,user0023,2026-09-14
8275,PORTAL-2938,To Do,In Progress,user0013,2026-09-18
8276,PORTAL-2938,In Progress,Testing,user0009,2026-09-16
8277,PORTAL-2938,Testing,Done,user0046,2026-10-02
8278,PORTAL-2938,Done,Reopened,user0043,2026-09-22
8279,ERP-2939,,To Do,user0038,2026-09-14
8280,ERP-2939,To Do,In Progress,user0019,2026-09-21
8281,ERP-2939,In Progress,Blocked,user0019,2026-09-24
8282,BANK-2940,,To Do,user0045,2026-09-14
8283,BANK-2940,To Do,In Progress,user0006,2026-09-18
8284,BANK-2940,In Progress,Testing,user0026,2026-09-20
8285,BANK-2940,Testing,Done,user0015,2026-09-26
8286,DATA-2941,,To Do,user0042,2026-09-14
8287,DATA-2941,To Do,In Progress,user0047,2026-09-19
8288,DATA-2941,In Progress,Testing,user0004,2026-09-26
8289,DATA-2941,Testing,Done,user0010,2026-09-29
8290,ECOM-2942,,To Do,user0016,2026-09-14
8291,ECOM-2942,To Do,In Progress,user0029,2026-09-20
8292,CRM-2943,,To Do,user0008,2026-09-14
8293,CRM-2943,To Do,In Progress,user0014,2026-09-19
8294,MOB-2944,,To Do,user0011,2026-09-14
8295,BANK-2945,,To Do,user0017,2026-09-14
8296,ERP-2946,,To Do,user0013,2026-09-14
8297,ECOM-2947,,To Do,user0028,2026-09-14
8298,ECOM-2947,To Do,In Progress,user0019,2026-09-19
8299,ECOM-2947,In Progress,Testing,user0048,2026-09-26
8300,SEC-2948,,To Do,user0018,2026-09-14
8301,SEC-2948,To Do,In Progress,user0017,2026-09-16
8302,CRM-2949,,To Do,user0035,2026-09-14
8303,CRM-2949,To Do,In Progress,user0008,2026-09-19
8304,BI-2950,,To Do,user0049,2026-09-14
8305,BI-2950,To Do,In Progress,user0041,2026-09-17
8306,BI-2950,In Progress,Testing,user0042,2026-09-22
8307,CLOUD-2951,,To Do,user0044,2026-09-14
8308,CLOUD-2951,To Do,In Progress,user0024,2026-09-21
8309,ERP-2952,,To Do,user0024,2026-09-14
8310,ERP-2952,To Do,In Progress,user0010,2026-09-15
8311,DATA-2953,,To Do,user0033,2026-09-14
8312,DATA-2953,To Do,In Progress,user0017,2026-09-18
8313,PORTAL-2954,,To Do,user0039,2026-09-14
8314,SEC-2955,,To Do,user0009,2026-09-14
8315,SEC-2955,To Do,In Progress,user0037,2026-09-15
8316,SEC-2955,In Progress,Blocked,user0008,2026-09-20
8317,ERP-2956,,To Do,user0006,2026-09-14
8318,ECOM-2957,,To Do,user0027,2026-09-14
8319,ECOM-2957,To Do,In Progress,user0016,2026-09-21
8320,BANK-2958,,To Do,user0027,2026-09-14
8321,BANK-2958,To Do,In Progress,user0036,2026-09-15
8322,BANK-2958,In Progress,Testing,user0040,2026-09-26
8323,BANK-2958,Testing,Done,user0036,2026-09-17
8324,SEC-2959,,To Do,user0020,2026-09-14
8325,ERP-2960,,To Do,user0041,2026-09-14
8326,ERP-2960,To Do,In Progress,user0015,2026-09-21
8327,PORTAL-2961,,To Do,user0013,2026-09-14
8328,PORTAL-2961,To Do,In Progress,user0023,2026-09-16
8329,PORTAL-2961,In Progress,Testing,user0024,2026-09-18
8330,PORTAL-2961,Testing,Done,user0022,2026-09-23
8331,ERP-2962,,To Do,user0039,2026-09-14
8332,ERP-2962,To Do,In Progress,user0024,2026-09-20
8333,ECOM-2963,,To Do,user0039,2026-09-14
8334,ECOM-2963,To Do,In Progress,user0012,2026-09-18
8335,ERP-2964,,To Do,user0050,2026-09-14
8336,ERP-2964,To Do,In Progress,user0049,2026-09-20
8337,ERP-2964,In Progress,Testing,user0021,2026-09-26
8338,ERP-2964,Testing,Done,user0027,2026-10-05
8339,CLOUD-2965,,To Do,user0001,2026-09-14
8340,CLOUD-2965,To Do,In Progress,user0027,2026-09-20
8341,CLOUD-2965,In Progress,Testing,user0049,2026-09-26
8342,CLOUD-2965,Testing,Done,user0009,2026-09-23
8343,BI-2966,,To Do,user0039,2026-09-14
8344,BI-2966,To Do,In Progress,user0010,2026-09-16
8345,CLOUD-2967,,To Do,user0024,2026-09-14
8346,CLOUD-2967,To Do,In Progress,user0032,2026-09-19
8347,CLOUD-2968,,To Do,user0016,2026-09-14
8348,CLOUD-2968,To Do,In Progress,user0027,2026-09-19
8349,CLOUD-2968,In Progress,Testing,user0004,2026-09-22
8350,CLOUD-2968,Testing,Done,user0006,2026-09-26
8351,CLOUD-2968,Done,Reopened,user0025,2026-09-18
8352,BI-2969,,To Do,user0002,2026-09-14
8353,BI-2969,To Do,In Progress,user0048,2026-09-15
8354,MOB-2970,,To Do,user0006,2026-09-14
8355,MOB-2970,To Do,In Progress,user0015,2026-09-20
8356,MOB-2970,In Progress,Testing,user0001,2026-09-26
8357,MOB-2970,Testing,Done,user0009,2026-09-20
8358,ECOM-2971,,To Do,user0014,2026-09-14
8359,ECOM-2971,To Do,In Progress,user0011,2026-09-20
8360,ECOM-2971,In Progress,Testing,user0023,2026-09-18
8361,ECOM-2971,Testing,Done,user0020,2026-10-02
8362,ECOM-2972,,To Do,user0013,2026-09-14
8363,ECOM-2972,To Do,In Progress,user0032,2026-09-20
8364,BANK-2973,,To Do,user0017,2026-09-14
8365,BANK-2973,To Do,In Progress,user0014,2026-09-17
8366,BI-2974,,To Do,user0028,2026-09-14
8367,BI-2975,,To Do,user0022,2026-09-14
8368,BI-2975,To Do,In Progress,user0003,2026-09-18
8369,BI-2975,In Progress,Testing,user0009,2026-09-28
8370,BI-2975,Testing,Done,user0031,2026-09-26
8371,BI-2975,Done,Reopened,user0020,2026-10-08
8372,CRM-2976,,To Do,user0012,2026-09-14
8373,CRM-2976,To Do,In Progress,user0026,2026-09-15
8374,CRM-2976,In Progress,Testing,user0033,2026-09-18
8375,CRM-2976,Testing,Done,user0017,2026-09-20
8376,CLOUD-2977,,To Do,user0038,2026-09-14
8377,CLOUD-2977,To Do,In Progress,user0012,2026-09-18
8378,CLOUD-2977,In Progress,Testing,user0015,2026-09-18
8379,CLOUD-2977,Testing,Done,user0041,2026-09-29
8380,SEC-2978,,To Do,user0010,2026-09-14
8381,CLOUD-2979,,To Do,user0045,2026-09-14
8382,CLOUD-2979,To Do,In Progress,user0017,2026-09-19
8383,MOB-2980,,To Do,user0037,2026-09-14
8384,MOB-2980,To Do,In Progress,user0047,2026-09-18
8385,ECOM-2981,,To Do,user0045,2026-09-14
8386,ECOM-2981,To Do,In Progress,user0004,2026-09-20
8387,ECOM-2981,In Progress,Testing,user0038,2026-09-24
8388,ECOM-2981,Testing,Done,user0045,2026-09-26
8389,ERP-2982,,To Do,user0030,2026-09-14
8390,MOB-2983,,To Do,user0013,2026-09-14
8391,MOB-2983,To Do,In Progress,user0006,2026-09-19
8392,MOB-2983,In Progress,Testing,user0023,2026-09-16
8393,MOB-2983,Testing,Done,user0023,2026-09-17
8394,BI-2984,,To Do,user0002,2026-09-14
8395,BI-2984,To Do,In Progress,user0030,2026-09-20
8396,BI-2984,In Progress,Testing,user0041,2026-09-16
8397,BI-2984,Testing,Done,user0004,2026-10-05
8398,BI-2985,,To Do,user0005,2026-09-14
8399,BI-2985,To Do,In Progress,user0049,2026-09-18
8400,BI-2985,In Progress,Testing,user0024,2026-09-28
8401,BI-2985,Testing,Done,user0045,2026-09-20
8402,BI-2985,Done,Reopened,user0022,2026-10-12
8403,CLOUD-2986,,To Do,user0046,2026-09-14
8404,CLOUD-2986,To Do,In Progress,user0035,2026-09-20
8405,CLOUD-2986,In Progress,Testing,user0047,2026-09-20
8406,CLOUD-2986,Testing,Done,user0005,2026-10-02
8407,ECOM-2987,,To Do,user0024,2026-09-14
8408,ECOM-2987,To Do,In Progress,user0013,2026-09-20
8409,ECOM-2987,In Progress,Testing,user0010,2026-09-26
8410,ECOM-2987,Testing,Done,user0046,2026-09-17
8411,BANK-2988,,To Do,user0011,2026-09-14
8412,BANK-2988,To Do,In Progress,user0015,2026-09-19
8413,BANK-2988,In Progress,Testing,user0024,2026-09-26
8414,BANK-2988,Testing,Done,user0018,2026-09-20
8415,PORTAL-2989,,To Do,user0042,2026-09-14
8416,MOB-2990,,To Do,user0041,2026-09-14
8417,MOB-2990,To Do,In Progress,user0022,2026-09-19
8418,MOB-2990,In Progress,Testing,user0046,2026-09-16
8419,MOB-2990,Testing,Done,user0021,2026-09-17
8420,CLOUD-2991,,To Do,user0046,2026-09-14
8421,CRM-2992,,To Do,user0044,2026-09-14
8422,CRM-2992,To Do,In Progress,user0001,2026-09-19
8423,CRM-2992,In Progress,Testing,user0047,2026-09-16
8424,CRM-2992,Testing,Done,user0027,2026-10-05
8425,CRM-2993,,To Do,user0034,2026-09-14
8426,CRM-2993,To Do,In Progress,user0008,2026-09-18
8427,CRM-2993,In Progress,Testing,user0021,2026-09-26
8428,CRM-2993,Testing,Done,user0043,2026-09-26
8429,ERP-2994,,To Do,user0038,2026-09-14
8430,ERP-2994,To Do,In Progress,user0014,2026-09-19
8431,CLOUD-2995,,To Do,user0044,2026-09-14
8432,ERP-2996,,To Do,user0018,2026-09-14
8433,ERP-2996,To Do,In Progress,user0046,2026-09-18
8434,ERP-2996,In Progress,Blocked,user0042,2026-09-24
8435,SEC-2997,,To Do,user0045,2026-09-14
8436,SEC-2997,To Do,In Progress,user0039,2026-09-17
8437,ERP-2998,,To Do,user0011,2026-09-14
8438,ERP-2998,To Do,In Progress,user0038,2026-09-19
8439,CLOUD-2999,,To Do,user0013,2026-09-14
8440,CLOUD-2999,To Do,In Progress,user0034,2026-09-21
8441,CLOUD-2999,In Progress,Testing,user0042,2026-09-24
8442,CLOUD-2999,Testing,Done,user0037,2026-09-29
8443,ERP-3000,,To Do,user0033,2026-09-14
8444,DATA-3001,,To Do,user0007,2026-09-14
8445,DATA-3001,To Do,In Progress,user0046,2026-09-16
8446,SEC-3002,,To Do,user0025,2026-09-14
8447,SEC-3002,To Do,In Progress,user0047,2026-09-19
8448,SEC-3002,In Progress,Blocked,user0013,2026-09-24
8449,ECOM-3003,,To Do,user0004,2026-09-14
8450,ECOM-3003,To Do,In Progress,user0021,2026-09-15
8451,ECOM-3003,In Progress,Testing,user0029,2026-09-20
8452,ECOM-3003,Testing,Done,user0018,2026-09-26
8453,CLOUD-3004,,To Do,user0011,2026-09-14
8454,CRM-3005,,To Do,user0019,2026-09-14
8455,CRM-3005,To Do,In Progress,user0018,2026-09-19
8456,CRM-3005,In Progress,Blocked,user0010,2026-09-20
8457,BANK-3006,,To Do,user0036,2026-09-14
8458,BANK-3006,To Do,In Progress,user0035,2026-09-16
8459,DATA-3007,,To Do,user0033,2026-09-14
8460,DATA-3007,To Do,In Progress,user0010,2026-09-16
8461,DATA-3007,In Progress,Testing,user0024,2026-09-20
8462,DATA-3007,Testing,Done,user0011,2026-09-17
8463,MOB-3008,,To Do,user0026,2026-09-14
8464,MOB-3008,To Do,In Progress,user0047,2026-09-21
8465,MOB-3008,In Progress,Blocked,user0005,2026-09-24
8466,DATA-3009,,To Do,user0042,2026-09-14
8467,DATA-3009,To Do,In Progress,user0012,2026-09-19
8468,DATA-3009,In Progress,Testing,user0029,2026-09-28
8469,SEC-3010,,To Do,user0039,2026-09-14
8470,SEC-3010,To Do,In Progress,user0012,2026-09-18
8471,DATA-3011,,To Do,user0016,2026-09-14
8472,DATA-3011,To Do,In Progress,user0040,2026-09-18
8473,DATA-3011,In Progress,Testing,user0002,2026-09-26
8474,DATA-3011,Testing,Done,user0026,2026-09-29
8475,BI-3012,,To Do,user0002,2026-09-14
8476,BI-3012,To Do,In Progress,user0009,2026-09-16
8477,BI-3012,In Progress,Testing,user0026,2026-09-24
8478,BI-3012,Testing,Done,user0005,2026-09-20
8479,SEC-3013,,To Do,user0023,2026-09-14
8480,SEC-3013,To Do,In Progress,user0004,2026-09-21
8481,BANK-3014,,To Do,user0046,2026-09-14
8482,BANK-3014,To Do,In Progress,user0018,2026-09-16
8483,ECOM-3015,,To Do,user0004,2026-09-14
8484,ECOM-3015,To Do,In Progress,user0043,2026-09-17
8485,ECOM-3015,In Progress,Testing,user0048,2026-09-16
8486,CRM-3016,,To Do,user0014,2026-09-14
8487,CRM-3016,To Do,In Progress,user0007,2026-09-17
8488,CRM-3016,In Progress,Testing,user0027,2026-09-22
8489,CRM-3016,Testing,Done,user0043,2026-09-17
8490,CRM-3016,Done,Reopened,user0040,2026-10-08
8491,PORTAL-3017,,To Do,user0008,2026-09-14
8492,ERP-3018,,To Do,user0032,2026-09-14
8493,ERP-3018,To Do,In Progress,user0031,2026-09-18
8494,ERP-3018,In Progress,Testing,user0040,2026-09-28
8495,ERP-3018,Testing,Done,user0034,2026-09-20
8496,ERP-3018,Done,Reopened,user0020,2026-09-30
8497,PORTAL-3019,,To Do,user0017,2026-09-14
8498,PORTAL-3019,To Do,In Progress,user0002,2026-09-18
8499,PORTAL-3019,In Progress,Testing,user0010,2026-09-20
8500,PORTAL-3019,Testing,Done,user0043,2026-09-17
8501,PORTAL-3019,Done,Reopened,user0028,2026-10-04
8502,PORTAL-3020,,To Do,user0026,2026-09-14
8503,PORTAL-3020,To Do,In Progress,user0020,2026-09-20
8504,BI-3021,,To Do,user0048,2026-09-14
8505,BI-3021,To Do,In Progress,user0027,2026-09-19
8506,BI-3021,In Progress,Testing,user0024,2026-09-18
8507,BI-3021,Testing,Done,user0038,2026-10-02
8508,ERP-3022,,To Do,user0018,2026-09-14
8509,BANK-3023,,To Do,user0001,2026-09-14
8510,BANK-3023,To Do,In Progress,user0045,2026-09-20
8511,BANK-3023,In Progress,Blocked,user0010,2026-09-16
8512,CLOUD-3024,,To Do,user0025,2026-09-14
8513,ERP-3025,,To Do,user0020,2026-09-14
8514,ERP-3025,To Do,In Progress,user0021,2026-09-15
8515,ERP-3025,In Progress,Blocked,user0043,2026-09-18
8516,SEC-3026,,To Do,user0017,2026-09-14
8517,SEC-3026,To Do,In Progress,user0013,2026-09-21
8518,ECOM-3027,,To Do,user0033,2026-09-14
8519,ECOM-3027,To Do,In Progress,user0001,2026-09-18
8520,ECOM-3027,In Progress,Testing,user0042,2026-09-26
8521,ECOM-3027,Testing,Done,user0049,2026-09-23
8522,ERP-3028,,To Do,user0040,2026-09-14
8523,ERP-3028,To Do,In Progress,user0011,2026-09-19
8524,ERP-3028,In Progress,Testing,user0005,2026-09-18
8525,BI-3029,,To Do,user0027,2026-09-14
8526,BI-3029,To Do,In Progress,user0009,2026-09-21
8527,BANK-3030,,To Do,user0024,2026-09-14
8528,BANK-3030,To Do,In Progress,user0015,2026-09-19
8529,BANK-3030,In Progress,Testing,user0012,2026-09-18
8530,BANK-3030,Testing,Done,user0001,2026-09-23
8531,DATA-3031,,To Do,user0050,2026-09-14
8532,DATA-3031,To Do,In Progress,user0034,2026-09-21
8533,DATA-3031,In Progress,Testing,user0019,2026-09-28
8534,DATA-3031,Testing,Done,user0002,2026-10-02
8535,CRM-3032,,To Do,user0032,2026-09-14
8536,CRM-3032,To Do,In Progress,user0037,2026-09-17
8537,CRM-3032,In Progress,Blocked,user0034,2026-09-18
8538,ECOM-3033,,To Do,user0017,2026-09-14
8539,ECOM-3033,To Do,In Progress,user0027,2026-09-15
8540,ECOM-3034,,To Do,user0016,2026-09-14
8541,ECOM-3034,To Do,In Progress,user0049,2026-09-21
8542,ECOM-3034,In Progress,Testing,user0021,2026-09-18
8543,ECOM-3034,Testing,Done,user0049,2026-10-02
8544,BI-3035,,To Do,user0033,2026-09-14
8545,BI-3035,To Do,In Progress,user0018,2026-09-18
8546,BI-3035,In Progress,Testing,user0002,2026-09-20
8547,BI-3035,Testing,Done,user0037,2026-09-20
8548,ERP-3036,,To Do,user0013,2026-09-14
8549,ERP-3036,To Do,In Progress,user0009,2026-09-16
8550,CRM-3037,,To Do,user0031,2026-09-14
8551,CRM-3037,To Do,In Progress,user0002,2026-09-18
8552,CRM-3037,In Progress,Testing,user0014,2026-09-28
8553,CRM-3037,Testing,Done,user0012,2026-09-29
8554,CRM-3037,Done,Reopened,user0008,2026-10-12
8555,CLOUD-3038,,To Do,user0007,2026-09-14
8556,CLOUD-3038,To Do,In Progress,user0021,2026-09-18
8557,CLOUD-3038,In Progress,Testing,user0049,2026-09-24
8558,CLOUD-3038,Testing,Done,user0025,2026-09-17
8559,SEC-3039,,To Do,user0014,2026-09-14
8560,SEC-3039,To Do,In Progress,user0033,2026-09-20
8561,SEC-3039,In Progress,Blocked,user0022,2026-09-20
8562,ERP-3040,,To Do,user0005,2026-09-14
8563,ERP-3040,To Do,In Progress,user0040,2026-09-16
8564,MOB-3041,,To Do,user0033,2026-09-14
8565,MOB-3041,To Do,In Progress,user0026,2026-09-18
8566,MOB-3041,In Progress,Testing,user0016,2026-09-26
8567,MOB-3041,Testing,Done,user0008,2026-10-05
8568,ECOM-3042,,To Do,user0044,2026-09-14
8569,ECOM-3042,To Do,In Progress,user0021,2026-09-15
8570,ECOM-3042,In Progress,Testing,user0016,2026-09-24
8571,ECOM-3042,Testing,Done,user0001,2026-10-05
8572,ECOM-3042,Done,Reopened,user0029,2026-10-04
8573,CLOUD-3043,,To Do,user0038,2026-09-14
8574,CLOUD-3043,To Do,In Progress,user0043,2026-09-15
8575,CLOUD-3043,In Progress,Testing,user0025,2026-09-20
8576,CLOUD-3043,Testing,Done,user0021,2026-09-20
8577,CRM-3044,,To Do,user0032,2026-09-14
8578,CRM-3044,To Do,In Progress,user0015,2026-09-18
8579,CRM-3044,In Progress,Testing,user0007,2026-09-26
8580,CRM-3044,Testing,Done,user0035,2026-09-29
8581,CRM-3044,Done,Reopened,user0040,2026-09-26
8582,BANK-3045,,To Do,user0030,2026-09-14
8583,BANK-3046,,To Do,user0024,2026-09-14
8584,BANK-3046,To Do,In Progress,user0014,2026-09-16
8585,ECOM-3047,,To Do,user0039,2026-09-14
8586,ECOM-3047,To Do,In Progress,user0045,2026-09-20
8587,BANK-3048,,To Do,user0041,2026-09-14
8588,SEC-3049,,To Do,user0037,2026-09-14
8589,SEC-3049,To Do,In Progress,user0021,2026-09-21
8590,SEC-3049,In Progress,Testing,user0042,2026-09-26
8591,SEC-3049,Testing,Done,user0013,2026-09-20
8592,SEC-3049,Done,Reopened,user0042,2026-09-22
8593,SEC-3050,,To Do,user0044,2026-09-14
8594,SEC-3050,To Do,In Progress,user0048,2026-09-20
8595,SEC-3050,In Progress,Testing,user0013,2026-09-18
8596,SEC-3050,Testing,Done,user0047,2026-10-05
8597,CRM-3051,,To Do,user0002,2026-09-14
8598,CRM-3051,To Do,In Progress,user0037,2026-09-18
8599,CRM-3051,In Progress,Testing,user0034,2026-09-28
8600,CRM-3051,Testing,Done,user0019,2026-10-05
8601,CRM-3051,Done,Reopened,user0020,2026-10-12
8602,MOB-3052,,To Do,user0014,2026-09-14
8603,MOB-3052,To Do,In Progress,user0034,2026-09-20
8604,MOB-3052,In Progress,Testing,user0002,2026-09-24
8605,MOB-3052,Testing,Done,user0021,2026-09-20
8606,BANK-3053,,To Do,user0032,2026-09-14
8607,BANK-3053,To Do,In Progress,user0006,2026-09-20
8608,BANK-3053,In Progress,Testing,user0012,2026-09-26
8609,BANK-3053,Testing,Done,user0035,2026-09-26
8610,ERP-3054,,To Do,user0026,2026-09-14
8611,ECOM-3055,,To Do,user0017,2026-09-14
8612,DATA-3056,,To Do,user0020,2026-09-14
8613,DATA-3056,To Do,In Progress,user0024,2026-09-19
8614,DATA-3057,,To Do,user0027,2026-09-14
8615,DATA-3057,To Do,In Progress,user0031,2026-09-21
8616,ECOM-3058,,To Do,user0036,2026-09-14
8617,ECOM-3058,To Do,In Progress,user0025,2026-09-20
8618,ECOM-3058,In Progress,Testing,user0039,2026-09-24
8619,ECOM-3058,Testing,Done,user0026,2026-09-20
8620,BANK-3059,,To Do,user0033,2026-09-14
8621,BANK-3059,To Do,In Progress,user0046,2026-09-17
8622,BANK-3059,In Progress,Blocked,user0008,2026-09-20
8623,CLOUD-3060,,To Do,user0031,2026-09-14
8624,CLOUD-3060,To Do,In Progress,user0004,2026-09-21
8625,CLOUD-3060,In Progress,Testing,user0007,2026-09-26
8626,CLOUD-3060,Testing,Done,user0034,2026-09-17
8627,SEC-3061,,To Do,user0014,2026-09-14
8628,SEC-3061,To Do,In Progress,user0004,2026-09-18
8629,MOB-3062,,To Do,user0015,2026-09-14
8630,MOB-3062,To Do,In Progress,user0047,2026-09-21
8631,MOB-3062,In Progress,Testing,user0001,2026-09-22
8632,MOB-3062,Testing,Done,user0045,2026-10-05
8633,SEC-3063,,To Do,user0047,2026-09-14
8634,SEC-3063,To Do,In Progress,user0022,2026-09-17
8635,BI-3064,,To Do,user0023,2026-09-14
8636,BI-3064,To Do,In Progress,user0046,2026-09-18
8637,BI-3064,In Progress,Testing,user0007,2026-09-20
8638,ECOM-3065,,To Do,user0018,2026-09-14
8639,ECOM-3065,To Do,In Progress,user0006,2026-09-20
8640,DATA-3066,,To Do,user0018,2026-09-14
8641,MOB-3067,,To Do,user0015,2026-09-14
8642,MOB-3067,To Do,In Progress,user0035,2026-09-20
8643,MOB-3067,In Progress,Testing,user0005,2026-09-22
8644,BI-3068,,To Do,user0021,2026-09-14
8645,BI-3068,To Do,In Progress,user0039,2026-09-15
8646,BI-3068,In Progress,Testing,user0008,2026-09-20
8647,BI-3068,Testing,Done,user0041,2026-09-20
8648,BANK-3069,,To Do,user0036,2026-09-14
8649,BANK-3069,To Do,In Progress,user0010,2026-09-16
8650,CRM-3070,,To Do,user0023,2026-09-14
8651,CRM-3070,To Do,In Progress,user0033,2026-09-21
8652,CRM-3070,In Progress,Testing,user0018,2026-09-16
8653,CRM-3070,Testing,Done,user0003,2026-10-02
8654,ECOM-3071,,To Do,user0041,2026-09-14
8655,ECOM-3071,To Do,In Progress,user0007,2026-09-15
8656,BI-3072,,To Do,user0008,2026-09-14
8657,BI-3072,To Do,In Progress,user0002,2026-09-19
8658,BI-3072,In Progress,Testing,user0003,2026-09-20
8659,BI-3072,Testing,Done,user0020,2026-10-02
8660,ERP-3073,,To Do,user0020,2026-09-14
8661,ERP-3073,To Do,In Progress,user0011,2026-09-20
8662,BI-3074,,To Do,user0035,2026-09-14
8663,BI-3074,To Do,In Progress,user0027,2026-09-15
8664,BI-3074,In Progress,Testing,user0021,2026-09-20
8665,BI-3074,Testing,Done,user0045,2026-09-29
8666,BI-3074,Done,Reopened,user0003,2026-10-08
8667,ECOM-3075,,To Do,user0048,2026-09-14
8668,ECOM-3075,To Do,In Progress,user0007,2026-09-19
8669,ERP-3076,,To Do,user0041,2026-09-14
8670,BI-3077,,To Do,user0026,2026-09-14
8671,BI-3077,To Do,In Progress,user0015,2026-09-20
8672,BI-3077,In Progress,Testing,user0023,2026-09-20
8673,BI-3077,Testing,Done,user0038,2026-09-17
8674,MOB-3078,,To Do,user0010,2026-09-14
8675,BANK-3079,,To Do,user0013,2026-09-14
8676,DATA-3080,,To Do,user0046,2026-09-14
8677,DATA-3080,To Do,In Progress,user0023,2026-09-17
8678,PORTAL-3081,,To Do,user0027,2026-09-14
8679,PORTAL-3081,To Do,In Progress,user0036,2026-09-17
8680,PORTAL-3081,In Progress,Blocked,user0019,2026-09-18
8681,MOB-3082,,To Do,user0027,2026-09-14
8682,MOB-3082,To Do,In Progress,user0009,2026-09-19
8683,MOB-3082,In Progress,Testing,user0047,2026-09-26
8684,MOB-3082,Testing,Done,user0021,2026-10-05
8685,ECOM-3083,,To Do,user0017,2026-09-14
8686,ECOM-3083,To Do,In Progress,user0038,2026-09-17
8687,ECOM-3083,In Progress,Testing,user0009,2026-09-22
8688,ECOM-3083,Testing,Done,user0004,2026-09-20
8689,DATA-3084,,To Do,user0003,2026-09-14
8690,DATA-3084,To Do,In Progress,user0044,2026-09-15
8691,DATA-3084,In Progress,Testing,user0025,2026-09-16
8692,DATA-3084,Testing,Done,user0002,2026-09-17
8693,MOB-3085,,To Do,user0028,2026-09-14
8694,MOB-3085,To Do,In Progress,user0020,2026-09-19
8695,MOB-3085,In Progress,Testing,user0038,2026-09-26
8696,MOB-3085,Testing,Done,user0031,2026-09-26
8697,SEC-3086,,To Do,user0032,2026-09-14
8698,SEC-3086,To Do,In Progress,user0048,2026-09-18
8699,ECOM-3087,,To Do,user0038,2026-09-14
8700,ECOM-3087,To Do,In Progress,user0004,2026-09-16
8701,ECOM-3087,In Progress,Testing,user0038,2026-09-18
8702,ECOM-3087,Testing,Done,user0030,2026-10-05
8703,SEC-3088,,To Do,user0016,2026-09-14
8704,SEC-3088,To Do,In Progress,user0029,2026-09-18
8705,BANK-3089,,To Do,user0023,2026-09-14
8706,BANK-3089,To Do,In Progress,user0024,2026-09-21
8707,DATA-3090,,To Do,user0050,2026-09-14
8708,DATA-3090,To Do,In Progress,user0040,2026-09-18
8709,DATA-3090,In Progress,Testing,user0020,2026-09-28
8710,DATA-3090,Testing,Done,user0015,2026-10-02
8711,CLOUD-3091,,To Do,user0044,2026-09-14
8712,CLOUD-3091,To Do,In Progress,user0039,2026-09-20
8713,PORTAL-3092,,To Do,user0025,2026-09-14
8714,PORTAL-3092,To Do,In Progress,user0029,2026-09-18
8715,PORTAL-3092,In Progress,Testing,user0006,2026-09-16
8716,PORTAL-3092,Testing,Done,user0011,2026-09-26
8717,PORTAL-3092,Done,Reopened,user0023,2026-10-12
8718,ERP-3093,,To Do,user0022,2026-09-14
8719,ERP-3093,To Do,In Progress,user0009,2026-09-16
8720,ERP-3093,In Progress,Testing,user0015,2026-09-24
8721,ERP-3094,,To Do,user0036,2026-09-14
8722,CRM-3095,,To Do,user0011,2026-09-14
8723,CRM-3095,To Do,In Progress,user0037,2026-09-21
8724,BI-3096,,To Do,user0006,2026-09-14
8725,BI-3096,To Do,In Progress,user0031,2026-09-19
8726,BI-3096,In Progress,Testing,user0038,2026-09-26
8727,BI-3096,Testing,Done,user0043,2026-09-20
8728,DATA-3097,,To Do,user0042,2026-09-14
8729,DATA-3097,To Do,In Progress,user0030,2026-09-20
8730,DATA-3097,In Progress,Testing,user0039,2026-09-20
8731,DATA-3098,,To Do,user0016,2026-09-14
8732,DATA-3098,To Do,In Progress,user0030,2026-09-20
8733,DATA-3098,In Progress,Blocked,user0009,2026-09-26
8734,CLOUD-3099,,To Do,user0023,2026-09-14
8735,CLOUD-3099,To Do,In Progress,user0014,2026-09-15
8736,CLOUD-3099,In Progress,Testing,user0050,2026-09-16
8737,CLOUD-3099,Testing,Done,user0050,2026-10-05
8738,BI-3100,,To Do,user0034,2026-09-14
8739,BI-3100,To Do,In Progress,user0025,2026-09-20
8740,CRM-3101,,To Do,user0002,2026-09-14
8741,CRM-3101,To Do,In Progress,user0005,2026-09-18
8742,BANK-3102,,To Do,user0034,2026-09-14
8743,CRM-3103,,To Do,user0017,2026-09-14
8744,PORTAL-3104,,To Do,user0043,2026-09-14
8745,DATA-3105,,To Do,user0043,2026-09-14
8746,DATA-3105,To Do,In Progress,user0022,2026-09-19
8747,DATA-3105,In Progress,Testing,user0041,2026-09-20
8748,DATA-3105,Testing,Done,user0004,2026-10-02
8749,CRM-3106,,To Do,user0038,2026-09-14
8750,CRM-3106,To Do,In Progress,user0023,2026-09-17
8751,CRM-3106,In Progress,Testing,user0040,2026-09-18
8752,CRM-3106,Testing,Done,user0018,2026-09-20
8753,DATA-3107,,To Do,user0007,2026-09-14
8754,DATA-3107,To Do,In Progress,user0014,2026-09-16
8755,SEC-3108,,To Do,user0020,2026-09-14
8756,SEC-3108,To Do,In Progress,user0027,2026-09-21
8757,SEC-3108,In Progress,Testing,user0012,2026-09-26
8758,BI-3109,,To Do,user0035,2026-09-14
8759,BI-3109,To Do,In Progress,user0004,2026-09-17
8760,ECOM-3110,,To Do,user0037,2026-09-14
8761,ECOM-3110,To Do,In Progress,user0030,2026-09-18
8762,ECOM-3110,In Progress,Testing,user0010,2026-09-26
8763,ECOM-3110,Testing,Done,user0001,2026-10-02
8764,ECOM-3111,,To Do,user0049,2026-09-14
8765,BANK-3112,,To Do,user0018,2026-09-14
8766,BANK-3112,To Do,In Progress,user0020,2026-09-18
8767,BANK-3112,In Progress,Testing,user0046,2026-09-16
8768,BANK-3112,Testing,Done,user0024,2026-09-23
8769,BANK-3112,Done,Reopened,user0002,2026-10-08
8770,CLOUD-3113,,To Do,user0031,2026-09-14
8771,CLOUD-3113,To Do,In Progress,user0001,2026-09-17
8772,CLOUD-3113,In Progress,Testing,user0048,2026-09-16
8773,CRM-3114,,To Do,user0001,2026-09-14
8774,CRM-3114,To Do,In Progress,user0024,2026-09-17
8775,CRM-3114,In Progress,Testing,user0048,2026-09-22
8776,ECOM-3115,,To Do,user0018,2026-09-14
8777,BANK-3116,,To Do,user0031,2026-09-14
8778,BANK-3116,To Do,In Progress,user0029,2026-09-19
8779,ECOM-3117,,To Do,user0005,2026-09-14
8780,SEC-3118,,To Do,user0015,2026-09-14
8781,SEC-3118,To Do,In Progress,user0047,2026-09-18
8782,SEC-3118,In Progress,Testing,user0012,2026-09-26
8783,BANK-3119,,To Do,user0031,2026-09-14
8784,BANK-3119,To Do,In Progress,user0016,2026-09-20
8785,BANK-3119,In Progress,Testing,user0032,2026-09-20
8786,BANK-3119,Testing,Done,user0034,2026-09-26
8787,CLOUD-3120,,To Do,user0028,2026-09-14
8788,CLOUD-3120,To Do,In Progress,user0010,2026-09-17
8789,CLOUD-3121,,To Do,user0027,2026-09-14
8790,CLOUD-3121,To Do,In Progress,user0014,2026-09-17
8791,CLOUD-3121,In Progress,Testing,user0040,2026-09-28
8792,BI-3122,,To Do,user0038,2026-09-14
8793,BI-3122,To Do,In Progress,user0038,2026-09-20
8794,BI-3122,In Progress,Testing,user0040,2026-09-16
8795,DATA-3123,,To Do,user0019,2026-09-14
8796,CLOUD-3124,,To Do,user0006,2026-09-14
8797,CLOUD-3124,To Do,In Progress,user0045,2026-09-18
8798,CLOUD-3124,In Progress,Testing,user0017,2026-09-22
8799,CLOUD-3124,Testing,Done,user0007,2026-10-02
8800,BI-3125,,To Do,user0034,2026-09-14
8801,BI-3125,To Do,In Progress,user0032,2026-09-18
8802,BI-3125,In Progress,Testing,user0045,2026-09-20
8803,BI-3125,Testing,Done,user0034,2026-09-23
8804,ECOM-3126,,To Do,user0040,2026-09-14
8805,ECOM-3126,To Do,In Progress,user0008,2026-09-18
8806,ECOM-3126,In Progress,Testing,user0022,2026-09-26
8807,ECOM-3126,Testing,Done,user0007,2026-10-05
8808,CRM-3127,,To Do,user0042,2026-09-14
8809,CRM-3127,To Do,In Progress,user0001,2026-09-18
8810,BANK-3128,,To Do,user0036,2026-09-14
8811,BANK-3129,,To Do,user0017,2026-09-14
8812,BANK-3129,To Do,In Progress,user0014,2026-09-17
8813,PORTAL-3130,,To Do,user0048,2026-09-14
8814,PORTAL-3130,To Do,In Progress,user0015,2026-09-19
8815,PORTAL-3130,In Progress,Testing,user0022,2026-09-28
8816,BI-3131,,To Do,user0049,2026-09-14
8817,BI-3131,To Do,In Progress,user0001,2026-09-15
8818,BI-3131,In Progress,Testing,user0027,2026-09-16
8819,BI-3131,Testing,Done,user0031,2026-10-02
8820,DATA-3132,,To Do,user0047,2026-09-14
8821,DATA-3133,,To Do,user0041,2026-09-14
8822,MOB-3134,,To Do,user0002,2026-09-14
8823,MOB-3134,To Do,In Progress,user0046,2026-09-16
8824,MOB-3134,In Progress,Testing,user0017,2026-09-26
8825,MOB-3134,Testing,Done,user0024,2026-10-05
8826,SEC-3135,,To Do,user0002,2026-09-14
8827,SEC-3135,To Do,In Progress,user0042,2026-09-15
8828,SEC-3135,In Progress,Blocked,user0045,2026-09-28
8829,MOB-3136,,To Do,user0041,2026-09-14
8830,MOB-3136,To Do,In Progress,user0018,2026-09-16
8831,MOB-3136,In Progress,Testing,user0024,2026-09-16
8832,MOB-3136,Testing,Done,user0031,2026-09-20
8833,CRM-3137,,To Do,user0049,2026-09-14
8834,CRM-3137,To Do,In Progress,user0010,2026-09-20
8835,CRM-3137,In Progress,Testing,user0006,2026-09-26
8836,CRM-3137,Testing,Done,user0035,2026-09-20
8837,MOB-3138,,To Do,user0016,2026-09-14
8838,MOB-3138,To Do,In Progress,user0004,2026-09-16
8839,MOB-3138,In Progress,Testing,user0019,2026-09-24
8840,MOB-3138,Testing,Done,user0034,2026-09-20
8841,MOB-3139,,To Do,user0008,2026-09-14
8842,MOB-3139,To Do,In Progress,user0036,2026-09-21
8843,CLOUD-3140,,To Do,user0004,2026-09-14
8844,CLOUD-3140,To Do,In Progress,user0032,2026-09-19
8845,BANK-3141,,To Do,user0046,2026-09-14
8846,BANK-3141,To Do,In Progress,user0050,2026-09-17
8847,CRM-3142,,To Do,user0030,2026-09-14
8848,CRM-3142,To Do,In Progress,user0007,2026-09-17
8849,CRM-3142,In Progress,Testing,user0047,2026-09-18
8850,CRM-3142,Testing,Done,user0002,2026-09-26
8851,SEC-3143,,To Do,user0011,2026-09-14
8852,SEC-3143,To Do,In Progress,user0041,2026-09-18
8853,PORTAL-3144,,To Do,user0047,2026-09-14
8854,PORTAL-3144,To Do,In Progress,user0018,2026-09-18
8855,SEC-3145,,To Do,user0044,2026-09-14
8856,DATA-3146,,To Do,user0033,2026-09-14
8857,DATA-3146,To Do,In Progress,user0005,2026-09-18
8858,MOB-3147,,To Do,user0034,2026-09-14
8859,MOB-3147,To Do,In Progress,user0041,2026-09-19
8860,MOB-3147,In Progress,Testing,user0017,2026-09-26
8861,MOB-3147,Testing,Done,user0049,2026-09-20
8862,BANK-3148,,To Do,user0025,2026-09-14
8863,BANK-3148,To Do,In Progress,user0019,2026-09-16
8864,PORTAL-3149,,To Do,user0035,2026-09-14
8865,PORTAL-3149,To Do,In Progress,user0033,2026-09-18
8866,MOB-3150,,To Do,user0043,2026-09-14
8867,MOB-3150,To Do,In Progress,user0011,2026-09-15
8868,MOB-3150,In Progress,Testing,user0036,2026-09-28
8869,SEC-3151,,To Do,user0023,2026-09-14
8870,SEC-3151,To Do,In Progress,user0050,2026-09-16
8871,PORTAL-3152,,To Do,user0028,2026-09-14
8872,PORTAL-3152,To Do,In Progress,user0021,2026-09-17
8873,PORTAL-3152,In Progress,Testing,user0010,2026-09-18
8874,PORTAL-3152,Testing,Done,user0021,2026-09-17
8875,PORTAL-3152,Done,Reopened,user0035,2026-09-22
8876,SEC-3153,,To Do,user0034,2026-09-14
8877,SEC-3153,To Do,In Progress,user0015,2026-09-15
8878,SEC-3153,In Progress,Testing,user0012,2026-09-16
8879,SEC-3153,Testing,Done,user0007,2026-09-23
8880,MOB-3154,,To Do,user0030,2026-09-14
8881,MOB-3154,To Do,In Progress,user0008,2026-09-21
8882,ECOM-3155,,To Do,user0005,2026-09-14
8883,PORTAL-3156,,To Do,user0022,2026-09-14
8884,PORTAL-3156,To Do,In Progress,user0020,2026-09-20
8885,PORTAL-3156,In Progress,Testing,user0030,2026-09-22
8886,PORTAL-3156,Testing,Done,user0013,2026-09-20
8887,PORTAL-3156,Done,Reopened,user0001,2026-10-04
8888,PORTAL-3157,,To Do,user0043,2026-09-14
8889,PORTAL-3157,To Do,In Progress,user0020,2026-09-17
8890,PORTAL-3157,In Progress,Blocked,user0035,2026-09-16
8891,CRM-3158,,To Do,user0044,2026-09-14
8892,MOB-3159,,To Do,user0029,2026-09-14
8893,BANK-3160,,To Do,user0049,2026-09-14
8894,BANK-3160,To Do,In Progress,user0014,2026-09-15
8895,ECOM-3161,,To Do,user0013,2026-09-14
8896,DATA-3162,,To Do,user0042,2026-09-14
8897,DATA-3162,To Do,In Progress,user0023,2026-09-20
8898,DATA-3162,In Progress,Testing,user0017,2026-09-16
8899,DATA-3162,Testing,Done,user0016,2026-09-26
8900,BANK-3163,,To Do,user0019,2026-09-14
8901,BANK-3163,To Do,In Progress,user0026,2026-09-18
8902,SEC-3164,,To Do,user0035,2026-09-14
8903,SEC-3164,To Do,In Progress,user0035,2026-09-17
8904,SEC-3164,In Progress,Testing,user0047,2026-09-26
8905,SEC-3164,Testing,Done,user0036,2026-10-02
8906,SEC-3164,Done,Reopened,user0050,2026-10-12
8907,CLOUD-3165,,To Do,user0020,2026-09-14
8908,CLOUD-3165,To Do,In Progress,user0046,2026-09-21
8909,CLOUD-3165,In Progress,Testing,user0030,2026-09-26
8910,CLOUD-3165,Testing,Done,user0012,2026-09-26
8911,DATA-3166,,To Do,user0028,2026-09-14
8912,DATA-3166,To Do,In Progress,user0015,2026-09-19
8913,DATA-3166,In Progress,Testing,user0042,2026-09-26
8914,DATA-3166,Testing,Done,user0050,2026-09-23
8915,SEC-3167,,To Do,user0025,2026-09-14
8916,SEC-3167,To Do,In Progress,user0014,2026-09-18
8917,DATA-3168,,To Do,user0002,2026-09-14
8918,DATA-3168,To Do,In Progress,user0012,2026-09-20
8919,DATA-3168,In Progress,Testing,user0046,2026-09-16
8920,DATA-3168,Testing,Done,user0031,2026-09-29
8921,MOB-3169,,To Do,user0008,2026-09-14
8922,CLOUD-3170,,To Do,user0017,2026-09-14
8923,CLOUD-3170,To Do,In Progress,user0009,2026-09-16
8924,CLOUD-3170,In Progress,Testing,user0027,2026-09-28
8925,CLOUD-3170,Testing,Done,user0047,2026-09-23
8926,CRM-3171,,To Do,user0031,2026-09-14
8927,CRM-3171,To Do,In Progress,user0044,2026-09-16
8928,CRM-3171,In Progress,Testing,user0024,2026-09-18
8929,CRM-3171,Testing,Done,user0008,2026-09-23
8930,BI-3172,,To Do,user0023,2026-09-14
8931,BI-3172,To Do,In Progress,user0033,2026-09-19
8932,BI-3172,In Progress,Testing,user0002,2026-09-20
8933,BI-3172,Testing,Done,user0035,2026-09-17
8934,SEC-3173,,To Do,user0038,2026-09-14
8935,SEC-3173,To Do,In Progress,user0037,2026-09-19
8936,SEC-3173,In Progress,Testing,user0040,2026-09-16
8937,SEC-3173,Testing,Done,user0001,2026-09-17
8938,SEC-3173,Done,Reopened,user0004,2026-09-18
8939,DATA-3174,,To Do,user0025,2026-09-14
8940,DATA-3174,To Do,In Progress,user0038,2026-09-16
8941,DATA-3174,In Progress,Blocked,user0003,2026-09-26
8942,BI-3175,,To Do,user0043,2026-09-14
8943,BI-3175,To Do,In Progress,user0007,2026-09-21
8944,BI-3175,In Progress,Testing,user0038,2026-09-24
8945,BI-3176,,To Do,user0029,2026-09-14
8946,BI-3176,To Do,In Progress,user0015,2026-09-20
8947,BI-3176,In Progress,Testing,user0018,2026-09-24
8948,BANK-3177,,To Do,user0049,2026-09-14
8949,BANK-3177,To Do,In Progress,user0016,2026-09-19
8950,BANK-3177,In Progress,Testing,user0001,2026-09-20
8951,BANK-3177,Testing,Done,user0014,2026-10-05
8952,BANK-3178,,To Do,user0003,2026-09-14
8953,BANK-3178,To Do,In Progress,user0044,2026-09-18
8954,BANK-3178,In Progress,Testing,user0029,2026-09-16
8955,BANK-3179,,To Do,user0031,2026-09-14
8956,BANK-3179,To Do,In Progress,user0005,2026-09-21
8957,DATA-3180,,To Do,user0030,2026-09-14
8958,ECOM-3181,,To Do,user0039,2026-09-14
8959,ECOM-3181,To Do,In Progress,user0004,2026-09-18
8960,ECOM-3181,In Progress,Testing,user0017,2026-09-18
8961,ECOM-3181,Testing,Done,user0004,2026-09-23
8962,ECOM-3181,Done,Reopened,user0024,2026-10-08
8963,DATA-3182,,To Do,user0049,2026-09-14
8964,DATA-3182,To Do,In Progress,user0033,2026-09-20
8965,ERP-3183,,To Do,user0011,2026-09-14
8966,ERP-3183,To Do,In Progress,user0003,2026-09-20
8967,ERP-3183,In Progress,Testing,user0017,2026-09-18
8968,ERP-3183,Testing,Done,user0026,2026-09-23
8969,MOB-3184,,To Do,user0050,2026-09-14
8970,MOB-3184,To Do,In Progress,user0019,2026-09-19
8971,MOB-3184,In Progress,Blocked,user0014,2026-09-26
8972,MOB-3185,,To Do,user0041,2026-09-14
8973,MOB-3185,To Do,In Progress,user0049,2026-09-21
8974,MOB-3185,In Progress,Testing,user0019,2026-09-22
8975,MOB-3185,Testing,Done,user0010,2026-09-20
8976,DATA-3186,,To Do,user0032,2026-09-14
8977,DATA-3186,To Do,In Progress,user0038,2026-09-18
8978,DATA-3186,In Progress,Testing,user0033,2026-09-26
8979,ECOM-3187,,To Do,user0001,2026-09-14
8980,ECOM-3187,To Do,In Progress,user0042,2026-09-17
8981,ECOM-3187,In Progress,Testing,user0007,2026-09-18
8982,PORTAL-3188,,To Do,user0021,2026-09-14
8983,PORTAL-3188,To Do,In Progress,user0033,2026-09-16
8984,PORTAL-3188,In Progress,Blocked,user0013,2026-09-18
8985,ECOM-3189,,To Do,user0011,2026-09-14
8986,ECOM-3189,To Do,In Progress,user0014,2026-09-15
8987,ECOM-3189,In Progress,Blocked,user0003,2026-09-26
8988,CLOUD-3190,,To Do,user0038,2026-09-14
8989,CLOUD-3190,To Do,In Progress,user0036,2026-09-16
8990,SEC-3191,,To Do,user0025,2026-09-14
8991,ERP-3192,,To Do,user0033,2026-09-14
8992,ERP-3192,To Do,In Progress,user0011,2026-09-21
8993,ERP-3192,In Progress,Testing,user0026,2026-09-18
8994,ERP-3192,Testing,Done,user0012,2026-09-26
8995,ERP-3192,Done,Reopened,user0022,2026-09-22
8996,MOB-3193,,To Do,user0007,2026-09-14
8997,MOB-3193,To Do,In Progress,user0039,2026-09-15
8998,MOB-3193,In Progress,Testing,user0019,2026-09-28
8999,MOB-3193,Testing,Done,user0027,2026-09-20
9000,CLOUD-3194,,To Do,user0019,2026-09-14
9001,CLOUD-3194,To Do,In Progress,user0021,2026-09-18
9002,CLOUD-3194,In Progress,Testing,user0009,2026-09-22
9003,CLOUD-3194,Testing,Done,user0029,2026-09-29
9004,CLOUD-3194,Done,Reopened,user0035,2026-10-04
9005,MOB-3195,,To Do,user0016,2026-09-14
9006,MOB-3195,To Do,In Progress,user0022,2026-09-17
9007,MOB-3195,In Progress,Testing,user0005,2026-09-18
9008,MOB-3195,Testing,Done,user0042,2026-09-29
9009,DATA-3196,,To Do,user0041,2026-09-14
9010,DATA-3196,To Do,In Progress,user0019,2026-09-17
9011,PORTAL-3197,,To Do,user0020,2026-09-14
9012,PORTAL-3197,To Do,In Progress,user0025,2026-09-20
9013,PORTAL-3197,In Progress,Blocked,user0003,2026-09-24
9014,MOB-3198,,To Do,user0033,2026-09-14
9015,MOB-3198,To Do,In Progress,user0013,2026-09-19
9016,ECOM-3199,,To Do,user0026,2026-09-14
9017,ECOM-3199,To Do,In Progress,user0019,2026-09-16
9018,DATA-3200,,To Do,user0007,2026-09-14
9019,DATA-3200,To Do,In Progress,user0028,2026-09-21
9020,DATA-3200,In Progress,Testing,user0042,2026-09-24
9021,DATA-3200,Testing,Done,user0004,2026-09-29
9022,SEC-3201,,To Do,user0031,2026-09-14
9023,BI-3202,,To Do,user0006,2026-09-14
9024,BI-3202,To Do,In Progress,user0035,2026-09-15
9025,BI-3202,In Progress,Testing,user0028,2026-09-26
9026,BI-3202,Testing,Done,user0026,2026-09-29
9027,BI-3203,,To Do,user0017,2026-09-14
9028,BI-3203,To Do,In Progress,user0026,2026-09-15
9029,BI-3203,In Progress,Testing,user0002,2026-09-20
9030,BI-3203,Testing,Done,user0010,2026-09-17
9031,SEC-3204,,To Do,user0024,2026-09-14
9032,SEC-3204,To Do,In Progress,user0047,2026-09-18
9033,BI-3205,,To Do,user0050,2026-09-14
9034,BI-3205,To Do,In Progress,user0020,2026-09-15
9035,BI-3205,In Progress,Testing,user0003,2026-09-28
9036,BI-3205,Testing,Done,user0030,2026-09-26
9037,ERP-3206,,To Do,user0017,2026-09-14
9038,ERP-3206,To Do,In Progress,user0010,2026-09-21
9039,ERP-3206,In Progress,Blocked,user0046,2026-09-16
9040,CRM-3207,,To Do,user0021,2026-09-14
9041,CRM-3207,To Do,In Progress,user0016,2026-09-17
9042,CRM-3208,,To Do,user0048,2026-09-14
9043,MOB-3209,,To Do,user0006,2026-09-14
9044,MOB-3209,To Do,In Progress,user0029,2026-09-16
9045,MOB-3209,In Progress,Testing,user0033,2026-09-16
9046,MOB-3209,Testing,Done,user0046,2026-09-20
9047,BI-3210,,To Do,user0038,2026-09-14
9048,BI-3210,To Do,In Progress,user0032,2026-09-20
9049,BI-3210,In Progress,Testing,user0038,2026-09-26
9050,BI-3210,Testing,Done,user0010,2026-09-29
9051,CRM-3211,,To Do,user0010,2026-09-14
9052,CRM-3211,To Do,In Progress,user0007,2026-09-19
9053,DATA-3212,,To Do,user0046,2026-09-14
9054,ERP-3213,,To Do,user0003,2026-09-14
9055,ERP-3213,To Do,In Progress,user0029,2026-09-18
9056,ERP-3213,In Progress,Testing,user0024,2026-09-24
9057,ERP-3213,Testing,Done,user0033,2026-10-02
9058,BANK-3214,,To Do,user0021,2026-09-14
9059,BANK-3214,To Do,In Progress,user0041,2026-09-19
9060,BANK-3214,In Progress,Testing,user0006,2026-09-24
9061,BI-3215,,To Do,user0040,2026-09-14
9062,BI-3215,To Do,In Progress,user0033,2026-09-16
9063,BI-3215,In Progress,Testing,user0044,2026-09-24
9064,BI-3215,Testing,Done,user0010,2026-10-02
9065,ERP-3216,,To Do,user0050,2026-09-14
9066,ERP-3216,To Do,In Progress,user0030,2026-09-21
9067,ERP-3216,In Progress,Testing,user0038,2026-09-22
9068,CLOUD-3217,,To Do,user0028,2026-09-14
9069,CLOUD-3217,To Do,In Progress,user0004,2026-09-21
9070,CLOUD-3217,In Progress,Testing,user0035,2026-09-18
9071,CLOUD-3217,Testing,Done,user0016,2026-10-05
9072,CRM-3218,,To Do,user0032,2026-09-14
9073,CRM-3218,To Do,In Progress,user0034,2026-09-21
9074,CRM-3218,In Progress,Testing,user0010,2026-09-22
9075,CRM-3218,Testing,Done,user0018,2026-09-26
9076,MOB-3219,,To Do,user0006,2026-09-14
9077,BI-3220,,To Do,user0026,2026-09-14
9078,BI-3220,To Do,In Progress,user0022,2026-09-15
9079,BI-3220,In Progress,Testing,user0042,2026-09-26
9080,BI-3220,Testing,Done,user0005,2026-09-17
9081,BI-3221,,To Do,user0027,2026-09-14
9082,BI-3221,To Do,In Progress,user0022,2026-09-15
9083,BI-3221,In Progress,Testing,user0016,2026-09-16
9084,BI-3221,Testing,Done,user0003,2026-09-23
9085,ERP-3222,,To Do,user0047,2026-09-14
9086,BANK-3223,,To Do,user0040,2026-09-14
9087,BANK-3223,To Do,In Progress,user0042,2026-09-15
9088,BANK-3223,In Progress,Testing,user0035,2026-09-22
9089,BANK-3223,Testing,Done,user0026,2026-10-05
9090,ECOM-3224,,To Do,user0007,2026-09-14
9091,ECOM-3224,To Do,In Progress,user0017,2026-09-20
9092,ECOM-3224,In Progress,Blocked,user0044,2026-09-16
9093,ECOM-3225,,To Do,user0028,2026-09-14
9094,ECOM-3225,To Do,In Progress,user0002,2026-09-18
9095,ECOM-3225,In Progress,Testing,user0020,2026-09-18
9096,ECOM-3225,Testing,Done,user0030,2026-10-02
9097,BI-3226,,To Do,user0003,2026-09-14
9098,BI-3226,To Do,In Progress,user0009,2026-09-19
9099,BI-3226,In Progress,Testing,user0013,2026-09-22
9100,SEC-3227,,To Do,user0020,2026-09-14
9101,SEC-3227,To Do,In Progress,user0027,2026-09-20
9102,DATA-3228,,To Do,user0019,2026-09-14
9103,DATA-3228,To Do,In Progress,user0010,2026-09-18
9104,DATA-3228,In Progress,Testing,user0043,2026-09-18
9105,DATA-3228,Testing,Done,user0003,2026-09-23
9106,PORTAL-3229,,To Do,user0029,2026-09-14
9107,PORTAL-3229,To Do,In Progress,user0030,2026-09-17
9108,PORTAL-3229,In Progress,Testing,user0011,2026-09-22
9109,CLOUD-3230,,To Do,user0037,2026-09-14
9110,CLOUD-3230,To Do,In Progress,user0037,2026-09-19
9111,CLOUD-3230,In Progress,Testing,user0016,2026-09-26
9112,CLOUD-3230,Testing,Done,user0035,2026-10-02
9113,BI-3231,,To Do,user0014,2026-09-14
9114,BI-3231,To Do,In Progress,user0044,2026-09-20
9115,BI-3231,In Progress,Testing,user0037,2026-09-20
9116,BI-3231,Testing,Done,user0001,2026-09-20
9117,MOB-3232,,To Do,user0026,2026-09-14
9118,MOB-3232,To Do,In Progress,user0017,2026-09-19
9119,ERP-3233,,To Do,user0029,2026-09-14
9120,DATA-3234,,To Do,user0029,2026-09-14
9121,DATA-3235,,To Do,user0038,2026-09-14
9122,DATA-3235,To Do,In Progress,user0009,2026-09-19
9123,DATA-3235,In Progress,Testing,user0031,2026-09-20
9124,DATA-3235,Testing,Done,user0008,2026-09-23
9125,BI-3236,,To Do,user0030,2026-09-14
9126,BI-3236,To Do,In Progress,user0017,2026-09-15
9127,BI-3236,In Progress,Testing,user0045,2026-09-20
9128,BI-3236,Testing,Done,user0013,2026-09-17
9129,DATA-3237,,To Do,user0012,2026-09-14
9130,ERP-3238,,To Do,user0030,2026-09-14
9131,ERP-3238,To Do,In Progress,user0041,2026-09-17
9132,ERP-3238,In Progress,Testing,user0029,2026-09-22
9133,CLOUD-3239,,To Do,user0045,2026-09-14
9134,CLOUD-3239,To Do,In Progress,user0047,2026-09-15
9135,MOB-3240,,To Do,user0050,2026-09-14
9136,MOB-3240,To Do,In Progress,user0008,2026-09-15
9137,MOB-3240,In Progress,Testing,user0025,2026-09-22
9138,MOB-3240,Testing,Done,user0001,2026-09-26
9139,SEC-3241,,To Do,user0012,2026-09-14
9140,BI-3242,,To Do,user0040,2026-09-14
9141,BI-3242,To Do,In Progress,user0044,2026-09-15
9142,BI-3242,In Progress,Testing,user0027,2026-09-18
9143,BI-3242,Testing,Done,user0023,2026-09-17
9144,PORTAL-3243,,To Do,user0003,2026-09-14
9145,CLOUD-3244,,To Do,user0033,2026-09-14
9146,CLOUD-3244,To Do,In Progress,user0024,2026-09-20
9147,CLOUD-3244,In Progress,Testing,user0039,2026-09-22
9148,CLOUD-3244,Testing,Done,user0006,2026-10-05
9149,ERP-3245,,To Do,user0015,2026-09-14
9150,ECOM-3246,,To Do,user0013,2026-09-14
9151,ECOM-3246,To Do,In Progress,user0036,2026-09-17
9152,ECOM-3246,In Progress,Testing,user0004,2026-09-16
9153,ECOM-3246,Testing,Done,user0016,2026-09-17
9154,CRM-3247,,To Do,user0020,2026-09-14
9155,PORTAL-3248,,To Do,user0022,2026-09-14
9156,PORTAL-3248,To Do,In Progress,user0050,2026-09-16
9157,PORTAL-3248,In Progress,Testing,user0013,2026-09-24
9158,PORTAL-3248,Testing,Done,user0041,2026-09-17
9159,ERP-3249,,To Do,user0020,2026-09-14
9160,ERP-3249,To Do,In Progress,user0009,2026-09-20
9161,MOB-3250,,To Do,user0006,2026-09-14
9162,MOB-3250,To Do,In Progress,user0024,2026-09-18
9163,MOB-3250,In Progress,Testing,user0033,2026-09-24
9164,MOB-3250,Testing,Done,user0006,2026-09-17
9165,DATA-3251,,To Do,user0048,2026-09-14
9166,DATA-3251,To Do,In Progress,user0050,2026-09-20
9167,DATA-3251,In Progress,Testing,user0050,2026-09-22
9168,DATA-3251,Testing,Done,user0037,2026-10-05
9169,CLOUD-3252,,To Do,user0006,2026-09-14
9170,CLOUD-3252,To Do,In Progress,user0025,2026-09-16
9171,CLOUD-3252,In Progress,Testing,user0044,2026-09-28
9172,CLOUD-3252,Testing,Done,user0043,2026-09-26
9173,ECOM-3253,,To Do,user0042,2026-09-14
9174,ECOM-3253,To Do,In Progress,user0022,2026-09-19
9175,ECOM-3253,In Progress,Testing,user0029,2026-09-18
9176,ECOM-3253,Testing,Done,user0010,2026-09-29
9177,PORTAL-3254,,To Do,user0004,2026-09-14
9178,PORTAL-3254,To Do,In Progress,user0016,2026-09-18
9179,PORTAL-3254,In Progress,Testing,user0025,2026-09-24
9180,DATA-3255,,To Do,user0035,2026-09-14
9181,DATA-3255,To Do,In Progress,user0017,2026-09-16
9182,DATA-3255,In Progress,Testing,user0005,2026-09-24
9183,DATA-3255,Testing,Done,user0049,2026-09-26
9184,CRM-3256,,To Do,user0012,2026-09-14
9185,CRM-3256,To Do,In Progress,user0032,2026-09-19
9186,ECOM-3257,,To Do,user0014,2026-09-14
9187,ECOM-3257,To Do,In Progress,user0006,2026-09-15
9188,ECOM-3257,In Progress,Testing,user0021,2026-09-26
9189,ECOM-3257,Testing,Done,user0033,2026-10-02
9190,BI-3258,,To Do,user0011,2026-09-14
9191,BI-3258,To Do,In Progress,user0004,2026-09-17
9192,BI-3258,In Progress,Testing,user0019,2026-09-24
9193,BI-3259,,To Do,user0014,2026-09-14
9194,BI-3259,To Do,In Progress,user0043,2026-09-17
9195,BI-3259,In Progress,Testing,user0006,2026-09-18
9196,BI-3259,Testing,Done,user0047,2026-10-05
9197,PORTAL-3260,,To Do,user0011,2026-09-14
9198,PORTAL-3260,To Do,In Progress,user0045,2026-09-15
9199,PORTAL-3260,In Progress,Blocked,user0047,2026-09-24
9200,CLOUD-3261,,To Do,user0035,2026-09-14
9201,CLOUD-3261,To Do,In Progress,user0048,2026-09-19
9202,CLOUD-3261,In Progress,Testing,user0011,2026-09-28
9203,CLOUD-3261,Testing,Done,user0007,2026-09-29
9204,ERP-3262,,To Do,user0023,2026-09-14
9205,ERP-3262,To Do,In Progress,user0030,2026-09-17
9206,ERP-3262,In Progress,Testing,user0042,2026-09-16
9207,ERP-3262,Testing,Done,user0021,2026-10-02
9208,ERP-3262,Done,Reopened,user0016,2026-09-26
9209,ECOM-3263,,To Do,user0012,2026-09-14
9210,ECOM-3263,To Do,In Progress,user0010,2026-09-15
9211,ECOM-3263,In Progress,Blocked,user0038,2026-09-20
9212,BI-3264,,To Do,user0023,2026-09-14
9213,BI-3264,To Do,In Progress,user0019,2026-09-20
9214,BI-3264,In Progress,Testing,user0010,2026-09-18
9215,BI-3264,Testing,Done,user0018,2026-10-02
9216,BANK-3265,,To Do,user0046,2026-09-14
9217,BANK-3265,To Do,In Progress,user0048,2026-09-16
9218,CRM-3266,,To Do,user0012,2026-09-14
9219,CRM-3266,To Do,In Progress,user0004,2026-09-16
9220,SEC-3267,,To Do,user0033,2026-09-14
9221,SEC-3267,To Do,In Progress,user0042,2026-09-20
9222,CLOUD-3268,,To Do,user0002,2026-09-14
9223,CLOUD-3268,To Do,In Progress,user0047,2026-09-17
9224,CLOUD-3268,In Progress,Testing,user0036,2026-09-16
9225,CLOUD-3268,Testing,Done,user0036,2026-09-29
9226,MOB-3269,,To Do,user0043,2026-09-14
9227,MOB-3269,To Do,In Progress,user0046,2026-09-19
9228,MOB-3270,,To Do,user0047,2026-09-14
9229,MOB-3270,To Do,In Progress,user0004,2026-09-20
9230,MOB-3270,In Progress,Testing,user0035,2026-09-26
9231,MOB-3270,Testing,Done,user0048,2026-10-02
9232,BI-3271,,To Do,user0026,2026-09-14
9233,BI-3271,To Do,In Progress,user0030,2026-09-20
9234,BI-3271,In Progress,Testing,user0016,2026-09-18
9235,BI-3271,Testing,Done,user0014,2026-10-05
9236,CLOUD-3272,,To Do,user0038,2026-09-14
9237,CLOUD-3272,To Do,In Progress,user0024,2026-09-16
9238,MOB-3273,,To Do,user0048,2026-09-14
9239,MOB-3273,To Do,In Progress,user0030,2026-09-15
9240,MOB-3273,In Progress,Testing,user0033,2026-09-18
9241,MOB-3273,Testing,Done,user0005,2026-09-23
9242,DATA-3274,,To Do,user0014,2026-09-14
9243,DATA-3274,To Do,In Progress,user0041,2026-09-17
9244,DATA-3274,In Progress,Testing,user0024,2026-09-18
9245,DATA-3274,Testing,Done,user0031,2026-09-26
9246,BI-3275,,To Do,user0038,2026-09-14
9247,BI-3275,To Do,In Progress,user0005,2026-09-17
9248,BI-3275,In Progress,Testing,user0019,2026-09-20
9249,BANK-3276,,To Do,user0001,2026-09-14
9250,BANK-3276,To Do,In Progress,user0020,2026-09-19
9251,BANK-3276,In Progress,Testing,user0007,2026-09-22
9252,BANK-3276,Testing,Done,user0018,2026-09-26
9253,ERP-3277,,To Do,user0021,2026-09-14
9254,ERP-3277,To Do,In Progress,user0013,2026-09-18
9255,ERP-3277,In Progress,Testing,user0032,2026-09-28
9256,ERP-3277,Testing,Done,user0049,2026-09-29
9257,ERP-3277,Done,Reopened,user0008,2026-09-18
9258,ECOM-3278,,To Do,user0032,2026-09-14
9259,ECOM-3278,To Do,In Progress,user0046,2026-09-15
9260,ECOM-3278,In Progress,Testing,user0006,2026-09-20
9261,ECOM-3278,Testing,Done,user0001,2026-09-20
9262,BI-3279,,To Do,user0026,2026-09-14
9263,BI-3279,To Do,In Progress,user0019,2026-09-16
9264,CLOUD-3280,,To Do,user0038,2026-09-14
9265,CLOUD-3280,To Do,In Progress,user0007,2026-09-18
9266,CLOUD-3280,In Progress,Testing,user0042,2026-09-18
9267,CLOUD-3280,Testing,Done,user0037,2026-09-29
9268,CLOUD-3280,Done,Reopened,user0025,2026-09-22
9269,CLOUD-3281,,To Do,user0010,2026-09-14
9270,CLOUD-3281,To Do,In Progress,user0015,2026-09-20
9271,DATA-3282,,To Do,user0025,2026-09-14
9272,SEC-3283,,To Do,user0035,2026-09-14
9273,SEC-3283,To Do,In Progress,user0008,2026-09-21
9274,SEC-3283,In Progress,Testing,user0029,2026-09-20
9275,SEC-3283,Testing,Done,user0030,2026-09-29
9276,MOB-3284,,To Do,user0027,2026-09-14
9277,MOB-3284,To Do,In Progress,user0009,2026-09-17
9278,MOB-3284,In Progress,Testing,user0030,2026-09-18
9279,MOB-3284,Testing,Done,user0046,2026-09-29
9280,ECOM-3285,,To Do,user0021,2026-09-14
9281,ECOM-3285,To Do,In Progress,user0029,2026-09-15
9282,ECOM-3285,In Progress,Testing,user0046,2026-09-24
9283,ECOM-3285,Testing,Done,user0042,2026-09-17
9284,DATA-3286,,To Do,user0020,2026-09-14
9285,CLOUD-3287,,To Do,user0024,2026-09-14
9286,CLOUD-3287,To Do,In Progress,user0011,2026-09-17
9287,SEC-3288,,To Do,user0049,2026-09-14
9288,SEC-3288,To Do,In Progress,user0001,2026-09-21
9289,BANK-3289,,To Do,user0016,2026-09-14
9290,BANK-3289,To Do,In Progress,user0014,2026-09-21
9291,BANK-3289,In Progress,Testing,user0045,2026-09-26
9292,BANK-3289,Testing,Done,user0041,2026-09-23
9293,BANK-3290,,To Do,user0007,2026-09-14
9294,PORTAL-3291,,To Do,user0015,2026-09-14
9295,PORTAL-3291,To Do,In Progress,user0037,2026-09-16
9296,PORTAL-3292,,To Do,user0004,2026-09-14
9297,PORTAL-3292,To Do,In Progress,user0007,2026-09-21
9298,CLOUD-3293,,To Do,user0008,2026-09-14
9299,CLOUD-3293,To Do,In Progress,user0011,2026-09-20
9300,CLOUD-3293,In Progress,Testing,user0018,2026-09-28
9301,CLOUD-3293,Testing,Done,user0016,2026-09-29
9302,CLOUD-3294,,To Do,user0007,2026-09-14
9303,CLOUD-3294,To Do,In Progress,user0023,2026-09-20
9304,CLOUD-3294,In Progress,Testing,user0033,2026-09-26
9305,DATA-3295,,To Do,user0009,2026-09-14
9306,DATA-3295,To Do,In Progress,user0011,2026-09-15
9307,DATA-3295,In Progress,Testing,user0006,2026-09-28
9308,CLOUD-3296,,To Do,user0024,2026-09-14
9309,CLOUD-3296,To Do,In Progress,user0007,2026-09-15
9310,MOB-3297,,To Do,user0036,2026-09-14
9311,MOB-3297,To Do,In Progress,user0001,2026-09-19
9312,MOB-3297,In Progress,Testing,user0039,2026-09-26
9313,MOB-3297,Testing,Done,user0037,2026-09-29
9314,MOB-3297,Done,Reopened,user0004,2026-09-26
9315,SEC-3298,,To Do,user0027,2026-09-14
9316,SEC-3298,To Do,In Progress,user0024,2026-09-21
9317,SEC-3298,In Progress,Testing,user0046,2026-09-24
9318,SEC-3298,Testing,Done,user0015,2026-10-05
9319,PORTAL-3299,,To Do,user0026,2026-09-14
9320,PORTAL-3299,To Do,In Progress,user0007,2026-09-21
9321,MOB-3300,,To Do,user0018,2026-09-14
9322,MOB-3300,To Do,In Progress,user0004,2026-09-21
9323,MOB-3300,In Progress,Testing,user0036,2026-09-16
9324,MOB-3300,Testing,Done,user0007,2026-10-02
9325,ERP-3301,,To Do,user0044,2026-09-14
9326,ERP-3301,To Do,In Progress,user0009,2026-09-17
9327,PORTAL-3302,,To Do,user0036,2026-09-14
9328,PORTAL-3302,To Do,In Progress,user0001,2026-09-18
9329,PORTAL-3302,In Progress,Blocked,user0035,2026-09-22
9330,SEC-3303,,To Do,user0010,2026-09-14
9331,MOB-3304,,To Do,user0006,2026-09-14
9332,MOB-3304,To Do,In Progress,user0048,2026-09-18
9333,MOB-3304,In Progress,Testing,user0017,2026-09-20
9334,MOB-3304,Testing,Done,user0047,2026-09-26
9335,PORTAL-3305,,To Do,user0031,2026-09-14
9336,PORTAL-3305,To Do,In Progress,user0039,2026-09-17
9337,PORTAL-3305,In Progress,Testing,user0047,2026-09-26
9338,PORTAL-3305,Testing,Done,user0012,2026-09-23
9339,PORTAL-3305,Done,Reopened,user0019,2026-09-22
9340,CLOUD-3306,,To Do,user0040,2026-09-14
9341,ECOM-3307,,To Do,user0043,2026-09-14
9342,ECOM-3307,To Do,In Progress,user0042,2026-09-19
9343,BANK-3308,,To Do,user0038,2026-09-14
9344,BANK-3308,To Do,In Progress,user0026,2026-09-18
9345,BANK-3308,In Progress,Testing,user0037,2026-09-18
9346,BANK-3308,Testing,Done,user0025,2026-09-17
9347,BANK-3308,Done,Reopened,user0004,2026-09-18
9348,ECOM-3309,,To Do,user0026,2026-09-14
9349,ECOM-3309,To Do,In Progress,user0019,2026-09-19
9350,ECOM-3309,In Progress,Testing,user0045,2026-09-16
9351,ERP-3310,,To Do,user0021,2026-09-14
9352,ERP-3310,To Do,In Progress,user0036,2026-09-20
9353,ERP-3310,In Progress,Testing,user0002,2026-09-22
9354,ERP-3310,Testing,Done,user0005,2026-10-02
9355,ECOM-3311,,To Do,user0009,2026-09-14
9356,ECOM-3311,To Do,In Progress,user0023,2026-09-19
9357,DATA-3312,,To Do,user0049,2026-09-14
9358,DATA-3312,To Do,In Progress,user0027,2026-09-21
9359,MOB-3313,,To Do,user0049,2026-09-14
9360,MOB-3313,To Do,In Progress,user0022,2026-09-21
9361,MOB-3313,In Progress,Testing,user0008,2026-09-20
9362,MOB-3313,Testing,Done,user0046,2026-10-02
9363,CLOUD-3314,,To Do,user0029,2026-09-14
9364,CLOUD-3314,To Do,In Progress,user0041,2026-09-19
9365,CLOUD-3314,In Progress,Testing,user0015,2026-09-20
9366,CLOUD-3314,Testing,Done,user0018,2026-09-17
9367,SEC-3315,,To Do,user0021,2026-09-14
9368,SEC-3315,To Do,In Progress,user0030,2026-09-18
9369,SEC-3315,In Progress,Blocked,user0023,2026-09-28
9370,BI-3316,,To Do,user0038,2026-09-14
9371,BI-3316,To Do,In Progress,user0044,2026-09-19
9372,BI-3316,In Progress,Testing,user0036,2026-09-16
9373,BI-3316,Testing,Done,user0026,2026-10-02
9374,MOB-3317,,To Do,user0009,2026-09-14
9375,SEC-3318,,To Do,user0020,2026-09-14
9376,ECOM-3319,,To Do,user0047,2026-09-14
9377,ECOM-3319,To Do,In Progress,user0013,2026-09-16
9378,ECOM-3319,In Progress,Testing,user0001,2026-09-20
9379,ECOM-3319,Testing,Done,user0042,2026-09-29
9380,DATA-3320,,To Do,user0006,2026-09-14
9381,DATA-3320,To Do,In Progress,user0008,2026-09-21
9382,DATA-3320,In Progress,Testing,user0030,2026-09-18
9383,BANK-3321,,To Do,user0033,2026-09-14
9384,BANK-3321,To Do,In Progress,user0046,2026-09-20
9385,BANK-3321,In Progress,Testing,user0025,2026-09-16
9386,PORTAL-3322,,To Do,user0027,2026-09-14
9387,PORTAL-3322,To Do,In Progress,user0040,2026-09-20
9388,SEC-3323,,To Do,user0024,2026-09-14
9389,SEC-3323,To Do,In Progress,user0002,2026-09-16
9390,SEC-3323,In Progress,Testing,user0028,2026-09-20
9391,SEC-3323,Testing,Done,user0027,2026-10-02
9392,SEC-3323,Done,Reopened,user0022,2026-09-18
9393,BANK-3324,,To Do,user0037,2026-09-14
9394,SEC-3325,,To Do,user0037,2026-09-14
9395,SEC-3325,To Do,In Progress,user0048,2026-09-20
9396,SEC-3325,In Progress,Testing,user0010,2026-09-18
9397,MOB-3326,,To Do,user0005,2026-09-14
9398,MOB-3326,To Do,In Progress,user0030,2026-09-19
9399,MOB-3326,In Progress,Testing,user0018,2026-09-28
9400,MOB-3326,Testing,Done,user0024,2026-09-26
9401,ERP-3327,,To Do,user0014,2026-09-14
9402,ERP-3327,To Do,In Progress,user0034,2026-09-20
9403,ERP-3327,In Progress,Blocked,user0024,2026-09-18
9404,CLOUD-3328,,To Do,user0039,2026-09-14
9405,CLOUD-3328,To Do,In Progress,user0011,2026-09-15
9406,CLOUD-3328,In Progress,Blocked,user0034,2026-09-28
9407,BI-3329,,To Do,user0041,2026-09-14
9408,BI-3329,To Do,In Progress,user0006,2026-09-18
9409,CRM-3330,,To Do,user0045,2026-09-14
9410,CLOUD-3331,,To Do,user0029,2026-09-14
9411,CLOUD-3331,To Do,In Progress,user0027,2026-09-20
9412,DATA-3332,,To Do,user0035,2026-09-14
9413,DATA-3332,To Do,In Progress,user0015,2026-09-15
9414,CRM-3333,,To Do,user0037,2026-09-14
9415,CRM-3333,To Do,In Progress,user0008,2026-09-21
9416,CRM-3333,In Progress,Testing,user0009,2026-09-16
9417,CRM-3333,Testing,Done,user0003,2026-10-02
9418,CRM-3333,Done,Reopened,user0032,2026-10-04
9419,SEC-3334,,To Do,user0020,2026-09-14
9420,SEC-3334,To Do,In Progress,user0012,2026-09-15
9421,CLOUD-3335,,To Do,user0038,2026-09-14
9422,CLOUD-3335,To Do,In Progress,user0015,2026-09-19
9423,CLOUD-3335,In Progress,Testing,user0027,2026-09-28
9424,CLOUD-3335,Testing,Done,user0042,2026-09-23
9425,ECOM-3336,,To Do,user0002,2026-09-14
9426,ECOM-3336,To Do,In Progress,user0048,2026-09-15
9427,ECOM-3336,In Progress,Testing,user0016,2026-09-26
9428,ECOM-3336,Testing,Done,user0040,2026-09-17
9429,SEC-3337,,To Do,user0035,2026-09-14
9430,SEC-3337,To Do,In Progress,user0030,2026-09-17
9431,SEC-3337,In Progress,Testing,user0036,2026-09-24
9432,SEC-3337,Testing,Done,user0021,2026-09-20
9433,ECOM-3338,,To Do,user0018,2026-09-14
9434,ECOM-3338,To Do,In Progress,user0010,2026-09-21
9435,ECOM-3338,In Progress,Testing,user0002,2026-09-18
9436,ECOM-3338,Testing,Done,user0041,2026-09-29
9437,DATA-3339,,To Do,user0023,2026-09-14
9438,DATA-3339,To Do,In Progress,user0004,2026-09-16
9439,ERP-3340,,To Do,user0032,2026-09-14
9440,ERP-3340,To Do,In Progress,user0034,2026-09-17
9441,ERP-3340,In Progress,Testing,user0004,2026-09-22
9442,ERP-3340,Testing,Done,user0023,2026-09-20
9443,ERP-3340,Done,Reopened,user0027,2026-10-12
9444,BI-3341,,To Do,user0031,2026-09-14
9445,ERP-3342,,To Do,user0033,2026-09-14
9446,ERP-3342,To Do,In Progress,user0006,2026-09-15
9447,ERP-3342,In Progress,Testing,user0045,2026-09-28
9448,ERP-3342,Testing,Done,user0041,2026-10-02
9449,MOB-3343,,To Do,user0038,2026-09-14
9450,MOB-3343,To Do,In Progress,user0044,2026-09-15
9451,MOB-3343,In Progress,Testing,user0029,2026-09-24
9452,MOB-3343,Testing,Done,user0029,2026-09-20
9453,MOB-3344,,To Do,user0012,2026-09-14
9454,MOB-3344,To Do,In Progress,user0033,2026-09-20
9455,MOB-3344,In Progress,Testing,user0024,2026-09-20
9456,CLOUD-3345,,To Do,user0050,2026-09-14
9457,CLOUD-3345,To Do,In Progress,user0049,2026-09-18
9458,CLOUD-3345,In Progress,Testing,user0038,2026-09-22
9459,CLOUD-3345,Testing,Done,user0018,2026-09-26
9460,BI-3346,,To Do,user0017,2026-09-14
9461,SEC-3347,,To Do,user0001,2026-09-14
9462,SEC-3347,To Do,In Progress,user0024,2026-09-19
9463,SEC-3347,In Progress,Blocked,user0049,2026-09-18
9464,BANK-3348,,To Do,user0012,2026-09-14
9465,BANK-3348,To Do,In Progress,user0027,2026-09-19
9466,BANK-3348,In Progress,Testing,user0039,2026-09-16
9467,BANK-3348,Testing,Done,user0009,2026-09-29
9468,BI-3349,,To Do,user0010,2026-09-14
9469,BI-3349,To Do,In Progress,user0001,2026-09-18
9470,BI-3349,In Progress,Testing,user0022,2026-09-22
9471,BI-3349,Testing,Done,user0028,2026-09-26
9472,PORTAL-3350,,To Do,user0011,2026-09-14
9473,PORTAL-3350,To Do,In Progress,user0046,2026-09-21
9474,PORTAL-3350,In Progress,Testing,user0039,2026-09-24
9475,PORTAL-3350,Testing,Done,user0028,2026-10-05
9476,BI-3351,,To Do,user0010,2026-09-14
9477,BI-3351,To Do,In Progress,user0012,2026-09-19
9478,BI-3351,In Progress,Testing,user0020,2026-09-28
9479,BI-3351,Testing,Done,user0047,2026-09-17
9480,MOB-3352,,To Do,user0040,2026-09-14
9481,MOB-3352,To Do,In Progress,user0033,2026-09-18
9482,MOB-3352,In Progress,Testing,user0026,2026-09-26
9483,MOB-3352,Testing,Done,user0003,2026-09-29
9484,MOB-3353,,To Do,user0011,2026-09-14
9485,MOB-3353,To Do,In Progress,user0035,2026-09-19
9486,MOB-3353,In Progress,Testing,user0033,2026-09-22
9487,MOB-3354,,To Do,user0039,2026-09-14
9488,PORTAL-3355,,To Do,user0021,2026-09-14
9489,PORTAL-3355,To Do,In Progress,user0037,2026-09-21
9490,BI-3356,,To Do,user0026,2026-09-14
9491,BI-3356,To Do,In Progress,user0045,2026-09-18
9492,BI-3356,In Progress,Testing,user0045,2026-09-18
9493,BI-3356,Testing,Done,user0008,2026-09-23
9494,ECOM-3357,,To Do,user0023,2026-09-14
9495,ECOM-3357,To Do,In Progress,user0008,2026-09-17
9496,ECOM-3357,In Progress,Testing,user0024,2026-09-26
9497,ECOM-3357,Testing,Done,user0005,2026-09-26
9498,PORTAL-3358,,To Do,user0028,2026-09-14
9499,PORTAL-3358,To Do,In Progress,user0026,2026-09-16
9500,PORTAL-3358,In Progress,Testing,user0025,2026-09-24
9501,PORTAL-3358,Testing,Done,user0012,2026-09-26
9502,PORTAL-3359,,To Do,user0035,2026-09-14
9503,PORTAL-3359,To Do,In Progress,user0009,2026-09-19
9504,ECOM-3360,,To Do,user0032,2026-09-14
9505,ECOM-3360,To Do,In Progress,user0049,2026-09-18
9506,ECOM-3360,In Progress,Testing,user0022,2026-09-20
9507,ECOM-3360,Testing,Done,user0022,2026-10-05
9508,SEC-3361,,To Do,user0017,2026-09-14
9509,SEC-3361,To Do,In Progress,user0024,2026-09-18
9510,SEC-3361,In Progress,Testing,user0038,2026-09-24
9511,SEC-3361,Testing,Done,user0015,2026-09-29
9512,ECOM-3362,,To Do,user0018,2026-09-14
9513,SEC-3363,,To Do,user0004,2026-09-14
9514,SEC-3363,To Do,In Progress,user0039,2026-09-19
9515,CLOUD-3364,,To Do,user0015,2026-09-14
9516,CLOUD-3364,To Do,In Progress,user0007,2026-09-16
9517,CLOUD-3364,In Progress,Testing,user0037,2026-09-24
9518,CLOUD-3364,Testing,Done,user0016,2026-10-05
9519,ECOM-3365,,To Do,user0042,2026-09-14
9520,ERP-3366,,To Do,user0044,2026-09-14
9521,ERP-3366,To Do,In Progress,user0003,2026-09-16
9522,ERP-3366,In Progress,Testing,user0043,2026-09-20
9523,PORTAL-3367,,To Do,user0047,2026-09-14
9524,PORTAL-3367,To Do,In Progress,user0050,2026-09-18
9525,PORTAL-3367,In Progress,Testing,user0024,2026-09-28
9526,ERP-3368,,To Do,user0035,2026-09-14
9527,ERP-3368,To Do,In Progress,user0015,2026-09-16
9528,ERP-3368,In Progress,Testing,user0033,2026-09-26
9529,ECOM-3369,,To Do,user0003,2026-09-14
9530,ECOM-3369,To Do,In Progress,user0032,2026-09-18
9531,ECOM-3369,In Progress,Testing,user0039,2026-09-16
9532,ECOM-3369,Testing,Done,user0032,2026-09-17
9533,PORTAL-3370,,To Do,user0012,2026-09-14
9534,PORTAL-3370,To Do,In Progress,user0006,2026-09-17
9535,CLOUD-3371,,To Do,user0043,2026-09-14
9536,CLOUD-3371,To Do,In Progress,user0040,2026-09-18
9537,CRM-3372,,To Do,user0048,2026-09-14
9538,CRM-3372,To Do,In Progress,user0043,2026-09-17
9539,CRM-3372,In Progress,Testing,user0025,2026-09-22
9540,CRM-3373,,To Do,user0031,2026-09-14
9541,CRM-3373,To Do,In Progress,user0050,2026-09-15
9542,BANK-3374,,To Do,user0042,2026-09-14
9543,BANK-3374,To Do,In Progress,user0047,2026-09-17
9544,BANK-3374,In Progress,Testing,user0020,2026-09-18
9545,BANK-3374,Testing,Done,user0044,2026-10-05
9546,DATA-3375,,To Do,user0040,2026-09-14
9547,DATA-3375,To Do,In Progress,user0045,2026-09-18
9548,ERP-3376,,To Do,user0034,2026-09-14
9549,ERP-3376,To Do,In Progress,user0007,2026-09-18
9550,ERP-3376,In Progress,Testing,user0016,2026-09-28
9551,ERP-3376,Testing,Done,user0050,2026-10-02
9552,ERP-3376,Done,Reopened,user0015,2026-10-04
9553,CRM-3377,,To Do,user0031,2026-09-14
9554,CRM-3377,To Do,In Progress,user0043,2026-09-17
9555,MOB-3378,,To Do,user0038,2026-09-14
9556,MOB-3378,To Do,In Progress,user0003,2026-09-17
9557,MOB-3378,In Progress,Testing,user0020,2026-09-16
9558,MOB-3378,Testing,Done,user0005,2026-09-23
9559,SEC-3379,,To Do,user0023,2026-09-14
9560,SEC-3379,To Do,In Progress,user0004,2026-09-20
9561,CRM-3380,,To Do,user0048,2026-09-14
9562,CRM-3380,To Do,In Progress,user0028,2026-09-21
9563,MOB-3381,,To Do,user0013,2026-09-14
9564,MOB-3381,To Do,In Progress,user0032,2026-09-15
9565,MOB-3381,In Progress,Testing,user0042,2026-09-28
9566,MOB-3381,Testing,Done,user0039,2026-10-02
9567,SEC-3382,,To Do,user0020,2026-09-14
9568,SEC-3382,To Do,In Progress,user0049,2026-09-16
9569,BI-3383,,To Do,user0015,2026-09-14
9570,BI-3383,To Do,In Progress,user0018,2026-09-21
9571,BI-3383,In Progress,Testing,user0026,2026-09-24
9572,BI-3383,Testing,Done,user0021,2026-09-17
9573,SEC-3384,,To Do,user0028,2026-09-14
9574,SEC-3384,To Do,In Progress,user0035,2026-09-17
9575,SEC-3384,In Progress,Testing,user0031,2026-09-24
9576,ECOM-3385,,To Do,user0013,2026-09-14
9577,ECOM-3385,To Do,In Progress,user0002,2026-09-17
9578,BI-3386,,To Do,user0017,2026-09-14
9579,BI-3386,To Do,In Progress,user0026,2026-09-19
9580,PORTAL-3387,,To Do,user0048,2026-09-14
9581,ERP-3388,,To Do,user0035,2026-09-14
9582,ERP-3388,To Do,In Progress,user0017,2026-09-20
9583,ERP-3388,In Progress,Testing,user0013,2026-09-16
9584,ERP-3388,Testing,Done,user0002,2026-09-26
9585,ERP-3388,Done,Reopened,user0034,2026-09-30
9586,DATA-3389,,To Do,user0002,2026-09-14
9587,DATA-3389,To Do,In Progress,user0043,2026-09-16
9588,DATA-3389,In Progress,Testing,user0004,2026-09-18
9589,DATA-3389,Testing,Done,user0006,2026-10-05
9590,DATA-3390,,To Do,user0005,2026-09-14
9591,BI-3391,,To Do,user0033,2026-09-14
9592,BI-3391,To Do,In Progress,user0025,2026-09-16
9593,BI-3391,In Progress,Testing,user0004,2026-09-26
9594,BI-3391,Testing,Done,user0045,2026-09-26
9595,CLOUD-3392,,To Do,user0050,2026-09-14
9596,CLOUD-3392,To Do,In Progress,user0034,2026-09-18
9597,CLOUD-3392,In Progress,Testing,user0046,2026-09-18
9598,CLOUD-3392,Testing,Done,user0006,2026-10-02
9599,CLOUD-3392,Done,Reopened,user0040,2026-09-30
9600,DATA-3393,,To Do,user0027,2026-09-14
9601,MOB-3394,,To Do,user0042,2026-09-14
9602,MOB-3394,To Do,In Progress,user0032,2026-09-18
9603,MOB-3394,In Progress,Testing,user0050,2026-09-16
9604,MOB-3394,Testing,Done,user0032,2026-09-23
9605,MOB-3394,Done,Reopened,user0020,2026-10-12
9606,MOB-3395,,To Do,user0001,2026-09-14
9607,MOB-3395,To Do,In Progress,user0003,2026-09-17
9608,MOB-3395,In Progress,Testing,user0004,2026-09-26
9609,MOB-3395,Testing,Done,user0003,2026-09-29
9610,PORTAL-3396,,To Do,user0003,2026-09-14
9611,PORTAL-3396,To Do,In Progress,user0034,2026-09-15
9612,BI-3397,,To Do,user0010,2026-09-14
9613,BI-3397,To Do,In Progress,user0001,2026-09-18
9614,BI-3397,In Progress,Testing,user0026,2026-09-26
9615,BI-3397,Testing,Done,user0004,2026-09-20
9616,SEC-3398,,To Do,user0008,2026-09-14
9617,SEC-3398,To Do,In Progress,user0039,2026-09-19
9618,SEC-3398,In Progress,Testing,user0025,2026-09-16
9619,CLOUD-3399,,To Do,user0035,2026-09-14
9620,CLOUD-3399,To Do,In Progress,user0031,2026-09-19
9621,CLOUD-3399,In Progress,Testing,user0048,2026-09-16
9622,CLOUD-3399,Testing,Done,user0039,2026-10-02
9623,ECOM-3400,,To Do,user0038,2026-09-14
9624,ECOM-3400,To Do,In Progress,user0020,2026-09-15
9625,BI-3401,,To Do,user0016,2026-09-14
9626,BI-3401,To Do,In Progress,user0027,2026-09-16
9627,BI-3401,In Progress,Testing,user0041,2026-09-26
9628,BI-3401,Testing,Done,user0027,2026-10-05
9629,ERP-3402,,To Do,user0046,2026-09-14
9630,ERP-3402,To Do,In Progress,user0023,2026-09-17
9631,BI-3403,,To Do,user0020,2026-09-14
9632,BI-3403,To Do,In Progress,user0003,2026-09-17
9633,BI-3403,In Progress,Testing,user0041,2026-09-26
9634,BI-3403,Testing,Done,user0050,2026-09-23
9635,ERP-3404,,To Do,user0046,2026-09-14
9636,ERP-3404,To Do,In Progress,user0038,2026-09-18
9637,ERP-3404,In Progress,Blocked,user0019,2026-09-26
9638,DATA-3405,,To Do,user0010,2026-09-14
9639,DATA-3405,To Do,In Progress,user0023,2026-09-20
9640,DATA-3405,In Progress,Testing,user0039,2026-09-28
9641,DATA-3405,Testing,Done,user0009,2026-09-20
9642,BI-3406,,To Do,user0011,2026-09-14
9643,BI-3406,To Do,In Progress,user0015,2026-09-15
9644,BI-3406,In Progress,Testing,user0042,2026-09-24
9645,BI-3406,Testing,Done,user0021,2026-10-05
9646,BI-3407,,To Do,user0009,2026-09-14
9647,BI-3407,To Do,In Progress,user0031,2026-09-15
9648,BI-3407,In Progress,Testing,user0027,2026-09-28
9649,ECOM-3408,,To Do,user0044,2026-09-14
9650,ECOM-3408,To Do,In Progress,user0016,2026-09-21
9651,BI-3409,,To Do,user0037,2026-09-14
9652,BI-3409,To Do,In Progress,user0010,2026-09-16
9653,BI-3409,In Progress,Testing,user0027,2026-09-20
9654,BI-3409,Testing,Done,user0042,2026-09-17
9655,MOB-3410,,To Do,user0013,2026-09-14
9656,MOB-3410,To Do,In Progress,user0031,2026-09-20
9657,MOB-3410,In Progress,Testing,user0008,2026-09-16
9658,MOB-3410,Testing,Done,user0022,2026-10-05
9659,ERP-3411,,To Do,user0031,2026-09-14
9660,ERP-3412,,To Do,user0020,2026-09-14
9661,ERP-3412,To Do,In Progress,user0041,2026-09-15
9662,ERP-3412,In Progress,Blocked,user0028,2026-09-22
9663,CRM-3413,,To Do,user0008,2026-09-14
9664,CRM-3413,To Do,In Progress,user0045,2026-09-17
9665,PORTAL-3414,,To Do,user0047,2026-09-14
9666,PORTAL-3414,To Do,In Progress,user0033,2026-09-19
9667,PORTAL-3414,In Progress,Blocked,user0044,2026-09-20
9668,DATA-3415,,To Do,user0034,2026-09-14
9669,ECOM-3416,,To Do,user0045,2026-09-14
9670,ECOM-3416,To Do,In Progress,user0018,2026-09-20
9671,CRM-3417,,To Do,user0042,2026-09-14
9672,CRM-3417,To Do,In Progress,user0028,2026-09-15
9673,BANK-3418,,To Do,user0049,2026-09-14
9674,CRM-3419,,To Do,user0037,2026-09-14
9675,ECOM-3420,,To Do,user0015,2026-09-14
9676,ECOM-3420,To Do,In Progress,user0047,2026-09-18
9677,ECOM-3420,In Progress,Testing,user0032,2026-09-16
9678,CRM-3421,,To Do,user0021,2026-09-14
9679,CRM-3421,To Do,In Progress,user0036,2026-09-18
9680,CRM-3422,,To Do,user0044,2026-09-14
9681,CRM-3422,To Do,In Progress,user0041,2026-09-21
9682,BI-3423,,To Do,user0035,2026-09-14
9683,BI-3423,To Do,In Progress,user0050,2026-09-21
9684,BI-3423,In Progress,Testing,user0050,2026-09-16
9685,BI-3423,Testing,Done,user0043,2026-09-23
9686,BANK-3424,,To Do,user0024,2026-09-14
9687,BANK-3424,To Do,In Progress,user0043,2026-09-17
9688,BANK-3424,In Progress,Testing,user0006,2026-09-16
9689,BANK-3424,Testing,Done,user0019,2026-10-02
9690,PORTAL-3425,,To Do,user0030,2026-09-14
9691,PORTAL-3425,To Do,In Progress,user0001,2026-09-15
9692,BI-3426,,To Do,user0044,2026-09-14
9693,CLOUD-3427,,To Do,user0007,2026-09-14
9694,CRM-3428,,To Do,user0013,2026-09-14
9695,CRM-3428,To Do,In Progress,user0015,2026-09-20
9696,BANK-3429,,To Do,user0022,2026-09-14
9697,BANK-3429,To Do,In Progress,user0006,2026-09-19
9698,BANK-3429,In Progress,Testing,user0041,2026-09-16
9699,BANK-3429,Testing,Done,user0034,2026-09-20
9700,DATA-3430,,To Do,user0027,2026-09-14
9701,DATA-3430,To Do,In Progress,user0005,2026-09-20
9702,SEC-3431,,To Do,user0008,2026-09-14
9703,SEC-3431,To Do,In Progress,user0034,2026-09-21
9704,SEC-3431,In Progress,Testing,user0014,2026-09-24
9705,SEC-3431,Testing,Done,user0022,2026-09-29
9706,PORTAL-3432,,To Do,user0029,2026-09-14
9707,PORTAL-3432,To Do,In Progress,user0006,2026-09-15
9708,PORTAL-3432,In Progress,Testing,user0002,2026-09-22
9709,PORTAL-3432,Testing,Done,user0028,2026-09-17
9710,SEC-3433,,To Do,user0043,2026-09-14
9711,SEC-3433,To Do,In Progress,user0040,2026-09-19
9712,SEC-3433,In Progress,Blocked,user0046,2026-09-26
9713,ERP-3434,,To Do,user0024,2026-09-14
9714,ERP-3434,To Do,In Progress,user0037,2026-09-21
9715,ERP-3434,In Progress,Testing,user0011,2026-09-20
9716,ERP-3434,Testing,Done,user0045,2026-09-23
9717,ECOM-3435,,To Do,user0021,2026-09-14
9718,ECOM-3435,To Do,In Progress,user0009,2026-09-21
9719,ECOM-3435,In Progress,Testing,user0024,2026-09-28
9720,ECOM-3435,Testing,Done,user0029,2026-09-20
9721,PORTAL-3436,,To Do,user0040,2026-09-14
9722,PORTAL-3436,To Do,In Progress,user0010,2026-09-17
9723,PORTAL-3436,In Progress,Testing,user0046,2026-09-16
9724,PORTAL-3436,Testing,Done,user0023,2026-09-26
9725,ERP-3437,,To Do,user0038,2026-09-14
9726,ERP-3437,To Do,In Progress,user0021,2026-09-19
9727,ERP-3437,In Progress,Blocked,user0043,2026-09-26
9728,CRM-3438,,To Do,user0018,2026-09-14
9729,CRM-3438,To Do,In Progress,user0036,2026-09-15
9730,CRM-3438,In Progress,Testing,user0047,2026-09-16
9731,CRM-3439,,To Do,user0038,2026-09-14
9732,CRM-3439,To Do,In Progress,user0036,2026-09-17
9733,CRM-3439,In Progress,Testing,user0010,2026-09-24
9734,CRM-3439,Testing,Done,user0043,2026-10-02
9735,CRM-3439,Done,Reopened,user0009,2026-10-04
9736,CLOUD-3440,,To Do,user0008,2026-09-14
9737,CLOUD-3440,To Do,In Progress,user0022,2026-09-20
9738,CLOUD-3440,In Progress,Testing,user0020,2026-09-28
9739,SEC-3441,,To Do,user0038,2026-09-14
9740,SEC-3441,To Do,In Progress,user0042,2026-09-21
9741,SEC-3441,In Progress,Testing,user0047,2026-09-26
9742,SEC-3441,Testing,Done,user0013,2026-09-26
9743,SEC-3442,,To Do,user0033,2026-09-14
9744,SEC-3442,To Do,In Progress,user0039,2026-09-16
9745,SEC-3442,In Progress,Testing,user0045,2026-09-26
9746,SEC-3442,Testing,Done,user0031,2026-09-26
9747,SEC-3442,Done,Reopened,user0043,2026-09-22
9748,CLOUD-3443,,To Do,user0022,2026-09-14
9749,CLOUD-3443,To Do,In Progress,user0035,2026-09-15
9750,CLOUD-3443,In Progress,Testing,user0015,2026-09-24
9751,CLOUD-3443,Testing,Done,user0036,2026-09-20
9752,PORTAL-3444,,To Do,user0038,2026-09-14
9753,BANK-3445,,To Do,user0016,2026-09-14
9754,BANK-3445,To Do,In Progress,user0038,2026-09-17
9755,BANK-3445,In Progress,Testing,user0003,2026-09-16
9756,BANK-3445,Testing,Done,user0025,2026-09-20
9757,PORTAL-3446,,To Do,user0039,2026-09-14
9758,PORTAL-3446,To Do,In Progress,user0048,2026-09-19
9759,PORTAL-3446,In Progress,Testing,user0019,2026-09-22
9760,PORTAL-3446,Testing,Done,user0015,2026-09-29
9761,DATA-3447,,To Do,user0019,2026-09-14
9762,DATA-3447,To Do,In Progress,user0038,2026-09-17
9763,DATA-3447,In Progress,Testing,user0042,2026-09-24
9764,DATA-3447,Testing,Done,user0001,2026-09-26
9765,PORTAL-3448,,To Do,user0022,2026-09-14
9766,PORTAL-3448,To Do,In Progress,user0021,2026-09-21
9767,PORTAL-3448,In Progress,Blocked,user0024,2026-09-20
9768,ECOM-3449,,To Do,user0035,2026-09-14
9769,SEC-3450,,To Do,user0011,2026-09-14
9770,DATA-3451,,To Do,user0016,2026-09-14
9771,BANK-3452,,To Do,user0047,2026-09-14
9772,BANK-3452,To Do,In Progress,user0002,2026-09-17
9773,BANK-3452,In Progress,Testing,user0008,2026-09-24
9774,ECOM-3453,,To Do,user0003,2026-09-14
9775,ECOM-3453,To Do,In Progress,user0033,2026-09-21
9776,ECOM-3453,In Progress,Testing,user0037,2026-09-26
9777,ECOM-3453,Testing,Done,user0032,2026-09-23
9778,ECOM-3454,,To Do,user0020,2026-09-14
9779,ERP-3455,,To Do,user0034,2026-09-14
9780,ERP-3455,To Do,In Progress,user0028,2026-09-16
9781,ERP-3455,In Progress,Blocked,user0034,2026-09-22
9782,BI-3456,,To Do,user0036,2026-09-14
9783,BI-3456,To Do,In Progress,user0029,2026-09-16
9784,BI-3456,In Progress,Testing,user0038,2026-09-20
9785,BI-3456,Testing,Done,user0029,2026-09-29
9786,CRM-3457,,To Do,user0034,2026-09-14
9787,CRM-3457,To Do,In Progress,user0030,2026-09-15
9788,BI-3458,,To Do,user0036,2026-09-14
9789,BI-3458,To Do,In Progress,user0005,2026-09-21
9790,BI-3458,In Progress,Testing,user0023,2026-09-16
9791,BI-3458,Testing,Done,user0045,2026-09-17
9792,DATA-3459,,To Do,user0007,2026-09-14
9793,DATA-3459,To Do,In Progress,user0028,2026-09-17
9794,DATA-3459,In Progress,Testing,user0011,2026-09-24
9795,DATA-3459,Testing,Done,user0040,2026-09-29
9796,BI-3460,,To Do,user0014,2026-09-14
9797,BI-3460,To Do,In Progress,user0033,2026-09-20
9798,BI-3460,In Progress,Testing,user0048,2026-09-22
9799,BI-3460,Testing,Done,user0014,2026-10-02
9800,BI-3460,Done,Reopened,user0023,2026-09-26
9801,CRM-3461,,To Do,user0032,2026-09-14
9802,CRM-3461,To Do,In Progress,user0015,2026-09-16
9803,CRM-3461,In Progress,Testing,user0016,2026-09-22
9804,CRM-3461,Testing,Done,user0025,2026-10-02
9805,CRM-3461,Done,Reopened,user0034,2026-09-22
9806,BI-3462,,To Do,user0048,2026-09-14
9807,BI-3462,To Do,In Progress,user0033,2026-09-20
9808,BI-3462,In Progress,Testing,user0042,2026-09-20
9809,BI-3462,Testing,Done,user0038,2026-10-05
9810,ECOM-3463,,To Do,user0005,2026-09-14
9811,ECOM-3463,To Do,In Progress,user0041,2026-09-15
9812,ECOM-3463,In Progress,Testing,user0024,2026-09-20
9813,ECOM-3463,Testing,Done,user0024,2026-09-26
9814,MOB-3464,,To Do,user0047,2026-09-14
9815,MOB-3464,To Do,In Progress,user0015,2026-09-18
9816,MOB-3464,In Progress,Testing,user0027,2026-09-24
9817,MOB-3464,Testing,Done,user0034,2026-09-29
9818,ECOM-3465,,To Do,user0024,2026-09-14
9819,BI-3466,,To Do,user0045,2026-09-14
9820,BI-3466,To Do,In Progress,user0020,2026-09-18
9821,BI-3466,In Progress,Testing,user0007,2026-09-20
9822,BI-3466,Testing,Done,user0022,2026-09-17
9823,SEC-3467,,To Do,user0019,2026-09-14
9824,SEC-3467,To Do,In Progress,user0005,2026-09-18
9825,SEC-3467,In Progress,Testing,user0048,2026-09-24
9826,SEC-3467,Testing,Done,user0048,2026-09-26
9827,SEC-3467,Done,Reopened,user0002,2026-09-18
9828,DATA-3468,,To Do,user0003,2026-09-14
9829,DATA-3468,To Do,In Progress,user0049,2026-09-15
9830,BI-3469,,To Do,user0001,2026-09-14
9831,BI-3469,To Do,In Progress,user0016,2026-09-15
9832,BI-3469,In Progress,Testing,user0043,2026-09-20
9833,ECOM-3470,,To Do,user0043,2026-09-14
9834,ECOM-3470,To Do,In Progress,user0021,2026-09-18
9835,SEC-3471,,To Do,user0030,2026-09-14
9836,CLOUD-3472,,To Do,user0012,2026-09-14
9837,CLOUD-3472,To Do,In Progress,user0026,2026-09-19
9838,CLOUD-3472,In Progress,Testing,user0009,2026-09-18
9839,PORTAL-3473,,To Do,user0040,2026-09-14
9840,PORTAL-3473,To Do,In Progress,user0036,2026-09-17
9841,PORTAL-3473,In Progress,Testing,user0050,2026-09-22
9842,PORTAL-3473,Testing,Done,user0033,2026-10-02
9843,BANK-3474,,To Do,user0028,2026-09-14
9844,BANK-3474,To Do,In Progress,user0003,2026-09-21
9845,BANK-3474,In Progress,Testing,user0044,2026-09-26
9846,BANK-3474,Testing,Done,user0010,2026-09-17
9847,BI-3475,,To Do,user0033,2026-09-14
9848,BI-3475,To Do,In Progress,user0047,2026-09-17
9849,BI-3475,In Progress,Testing,user0045,2026-09-26
9850,BI-3475,Testing,Done,user0042,2026-09-23
9851,CRM-3476,,To Do,user0047,2026-09-14
9852,CRM-3476,To Do,In Progress,user0012,2026-09-19
9853,CRM-3476,In Progress,Blocked,user0033,2026-09-28
9854,MOB-3477,,To Do,user0019,2026-09-14
9855,MOB-3477,To Do,In Progress,user0026,2026-09-21
9856,CLOUD-3478,,To Do,user0007,2026-09-14
9857,CLOUD-3478,To Do,In Progress,user0048,2026-09-18
9858,CLOUD-3478,In Progress,Testing,user0031,2026-09-18
9859,CLOUD-3478,Testing,Done,user0006,2026-09-17
9860,CRM-3479,,To Do,user0037,2026-09-14
9861,CRM-3479,To Do,In Progress,user0014,2026-09-15
9862,CRM-3479,In Progress,Testing,user0036,2026-09-24
9863,CRM-3479,Testing,Done,user0050,2026-09-26
9864,CRM-3479,Done,Reopened,user0008,2026-09-22
9865,ECOM-3480,,To Do,user0044,2026-09-14
9866,CLOUD-3481,,To Do,user0044,2026-09-14
9867,CLOUD-3481,To Do,In Progress,user0016,2026-09-19
9868,CLOUD-3481,In Progress,Testing,user0001,2026-09-22
9869,BI-3482,,To Do,user0039,2026-09-14
9870,BI-3482,To Do,In Progress,user0028,2026-09-18
9871,BI-3482,In Progress,Testing,user0035,2026-09-28
9872,CLOUD-3483,,To Do,user0049,2026-09-14
9873,CLOUD-3483,To Do,In Progress,user0018,2026-09-21
9874,DATA-3484,,To Do,user0017,2026-09-14
9875,DATA-3484,To Do,In Progress,user0032,2026-09-19
9876,MOB-3485,,To Do,user0019,2026-09-14
9877,MOB-3485,To Do,In Progress,user0016,2026-09-19
9878,MOB-3485,In Progress,Testing,user0029,2026-09-16
9879,MOB-3485,Testing,Done,user0013,2026-09-20
9880,SEC-3486,,To Do,user0009,2026-09-14
9881,SEC-3486,To Do,In Progress,user0027,2026-09-15
9882,SEC-3486,In Progress,Blocked,user0012,2026-09-28
9883,BANK-3487,,To Do,user0046,2026-09-14
9884,ECOM-3488,,To Do,user0002,2026-09-14
9885,SEC-3489,,To Do,user0011,2026-09-14
9886,SEC-3489,To Do,In Progress,user0019,2026-09-18
9887,CRM-3490,,To Do,user0022,2026-09-14
9888,CRM-3490,To Do,In Progress,user0033,2026-09-21
9889,CRM-3490,In Progress,Testing,user0024,2026-09-26
9890,CRM-3490,Testing,Done,user0037,2026-09-26
9891,SEC-3491,,To Do,user0050,2026-09-14
9892,SEC-3491,To Do,In Progress,user0033,2026-09-16
9893,SEC-3491,In Progress,Testing,user0048,2026-09-22
9894,SEC-3491,Testing,Done,user0045,2026-09-23
9895,SEC-3491,Done,Reopened,user0050,2026-09-22
9896,BANK-3492,,To Do,user0009,2026-09-14
9897,BANK-3492,To Do,In Progress,user0004,2026-09-21
9898,BANK-3492,In Progress,Testing,user0022,2026-09-28
9899,BANK-3492,Testing,Done,user0011,2026-09-17
9900,MOB-3493,,To Do,user0004,2026-09-14
9901,MOB-3493,To Do,In Progress,user0038,2026-09-21
9902,MOB-3493,In Progress,Testing,user0001,2026-09-28
9903,MOB-3493,Testing,Done,user0003,2026-09-23
9904,BI-3494,,To Do,user0041,2026-09-14
9905,BI-3494,To Do,In Progress,user0046,2026-09-16
9906,BI-3494,In Progress,Testing,user0045,2026-09-28
9907,BI-3494,Testing,Done,user0023,2026-09-23
9908,BI-3494,Done,Reopened,user0013,2026-09-18
9909,DATA-3495,,To Do,user0029,2026-09-14
9910,DATA-3495,To Do,In Progress,user0015,2026-09-21
9911,CRM-3496,,To Do,user0001,2026-09-14
9912,DATA-3497,,To Do,user0012,2026-09-14
9913,BI-3498,,To Do,user0025,2026-09-14
9914,CLOUD-3499,,To Do,user0037,2026-09-14
9915,CLOUD-3499,To Do,In Progress,user0022,2026-09-16
9916,CLOUD-3499,In Progress,Testing,user0044,2026-09-26
9917,CLOUD-3499,Testing,Done,user0042,2026-10-02
9918,CLOUD-3499,Done,Reopened,user0028,2026-09-22
9919,BI-3500,,To Do,user0031,2026-09-14
9920,BI-3500,To Do,In Progress,user0006,2026-09-17
9921,BI-3500,In Progress,Testing,user0017,2026-09-20
9922,BI-3500,Testing,Done,user0034,2026-09-17
9923,BI-3500,Done,Reopened,user0042,2026-10-04
9924,SEC-3501,,To Do,user0046,2026-09-14
9925,SEC-3501,To Do,In Progress,user0044,2026-09-16
9926,SEC-3501,In Progress,Blocked,user0029,2026-09-24
9927,ERP-3502,,To Do,user0004,2026-09-14
9928,ERP-3502,To Do,In Progress,user0005,2026-09-16
9929,ERP-3502,In Progress,Blocked,user0014,2026-09-28
9930,ERP-3503,,To Do,user0049,2026-09-14
9931,ERP-3503,To Do,In Progress,user0006,2026-09-20
9932,BI-3504,,To Do,user0039,2026-09-14
9933,BI-3504,To Do,In Progress,user0037,2026-09-19
9934,BI-3504,In Progress,Testing,user0011,2026-09-28
9935,BI-3504,Testing,Done,user0010,2026-09-20
9936,CRM-3505,,To Do,user0038,2026-09-14
9937,BI-3506,,To Do,user0033,2026-09-14
9938,BI-3506,To Do,In Progress,user0029,2026-09-20
9939,BI-3506,In Progress,Testing,user0046,2026-09-28
9940,BI-3506,Testing,Done,user0044,2026-09-23
9941,ERP-3507,,To Do,user0019,2026-09-14
9942,ERP-3507,To Do,In Progress,user0007,2026-09-17
9943,ERP-3507,In Progress,Blocked,user0011,2026-09-28
9944,PORTAL-3508,,To Do,user0030,2026-09-14
9945,PORTAL-3508,To Do,In Progress,user0042,2026-09-18
9946,PORTAL-3508,In Progress,Testing,user0043,2026-09-26
9947,PORTAL-3508,Testing,Done,user0029,2026-09-17
9948,CLOUD-3509,,To Do,user0035,2026-09-14
9949,CLOUD-3509,To Do,In Progress,user0028,2026-09-18
9950,CLOUD-3509,In Progress,Testing,user0029,2026-09-16
9951,BI-3510,,To Do,user0026,2026-09-14
9952,BI-3510,To Do,In Progress,user0019,2026-09-17
9953,BI-3511,,To Do,user0043,2026-09-14
9954,BI-3511,To Do,In Progress,user0049,2026-09-16
9955,BI-3511,In Progress,Testing,user0030,2026-09-16
9956,BI-3511,Testing,Done,user0032,2026-09-17
9957,SEC-3512,,To Do,user0007,2026-09-14
9958,SEC-3512,To Do,In Progress,user0042,2026-09-16
9959,SEC-3512,In Progress,Testing,user0044,2026-09-20
9960,SEC-3512,Testing,Done,user0040,2026-09-29
9961,SEC-3512,Done,Reopened,user0047,2026-09-22
9962,CLOUD-3513,,To Do,user0016,2026-09-14
9963,CLOUD-3513,To Do,In Progress,user0012,2026-09-15
9964,CLOUD-3513,In Progress,Testing,user0040,2026-09-24
9965,CLOUD-3513,Testing,Done,user0033,2026-09-29
9966,PORTAL-3514,,To Do,user0008,2026-09-14
9967,BANK-3515,,To Do,user0033,2026-09-14
9968,CLOUD-3516,,To Do,user0028,2026-09-14
9969,CLOUD-3516,To Do,In Progress,user0044,2026-09-20
9970,CLOUD-3516,In Progress,Testing,user0001,2026-09-28
9971,DATA-3517,,To Do,user0018,2026-09-14
9972,DATA-3517,To Do,In Progress,user0013,2026-09-16
9973,ECOM-3518,,To Do,user0007,2026-09-14
9974,ECOM-3518,To Do,In Progress,user0011,2026-09-20
9975,CRM-3519,,To Do,user0009,2026-09-14
9976,CRM-3519,To Do,In Progress,user0050,2026-09-17
9977,CRM-3519,In Progress,Testing,user0018,2026-09-22
9978,CLOUD-3520,,To Do,user0039,2026-09-14
9979,CLOUD-3520,To Do,In Progress,user0026,2026-09-17
9980,CLOUD-3520,In Progress,Testing,user0046,2026-09-22
9981,CLOUD-3520,Testing,Done,user0020,2026-09-26
9982,BI-3521,,To Do,user0046,2026-09-14
9983,BI-3521,To Do,In Progress,user0022,2026-09-17
9984,BI-3521,In Progress,Testing,user0024,2026-09-16
9985,BI-3521,Testing,Done,user0021,2026-09-26
9986,SEC-3522,,To Do,user0005,2026-09-14
9987,SEC-3522,To Do,In Progress,user0018,2026-09-19
9988,SEC-3522,In Progress,Testing,user0017,2026-09-18
9989,SEC-3522,Testing,Done,user0022,2026-09-20
9990,BANK-3523,,To Do,user0033,2026-09-14
9991,BANK-3523,To Do,In Progress,user0041,2026-09-16
9992,BANK-3523,In Progress,Testing,user0043,2026-09-20
9993,BANK-3523,Testing,Done,user0035,2026-09-17
9994,ERP-3524,,To Do,user0048,2026-09-14
9995,ERP-3524,To Do,In Progress,user0005,2026-09-21
9996,ERP-3524,In Progress,Testing,user0024,2026-09-16
9997,ERP-3524,Testing,Done,user0037,2026-09-23
9998,ERP-3524,Done,Reopened,user0029,2026-09-26
9999,ECOM-3525,,To Do,user0024,2026-09-14
10000,ECOM-3525,To Do,In Progress,user0048,2026-09-21
10001,ECOM-3525,In Progress,Testing,user0044,2026-09-16
10002,ECOM-3525,Testing,Done,user0028,2026-09-23
10003,BANK-3526,,To Do,user0024,2026-09-14
10004,BANK-3526,To Do,In Progress,user0017,2026-09-16
10005,BANK-3526,In Progress,Testing,user0011,2026-09-28
10006,BANK-3526,Testing,Done,user0020,2026-09-23
10007,MOB-3527,,To Do,user0010,2026-09-14
10008,MOB-3527,To Do,In Progress,user0049,2026-09-16
10009,MOB-3527,In Progress,Testing,user0036,2026-09-24
10010,MOB-3527,Testing,Done,user0042,2026-09-17
10011,PORTAL-3528,,To Do,user0046,2026-09-14
10012,ERP-3529,,To Do,user0027,2026-09-14
10013,CRM-3530,,To Do,user0011,2026-09-14
10014,CRM-3530,To Do,In Progress,user0031,2026-09-19
10015,CRM-3530,In Progress,Testing,user0048,2026-09-26
10016,CRM-3530,Testing,Done,user0048,2026-10-02
10017,BANK-3531,,To Do,user0050,2026-09-14
10018,BANK-3531,To Do,In Progress,user0002,2026-09-19
10019,BANK-3531,In Progress,Testing,user0021,2026-09-28
10020,BANK-3531,Testing,Done,user0039,2026-09-26
10021,PORTAL-3532,,To Do,user0045,2026-09-14
10022,DATA-3533,,To Do,user0041,2026-09-14
10023,DATA-3533,To Do,In Progress,user0029,2026-09-19
10024,DATA-3533,In Progress,Testing,user0013,2026-09-26
10025,DATA-3533,Testing,Done,user0049,2026-09-20
10026,ECOM-3534,,To Do,user0011,2026-09-14
10027,ECOM-3534,To Do,In Progress,user0007,2026-09-15
10028,BI-3535,,To Do,user0036,2026-09-14
10029,BI-3535,To Do,In Progress,user0030,2026-09-19
10030,DATA-3536,,To Do,user0006,2026-09-14
10031,DATA-3536,To Do,In Progress,user0004,2026-09-15
10032,DATA-3536,In Progress,Testing,user0039,2026-09-26
10033,DATA-3536,Testing,Done,user0028,2026-09-26
10034,DATA-3536,Done,Reopened,user0003,2026-09-22
10035,DATA-3537,,To Do,user0034,2026-09-14
10036,DATA-3537,To Do,In Progress,user0028,2026-09-18
10037,PORTAL-3538,,To Do,user0047,2026-09-14
10038,PORTAL-3538,To Do,In Progress,user0042,2026-09-21
10039,MOB-3539,,To Do,user0023,2026-09-14
10040,MOB-3539,To Do,In Progress,user0024,2026-09-16
10041,MOB-3539,In Progress,Testing,user0043,2026-09-26
10042,MOB-3539,Testing,Done,user0005,2026-09-29
10043,BI-3540,,To Do,user0038,2026-09-14
10044,BI-3540,To Do,In Progress,user0036,2026-09-21
10045,BI-3540,In Progress,Testing,user0030,2026-09-20
10046,BI-3540,Testing,Done,user0007,2026-09-29
10047,MOB-3541,,To Do,user0029,2026-09-14
10048,BI-3542,,To Do,user0006,2026-09-14
10049,BI-3542,To Do,In Progress,user0034,2026-09-17
10050,BI-3542,In Progress,Testing,user0036,2026-09-22
10051,SEC-3543,,To Do,user0011,2026-09-14
10052,SEC-3543,To Do,In Progress,user0016,2026-09-20
10053,SEC-3543,In Progress,Testing,user0046,2026-09-24
10054,SEC-3543,Testing,Done,user0023,2026-10-05
10055,SEC-3543,Done,Reopened,user0008,2026-09-26
10056,DATA-3544,,To Do,user0023,2026-09-14
10057,DATA-3544,To Do,In Progress,user0002,2026-09-15
10058,DATA-3544,In Progress,Blocked,user0043,2026-09-28
10059,SEC-3545,,To Do,user0016,2026-09-14
10060,SEC-3545,To Do,In Progress,user0026,2026-09-17
10061,SEC-3545,In Progress,Testing,user0029,2026-09-22
10062,BI-3546,,To Do,user0004,2026-09-14
10063,BI-3546,To Do,In Progress,user0035,2026-09-19
10064,BI-3546,In Progress,Testing,user0017,2026-09-16
10065,BANK-3547,,To Do,user0043,2026-09-14
10066,BANK-3547,To Do,In Progress,user0034,2026-09-15
10067,DATA-3548,,To Do,user0012,2026-09-14
10068,DATA-3548,To Do,In Progress,user0032,2026-09-20
10069,DATA-3548,In Progress,Testing,user0009,2026-09-28
10070,DATA-3548,Testing,Done,user0032,2026-10-05
10071,BI-3549,,To Do,user0018,2026-09-14
10072,BI-3549,To Do,In Progress,user0001,2026-09-18
10073,BI-3549,In Progress,Testing,user0006,2026-09-16
10074,BI-3549,Testing,Done,user0008,2026-10-05
10075,BI-3550,,To Do,user0024,2026-09-14
10076,BI-3550,To Do,In Progress,user0027,2026-09-18
10077,BI-3551,,To Do,user0041,2026-09-14
10078,BI-3551,To Do,In Progress,user0048,2026-09-15
10079,BI-3551,In Progress,Testing,user0005,2026-09-28
10080,BI-3551,Testing,Done,user0047,2026-09-17
10081,CRM-3552,,To Do,user0018,2026-09-14
10082,CRM-3552,To Do,In Progress,user0024,2026-09-19
10083,PORTAL-3553,,To Do,user0030,2026-09-14
10084,PORTAL-3553,To Do,In Progress,user0039,2026-09-20
10085,PORTAL-3553,In Progress,Blocked,user0013,2026-09-26
10086,DATA-3554,,To Do,user0039,2026-09-14
10087,DATA-3554,To Do,In Progress,user0015,2026-09-20
10088,DATA-3554,In Progress,Testing,user0034,2026-09-28
10089,DATA-3554,Testing,Done,user0010,2026-09-17
10090,BANK-3555,,To Do,user0002,2026-09-14
10091,BANK-3555,To Do,In Progress,user0019,2026-09-15
10092,BANK-3555,In Progress,Testing,user0026,2026-09-22
10093,BANK-3555,Testing,Done,user0038,2026-09-26
10094,MOB-3556,,To Do,user0018,2026-09-14
10095,DATA-3557,,To Do,user0017,2026-09-14
10096,DATA-3557,To Do,In Progress,user0006,2026-09-18
10097,DATA-3557,In Progress,Testing,user0022,2026-09-28
10098,DATA-3557,Testing,Done,user0007,2026-09-29
10099,CRM-3558,,To Do,user0008,2026-09-14
10100,DATA-3559,,To Do,user0021,2026-09-14
10101,DATA-3559,To Do,In Progress,user0037,2026-09-16
10102,BANK-3560,,To Do,user0042,2026-09-14
10103,BANK-3561,,To Do,user0007,2026-09-14
10104,CRM-3562,,To Do,user0043,2026-09-14
10105,ECOM-3563,,To Do,user0048,2026-09-14
10106,ECOM-3564,,To Do,user0018,2026-09-14
10107,ECOM-3564,To Do,In Progress,user0044,2026-09-16
10108,ECOM-3564,In Progress,Testing,user0050,2026-09-16
10109,ECOM-3564,Testing,Done,user0013,2026-09-17
10110,SEC-3565,,To Do,user0029,2026-09-14
10111,MOB-3566,,To Do,user0001,2026-09-14
10112,MOB-3566,To Do,In Progress,user0013,2026-09-19
10113,MOB-3566,In Progress,Testing,user0041,2026-09-16
10114,MOB-3566,Testing,Done,user0047,2026-09-17
10115,MOB-3566,Done,Reopened,user0046,2026-09-30
10116,DATA-3567,,To Do,user0031,2026-09-14
10117,DATA-3567,To Do,In Progress,user0022,2026-09-16
10118,DATA-3567,In Progress,Testing,user0023,2026-09-26
10119,DATA-3567,Testing,Done,user0040,2026-10-02
10120,CRM-3568,,To Do,user0032,2026-09-14
10121,CRM-3568,To Do,In Progress,user0031,2026-09-15
10122,MOB-3569,,To Do,user0029,2026-09-14
10123,MOB-3569,To Do,In Progress,user0008,2026-09-16
10124,CRM-3570,,To Do,user0025,2026-09-14
10125,MOB-3571,,To Do,user0004,2026-09-14
10126,MOB-3571,To Do,In Progress,user0006,2026-09-21
10127,MOB-3571,In Progress,Testing,user0025,2026-09-28
10128,MOB-3571,Testing,Done,user0021,2026-09-20
10129,ERP-3572,,To Do,user0022,2026-09-14
10130,ERP-3572,To Do,In Progress,user0017,2026-09-16
10131,ECOM-3573,,To Do,user0018,2026-09-14
10132,ECOM-3573,To Do,In Progress,user0040,2026-09-18
10133,ECOM-3573,In Progress,Testing,user0031,2026-09-28
10134,ECOM-3574,,To Do,user0035,2026-09-14
10135,ECOM-3574,To Do,In Progress,user0044,2026-09-20
10136,ECOM-3574,In Progress,Testing,user0033,2026-09-16
10137,ECOM-3574,Testing,Done,user0039,2026-10-05
10138,CLOUD-3575,,To Do,user0013,2026-09-14
10139,CLOUD-3575,To Do,In Progress,user0010,2026-09-18
10140,ECOM-3576,,To Do,user0037,2026-09-14
10141,ECOM-3576,To Do,In Progress,user0028,2026-09-17
10142,CRM-3577,,To Do,user0026,2026-09-14
10143,CRM-3577,To Do,In Progress,user0035,2026-09-20
10144,PORTAL-3578,,To Do,user0036,2026-09-14
10145,MOB-3579,,To Do,user0032,2026-09-14
10146,MOB-3579,To Do,In Progress,user0021,2026-09-20
10147,MOB-3579,In Progress,Testing,user0007,2026-09-16
10148,MOB-3579,Testing,Done,user0036,2026-09-23
10149,ECOM-3580,,To Do,user0049,2026-09-14
10150,ECOM-3580,To Do,In Progress,user0003,2026-09-20
10151,ECOM-3580,In Progress,Testing,user0032,2026-09-18
10152,ECOM-3580,Testing,Done,user0049,2026-09-17
10153,CRM-3581,,To Do,user0016,2026-09-14
10154,CRM-3581,To Do,In Progress,user0018,2026-09-18
10155,DATA-3582,,To Do,user0026,2026-09-14
10156,BANK-3583,,To Do,user0045,2026-09-14
10157,ERP-3584,,To Do,user0026,2026-09-14
10158,BANK-3585,,To Do,user0048,2026-09-14
10159,BANK-3585,To Do,In Progress,user0003,2026-09-20
10160,MOB-3586,,To Do,user0009,2026-09-14
10161,MOB-3586,To Do,In Progress,user0032,2026-09-21
10162,MOB-3586,In Progress,Testing,user0013,2026-09-18
10163,ERP-3587,,To Do,user0032,2026-09-14
10164,ERP-3587,To Do,In Progress,user0023,2026-09-21
10165,ERP-3587,In Progress,Testing,user0013,2026-09-20
10166,ERP-3587,Testing,Done,user0020,2026-09-23
10167,ERP-3587,Done,Reopened,user0031,2026-09-30
10168,BI-3588,,To Do,user0044,2026-09-14
10169,ECOM-3589,,To Do,user0008,2026-09-14
10170,ECOM-3589,To Do,In Progress,user0012,2026-09-17
10171,ECOM-3589,In Progress,Testing,user0043,2026-09-22
10172,ECOM-3589,Testing,Done,user0032,2026-09-17
10173,BI-3590,,To Do,user0035,2026-09-14
10174,BI-3590,To Do,In Progress,user0037,2026-09-18
10175,SEC-3591,,To Do,user0040,2026-09-14
10176,SEC-3591,To Do,In Progress,user0022,2026-09-16
10177,ERP-3592,,To Do,user0034,2026-09-14
10178,BI-3593,,To Do,user0037,2026-09-14
10179,BI-3593,To Do,In Progress,user0047,2026-09-18
10180,BI-3593,In Progress,Testing,user0049,2026-09-24
10181,BI-3593,Testing,Done,user0029,2026-09-23
10182,MOB-3594,,To Do,user0008,2026-09-14
10183,MOB-3594,To Do,In Progress,user0044,2026-09-20
10184,MOB-3594,In Progress,Testing,user0026,2026-09-22
10185,MOB-3594,Testing,Done,user0037,2026-09-23
10186,CRM-3595,,To Do,user0006,2026-09-14
10187,CRM-3595,To Do,In Progress,user0020,2026-09-17
10188,CRM-3595,In Progress,Blocked,user0023,2026-09-20
10189,DATA-3596,,To Do,user0015,2026-09-14
10190,DATA-3596,To Do,In Progress,user0046,2026-09-16
10191,DATA-3596,In Progress,Testing,user0008,2026-09-18
10192,DATA-3596,Testing,Done,user0017,2026-09-20
10193,BANK-3597,,To Do,user0033,2026-09-14
10194,BANK-3597,To Do,In Progress,user0047,2026-09-20
10195,CLOUD-3598,,To Do,user0008,2026-09-14
10196,CLOUD-3598,To Do,In Progress,user0017,2026-09-21
10197,DATA-3599,,To Do,user0011,2026-09-14
10198,DATA-3599,To Do,In Progress,user0017,2026-09-18
10199,DATA-3599,In Progress,Testing,user0044,2026-09-18
10200,DATA-3599,Testing,Done,user0033,2026-09-23
10201,SEC-3600,,To Do,user0007,2026-09-14
10202,SEC-3600,To Do,In Progress,user0039,2026-09-17
10203,SEC-3600,In Progress,Blocked,user0021,2026-09-22
10204,ECOM-3601,,To Do,user0022,2026-09-14
10205,ECOM-3601,To Do,In Progress,user0035,2026-09-20
10206,ECOM-3601,In Progress,Testing,user0031,2026-09-18
10207,ECOM-3601,Testing,Done,user0030,2026-09-20
10208,BANK-3602,,To Do,user0012,2026-09-14
10209,BANK-3602,To Do,In Progress,user0017,2026-09-15
10210,BANK-3602,In Progress,Testing,user0028,2026-09-16
10211,CRM-3603,,To Do,user0038,2026-09-14
10212,CRM-3603,To Do,In Progress,user0039,2026-09-16
10213,ECOM-3604,,To Do,user0018,2026-09-14
10214,ECOM-3604,To Do,In Progress,user0018,2026-09-16
10215,ECOM-3604,In Progress,Testing,user0034,2026-09-16
10216,CRM-3605,,To Do,user0021,2026-09-14
10217,CRM-3605,To Do,In Progress,user0019,2026-09-15
10218,CRM-3605,In Progress,Testing,user0038,2026-09-24
10219,CRM-3605,Testing,Done,user0004,2026-10-05
10220,BI-3606,,To Do,user0025,2026-09-14
10221,BI-3606,To Do,In Progress,user0026,2026-09-15
10222,BI-3606,In Progress,Testing,user0001,2026-09-22
10223,BI-3606,Testing,Done,user0034,2026-10-05
10224,MOB-3607,,To Do,user0032,2026-09-14
10225,SEC-3608,,To Do,user0009,2026-09-14
10226,SEC-3608,To Do,In Progress,user0002,2026-09-17
10227,SEC-3608,In Progress,Blocked,user0009,2026-09-24
10228,BI-3609,,To Do,user0014,2026-09-14
10229,BI-3609,To Do,In Progress,user0014,2026-09-21
10230,BI-3609,In Progress,Testing,user0004,2026-09-26
10231,BI-3609,Testing,Done,user0044,2026-09-17
10232,BI-3610,,To Do,user0012,2026-09-14
10233,MOB-3611,,To Do,user0014,2026-09-14
10234,DATA-3612,,To Do,user0034,2026-09-14
10235,DATA-3612,To Do,In Progress,user0010,2026-09-17
10236,ECOM-3613,,To Do,user0039,2026-09-14
10237,MOB-3614,,To Do,user0012,2026-09-14
10238,MOB-3614,To Do,In Progress,user0021,2026-09-21
10239,MOB-3614,In Progress,Testing,user0002,2026-09-22
10240,CLOUD-3615,,To Do,user0010,2026-09-14
10241,CLOUD-3615,To Do,In Progress,user0026,2026-09-20
10242,CLOUD-3615,In Progress,Testing,user0032,2026-09-26
10243,BI-3616,,To Do,user0005,2026-09-14
10244,BI-3616,To Do,In Progress,user0011,2026-09-19
10245,BI-3616,In Progress,Testing,user0032,2026-09-20
10246,MOB-3617,,To Do,user0005,2026-09-14
10247,MOB-3617,To Do,In Progress,user0024,2026-09-21
10248,DATA-3618,,To Do,user0032,2026-09-14
10249,CRM-3619,,To Do,user0047,2026-09-14
10250,BI-3620,,To Do,user0031,2026-09-14
10251,BI-3620,To Do,In Progress,user0016,2026-09-17
10252,BI-3620,In Progress,Testing,user0026,2026-09-28
10253,SEC-3621,,To Do,user0039,2026-09-14
10254,CLOUD-3622,,To Do,user0035,2026-09-14
10255,CLOUD-3622,To Do,In Progress,user0025,2026-09-21
10256,CLOUD-3623,,To Do,user0039,2026-09-14
10257,CLOUD-3623,To Do,In Progress,user0015,2026-09-15
10258,CLOUD-3623,In Progress,Testing,user0008,2026-09-22
10259,DATA-3624,,To Do,user0034,2026-09-14
10260,ECOM-3625,,To Do,user0018,2026-09-14
10261,ECOM-3625,To Do,In Progress,user0040,2026-09-16
10262,ECOM-3625,In Progress,Testing,user0027,2026-09-26
10263,ECOM-3625,Testing,Done,user0011,2026-09-29
10264,DATA-3626,,To Do,user0038,2026-09-14
10265,DATA-3626,To Do,In Progress,user0042,2026-09-19
10266,DATA-3626,In Progress,Testing,user0014,2026-09-18
10267,DATA-3626,Testing,Done,user0038,2026-09-26
10268,ECOM-3627,,To Do,user0038,2026-09-14
10269,ECOM-3627,To Do,In Progress,user0029,2026-09-17
10270,ECOM-3627,In Progress,Testing,user0031,2026-09-16
10271,ECOM-3627,Testing,Done,user0014,2026-09-29
10272,DATA-3628,,To Do,user0004,2026-09-14
10273,DATA-3628,To Do,In Progress,user0013,2026-09-20
10274,PORTAL-3629,,To Do,user0041,2026-09-14
10275,PORTAL-3629,To Do,In Progress,user0025,2026-09-17
10276,PORTAL-3630,,To Do,user0017,2026-09-14
10277,PORTAL-3630,To Do,In Progress,user0021,2026-09-15
10278,PORTAL-3630,In Progress,Testing,user0039,2026-09-24
10279,PORTAL-3630,Testing,Done,user0036,2026-09-26
10280,PORTAL-3630,Done,Reopened,user0044,2026-10-04
10281,MOB-3631,,To Do,user0020,2026-09-14
10282,MOB-3631,To Do,In Progress,user0010,2026-09-19
10283,MOB-3631,In Progress,Testing,user0035,2026-09-26
10284,MOB-3631,Testing,Done,user0021,2026-09-26
10285,CLOUD-3632,,To Do,user0035,2026-09-14
10286,SEC-3633,,To Do,user0014,2026-09-14
10287,SEC-3633,To Do,In Progress,user0044,2026-09-20
10288,SEC-3633,In Progress,Testing,user0049,2026-09-18
10289,SEC-3633,Testing,Done,user0035,2026-09-17
10290,SEC-3634,,To Do,user0042,2026-09-14
10291,BANK-3635,,To Do,user0043,2026-09-14
10292,BANK-3635,To Do,In Progress,user0002,2026-09-19
10293,CLOUD-3636,,To Do,user0048,2026-09-14
10294,CLOUD-3636,To Do,In Progress,user0006,2026-09-16
10295,CLOUD-3636,In Progress,Testing,user0046,2026-09-20
10296,CLOUD-3636,Testing,Done,user0016,2026-09-26
10297,CLOUD-3637,,To Do,user0041,2026-09-14
10298,CLOUD-3637,To Do,In Progress,user0001,2026-09-16
10299,CLOUD-3637,In Progress,Testing,user0014,2026-09-24
10300,BI-3638,,To Do,user0027,2026-09-14
10301,PORTAL-3639,,To Do,user0047,2026-09-14
10302,ECOM-3640,,To Do,user0045,2026-09-14
10303,PORTAL-3641,,To Do,user0010,2026-09-14
10304,ECOM-3642,,To Do,user0031,2026-09-14
10305,SEC-3643,,To Do,user0019,2026-09-14
10306,SEC-3643,To Do,In Progress,user0015,2026-09-18
10307,SEC-3643,In Progress,Testing,user0005,2026-09-16
10308,SEC-3643,Testing,Done,user0001,2026-10-05
10309,SEC-3643,Done,Reopened,user0033,2026-10-04
10310,ERP-3644,,To Do,user0009,2026-09-14
10311,ERP-3644,To Do,In Progress,user0019,2026-09-15
10312,MOB-3645,,To Do,user0008,2026-09-14
10313,MOB-3645,To Do,In Progress,user0007,2026-09-18
10314,SEC-3646,,To Do,user0013,2026-09-14
10315,SEC-3646,To Do,In Progress,user0028,2026-09-16
10316,BI-3647,,To Do,user0036,2026-09-14
10317,BI-3647,To Do,In Progress,user0044,2026-09-19
10318,BI-3647,In Progress,Testing,user0048,2026-09-28
10319,BI-3647,Testing,Done,user0024,2026-10-05
10320,CRM-3648,,To Do,user0042,2026-09-14
10321,CRM-3648,To Do,In Progress,user0007,2026-09-15
10322,ERP-3649,,To Do,user0035,2026-09-14
10323,ERP-3649,To Do,In Progress,user0039,2026-09-20
10324,CRM-3650,,To Do,user0027,2026-09-14
10325,CRM-3650,To Do,In Progress,user0007,2026-09-18
10326,CRM-3650,In Progress,Testing,user0027,2026-09-24
10327,CRM-3650,Testing,Done,user0011,2026-09-23
10328,CLOUD-3651,,To Do,user0028,2026-09-14
10329,CLOUD-3651,To Do,In Progress,user0016,2026-09-20
10330,CLOUD-3651,In Progress,Testing,user0046,2026-09-28
10331,CLOUD-3651,Testing,Done,user0011,2026-09-17
10332,ECOM-3652,,To Do,user0027,2026-09-14
10333,ECOM-3652,To Do,In Progress,user0040,2026-09-18
10334,ECOM-3652,In Progress,Testing,user0003,2026-09-24
10335,ECOM-3652,Testing,Done,user0014,2026-10-05
10336,SEC-3653,,To Do,user0042,2026-09-14
10337,SEC-3653,To Do,In Progress,user0029,2026-09-20
10338,PORTAL-3654,,To Do,user0014,2026-09-14
10339,PORTAL-3654,To Do,In Progress,user0048,2026-09-19
10340,BANK-3655,,To Do,user0037,2026-09-14
10341,BANK-3655,To Do,In Progress,user0027,2026-09-21
10342,BANK-3655,In Progress,Testing,user0025,2026-09-22
10343,BANK-3655,Testing,Done,user0037,2026-09-20
10344,PORTAL-3656,,To Do,user0037,2026-09-14
10345,PORTAL-3656,To Do,In Progress,user0014,2026-09-15
10346,PORTAL-3656,In Progress,Testing,user0019,2026-09-22
10347,PORTAL-3656,Testing,Done,user0011,2026-09-17
10348,CRM-3657,,To Do,user0014,2026-09-14
10349,CRM-3657,To Do,In Progress,user0038,2026-09-20
10350,CRM-3657,In Progress,Blocked,user0005,2026-09-26
10351,BANK-3658,,To Do,user0029,2026-09-14
10352,BANK-3658,To Do,In Progress,user0043,2026-09-17
10353,BANK-3658,In Progress,Testing,user0025,2026-09-28
10354,BANK-3658,Testing,Done,user0014,2026-09-26
10355,BI-3659,,To Do,user0022,2026-09-14
10356,BI-3659,To Do,In Progress,user0044,2026-09-15
10357,BI-3659,In Progress,Testing,user0012,2026-09-24
10358,BI-3659,Testing,Done,user0045,2026-09-20
10359,MOB-3660,,To Do,user0001,2026-09-14
10360,MOB-3660,To Do,In Progress,user0046,2026-09-21
10361,MOB-3660,In Progress,Testing,user0032,2026-09-20
10362,DATA-3661,,To Do,user0044,2026-09-14
10363,DATA-3661,To Do,In Progress,user0050,2026-09-20
10364,DATA-3661,In Progress,Testing,user0002,2026-09-18
10365,DATA-3661,Testing,Done,user0038,2026-09-17
10366,PORTAL-3662,,To Do,user0017,2026-09-14
10367,PORTAL-3662,To Do,In Progress,user0044,2026-09-19
10368,PORTAL-3662,In Progress,Blocked,user0029,2026-09-16
10369,BI-3663,,To Do,user0033,2026-09-14
10370,BI-3663,To Do,In Progress,user0012,2026-09-19
10371,ECOM-3664,,To Do,user0007,2026-09-14
10372,ECOM-3664,To Do,In Progress,user0036,2026-09-21
10373,ECOM-3664,In Progress,Blocked,user0042,2026-09-18
10374,CLOUD-3665,,To Do,user0014,2026-09-14
10375,CLOUD-3665,To Do,In Progress,user0027,2026-09-17
10376,CLOUD-3665,In Progress,Testing,user0010,2026-09-22
10377,CLOUD-3665,Testing,Done,user0031,2026-09-17
10378,DATA-3666,,To Do,user0044,2026-09-14
10379,BI-3667,,To Do,user0042,2026-09-14
10380,BI-3667,To Do,In Progress,user0002,2026-09-19
10381,DATA-3668,,To Do,user0018,2026-09-14
10382,DATA-3668,To Do,In Progress,user0031,2026-09-20
10383,DATA-3668,In Progress,Blocked,user0047,2026-09-18
10384,MOB-3669,,To Do,user0048,2026-09-14
10385,MOB-3669,To Do,In Progress,user0030,2026-09-16
10386,MOB-3669,In Progress,Testing,user0012,2026-09-18
10387,ECOM-3670,,To Do,user0034,2026-09-14
10388,BI-3671,,To Do,user0024,2026-09-14
10389,BI-3671,To Do,In Progress,user0044,2026-09-19
10390,BI-3671,In Progress,Testing,user0040,2026-09-16
10391,BI-3671,Testing,Done,user0043,2026-09-17
10392,MOB-3672,,To Do,user0024,2026-09-14
10393,MOB-3672,To Do,In Progress,user0005,2026-09-21
10394,MOB-3672,In Progress,Testing,user0019,2026-09-22
10395,MOB-3672,Testing,Done,user0035,2026-10-02
10396,ECOM-3673,,To Do,user0038,2026-09-14
10397,ECOM-3673,To Do,In Progress,user0027,2026-09-19
10398,ECOM-3673,In Progress,Testing,user0009,2026-09-18
10399,MOB-3674,,To Do,user0027,2026-09-14
10400,CLOUD-3675,,To Do,user0027,2026-09-14
10401,CLOUD-3675,To Do,In Progress,user0016,2026-09-18
10402,CLOUD-3675,In Progress,Blocked,user0018,2026-09-22
10403,CRM-3676,,To Do,user0041,2026-09-14
10404,CRM-3676,To Do,In Progress,user0039,2026-09-19
10405,BI-3677,,To Do,user0005,2026-09-14
10406,BI-3677,To Do,In Progress,user0024,2026-09-21
10407,BI-3677,In Progress,Testing,user0016,2026-09-18
10408,BI-3677,Testing,Done,user0038,2026-09-23
10409,BANK-3678,,To Do,user0050,2026-09-14
10410,BANK-3678,To Do,In Progress,user0042,2026-09-16
10411,BI-3679,,To Do,user0009,2026-09-14
10412,BI-3679,To Do,In Progress,user0037,2026-09-21
10413,BI-3679,In Progress,Testing,user0003,2026-09-26
10414,BI-3679,Testing,Done,user0026,2026-09-17
10415,BI-3680,,To Do,user0049,2026-09-14
10416,BI-3680,To Do,In Progress,user0024,2026-09-18
10417,BI-3680,In Progress,Testing,user0024,2026-09-16
10418,BI-3680,Testing,Done,user0030,2026-09-17
10419,CRM-3681,,To Do,user0032,2026-09-14
10420,CRM-3681,To Do,In Progress,user0049,2026-09-18
10421,CRM-3681,In Progress,Testing,user0011,2026-09-28
10422,CRM-3681,Testing,Done,user0043,2026-09-20
10423,CRM-3681,Done,Reopened,user0014,2026-09-26
10424,MOB-3682,,To Do,user0028,2026-09-14
10425,MOB-3682,To Do,In Progress,user0041,2026-09-18
10426,CLOUD-3683,,To Do,user0019,2026-09-14
10427,CLOUD-3683,To Do,In Progress,user0040,2026-09-18
10428,CLOUD-3683,In Progress,Testing,user0043,2026-09-24
10429,CLOUD-3683,Testing,Done,user0043,2026-10-05
10430,SEC-3684,,To Do,user0041,2026-09-14
10431,SEC-3684,To Do,In Progress,user0022,2026-09-18
10432,MOB-3685,,To Do,user0042,2026-09-14
10433,MOB-3685,To Do,In Progress,user0014,2026-09-15
10434,MOB-3685,In Progress,Testing,user0023,2026-09-18
10435,MOB-3685,Testing,Done,user0018,2026-09-17
10436,ECOM-3686,,To Do,user0033,2026-09-14
10437,ECOM-3686,To Do,In Progress,user0045,2026-09-21
10438,ECOM-3686,In Progress,Testing,user0045,2026-09-16
10439,ECOM-3686,Testing,Done,user0007,2026-10-05
10440,ECOM-3686,Done,Reopened,user0045,2026-09-26
10441,BI-3687,,To Do,user0029,2026-09-14
10442,BI-3687,To Do,In Progress,user0026,2026-09-21
10443,ECOM-3688,,To Do,user0003,2026-09-14
10444,CRM-3689,,To Do,user0026,2026-09-14
10445,CRM-3689,To Do,In Progress,user0016,2026-09-15
10446,PORTAL-3690,,To Do,user0030,2026-09-14
10447,PORTAL-3690,To Do,In Progress,user0024,2026-09-21
10448,BI-3691,,To Do,user0033,2026-09-14
10449,BI-3691,To Do,In Progress,user0027,2026-09-17
10450,BI-3691,In Progress,Testing,user0043,2026-09-24
10451,BI-3691,Testing,Done,user0013,2026-10-05
10452,MOB-3692,,To Do,user0049,2026-09-14
10453,MOB-3692,To Do,In Progress,user0040,2026-09-20
10454,MOB-3692,In Progress,Testing,user0027,2026-09-26
10455,MOB-3692,Testing,Done,user0009,2026-09-20
10456,ERP-3693,,To Do,user0012,2026-09-14
10457,ERP-3693,To Do,In Progress,user0040,2026-09-19
10458,PORTAL-3694,,To Do,user0039,2026-09-14
10459,CLOUD-3695,,To Do,user0047,2026-09-14
10460,CLOUD-3695,To Do,In Progress,user0022,2026-09-20
10461,BI-3696,,To Do,user0032,2026-09-14
10462,BI-3696,To Do,In Progress,user0016,2026-09-18
10463,BI-3696,In Progress,Testing,user0017,2026-09-26
10464,BI-3696,Testing,Done,user0016,2026-09-20
10465,CLOUD-3697,,To Do,user0038,2026-09-14
10466,CLOUD-3697,To Do,In Progress,user0032,2026-09-21
10467,BANK-3698,,To Do,user0012,2026-09-14
10468,BANK-3698,To Do,In Progress,user0027,2026-09-16
10469,CRM-3699,,To Do,user0003,2026-09-14
10470,CRM-3699,To Do,In Progress,user0008,2026-09-18
10471,CRM-3699,In Progress,Blocked,user0015,2026-09-24
10472,DATA-3700,,To Do,user0029,2026-09-14
10473,DATA-3700,To Do,In Progress,user0043,2026-09-20
10474,DATA-3700,In Progress,Testing,user0030,2026-09-26
10475,DATA-3700,Testing,Done,user0004,2026-10-02
10476,PORTAL-3701,,To Do,user0008,2026-09-14
10477,ECOM-3702,,To Do,user0033,2026-09-14
10478,CLOUD-3703,,To Do,user0031,2026-09-14
10479,CLOUD-3703,To Do,In Progress,user0035,2026-09-21
10480,BANK-3704,,To Do,user0004,2026-09-14
10481,BANK-3704,To Do,In Progress,user0006,2026-09-20
10482,ECOM-3705,,To Do,user0030,2026-09-14
10483,ECOM-3705,To Do,In Progress,user0044,2026-09-21
10484,ECOM-3705,In Progress,Blocked,user0027,2026-09-16
10485,SEC-3706,,To Do,user0042,2026-09-14
10486,SEC-3706,To Do,In Progress,user0037,2026-09-19
10487,CRM-3707,,To Do,user0018,2026-09-14
10488,CRM-3707,To Do,In Progress,user0006,2026-09-20
10489,CRM-3707,In Progress,Testing,user0022,2026-09-16
10490,CRM-3708,,To Do,user0022,2026-09-14
10491,CRM-3708,To Do,In Progress,user0032,2026-09-18
10492,SEC-3709,,To Do,user0044,2026-09-14
10493,SEC-3709,To Do,In Progress,user0017,2026-09-16
10494,SEC-3709,In Progress,Blocked,user0029,2026-09-18
10495,CLOUD-3710,,To Do,user0018,2026-09-14
10496,CLOUD-3710,To Do,In Progress,user0003,2026-09-16
10497,CLOUD-3710,In Progress,Testing,user0042,2026-09-26
10498,CLOUD-3710,Testing,Done,user0049,2026-09-26
10499,CLOUD-3710,Done,Reopened,user0019,2026-10-04
10500,CRM-3711,,To Do,user0041,2026-09-14
10501,MOB-3712,,To Do,user0008,2026-09-14
10502,MOB-3712,To Do,In Progress,user0030,2026-09-21
10503,MOB-3712,In Progress,Testing,user0005,2026-09-26
10504,MOB-3712,Testing,Done,user0029,2026-09-20
10505,CLOUD-3713,,To Do,user0022,2026-09-14
10506,CRM-3714,,To Do,user0020,2026-09-14
10507,CRM-3714,To Do,In Progress,user0027,2026-09-19
10508,CRM-3714,In Progress,Testing,user0029,2026-09-28
10509,CRM-3714,Testing,Done,user0049,2026-10-02
10510,DATA-3715,,To Do,user0017,2026-09-14
10511,DATA-3715,To Do,In Progress,user0015,2026-09-21
10512,DATA-3715,In Progress,Testing,user0018,2026-09-22
10513,SEC-3716,,To Do,user0037,2026-09-14
10514,SEC-3716,To Do,In Progress,user0025,2026-09-16
10515,MOB-3717,,To Do,user0030,2026-09-14
10516,MOB-3717,To Do,In Progress,user0039,2026-09-17
10517,MOB-3717,In Progress,Testing,user0033,2026-09-16
10518,MOB-3717,Testing,Done,user0041,2026-09-29
10519,BANK-3718,,To Do,user0045,2026-09-14
10520,BANK-3718,To Do,In Progress,user0004,2026-09-15
10521,ECOM-3719,,To Do,user0010,2026-09-14
10522,ECOM-3719,To Do,In Progress,user0007,2026-09-17
10523,ECOM-3719,In Progress,Testing,user0036,2026-09-24
10524,ECOM-3719,Testing,Done,user0036,2026-09-20
10525,BI-3720,,To Do,user0026,2026-09-14
10526,BI-3720,To Do,In Progress,user0011,2026-09-15
10527,BI-3720,In Progress,Testing,user0021,2026-09-28
10528,BI-3721,,To Do,user0016,2026-09-14
10529,BI-3721,To Do,In Progress,user0019,2026-09-17
10530,BI-3721,In Progress,Testing,user0050,2026-09-16
10531,BI-3721,Testing,Done,user0001,2026-09-17
10532,ECOM-3722,,To Do,user0012,2026-09-14
10533,ECOM-3722,To Do,In Progress,user0005,2026-09-15
10534,ECOM-3722,In Progress,Testing,user0037,2026-09-18
10535,ECOM-3722,Testing,Done,user0005,2026-09-20
10536,SEC-3723,,To Do,user0002,2026-09-14
10537,SEC-3723,To Do,In Progress,user0037,2026-09-20
10538,ECOM-3724,,To Do,user0010,2026-09-14
10539,ECOM-3724,To Do,In Progress,user0040,2026-09-19
10540,ECOM-3725,,To Do,user0030,2026-09-14
10541,ECOM-3726,,To Do,user0048,2026-09-14
10542,ECOM-3726,To Do,In Progress,user0047,2026-09-19
10543,ERP-3727,,To Do,user0032,2026-09-14
10544,ERP-3727,To Do,In Progress,user0027,2026-09-16
10545,ERP-3727,In Progress,Blocked,user0016,2026-09-18
10546,PORTAL-3728,,To Do,user0037,2026-09-14
10547,PORTAL-3728,To Do,In Progress,user0015,2026-09-16
10548,BI-3729,,To Do,user0004,2026-09-14
10549,BI-3729,To Do,In Progress,user0001,2026-09-21
10550,BI-3729,In Progress,Testing,user0014,2026-09-18
10551,BI-3729,Testing,Done,user0035,2026-09-20
10552,ECOM-3730,,To Do,user0021,2026-09-14
10553,ECOM-3730,To Do,In Progress,user0008,2026-09-16
10554,CLOUD-3731,,To Do,user0018,2026-09-14
10555,DATA-3732,,To Do,user0003,2026-09-14
10556,DATA-3732,To Do,In Progress,user0009,2026-09-18
10557,DATA-3732,In Progress,Testing,user0018,2026-09-18
10558,DATA-3732,Testing,Done,user0031,2026-09-17
10559,DATA-3732,Done,Reopened,user0048,2026-09-26
10560,BANK-3733,,To Do,user0026,2026-09-14
10561,BANK-3733,To Do,In Progress,user0002,2026-09-15
10562,BANK-3733,In Progress,Testing,user0018,2026-09-22
10563,BANK-3733,Testing,Done,user0038,2026-10-05
10564,MOB-3734,,To Do,user0033,2026-09-14
10565,MOB-3734,To Do,In Progress,user0048,2026-09-19
10566,MOB-3734,In Progress,Testing,user0017,2026-09-18
10567,MOB-3734,Testing,Done,user0045,2026-09-26
10568,ECOM-3735,,To Do,user0039,2026-09-14
10569,ECOM-3735,To Do,In Progress,user0041,2026-09-15
10570,CRM-3736,,To Do,user0011,2026-09-14
10571,CRM-3736,To Do,In Progress,user0001,2026-09-19
10572,CRM-3736,In Progress,Blocked,user0048,2026-09-28
10573,SEC-3737,,To Do,user0030,2026-09-14
10574,SEC-3737,To Do,In Progress,user0038,2026-09-18
10575,BI-3738,,To Do,user0039,2026-09-14
10576,BI-3738,To Do,In Progress,user0002,2026-09-19
10577,BI-3738,In Progress,Testing,user0018,2026-09-28
10578,BI-3738,Testing,Done,user0003,2026-09-23
10579,SEC-3739,,To Do,user0036,2026-09-14
10580,ERP-3740,,To Do,user0002,2026-09-14
10581,ERP-3740,To Do,In Progress,user0041,2026-09-21
10582,ERP-3740,In Progress,Blocked,user0050,2026-09-18
10583,DATA-3741,,To Do,user0028,2026-09-14
10584,DATA-3741,To Do,In Progress,user0040,2026-09-20
10585,DATA-3741,In Progress,Testing,user0030,2026-09-18
10586,DATA-3741,Testing,Done,user0011,2026-09-29
10587,PORTAL-3742,,To Do,user0044,2026-09-14
10588,PORTAL-3742,To Do,In Progress,user0032,2026-09-19
10589,PORTAL-3742,In Progress,Testing,user0048,2026-09-18
10590,PORTAL-3742,Testing,Done,user0014,2026-09-23
10591,BANK-3743,,To Do,user0034,2026-09-14
10592,BANK-3743,To Do,In Progress,user0045,2026-09-16
10593,ERP-3744,,To Do,user0019,2026-09-14
10594,ERP-3744,To Do,In Progress,user0015,2026-09-17
10595,ERP-3744,In Progress,Testing,user0018,2026-09-22
10596,ERP-3744,Testing,Done,user0005,2026-09-17
10597,ERP-3745,,To Do,user0012,2026-09-14
10598,ERP-3745,To Do,In Progress,user0035,2026-09-18
10599,ERP-3745,In Progress,Testing,user0049,2026-09-20
10600,ERP-3746,,To Do,user0003,2026-09-14
10601,PORTAL-3747,,To Do,user0035,2026-09-14
10602,ERP-3748,,To Do,user0027,2026-09-14
10603,ERP-3748,To Do,In Progress,user0013,2026-09-17
10604,ERP-3748,In Progress,Blocked,user0042,2026-09-18
10605,DATA-3749,,To Do,user0027,2026-09-14
10606,DATA-3749,To Do,In Progress,user0022,2026-09-21
10607,DATA-3749,In Progress,Testing,user0015,2026-09-24
10608,DATA-3749,Testing,Done,user0010,2026-09-17
10609,ECOM-3750,,To Do,user0034,2026-09-14
10610,ECOM-3750,To Do,In Progress,user0049,2026-09-16
10611,MOB-3751,,To Do,user0035,2026-09-14
10612,MOB-3751,To Do,In Progress,user0029,2026-09-16
10613,MOB-3751,In Progress,Testing,user0004,2026-09-24
10614,MOB-3751,Testing,Done,user0041,2026-09-26
10615,MOB-3751,Done,Reopened,user0050,2026-09-26
10616,ERP-3752,,To Do,user0050,2026-09-14
10617,ERP-3752,To Do,In Progress,user0022,2026-09-17
10618,PORTAL-3753,,To Do,user0016,2026-09-14
10619,PORTAL-3753,To Do,In Progress,user0043,2026-09-17
10620,MOB-3754,,To Do,user0048,2026-09-14
10621,MOB-3754,To Do,In Progress,user0018,2026-09-17
10622,MOB-3754,In Progress,Testing,user0014,2026-09-16
10623,BANK-3755,,To Do,user0009,2026-09-14
10624,BANK-3755,To Do,In Progress,user0028,2026-09-16
10625,BANK-3755,In Progress,Testing,user0005,2026-09-22
10626,BANK-3755,Testing,Done,user0012,2026-09-26
10627,CLOUD-3756,,To Do,user0024,2026-09-14
10628,BANK-3757,,To Do,user0015,2026-09-14
10629,DATA-3758,,To Do,user0043,2026-09-14
10630,DATA-3758,To Do,In Progress,user0044,2026-09-21
10631,DATA-3758,In Progress,Testing,user0005,2026-09-24
10632,DATA-3758,Testing,Done,user0043,2026-09-29
10633,CRM-3759,,To Do,user0014,2026-09-14
10634,CRM-3759,To Do,In Progress,user0048,2026-09-20
10635,CRM-3759,In Progress,Testing,user0046,2026-09-18
10636,CRM-3759,Testing,Done,user0017,2026-10-02
10637,CRM-3759,Done,Reopened,user0020,2026-10-04
10638,SEC-3760,,To Do,user0010,2026-09-14
10639,SEC-3760,To Do,In Progress,user0001,2026-09-21
10640,SEC-3760,In Progress,Blocked,user0023,2026-09-20
10641,ECOM-3761,,To Do,user0010,2026-09-14
10642,CLOUD-3762,,To Do,user0010,2026-09-14
10643,CLOUD-3762,To Do,In Progress,user0004,2026-09-20
10644,BANK-3763,,To Do,user0011,2026-09-14
10645,BANK-3763,To Do,In Progress,user0044,2026-09-18
10646,BANK-3763,In Progress,Testing,user0013,2026-09-22
10647,BANK-3763,Testing,Done,user0042,2026-09-29
10648,PORTAL-3764,,To Do,user0033,2026-09-14
10649,PORTAL-3764,To Do,In Progress,user0001,2026-09-19
10650,BANK-3765,,To Do,user0029,2026-09-14
10651,BANK-3765,To Do,In Progress,user0025,2026-09-21
10652,BANK-3765,In Progress,Blocked,user0008,2026-09-26
10653,PORTAL-3766,,To Do,user0008,2026-09-14
10654,PORTAL-3766,To Do,In Progress,user0045,2026-09-20
10655,PORTAL-3766,In Progress,Testing,user0050,2026-09-24
10656,PORTAL-3766,Testing,Done,user0045,2026-09-26
10657,MOB-3767,,To Do,user0015,2026-09-14
10658,CRM-3768,,To Do,user0043,2026-09-14
10659,CRM-3768,To Do,In Progress,user0040,2026-09-21
10660,PORTAL-3769,,To Do,user0019,2026-09-14
10661,PORTAL-3770,,To Do,user0003,2026-09-14
10662,PORTAL-3770,To Do,In Progress,user0011,2026-09-15
10663,PORTAL-3770,In Progress,Blocked,user0009,2026-09-28
10664,BANK-3771,,To Do,user0046,2026-09-14
10665,DATA-3772,,To Do,user0046,2026-09-14
10666,DATA-3772,To Do,In Progress,user0028,2026-09-21
10667,BI-3773,,To Do,user0030,2026-09-14
10668,BI-3773,To Do,In Progress,user0036,2026-09-19
10669,BI-3773,In Progress,Testing,user0027,2026-09-28
10670,BI-3773,Testing,Done,user0024,2026-09-29
10671,BI-3774,,To Do,user0011,2026-09-14
10672,BI-3774,To Do,In Progress,user0048,2026-09-18
10673,BI-3774,In Progress,Testing,user0001,2026-09-28
10674,BI-3774,Testing,Done,user0021,2026-10-05
10675,ERP-3775,,To Do,user0002,2026-09-14
10676,ERP-3775,To Do,In Progress,user0011,2026-09-20
10677,ERP-3775,In Progress,Testing,user0013,2026-09-22
10678,ERP-3775,Testing,Done,user0002,2026-10-02
10679,ECOM-3776,,To Do,user0044,2026-09-14
10680,ECOM-3776,To Do,In Progress,user0034,2026-09-16
10681,ERP-3777,,To Do,user0012,2026-09-14
10682,SEC-3778,,To Do,user0004,2026-09-14
10683,SEC-3778,To Do,In Progress,user0043,2026-09-15
10684,SEC-3778,In Progress,Blocked,user0014,2026-09-16
10685,DATA-3779,,To Do,user0001,2026-09-14
10686,DATA-3779,To Do,In Progress,user0006,2026-09-21
10687,DATA-3779,In Progress,Testing,user0004,2026-09-16
10688,DATA-3779,Testing,Done,user0004,2026-09-29
10689,BI-3780,,To Do,user0037,2026-09-14
10690,BI-3780,To Do,In Progress,user0036,2026-09-16
10691,BI-3780,In Progress,Testing,user0008,2026-09-18
10692,BI-3780,Testing,Done,user0001,2026-10-05
10693,DATA-3781,,To Do,user0035,2026-09-14
10694,DATA-3781,To Do,In Progress,user0034,2026-09-21
10695,DATA-3781,In Progress,Testing,user0033,2026-09-22
10696,CRM-3782,,To Do,user0022,2026-09-14
10697,BANK-3783,,To Do,user0019,2026-09-14
10698,BANK-3783,To Do,In Progress,user0030,2026-09-15
10699,BANK-3783,In Progress,Testing,user0038,2026-09-24
10700,BANK-3783,Testing,Done,user0011,2026-10-05
10701,BANK-3783,Done,Reopened,user0024,2026-09-30
10702,BANK-3784,,To Do,user0004,2026-09-14
10703,BI-3785,,To Do,user0006,2026-09-14
10704,BI-3785,To Do,In Progress,user0026,2026-09-21
10705,BI-3785,In Progress,Testing,user0048,2026-09-18
10706,BI-3785,Testing,Done,user0009,2026-09-23
10707,ERP-3786,,To Do,user0023,2026-09-14
10708,ERP-3786,To Do,In Progress,user0024,2026-09-20
10709,ERP-3786,In Progress,Testing,user0015,2026-09-20
10710,CLOUD-3787,,To Do,user0031,2026-09-14
10711,CLOUD-3787,To Do,In Progress,user0037,2026-09-15
10712,CLOUD-3787,In Progress,Testing,user0038,2026-09-22
10713,CLOUD-3787,Testing,Done,user0021,2026-09-17
10714,SEC-3788,,To Do,user0020,2026-09-14
10715,SEC-3788,To Do,In Progress,user0012,2026-09-16
10716,SEC-3788,In Progress,Blocked,user0048,2026-09-26
10717,MOB-3789,,To Do,user0004,2026-09-14
10718,MOB-3789,To Do,In Progress,user0036,2026-09-17
10719,MOB-3790,,To Do,user0013,2026-09-14
10720,MOB-3790,To Do,In Progress,user0046,2026-09-16
10721,MOB-3790,In Progress,Testing,user0015,2026-09-24
10722,MOB-3790,Testing,Done,user0005,2026-09-26
10723,BI-3791,,To Do,user0024,2026-09-14
10724,BI-3791,To Do,In Progress,user0031,2026-09-19
10725,BI-3791,In Progress,Testing,user0020,2026-09-20
10726,BI-3791,Testing,Done,user0040,2026-09-23
10727,MOB-3792,,To Do,user0014,2026-09-14
10728,MOB-3792,To Do,In Progress,user0017,2026-09-16
10729,MOB-3792,In Progress,Testing,user0010,2026-09-28
10730,MOB-3792,Testing,Done,user0026,2026-09-23
10731,SEC-3793,,To Do,user0004,2026-09-14
10732,SEC-3793,To Do,In Progress,user0032,2026-09-17
10733,SEC-3793,In Progress,Testing,user0039,2026-09-18
10734,SEC-3793,Testing,Done,user0033,2026-09-23
10735,PORTAL-3794,,To Do,user0010,2026-09-14
10736,BI-3795,,To Do,user0002,2026-09-14
10737,BI-3795,To Do,In Progress,user0040,2026-09-21
10738,BI-3795,In Progress,Testing,user0001,2026-09-16
10739,BI-3795,Testing,Done,user0048,2026-09-17
10740,CRM-3796,,To Do,user0015,2026-09-14
10741,CRM-3796,To Do,In Progress,user0007,2026-09-21
10742,ERP-3797,,To Do,user0005,2026-09-14
10743,ERP-3797,To Do,In Progress,user0042,2026-09-18
10744,ERP-3797,In Progress,Blocked,user0039,2026-09-16
10745,CRM-3798,,To Do,user0047,2026-09-14
10746,CRM-3798,To Do,In Progress,user0048,2026-09-15
10747,CRM-3798,In Progress,Testing,user0030,2026-09-22
10748,BI-3799,,To Do,user0003,2026-09-14
10749,BI-3799,To Do,In Progress,user0047,2026-09-17
10750,BI-3799,In Progress,Testing,user0001,2026-09-18
10751,BI-3799,Testing,Done,user0018,2026-09-20
10752,SEC-3800,,To Do,user0040,2026-09-14
10753,SEC-3800,To Do,In Progress,user0023,2026-09-16
10754,SEC-3800,In Progress,Testing,user0033,2026-09-16
10755,SEC-3800,Testing,Done,user0001,2026-10-02
10756,SEC-3800,Done,Reopened,user0018,2026-09-26
10757,CLOUD-3801,,To Do,user0012,2026-09-14
10758,CLOUD-3801,To Do,In Progress,user0015,2026-09-16
10759,CLOUD-3801,In Progress,Testing,user0023,2026-09-28
10760,CLOUD-3801,Testing,Done,user0019,2026-09-26
10761,ECOM-3802,,To Do,user0023,2026-09-14
10762,BANK-3803,,To Do,user0036,2026-09-14
10763,BANK-3803,To Do,In Progress,user0008,2026-09-21
10764,BANK-3803,In Progress,Testing,user0016,2026-09-28
10765,BANK-3803,Testing,Done,user0017,2026-10-05
10766,CLOUD-3804,,To Do,user0044,2026-09-14
10767,CLOUD-3804,To Do,In Progress,user0041,2026-09-19
10768,CLOUD-3804,In Progress,Testing,user0008,2026-09-24
10769,CLOUD-3804,Testing,Done,user0006,2026-09-23
10770,CLOUD-3804,Done,Reopened,user0018,2026-10-08
10771,CRM-3805,,To Do,user0047,2026-09-14
10772,CRM-3805,To Do,In Progress,user0016,2026-09-21
10773,CRM-3805,In Progress,Testing,user0048,2026-09-24
10774,CRM-3805,Testing,Done,user0001,2026-09-29
10775,PORTAL-3806,,To Do,user0015,2026-09-14
10776,PORTAL-3806,To Do,In Progress,user0038,2026-09-18
10777,PORTAL-3806,In Progress,Testing,user0046,2026-09-26
10778,PORTAL-3806,Testing,Done,user0038,2026-10-02
10779,PORTAL-3806,Done,Reopened,user0007,2026-10-04
10780,CRM-3807,,To Do,user0023,2026-09-14
10781,CRM-3807,To Do,In Progress,user0022,2026-09-20
10782,MOB-3808,,To Do,user0032,2026-09-14
10783,MOB-3808,To Do,In Progress,user0036,2026-09-16
10784,MOB-3808,In Progress,Testing,user0031,2026-09-26
10785,MOB-3808,Testing,Done,user0036,2026-09-26
10786,ECOM-3809,,To Do,user0042,2026-09-14
10787,ECOM-3809,To Do,In Progress,user0007,2026-09-21
10788,MOB-3810,,To Do,user0049,2026-09-14
10789,MOB-3810,To Do,In Progress,user0028,2026-09-15
10790,MOB-3810,In Progress,Testing,user0047,2026-09-18
10791,MOB-3810,Testing,Done,user0012,2026-09-29
10792,MOB-3811,,To Do,user0008,2026-09-14
10793,MOB-3811,To Do,In Progress,user0046,2026-09-21
10794,MOB-3811,In Progress,Testing,user0026,2026-09-18
10795,MOB-3811,Testing,Done,user0017,2026-09-20
10796,BI-3812,,To Do,user0041,2026-09-14
10797,BI-3812,To Do,In Progress,user0043,2026-09-17
10798,BI-3812,In Progress,Testing,user0037,2026-09-16
10799,BI-3812,Testing,Done,user0030,2026-09-17
10800,SEC-3813,,To Do,user0041,2026-09-14
10801,SEC-3813,To Do,In Progress,user0045,2026-09-16
10802,MOB-3814,,To Do,user0037,2026-09-14
10803,MOB-3814,To Do,In Progress,user0037,2026-09-17
10804,MOB-3814,In Progress,Testing,user0010,2026-09-18
10805,MOB-3814,Testing,Done,user0024,2026-09-29
10806,PORTAL-3815,,To Do,user0018,2026-09-14
10807,PORTAL-3815,To Do,In Progress,user0048,2026-09-20
10808,PORTAL-3815,In Progress,Blocked,user0022,2026-09-16
10809,ERP-3816,,To Do,user0021,2026-09-14
10810,ERP-3816,To Do,In Progress,user0050,2026-09-17
10811,ERP-3816,In Progress,Testing,user0025,2026-09-26
10812,BI-3817,,To Do,user0044,2026-09-14
10813,DATA-3818,,To Do,user0006,2026-09-14
10814,DATA-3819,,To Do,user0012,2026-09-14
10815,DATA-3819,To Do,In Progress,user0002,2026-09-18
10816,DATA-3819,In Progress,Testing,user0049,2026-09-16
10817,DATA-3819,Testing,Done,user0049,2026-10-05
10818,CLOUD-3820,,To Do,user0050,2026-09-14
10819,CLOUD-3820,To Do,In Progress,user0048,2026-09-21
10820,CLOUD-3820,In Progress,Testing,user0009,2026-09-28
10821,CLOUD-3820,Testing,Done,user0036,2026-09-26
10822,MOB-3821,,To Do,user0027,2026-09-14
10823,MOB-3821,To Do,In Progress,user0003,2026-09-15
10824,MOB-3821,In Progress,Testing,user0050,2026-09-24
10825,MOB-3821,Testing,Done,user0020,2026-10-05
10826,ERP-3822,,To Do,user0031,2026-09-14
10827,ERP-3822,To Do,In Progress,user0003,2026-09-18
10828,ERP-3822,In Progress,Testing,user0032,2026-09-26
10829,ERP-3822,Testing,Done,user0039,2026-09-26
10830,CLOUD-3823,,To Do,user0038,2026-09-14
10831,CLOUD-3823,To Do,In Progress,user0037,2026-09-19
10832,SEC-3824,,To Do,user0044,2026-09-14
10833,BI-3825,,To Do,user0011,2026-09-14
10834,MOB-3826,,To Do,user0027,2026-09-14
10835,MOB-3826,To Do,In Progress,user0019,2026-09-18
10836,MOB-3826,In Progress,Testing,user0015,2026-09-18
10837,MOB-3826,Testing,Done,user0046,2026-09-20
10838,PORTAL-3827,,To Do,user0042,2026-09-14
10839,PORTAL-3827,To Do,In Progress,user0048,2026-09-19
10840,PORTAL-3827,In Progress,Blocked,user0034,2026-09-24
10841,MOB-3828,,To Do,user0022,2026-09-14
10842,MOB-3828,To Do,In Progress,user0050,2026-09-21
10843,ECOM-3829,,To Do,user0021,2026-09-14
10844,ECOM-3829,To Do,In Progress,user0036,2026-09-21
10845,BANK-3830,,To Do,user0004,2026-09-14
10846,BANK-3830,To Do,In Progress,user0037,2026-09-17
10847,BI-3831,,To Do,user0026,2026-09-14
10848,BI-3831,To Do,In Progress,user0011,2026-09-20
10849,BI-3831,In Progress,Testing,user0011,2026-09-20
10850,BI-3831,Testing,Done,user0047,2026-09-23
10851,BI-3832,,To Do,user0036,2026-09-14
10852,BI-3832,To Do,In Progress,user0016,2026-09-15
10853,BI-3832,In Progress,Testing,user0008,2026-09-26
10854,BI-3832,Testing,Done,user0021,2026-10-05
10855,CRM-3833,,To Do,user0039,2026-09-14
10856,SEC-3834,,To Do,user0022,2026-09-14
10857,SEC-3834,To Do,In Progress,user0014,2026-09-21
10858,ERP-3835,,To Do,user0047,2026-09-14
10859,ERP-3835,To Do,In Progress,user0005,2026-09-16
10860,ERP-3835,In Progress,Testing,user0023,2026-09-18
10861,ERP-3835,Testing,Done,user0009,2026-10-05
10862,SEC-3836,,To Do,user0020,2026-09-14
10863,DATA-3837,,To Do,user0033,2026-09-14
10864,PORTAL-3838,,To Do,user0043,2026-09-14
10865,ERP-3839,,To Do,user0022,2026-09-14
10866,ERP-3839,To Do,In Progress,user0029,2026-09-15
10867,ERP-3839,In Progress,Testing,user0016,2026-09-20
10868,ERP-3839,Testing,Done,user0005,2026-10-05
10869,BI-3840,,To Do,user0012,2026-09-14
10870,BI-3840,To Do,In Progress,user0027,2026-09-20
10871,BI-3840,In Progress,Testing,user0006,2026-09-18
10872,BI-3840,Testing,Done,user0029,2026-09-29
10873,CRM-3841,,To Do,user0045,2026-09-14
10874,CRM-3841,To Do,In Progress,user0007,2026-09-16
10875,CRM-3841,In Progress,Testing,user0024,2026-09-20
10876,CRM-3841,Testing,Done,user0012,2026-09-26
10877,BI-3842,,To Do,user0042,2026-09-14
10878,BI-3842,To Do,In Progress,user0020,2026-09-17
10879,BI-3842,In Progress,Testing,user0021,2026-09-18
10880,CRM-3843,,To Do,user0043,2026-09-14
10881,CRM-3843,To Do,In Progress,user0048,2026-09-18
10882,CRM-3843,In Progress,Blocked,user0001,2026-09-22
10883,MOB-3844,,To Do,user0008,2026-09-14
10884,MOB-3844,To Do,In Progress,user0044,2026-09-19
10885,MOB-3844,In Progress,Testing,user0017,2026-09-26
10886,MOB-3844,Testing,Done,user0045,2026-09-26
10887,BANK-3845,,To Do,user0008,2026-09-14
10888,BANK-3845,To Do,In Progress,user0001,2026-09-18
10889,BANK-3845,In Progress,Testing,user0008,2026-09-24
10890,BANK-3845,Testing,Done,user0002,2026-10-05
10891,ECOM-3846,,To Do,user0020,2026-09-14
10892,ECOM-3846,To Do,In Progress,user0022,2026-09-20
10893,ECOM-3846,In Progress,Testing,user0023,2026-09-18
10894,ECOM-3847,,To Do,user0041,2026-09-14
10895,ECOM-3847,To Do,In Progress,user0035,2026-09-21
10896,CLOUD-3848,,To Do,user0008,2026-09-14
10897,CLOUD-3848,To Do,In Progress,user0049,2026-09-20
10898,ECOM-3849,,To Do,user0022,2026-09-14
10899,ECOM-3849,To Do,In Progress,user0034,2026-09-15
10900,ECOM-3849,In Progress,Testing,user0021,2026-09-20
10901,ECOM-3849,Testing,Done,user0006,2026-09-17
10902,PORTAL-3850,,To Do,user0041,2026-09-14
10903,PORTAL-3850,To Do,In Progress,user0050,2026-09-21
10904,CRM-3851,,To Do,user0002,2026-09-14
10905,SEC-3852,,To Do,user0013,2026-09-14
10906,SEC-3852,To Do,In Progress,user0026,2026-09-15
10907,SEC-3852,In Progress,Testing,user0008,2026-09-26
10908,BANK-3853,,To Do,user0019,2026-09-14
10909,BANK-3853,To Do,In Progress,user0006,2026-09-18
10910,BANK-3853,In Progress,Testing,user0021,2026-09-16
10911,ERP-3854,,To Do,user0035,2026-09-14
10912,ERP-3854,To Do,In Progress,user0004,2026-09-18
10913,ERP-3854,In Progress,Blocked,user0041,2026-09-18
10914,ERP-3855,,To Do,user0007,2026-09-14
10915,ERP-3856,,To Do,user0049,2026-09-14
10916,ECOM-3857,,To Do,user0006,2026-09-14
10917,ECOM-3857,To Do,In Progress,user0038,2026-09-21
10918,ECOM-3857,In Progress,Testing,user0041,2026-09-20
10919,ECOM-3857,Testing,Done,user0045,2026-09-20
10920,ECOM-3858,,To Do,user0005,2026-09-14
10921,MOB-3859,,To Do,user0004,2026-09-14
10922,MOB-3859,To Do,In Progress,user0027,2026-09-16
10923,ECOM-3860,,To Do,user0025,2026-09-14
10924,ECOM-3860,To Do,In Progress,user0001,2026-09-18
10925,ECOM-3860,In Progress,Testing,user0014,2026-09-22
10926,ECOM-3860,Testing,Done,user0036,2026-09-20
10927,CLOUD-3861,,To Do,user0048,2026-09-14
10928,CLOUD-3861,To Do,In Progress,user0040,2026-09-18
10929,CLOUD-3861,In Progress,Testing,user0036,2026-09-24
10930,CLOUD-3861,Testing,Done,user0049,2026-09-17
10931,BANK-3862,,To Do,user0038,2026-09-14
10932,BANK-3862,To Do,In Progress,user0046,2026-09-17
10933,BANK-3862,In Progress,Testing,user0022,2026-09-26
10934,BANK-3862,Testing,Done,user0048,2026-09-26
10935,BANK-3862,Done,Reopened,user0026,2026-09-18
10936,MOB-3863,,To Do,user0041,2026-09-14
10937,MOB-3863,To Do,In Progress,user0022,2026-09-21
10938,MOB-3863,In Progress,Testing,user0042,2026-09-20
10939,MOB-3863,Testing,Done,user0038,2026-10-02
10940,BANK-3864,,To Do,user0007,2026-09-14
10941,CLOUD-3865,,To Do,user0012,2026-09-14
10942,CLOUD-3865,To Do,In Progress,user0018,2026-09-21
10943,PORTAL-3866,,To Do,user0031,2026-09-14
10944,CLOUD-3867,,To Do,user0021,2026-09-14
10945,BI-3868,,To Do,user0004,2026-09-14
10946,BI-3868,To Do,In Progress,user0002,2026-09-19
10947,BI-3868,In Progress,Testing,user0025,2026-09-16
10948,BI-3868,Testing,Done,user0041,2026-10-05
10949,DATA-3869,,To Do,user0022,2026-09-14
10950,DATA-3869,To Do,In Progress,user0041,2026-09-16
10951,DATA-3869,In Progress,Testing,user0026,2026-09-26
10952,DATA-3869,Testing,Done,user0018,2026-09-23
10953,MOB-3870,,To Do,user0015,2026-09-14
10954,PORTAL-3871,,To Do,user0005,2026-09-14
10955,PORTAL-3872,,To Do,user0011,2026-09-14
10956,PORTAL-3872,To Do,In Progress,user0001,2026-09-16
10957,PORTAL-3872,In Progress,Blocked,user0016,2026-09-16
10958,SEC-3873,,To Do,user0002,2026-09-14
10959,CRM-3874,,To Do,user0044,2026-09-14
10960,CRM-3874,To Do,In Progress,user0050,2026-09-17
10961,ERP-3875,,To Do,user0011,2026-09-14
10962,ERP-3876,,To Do,user0003,2026-09-14
10963,ERP-3876,To Do,In Progress,user0049,2026-09-19
10964,PORTAL-3877,,To Do,user0013,2026-09-14
10965,PORTAL-3877,To Do,In Progress,user0001,2026-09-17
10966,DATA-3878,,To Do,user0040,2026-09-14
10967,ERP-3879,,To Do,user0033,2026-09-14
10968,ERP-3879,To Do,In Progress,user0048,2026-09-19
10969,ECOM-3880,,To Do,user0044,2026-09-14
10970,ERP-3881,,To Do,user0047,2026-09-14
10971,ECOM-3882,,To Do,user0015,2026-09-14
10972,ECOM-3882,To Do,In Progress,user0006,2026-09-15
10973,ECOM-3882,In Progress,Testing,user0038,2026-09-20
10974,ECOM-3882,Testing,Done,user0013,2026-09-26
10975,ECOM-3882,Done,Reopened,user0033,2026-10-08
10976,SEC-3883,,To Do,user0032,2026-09-14
10977,SEC-3883,To Do,In Progress,user0035,2026-09-18
10978,CLOUD-3884,,To Do,user0017,2026-09-14
10979,CLOUD-3884,To Do,In Progress,user0005,2026-09-17
10980,BI-3885,,To Do,user0050,2026-09-14
10981,BI-3885,To Do,In Progress,user0008,2026-09-16
10982,BI-3885,In Progress,Testing,user0039,2026-09-28
10983,BI-3885,Testing,Done,user0005,2026-10-05
10984,ERP-3886,,To Do,user0049,2026-09-14
10985,ERP-3886,To Do,In Progress,user0025,2026-09-15
10986,ERP-3886,In Progress,Testing,user0010,2026-09-18
10987,ERP-3886,Testing,Done,user0008,2026-10-02
10988,ERP-3886,Done,Reopened,user0035,2026-09-30
10989,SEC-3887,,To Do,user0020,2026-09-14
10990,SEC-3887,To Do,In Progress,user0049,2026-09-16
10991,SEC-3887,In Progress,Testing,user0047,2026-09-22
10992,BANK-3888,,To Do,user0013,2026-09-14
10993,CLOUD-3889,,To Do,user0001,2026-09-14
10994,DATA-3890,,To Do,user0049,2026-09-14
10995,DATA-3890,To Do,In Progress,user0014,2026-09-20
10996,DATA-3890,In Progress,Testing,user0037,2026-09-26
10997,ECOM-3891,,To Do,user0011,2026-09-14
10998,ECOM-3891,To Do,In Progress,user0008,2026-09-19
10999,ECOM-3891,In Progress,Testing,user0020,2026-09-20
11000,ECOM-3891,Testing,Done,user0023,2026-09-20
11001,ECOM-3892,,To Do,user0020,2026-09-14
11002,ECOM-3892,To Do,In Progress,user0010,2026-09-20
11003,ECOM-3892,In Progress,Testing,user0016,2026-09-24
11004,ECOM-3892,Testing,Done,user0038,2026-10-05
11005,ERP-3893,,To Do,user0036,2026-09-14
11006,ERP-3893,To Do,In Progress,user0008,2026-09-15
11007,ERP-3893,In Progress,Testing,user0008,2026-09-18
11008,ERP-3893,Testing,Done,user0022,2026-09-17
11009,ERP-3893,Done,Reopened,user0032,2026-10-04
11010,DATA-3894,,To Do,user0001,2026-09-14
11011,DATA-3894,To Do,In Progress,user0012,2026-09-15
11012,DATA-3894,In Progress,Testing,user0017,2026-09-26
11013,DATA-3894,Testing,Done,user0018,2026-10-02
11014,CRM-3895,,To Do,user0045,2026-09-14
11015,CRM-3895,To Do,In Progress,user0026,2026-09-16
11016,CRM-3895,In Progress,Blocked,user0045,2026-09-16
11017,CLOUD-3896,,To Do,user0021,2026-09-14
11018,CLOUD-3896,To Do,In Progress,user0032,2026-09-18
11019,DATA-3897,,To Do,user0012,2026-09-14
11020,DATA-3897,To Do,In Progress,user0011,2026-09-20
11021,SEC-3898,,To Do,user0008,2026-09-14
11022,SEC-3898,To Do,In Progress,user0007,2026-09-18
11023,CRM-3899,,To Do,user0016,2026-09-14
11024,CRM-3899,To Do,In Progress,user0012,2026-09-20
11025,MOB-3900,,To Do,user0039,2026-09-14
11026,MOB-3900,To Do,In Progress,user0021,2026-09-20
11027,PORTAL-3901,,To Do,user0022,2026-09-14
11028,PORTAL-3901,To Do,In Progress,user0001,2026-09-17
11029,PORTAL-3901,In Progress,Testing,user0013,2026-09-24
11030,PORTAL-3901,Testing,Done,user0015,2026-09-23
11031,PORTAL-3901,Done,Reopened,user0046,2026-09-30
11032,DATA-3902,,To Do,user0041,2026-09-14
11033,PORTAL-3903,,To Do,user0035,2026-09-14
11034,DATA-3904,,To Do,user0037,2026-09-14
11035,PORTAL-3905,,To Do,user0018,2026-09-14
11036,PORTAL-3906,,To Do,user0004,2026-09-14
11037,PORTAL-3906,To Do,In Progress,user0002,2026-09-16
11038,PORTAL-3906,In Progress,Testing,user0027,2026-09-22
11039,SEC-3907,,To Do,user0026,2026-09-14
11040,SEC-3907,To Do,In Progress,user0037,2026-09-20
11041,BI-3908,,To Do,user0002,2026-09-14
11042,BI-3908,To Do,In Progress,user0002,2026-09-20
11043,BI-3908,In Progress,Testing,user0041,2026-09-26
11044,BI-3908,Testing,Done,user0003,2026-09-29
11045,SEC-3909,,To Do,user0033,2026-09-14
11046,SEC-3909,To Do,In Progress,user0031,2026-09-20
11047,SEC-3909,In Progress,Testing,user0042,2026-09-20
11048,BI-3910,,To Do,user0027,2026-09-14
11049,BI-3910,To Do,In Progress,user0029,2026-09-21
11050,BI-3910,In Progress,Testing,user0006,2026-09-22
11051,BI-3910,Testing,Done,user0018,2026-09-20
11052,SEC-3911,,To Do,user0036,2026-09-14
11053,SEC-3911,To Do,In Progress,user0015,2026-09-16
11054,BI-3912,,To Do,user0018,2026-09-14
11055,BI-3912,To Do,In Progress,user0018,2026-09-21
11056,BI-3912,In Progress,Testing,user0002,2026-09-18
11057,BI-3912,Testing,Done,user0017,2026-10-02
11058,CRM-3913,,To Do,user0006,2026-09-14
11059,CRM-3913,To Do,In Progress,user0012,2026-09-17
11060,CRM-3913,In Progress,Testing,user0009,2026-09-22
11061,CRM-3913,Testing,Done,user0001,2026-10-02
11062,CRM-3913,Done,Reopened,user0006,2026-09-26
11063,ECOM-3914,,To Do,user0013,2026-09-14
11064,ECOM-3914,To Do,In Progress,user0023,2026-09-19
11065,CLOUD-3915,,To Do,user0007,2026-09-14
11066,CLOUD-3915,To Do,In Progress,user0037,2026-09-17
11067,CLOUD-3915,In Progress,Testing,user0008,2026-09-28
11068,CLOUD-3915,Testing,Done,user0028,2026-10-05
11069,CLOUD-3916,,To Do,user0042,2026-09-14
11070,CLOUD-3916,To Do,In Progress,user0006,2026-09-20
11071,CLOUD-3916,In Progress,Blocked,user0010,2026-09-16
11072,MOB-3917,,To Do,user0017,2026-09-14
11073,MOB-3917,To Do,In Progress,user0021,2026-09-16
11074,MOB-3917,In Progress,Testing,user0027,2026-09-28
11075,MOB-3918,,To Do,user0006,2026-09-14
11076,MOB-3918,To Do,In Progress,user0026,2026-09-19
11077,MOB-3918,In Progress,Testing,user0012,2026-09-28
11078,MOB-3918,Testing,Done,user0050,2026-09-20
11079,MOB-3919,,To Do,user0041,2026-09-14
11080,PORTAL-3920,,To Do,user0048,2026-09-14
11081,PORTAL-3920,To Do,In Progress,user0027,2026-09-19
11082,PORTAL-3920,In Progress,Testing,user0024,2026-09-18
11083,ECOM-3921,,To Do,user0013,2026-09-14
11084,ECOM-3921,To Do,In Progress,user0031,2026-09-18
11085,ECOM-3921,In Progress,Testing,user0031,2026-09-18
11086,ECOM-3921,Testing,Done,user0043,2026-09-26
11087,PORTAL-3922,,To Do,user0001,2026-09-14
11088,DATA-3923,,To Do,user0024,2026-09-14
11089,DATA-3923,To Do,In Progress,user0039,2026-09-17
11090,BI-3924,,To Do,user0033,2026-09-14
11091,BI-3924,To Do,In Progress,user0043,2026-09-17
11092,BI-3924,In Progress,Blocked,user0014,2026-09-24
11093,SEC-3925,,To Do,user0001,2026-09-14
11094,SEC-3925,To Do,In Progress,user0018,2026-09-16
11095,SEC-3925,In Progress,Testing,user0027,2026-09-20
11096,ECOM-3926,,To Do,user0018,2026-09-14
11097,ECOM-3926,To Do,In Progress,user0004,2026-09-16
11098,BI-3927,,To Do,user0019,2026-09-14
11099,BI-3927,To Do,In Progress,user0033,2026-09-19
11100,BI-3927,In Progress,Testing,user0042,2026-09-28
11101,BI-3927,Testing,Done,user0012,2026-10-02
11102,BI-3928,,To Do,user0039,2026-09-14
11103,BI-3928,To Do,In Progress,user0031,2026-09-21
11104,BI-3928,In Progress,Testing,user0042,2026-09-28
11105,BI-3928,Testing,Done,user0033,2026-09-26
11106,CRM-3929,,To Do,user0010,2026-09-14
11107,CRM-3929,To Do,In Progress,user0033,2026-09-18
11108,CRM-3929,In Progress,Testing,user0034,2026-09-24
11109,MOB-3930,,To Do,user0040,2026-09-14
11110,MOB-3930,To Do,In Progress,user0001,2026-09-21
11111,MOB-3930,In Progress,Testing,user0005,2026-09-28
11112,MOB-3930,Testing,Done,user0012,2026-10-02
11113,CRM-3931,,To Do,user0026,2026-09-14
11114,CRM-3931,To Do,In Progress,user0037,2026-09-19
11115,CRM-3931,In Progress,Blocked,user0006,2026-09-20
11116,BANK-3932,,To Do,user0004,2026-09-14
11117,BANK-3932,To Do,In Progress,user0027,2026-09-21
11118,BI-3933,,To Do,user0039,2026-09-14
11119,BI-3933,To Do,In Progress,user0020,2026-09-21
11120,BI-3933,In Progress,Testing,user0010,2026-09-20
11121,BI-3933,Testing,Done,user0024,2026-09-17
11122,MOB-3934,,To Do,user0002,2026-09-14
11123,BANK-3935,,To Do,user0013,2026-09-14
11124,BANK-3935,To Do,In Progress,user0028,2026-09-15
11125,CLOUD-3936,,To Do,user0022,2026-09-14
11126,CLOUD-3936,To Do,In Progress,user0007,2026-09-18
11127,ERP-3937,,To Do,user0010,2026-09-14
11128,ERP-3937,To Do,In Progress,user0032,2026-09-19
11129,ERP-3937,In Progress,Testing,user0046,2026-09-20
11130,ERP-3938,,To Do,user0014,2026-09-14
11131,ERP-3938,To Do,In Progress,user0019,2026-09-20
11132,ERP-3939,,To Do,user0002,2026-09-14
11133,MOB-3940,,To Do,user0050,2026-09-14
11134,MOB-3940,To Do,In Progress,user0050,2026-09-19
11135,MOB-3940,In Progress,Testing,user0005,2026-09-16
11136,MOB-3940,Testing,Done,user0028,2026-09-20
11137,CLOUD-3941,,To Do,user0004,2026-09-14
11138,CLOUD-3941,To Do,In Progress,user0020,2026-09-21
11139,BI-3942,,To Do,user0037,2026-09-14
11140,CRM-3943,,To Do,user0032,2026-09-14
11141,CRM-3943,To Do,In Progress,user0046,2026-09-17
11142,CRM-3943,In Progress,Blocked,user0050,2026-09-28
11143,MOB-3944,,To Do,user0008,2026-09-14
11144,MOB-3944,To Do,In Progress,user0012,2026-09-17
11145,MOB-3944,In Progress,Testing,user0017,2026-09-20
11146,CLOUD-3945,,To Do,user0045,2026-09-14
11147,CLOUD-3945,To Do,In Progress,user0048,2026-09-21
11148,CLOUD-3945,In Progress,Testing,user0012,2026-09-24
11149,CLOUD-3945,Testing,Done,user0007,2026-09-26
11150,BI-3946,,To Do,user0038,2026-09-14
11151,BI-3946,To Do,In Progress,user0002,2026-09-19
11152,BI-3946,In Progress,Testing,user0021,2026-09-20
11153,BI-3946,Testing,Done,user0026,2026-09-26
11154,SEC-3947,,To Do,user0012,2026-09-14
11155,SEC-3947,To Do,In Progress,user0037,2026-09-16
11156,MOB-3948,,To Do,user0011,2026-09-14
11157,MOB-3948,To Do,In Progress,user0036,2026-09-17
11158,MOB-3948,In Progress,Testing,user0020,2026-09-26
11159,MOB-3948,Testing,Done,user0031,2026-10-05
11160,SEC-3949,,To Do,user0002,2026-09-14
11161,SEC-3949,To Do,In Progress,user0044,2026-09-18
11162,CLOUD-3950,,To Do,user0008,2026-09-14
11163,CLOUD-3950,To Do,In Progress,user0028,2026-09-18
11164,CLOUD-3950,In Progress,Testing,user0039,2026-09-28
11165,CLOUD-3950,Testing,Done,user0044,2026-10-02
11166,ERP-3951,,To Do,user0045,2026-09-14
11167,ERP-3951,To Do,In Progress,user0024,2026-09-19
11168,ERP-3951,In Progress,Testing,user0004,2026-09-24
11169,ERP-3952,,To Do,user0015,2026-09-14
11170,ERP-3952,To Do,In Progress,user0017,2026-09-15
11171,ERP-3952,In Progress,Testing,user0015,2026-09-20
11172,ERP-3952,Testing,Done,user0006,2026-10-05
11173,ERP-3952,Done,Reopened,user0040,2026-10-08
11174,SEC-3953,,To Do,user0020,2026-09-14
11175,SEC-3953,To Do,In Progress,user0004,2026-09-21
11176,SEC-3953,In Progress,Testing,user0016,2026-09-22
11177,SEC-3953,Testing,Done,user0042,2026-10-05
11178,SEC-3954,,To Do,user0040,2026-09-14
11179,SEC-3954,To Do,In Progress,user0040,2026-09-17
11180,SEC-3954,In Progress,Testing,user0031,2026-09-16
11181,SEC-3954,Testing,Done,user0003,2026-09-17
11182,CLOUD-3955,,To Do,user0029,2026-09-14
11183,CLOUD-3955,To Do,In Progress,user0004,2026-09-17
11184,DATA-3956,,To Do,user0016,2026-09-14
11185,DATA-3956,To Do,In Progress,user0037,2026-09-16
11186,DATA-3956,In Progress,Testing,user0014,2026-09-22
11187,DATA-3956,Testing,Done,user0008,2026-09-23
11188,MOB-3957,,To Do,user0002,2026-09-14
11189,MOB-3957,To Do,In Progress,user0038,2026-09-21
11190,MOB-3957,In Progress,Testing,user0038,2026-09-16
11191,MOB-3957,Testing,Done,user0043,2026-09-20
11192,CRM-3958,,To Do,user0006,2026-09-14
11193,CRM-3958,To Do,In Progress,user0027,2026-09-19
11194,CRM-3958,In Progress,Testing,user0033,2026-09-26
11195,CLOUD-3959,,To Do,user0016,2026-09-14
11196,CLOUD-3959,To Do,In Progress,user0038,2026-09-20
11197,CLOUD-3959,In Progress,Testing,user0044,2026-09-24
11198,CLOUD-3959,Testing,Done,user0037,2026-09-23
11199,MOB-3960,,To Do,user0017,2026-09-14
11200,MOB-3960,To Do,In Progress,user0025,2026-09-20
11201,MOB-3960,In Progress,Testing,user0016,2026-09-24
11202,MOB-3960,Testing,Done,user0026,2026-10-05
11203,ERP-3961,,To Do,user0047,2026-09-14
11204,BANK-3962,,To Do,user0025,2026-09-14
11205,BANK-3962,To Do,In Progress,user0038,2026-09-16
11206,DATA-3963,,To Do,user0044,2026-09-14
11207,CRM-3964,,To Do,user0037,2026-09-14
11208,CRM-3964,To Do,In Progress,user0003,2026-09-15
11209,CRM-3964,In Progress,Testing,user0008,2026-09-24
11210,CRM-3964,Testing,Done,user0045,2026-09-29
11211,CRM-3964,Done,Reopened,user0031,2026-09-18
11212,DATA-3965,,To Do,user0041,2026-09-14
11213,DATA-3965,To Do,In Progress,user0050,2026-09-16
11214,BI-3966,,To Do,user0034,2026-09-14
11215,DATA-3967,,To Do,user0050,2026-09-14
11216,DATA-3968,,To Do,user0023,2026-09-14
11217,DATA-3968,To Do,In Progress,user0018,2026-09-15
11218,PORTAL-3969,,To Do,user0005,2026-09-14
11219,PORTAL-3969,To Do,In Progress,user0032,2026-09-19
11220,DATA-3970,,To Do,user0014,2026-09-14
11221,DATA-3970,To Do,In Progress,user0034,2026-09-17
11222,ECOM-3971,,To Do,user0003,2026-09-14
11223,DATA-3972,,To Do,user0044,2026-09-14
11224,DATA-3972,To Do,In Progress,user0030,2026-09-15
11225,DATA-3972,In Progress,Testing,user0047,2026-09-28
11226,DATA-3972,Testing,Done,user0021,2026-09-26
11227,SEC-3973,,To Do,user0024,2026-09-14
11228,SEC-3973,To Do,In Progress,user0002,2026-09-21
11229,ECOM-3974,,To Do,user0041,2026-09-14
11230,ECOM-3974,To Do,In Progress,user0024,2026-09-20
11231,ECOM-3974,In Progress,Testing,user0026,2026-09-26
11232,ECOM-3974,Testing,Done,user0043,2026-09-29
11233,CRM-3975,,To Do,user0036,2026-09-14
11234,CRM-3975,To Do,In Progress,user0019,2026-09-15
11235,ERP-3976,,To Do,user0032,2026-09-14
11236,ERP-3976,To Do,In Progress,user0045,2026-09-18
11237,ERP-3976,In Progress,Testing,user0004,2026-09-24
11238,MOB-3977,,To Do,user0046,2026-09-14
11239,MOB-3977,To Do,In Progress,user0006,2026-09-15
11240,MOB-3977,In Progress,Testing,user0041,2026-09-28
11241,MOB-3977,Testing,Done,user0036,2026-09-20
11242,MOB-3977,Done,Reopened,user0045,2026-10-12
11243,ECOM-3978,,To Do,user0024,2026-09-14
11244,ECOM-3978,To Do,In Progress,user0029,2026-09-19
11245,ECOM-3978,In Progress,Testing,user0035,2026-09-26
11246,ECOM-3978,Testing,Done,user0005,2026-09-26
11247,BANK-3979,,To Do,user0006,2026-09-14
11248,BANK-3979,To Do,In Progress,user0040,2026-09-16
11249,BANK-3979,In Progress,Testing,user0005,2026-09-18
11250,BANK-3979,Testing,Done,user0032,2026-09-17
11251,BI-3980,,To Do,user0048,2026-09-14
11252,BI-3980,To Do,In Progress,user0038,2026-09-17
11253,BI-3980,In Progress,Testing,user0019,2026-09-28
11254,BI-3980,Testing,Done,user0025,2026-09-26
11255,MOB-3981,,To Do,user0025,2026-09-14
11256,MOB-3981,To Do,In Progress,user0017,2026-09-15
11257,MOB-3981,In Progress,Testing,user0031,2026-09-26
11258,MOB-3981,Testing,Done,user0030,2026-09-29
11259,BI-3982,,To Do,user0037,2026-09-14
11260,BI-3982,To Do,In Progress,user0033,2026-09-16
11261,BANK-3983,,To Do,user0009,2026-09-14
11262,BANK-3983,To Do,In Progress,user0039,2026-09-18
11263,BANK-3983,In Progress,Testing,user0034,2026-09-20
11264,BANK-3983,Testing,Done,user0015,2026-09-17
11265,CRM-3984,,To Do,user0016,2026-09-14
11266,CRM-3984,To Do,In Progress,user0024,2026-09-20
11267,BANK-3985,,To Do,user0038,2026-09-14
11268,ECOM-3986,,To Do,user0023,2026-09-14
11269,ECOM-3986,To Do,In Progress,user0018,2026-09-20
11270,ECOM-3986,In Progress,Testing,user0004,2026-09-26
11271,ECOM-3986,Testing,Done,user0043,2026-10-02
11272,BI-3987,,To Do,user0023,2026-09-14
11273,BI-3987,To Do,In Progress,user0019,2026-09-20
11274,BI-3987,In Progress,Testing,user0015,2026-09-20
11275,BI-3987,Testing,Done,user0020,2026-09-17
11276,CLOUD-3988,,To Do,user0007,2026-09-14
11277,CLOUD-3988,To Do,In Progress,user0047,2026-09-17
11278,CLOUD-3988,In Progress,Testing,user0016,2026-09-26
11279,CLOUD-3988,Testing,Done,user0006,2026-10-05
11280,CRM-3989,,To Do,user0027,2026-09-14
11281,PORTAL-3990,,To Do,user0027,2026-09-14
11282,BANK-3991,,To Do,user0008,2026-09-14
11283,BANK-3991,To Do,In Progress,user0038,2026-09-19
11284,BANK-3991,In Progress,Testing,user0050,2026-09-24
11285,MOB-3992,,To Do,user0017,2026-09-14
11286,MOB-3992,To Do,In Progress,user0013,2026-09-15
11287,PORTAL-3993,,To Do,user0043,2026-09-14
11288,PORTAL-3993,To Do,In Progress,user0047,2026-09-21
11289,PORTAL-3993,In Progress,Testing,user0003,2026-09-20
11290,PORTAL-3993,Testing,Done,user0038,2026-09-20
11291,PORTAL-3993,Done,Reopened,user0006,2026-10-04
11292,PORTAL-3994,,To Do,user0033,2026-09-14
11293,PORTAL-3994,To Do,In Progress,user0036,2026-09-18
11294,PORTAL-3994,In Progress,Testing,user0014,2026-09-26
11295,PORTAL-3994,Testing,Done,user0012,2026-09-20
11296,PORTAL-3995,,To Do,user0011,2026-09-14
11297,PORTAL-3995,To Do,In Progress,user0002,2026-09-15
11298,PORTAL-3995,In Progress,Blocked,user0015,2026-09-16
11299,ECOM-3996,,To Do,user0035,2026-09-14
11300,ECOM-3996,To Do,In Progress,user0033,2026-09-17
11301,ECOM-3996,In Progress,Testing,user0018,2026-09-24
11302,ECOM-3996,Testing,Done,user0009,2026-09-26
11303,MOB-3997,,To Do,user0008,2026-09-14
11304,MOB-3997,To Do,In Progress,user0022,2026-09-21
11305,MOB-3997,In Progress,Testing,user0007,2026-09-20
11306,MOB-3997,Testing,Done,user0043,2026-09-23
11307,BI-3998,,To Do,user0007,2026-09-14
11308,BI-3998,To Do,In Progress,user0034,2026-09-19
11309,BI-3998,In Progress,Testing,user0013,2026-09-28
11310,BI-3998,Testing,Done,user0045,2026-09-26
11311,BI-3999,,To Do,user0014,2026-09-14
11312,BI-3999,To Do,In Progress,user0002,2026-09-20
11313,BI-3999,In Progress,Testing,user0006,2026-09-24
11314,BI-3999,Testing,Done,user0041,2026-10-05
11315,BANK-4000,,To Do,user0010,2026-09-14
11316,BANK-4000,To Do,In Progress,user0026,2026-09-20
11317,BANK-4000,In Progress,Testing,user0031,2026-09-16
11318,ECOM-4001,,To Do,user0006,2026-09-14
11319,CLOUD-4002,,To Do,user0018,2026-09-14
11320,CLOUD-4002,To Do,In Progress,user0004,2026-09-16
11321,CLOUD-4002,In Progress,Testing,user0017,2026-09-20
11322,CLOUD-4002,Testing,Done,user0022,2026-09-17
11323,DATA-4003,,To Do,user0035,2026-09-14
11324,DATA-4003,To Do,In Progress,user0009,2026-09-20
11325,DATA-4003,In Progress,Testing,user0047,2026-09-28
11326,SEC-4004,,To Do,user0004,2026-09-14
11327,SEC-4004,To Do,In Progress,user0031,2026-09-21
11328,SEC-4004,In Progress,Testing,user0031,2026-09-18
11329,SEC-4004,Testing,Done,user0039,2026-10-02
11330,SEC-4004,Done,Reopened,user0040,2026-10-04
11331,SEC-4005,,To Do,user0037,2026-09-14
11332,SEC-4005,To Do,In Progress,user0037,2026-09-17
11333,SEC-4005,In Progress,Testing,user0040,2026-09-26
11334,SEC-4005,Testing,Done,user0041,2026-09-23
11335,MOB-4006,,To Do,user0049,2026-09-14
11336,MOB-4006,To Do,In Progress,user0046,2026-09-15
11337,CRM-4007,,To Do,user0040,2026-09-14
11338,CRM-4007,To Do,In Progress,user0034,2026-09-21
11339,PORTAL-4008,,To Do,user0012,2026-09-14
11340,PORTAL-4008,To Do,In Progress,user0028,2026-09-18
11341,PORTAL-4009,,To Do,user0050,2026-09-14
11342,PORTAL-4009,To Do,In Progress,user0037,2026-09-21
11343,PORTAL-4009,In Progress,Blocked,user0049,2026-09-18
11344,SEC-4010,,To Do,user0046,2026-09-14
11345,SEC-4010,To Do,In Progress,user0025,2026-09-20
11346,SEC-4010,In Progress,Blocked,user0017,2026-09-22
11347,ECOM-4011,,To Do,user0033,2026-09-14
11348,ECOM-4011,To Do,In Progress,user0027,2026-09-20
11349,ECOM-4011,In Progress,Testing,user0027,2026-09-20
11350,ECOM-4011,Testing,Done,user0003,2026-10-02
11351,ECOM-4011,Done,Reopened,user0011,2026-09-18
11352,CLOUD-4012,,To Do,user0048,2026-09-14
11353,CLOUD-4012,To Do,In Progress,user0038,2026-09-16
11354,CLOUD-4012,In Progress,Testing,user0049,2026-09-20
11355,CLOUD-4012,Testing,Done,user0032,2026-10-02
11356,CRM-4013,,To Do,user0015,2026-09-14
11357,CRM-4013,To Do,In Progress,user0038,2026-09-17
11358,DATA-4014,,To Do,user0023,2026-09-14
11359,DATA-4014,To Do,In Progress,user0024,2026-09-20
11360,DATA-4014,In Progress,Testing,user0018,2026-09-18
11361,DATA-4014,Testing,Done,user0031,2026-09-17
11362,BANK-4015,,To Do,user0004,2026-09-14
11363,BANK-4015,To Do,In Progress,user0039,2026-09-18
11364,ERP-4016,,To Do,user0034,2026-09-14
11365,ERP-4016,To Do,In Progress,user0026,2026-09-18
11366,ERP-4016,In Progress,Testing,user0039,2026-09-22
11367,BI-4017,,To Do,user0016,2026-09-14
11368,BI-4017,To Do,In Progress,user0047,2026-09-18
11369,BI-4017,In Progress,Testing,user0050,2026-09-24
11370,MOB-4018,,To Do,user0008,2026-09-14
11371,MOB-4018,To Do,In Progress,user0023,2026-09-19
11372,MOB-4018,In Progress,Testing,user0003,2026-09-18
11373,MOB-4018,Testing,Done,user0034,2026-09-29
11374,CRM-4019,,To Do,user0025,2026-09-14
11375,CRM-4019,To Do,In Progress,user0016,2026-09-20
11376,SEC-4020,,To Do,user0032,2026-09-14
11377,SEC-4020,To Do,In Progress,user0030,2026-09-18
11378,DATA-4021,,To Do,user0007,2026-09-14
11379,DATA-4021,To Do,In Progress,user0020,2026-09-17
11380,ERP-4022,,To Do,user0028,2026-09-14
11381,ERP-4022,To Do,In Progress,user0013,2026-09-21
11382,ERP-4022,In Progress,Testing,user0014,2026-09-26
11383,ERP-4022,Testing,Done,user0044,2026-09-23
11384,ERP-4022,Done,Reopened,user0046,2026-09-26
11385,ERP-4023,,To Do,user0040,2026-09-14
11386,ERP-4023,To Do,In Progress,user0006,2026-09-15
11387,ERP-4023,In Progress,Testing,user0036,2026-09-18
11388,MOB-4024,,To Do,user0012,2026-09-14
11389,MOB-4024,To Do,In Progress,user0005,2026-09-19
11390,MOB-4024,In Progress,Testing,user0013,2026-09-20
11391,MOB-4024,Testing,Done,user0037,2026-10-05
11392,ECOM-4025,,To Do,user0010,2026-09-14
11393,ECOM-4025,To Do,In Progress,user0004,2026-09-21
11394,ECOM-4025,In Progress,Testing,user0017,2026-09-22
11395,ECOM-4025,Testing,Done,user0004,2026-09-29
11396,SEC-4026,,To Do,user0022,2026-09-14
11397,SEC-4026,To Do,In Progress,user0039,2026-09-17
11398,SEC-4026,In Progress,Blocked,user0011,2026-09-22
11399,DATA-4027,,To Do,user0023,2026-09-14
11400,DATA-4027,To Do,In Progress,user0021,2026-09-18
11401,DATA-4027,In Progress,Testing,user0011,2026-09-18
11402,PORTAL-4028,,To Do,user0006,2026-09-14
11403,PORTAL-4028,To Do,In Progress,user0009,2026-09-19
11404,PORTAL-4028,In Progress,Testing,user0027,2026-09-26
11405,PORTAL-4028,Testing,Done,user0036,2026-10-02
11406,MOB-4029,,To Do,user0030,2026-09-14
11407,MOB-4029,To Do,In Progress,user0003,2026-09-17
11408,DATA-4030,,To Do,user0004,2026-09-14
11409,DATA-4030,To Do,In Progress,user0025,2026-09-19
11410,DATA-4030,In Progress,Testing,user0001,2026-09-22
11411,DATA-4030,Testing,Done,user0016,2026-09-29
11412,MOB-4031,,To Do,user0034,2026-09-14
11413,CLOUD-4032,,To Do,user0046,2026-09-14
11414,DATA-4033,,To Do,user0001,2026-09-14
11415,DATA-4033,To Do,In Progress,user0037,2026-09-18
11416,DATA-4033,In Progress,Blocked,user0030,2026-09-28
11417,BANK-4034,,To Do,user0050,2026-09-14
11418,BANK-4035,,To Do,user0013,2026-09-14
11419,BANK-4035,To Do,In Progress,user0009,2026-09-19
11420,BANK-4035,In Progress,Testing,user0031,2026-09-24
11421,ECOM-4036,,To Do,user0044,2026-09-14
11422,ECOM-4036,To Do,In Progress,user0041,2026-09-19
11423,ECOM-4036,In Progress,Blocked,user0040,2026-09-26
11424,BANK-4037,,To Do,user0006,2026-09-14
11425,BANK-4037,To Do,In Progress,user0029,2026-09-20
11426,BANK-4037,In Progress,Testing,user0013,2026-09-18
11427,ECOM-4038,,To Do,user0012,2026-09-14
11428,CRM-4039,,To Do,user0048,2026-09-14
11429,CRM-4039,To Do,In Progress,user0007,2026-09-19
11430,CLOUD-4040,,To Do,user0007,2026-09-14
11431,CLOUD-4040,To Do,In Progress,user0028,2026-09-16
11432,SEC-4041,,To Do,user0050,2026-09-14
11433,SEC-4041,To Do,In Progress,user0011,2026-09-19
11434,SEC-4041,In Progress,Testing,user0032,2026-09-24
11435,SEC-4041,Testing,Done,user0046,2026-09-17
11436,ERP-4042,,To Do,user0002,2026-09-14
11437,BI-4043,,To Do,user0014,2026-09-14
11438,BI-4043,To Do,In Progress,user0038,2026-09-21
11439,BI-4043,In Progress,Testing,user0031,2026-09-28
11440,BI-4043,Testing,Done,user0029,2026-10-05
11441,MOB-4044,,To Do,user0002,2026-09-14
11442,MOB-4044,To Do,In Progress,user0015,2026-09-17
11443,MOB-4044,In Progress,Blocked,user0014,2026-09-16
11444,MOB-4045,,To Do,user0023,2026-09-14
11445,MOB-4045,To Do,In Progress,user0050,2026-09-21
11446,MOB-4045,In Progress,Testing,user0024,2026-09-26
11447,MOB-4045,Testing,Done,user0027,2026-09-17
11448,CRM-4046,,To Do,user0034,2026-09-14
11449,CRM-4046,To Do,In Progress,user0033,2026-09-19
11450,CRM-4046,In Progress,Testing,user0016,2026-09-28
11451,SEC-4047,,To Do,user0033,2026-09-14
11452,SEC-4047,To Do,In Progress,user0040,2026-09-19
11453,ERP-4048,,To Do,user0044,2026-09-14
11454,BI-4049,,To Do,user0047,2026-09-14
11455,BI-4049,To Do,In Progress,user0003,2026-09-15
11456,BI-4049,In Progress,Testing,user0030,2026-09-20
11457,BI-4049,Testing,Done,user0017,2026-09-23
11458,ERP-4050,,To Do,user0040,2026-09-14
11459,ERP-4050,To Do,In Progress,user0005,2026-09-19
11460,ERP-4050,In Progress,Blocked,user0005,2026-09-16
11461,BANK-4051,,To Do,user0035,2026-09-14
11462,BANK-4051,To Do,In Progress,user0040,2026-09-15
11463,BANK-4051,In Progress,Testing,user0006,2026-09-24
11464,BANK-4051,Testing,Done,user0028,2026-09-26
11465,MOB-4052,,To Do,user0044,2026-09-14
11466,MOB-4052,To Do,In Progress,user0047,2026-09-15
11467,BI-4053,,To Do,user0035,2026-09-14
11468,BI-4053,To Do,In Progress,user0036,2026-09-19
11469,ERP-4054,,To Do,user0039,2026-09-14
11470,ERP-4055,,To Do,user0046,2026-09-14
11471,ERP-4055,To Do,In Progress,user0010,2026-09-15
11472,ERP-4055,In Progress,Testing,user0008,2026-09-24
11473,ERP-4055,Testing,Done,user0031,2026-09-23
11474,CLOUD-4056,,To Do,user0018,2026-09-14
11475,SEC-4057,,To Do,user0036,2026-09-14
11476,SEC-4057,To Do,In Progress,user0019,2026-09-20
11477,SEC-4057,In Progress,Testing,user0007,2026-09-16
11478,SEC-4057,Testing,Done,user0006,2026-10-05
11479,BANK-4058,,To Do,user0041,2026-09-14
11480,BANK-4058,To Do,In Progress,user0002,2026-09-17
11481,BANK-4058,In Progress,Testing,user0050,2026-09-26
11482,BANK-4058,Testing,Done,user0013,2026-09-20
11483,BANK-4058,Done,Reopened,user0040,2026-09-26
11484,BANK-4059,,To Do,user0038,2026-09-14
11485,BANK-4059,To Do,In Progress,user0004,2026-09-15
11486,ERP-4060,,To Do,user0030,2026-09-14
11487,ERP-4060,To Do,In Progress,user0022,2026-09-15
11488,ERP-4060,In Progress,Testing,user0014,2026-09-20
11489,CRM-4061,,To Do,user0040,2026-09-14
11490,CRM-4061,To Do,In Progress,user0009,2026-09-18
11491,CRM-4061,In Progress,Blocked,user0032,2026-09-26
11492,CRM-4062,,To Do,user0006,2026-09-14
11493,CRM-4062,To Do,In Progress,user0027,2026-09-19
11494,CRM-4062,In Progress,Testing,user0034,2026-09-24
11495,CRM-4062,Testing,Done,user0035,2026-09-26
11496,CRM-4062,Done,Reopened,user0004,2026-09-22
11497,BANK-4063,,To Do,user0029,2026-09-14
11498,BANK-4063,To Do,In Progress,user0028,2026-09-18
11499,SEC-4064,,To Do,user0026,2026-09-14
11500,CRM-4065,,To Do,user0040,2026-09-14
11501,BI-4066,,To Do,user0017,2026-09-14
11502,BI-4066,To Do,In Progress,user0040,2026-09-20
11503,BI-4066,In Progress,Testing,user0046,2026-09-18
11504,BI-4066,Testing,Done,user0044,2026-09-26
11505,PORTAL-4067,,To Do,user0024,2026-09-14
11506,PORTAL-4067,To Do,In Progress,user0031,2026-09-16
11507,PORTAL-4067,In Progress,Blocked,user0024,2026-09-24
11508,DATA-4068,,To Do,user0042,2026-09-14
11509,DATA-4068,To Do,In Progress,user0040,2026-09-18
11510,DATA-4068,In Progress,Testing,user0027,2026-09-28
11511,DATA-4068,Testing,Done,user0011,2026-09-29
11512,SEC-4069,,To Do,user0045,2026-09-14
11513,SEC-4069,To Do,In Progress,user0046,2026-09-15
11514,SEC-4069,In Progress,Blocked,user0039,2026-09-22
11515,SEC-4070,,To Do,user0036,2026-09-14
11516,SEC-4070,To Do,In Progress,user0050,2026-09-21
11517,SEC-4070,In Progress,Blocked,user0020,2026-09-16
11518,ECOM-4071,,To Do,user0029,2026-09-14
11519,ECOM-4071,To Do,In Progress,user0041,2026-09-19
11520,ECOM-4071,In Progress,Testing,user0036,2026-09-20
11521,ECOM-4071,Testing,Done,user0044,2026-09-29
11522,CRM-4072,,To Do,user0014,2026-09-14
11523,CRM-4072,To Do,In Progress,user0016,2026-09-15
11524,CRM-4072,In Progress,Testing,user0022,2026-09-18
11525,BANK-4073,,To Do,user0002,2026-09-14
11526,BANK-4073,To Do,In Progress,user0029,2026-09-16
11527,BANK-4073,In Progress,Testing,user0026,2026-09-22
11528,BANK-4073,Testing,Done,user0003,2026-09-17
11529,MOB-4074,,To Do,user0034,2026-09-14
11530,MOB-4074,To Do,In Progress,user0021,2026-09-21
11531,MOB-4074,In Progress,Testing,user0004,2026-09-20
11532,DATA-4075,,To Do,user0036,2026-09-14
11533,DATA-4075,To Do,In Progress,user0018,2026-09-21
11534,DATA-4075,In Progress,Testing,user0029,2026-09-26
11535,DATA-4075,Testing,Done,user0006,2026-10-05
11536,PORTAL-4076,,To Do,user0027,2026-09-14
11537,PORTAL-4076,To Do,In Progress,user0042,2026-09-19
11538,DATA-4077,,To Do,user0040,2026-09-14
11539,PORTAL-4078,,To Do,user0013,2026-09-14
11540,PORTAL-4078,To Do,In Progress,user0005,2026-09-21
11541,ECOM-4079,,To Do,user0016,2026-09-14
11542,ECOM-4079,To Do,In Progress,user0029,2026-09-18
11543,ECOM-4079,In Progress,Testing,user0010,2026-09-28
11544,ECOM-4079,Testing,Done,user0045,2026-09-20
11545,ECOM-4079,Done,Reopened,user0004,2026-09-18
11546,CLOUD-4080,,To Do,user0008,2026-09-14
11547,ERP-4081,,To Do,user0002,2026-09-14
11548,ERP-4081,To Do,In Progress,user0019,2026-09-19
11549,SEC-4082,,To Do,user0037,2026-09-14
11550,SEC-4082,To Do,In Progress,user0023,2026-09-18
11551,SEC-4082,In Progress,Blocked,user0007,2026-09-26
11552,DATA-4083,,To Do,user0002,2026-09-14
11553,MOB-4084,,To Do,user0011,2026-09-14
11554,MOB-4084,To Do,In Progress,user0032,2026-09-15
11555,MOB-4084,In Progress,Testing,user0002,2026-09-18
11556,MOB-4084,Testing,Done,user0035,2026-10-05
11557,ERP-4085,,To Do,user0025,2026-09-14
11558,ERP-4085,To Do,In Progress,user0019,2026-09-16
11559,ERP-4085,In Progress,Testing,user0008,2026-09-24
11560,ERP-4085,Testing,Done,user0002,2026-09-17
11561,SEC-4086,,To Do,user0022,2026-09-14
11562,SEC-4086,To Do,In Progress,user0009,2026-09-15
11563,SEC-4086,In Progress,Testing,user0030,2026-09-28
11564,SEC-4087,,To Do,user0011,2026-09-14
11565,BI-4088,,To Do,user0022,2026-09-14
11566,BI-4088,To Do,In Progress,user0029,2026-09-20
11567,BI-4088,In Progress,Testing,user0030,2026-09-28
11568,BI-4088,Testing,Done,user0012,2026-10-05
11569,ECOM-4089,,To Do,user0006,2026-09-14
11570,PORTAL-4090,,To Do,user0039,2026-09-14
11571,PORTAL-4090,To Do,In Progress,user0035,2026-09-17
11572,PORTAL-4090,In Progress,Testing,user0020,2026-09-26
11573,PORTAL-4090,Testing,Done,user0016,2026-10-05
11574,ERP-4091,,To Do,user0008,2026-09-14
11575,ERP-4091,To Do,In Progress,user0011,2026-09-20
11576,DATA-4092,,To Do,user0013,2026-09-14
11577,DATA-4092,To Do,In Progress,user0036,2026-09-17
11578,SEC-4093,,To Do,user0035,2026-09-14
11579,ERP-4094,,To Do,user0010,2026-09-14
11580,ECOM-4095,,To Do,user0013,2026-09-14
11581,DATA-4096,,To Do,user0034,2026-09-14
11582,DATA-4096,To Do,In Progress,user0010,2026-09-21
11583,DATA-4096,In Progress,Testing,user0034,2026-09-18
11584,DATA-4096,Testing,Done,user0001,2026-10-05
11585,PORTAL-4097,,To Do,user0033,2026-09-14
11586,PORTAL-4097,To Do,In Progress,user0029,2026-09-17
11587,PORTAL-4097,In Progress,Testing,user0011,2026-09-22
11588,PORTAL-4097,Testing,Done,user0014,2026-10-02
11589,PORTAL-4097,Done,Reopened,user0011,2026-09-30
11590,ERP-4098,,To Do,user0037,2026-09-14
11591,ERP-4098,To Do,In Progress,user0027,2026-09-15
11592,ERP-4098,In Progress,Testing,user0007,2026-09-26
11593,ERP-4098,Testing,Done,user0016,2026-10-05
11594,ECOM-4099,,To Do,user0022,2026-09-14
11595,ECOM-4099,To Do,In Progress,user0001,2026-09-21
11596,ECOM-4099,In Progress,Testing,user0020,2026-09-18
11597,ECOM-4099,Testing,Done,user0043,2026-09-29
11598,DATA-4100,,To Do,user0022,2026-09-14
11599,DATA-4100,To Do,In Progress,user0021,2026-09-21
11600,CLOUD-4101,,To Do,user0049,2026-09-14
11601,CLOUD-4101,To Do,In Progress,user0022,2026-09-16
11602,CLOUD-4101,In Progress,Testing,user0033,2026-09-22
11603,CLOUD-4101,Testing,Done,user0045,2026-09-26
11604,ERP-4102,,To Do,user0041,2026-09-14
11605,DATA-4103,,To Do,user0034,2026-09-14
11606,BI-4104,,To Do,user0003,2026-09-14
11607,BI-4104,To Do,In Progress,user0045,2026-09-18
11608,BI-4104,In Progress,Testing,user0014,2026-09-28
11609,BI-4104,Testing,Done,user0031,2026-09-23
11610,BANK-4105,,To Do,user0010,2026-09-14
11611,BANK-4105,To Do,In Progress,user0038,2026-09-21
11612,BANK-4105,In Progress,Blocked,user0041,2026-09-24
11613,CLOUD-4106,,To Do,user0036,2026-09-14
11614,BANK-4107,,To Do,user0003,2026-09-14
11615,BANK-4107,To Do,In Progress,user0023,2026-09-21
11616,BANK-4107,In Progress,Blocked,user0006,2026-09-20
11617,CLOUD-4108,,To Do,user0030,2026-09-14
11618,CLOUD-4108,To Do,In Progress,user0048,2026-09-21
11619,CLOUD-4108,In Progress,Testing,user0012,2026-09-28
11620,CLOUD-4108,Testing,Done,user0012,2026-09-29
11621,ECOM-4109,,To Do,user0007,2026-09-14
11622,ECOM-4109,To Do,In Progress,user0029,2026-09-16
11623,ECOM-4110,,To Do,user0026,2026-09-14
11624,ECOM-4110,To Do,In Progress,user0015,2026-09-17
11625,ERP-4111,,To Do,user0041,2026-09-14
11626,ERP-4111,To Do,In Progress,user0040,2026-09-18
11627,ECOM-4112,,To Do,user0042,2026-09-14
11628,ECOM-4112,To Do,In Progress,user0004,2026-09-19
11629,ECOM-4112,In Progress,Blocked,user0027,2026-09-16
11630,ERP-4113,,To Do,user0017,2026-09-14
11631,MOB-4114,,To Do,user0049,2026-09-14
11632,MOB-4114,To Do,In Progress,user0005,2026-09-20
11633,MOB-4114,In Progress,Testing,user0028,2026-09-28
11634,MOB-4114,Testing,Done,user0011,2026-09-17
11635,ERP-4115,,To Do,user0004,2026-09-14
11636,ERP-4115,To Do,In Progress,user0048,2026-09-21
11637,PORTAL-4116,,To Do,user0011,2026-09-14
11638,PORTAL-4116,To Do,In Progress,user0007,2026-09-16
11639,PORTAL-4116,In Progress,Blocked,user0009,2026-09-28
11640,BI-4117,,To Do,user0035,2026-09-14
11641,BI-4117,To Do,In Progress,user0020,2026-09-21
11642,BI-4117,In Progress,Testing,user0032,2026-09-28
11643,BI-4117,Testing,Done,user0010,2026-10-05
11644,SEC-4118,,To Do,user0034,2026-09-14
11645,SEC-4118,To Do,In Progress,user0020,2026-09-18
11646,SEC-4118,In Progress,Blocked,user0019,2026-09-24
11647,ERP-4119,,To Do,user0037,2026-09-14
11648,ERP-4119,To Do,In Progress,user0015,2026-09-20
11649,ERP-4119,In Progress,Testing,user0042,2026-09-28
11650,DATA-4120,,To Do,user0037,2026-09-14
11651,DATA-4120,To Do,In Progress,user0001,2026-09-19
11652,DATA-4120,In Progress,Testing,user0009,2026-09-26
11653,ERP-4121,,To Do,user0022,2026-09-14
11654,ERP-4121,To Do,In Progress,user0037,2026-09-15
11655,CLOUD-4122,,To Do,user0014,2026-09-14
11656,CLOUD-4122,To Do,In Progress,user0043,2026-09-17
11657,ERP-4123,,To Do,user0030,2026-09-14
11658,MOB-4124,,To Do,user0043,2026-09-14
11659,MOB-4124,To Do,In Progress,user0050,2026-09-19
11660,MOB-4124,In Progress,Testing,user0014,2026-09-16
11661,MOB-4124,Testing,Done,user0045,2026-09-26
11662,BANK-4125,,To Do,user0012,2026-09-14
11663,BANK-4125,To Do,In Progress,user0007,2026-09-21
11664,BANK-4125,In Progress,Testing,user0006,2026-09-20
11665,MOB-4126,,To Do,user0049,2026-09-14
11666,MOB-4126,To Do,In Progress,user0002,2026-09-18
11667,MOB-4126,In Progress,Testing,user0039,2026-09-24
11668,MOB-4126,Testing,Done,user0009,2026-09-23
11669,CRM-4127,,To Do,user0008,2026-09-14
11670,CRM-4127,To Do,In Progress,user0049,2026-09-15
11671,CRM-4127,In Progress,Blocked,user0026,2026-09-20
11672,MOB-4128,,To Do,user0001,2026-09-14
11673,MOB-4128,To Do,In Progress,user0040,2026-09-17
11674,ERP-4129,,To Do,user0038,2026-09-14
11675,ERP-4129,To Do,In Progress,user0011,2026-09-19
11676,ERP-4129,In Progress,Blocked,user0008,2026-09-22
11677,DATA-4130,,To Do,user0002,2026-09-14
11678,DATA-4130,To Do,In Progress,user0020,2026-09-20
11679,DATA-4130,In Progress,Testing,user0019,2026-09-28
11680,SEC-4131,,To Do,user0032,2026-09-14
11681,SEC-4131,To Do,In Progress,user0043,2026-09-20
11682,SEC-4131,In Progress,Testing,user0043,2026-09-22
11683,SEC-4131,Testing,Done,user0007,2026-10-02
11684,CLOUD-4132,,To Do,user0019,2026-09-14
11685,CLOUD-4132,To Do,In Progress,user0050,2026-09-19
11686,CLOUD-4132,In Progress,Testing,user0013,2026-09-20
11687,CLOUD-4132,Testing,Done,user0001,2026-09-23
11688,ECOM-4133,,To Do,user0004,2026-09-14
11689,ECOM-4133,To Do,In Progress,user0015,2026-09-15
11690,ECOM-4133,In Progress,Testing,user0050,2026-09-28
11691,ECOM-4133,Testing,Done,user0027,2026-10-05
11692,SEC-4134,,To Do,user0007,2026-09-14
11693,SEC-4134,To Do,In Progress,user0039,2026-09-21
11694,ERP-4135,,To Do,user0044,2026-09-14
11695,PORTAL-4136,,To Do,user0043,2026-09-14
11696,PORTAL-4136,To Do,In Progress,user0030,2026-09-17
11697,PORTAL-4136,In Progress,Testing,user0021,2026-09-28
11698,PORTAL-4136,Testing,Done,user0017,2026-10-05
11699,CRM-4137,,To Do,user0045,2026-09-14
11700,CRM-4137,To Do,In Progress,user0011,2026-09-17
11701,CRM-4137,In Progress,Blocked,user0021,2026-09-18
11702,ECOM-4138,,To Do,user0049,2026-09-14
11703,ECOM-4138,To Do,In Progress,user0039,2026-09-19
11704,ECOM-4138,In Progress,Testing,user0009,2026-09-22
11705,ECOM-4138,Testing,Done,user0021,2026-09-29
11706,DATA-4139,,To Do,user0001,2026-09-14
11707,DATA-4139,To Do,In Progress,user0024,2026-09-17
11708,DATA-4139,In Progress,Testing,user0018,2026-09-18
11709,DATA-4139,Testing,Done,user0007,2026-09-17
11710,DATA-4139,Done,Reopened,user0034,2026-09-18
11711,PORTAL-4140,,To Do,user0042,2026-09-14
11712,PORTAL-4140,To Do,In Progress,user0006,2026-09-21
11713,PORTAL-4140,In Progress,Blocked,user0020,2026-09-20
11714,PORTAL-4141,,To Do,user0040,2026-09-14
11715,SEC-4142,,To Do,user0011,2026-09-14
11716,SEC-4142,To Do,In Progress,user0040,2026-09-16
11717,SEC-4142,In Progress,Blocked,user0044,2026-09-26
11718,SEC-4143,,To Do,user0019,2026-09-14
11719,SEC-4143,To Do,In Progress,user0026,2026-09-18
11720,PORTAL-4144,,To Do,user0039,2026-09-14
11721,PORTAL-4144,To Do,In Progress,user0011,2026-09-18
11722,SEC-4145,,To Do,user0047,2026-09-14
11723,SEC-4145,To Do,In Progress,user0036,2026-09-17
11724,SEC-4145,In Progress,Blocked,user0023,2026-09-18
11725,ERP-4146,,To Do,user0024,2026-09-14
11726,ERP-4146,To Do,In Progress,user0039,2026-09-20
11727,ERP-4146,In Progress,Blocked,user0021,2026-09-24
11728,BANK-4147,,To Do,user0012,2026-09-14
11729,BANK-4147,To Do,In Progress,user0014,2026-09-18
11730,BANK-4147,In Progress,Blocked,user0034,2026-09-20
11731,ERP-4148,,To Do,user0024,2026-09-14
11732,ERP-4148,To Do,In Progress,user0022,2026-09-21
11733,ERP-4149,,To Do,user0001,2026-09-14
11734,ERP-4150,,To Do,user0010,2026-09-14
11735,ERP-4150,To Do,In Progress,user0044,2026-09-16
11736,ERP-4150,In Progress,Blocked,user0002,2026-09-28
11737,CRM-4151,,To Do,user0047,2026-09-14
11738,CRM-4151,To Do,In Progress,user0030,2026-09-20
11739,CRM-4151,In Progress,Testing,user0039,2026-09-18
11740,ERP-4152,,To Do,user0044,2026-09-14
11741,ERP-4152,To Do,In Progress,user0050,2026-09-18
11742,DATA-4153,,To Do,user0011,2026-09-14
11743,DATA-4153,To Do,In Progress,user0026,2026-09-19
11744,SEC-4154,,To Do,user0006,2026-09-14
11745,ECOM-4155,,To Do,user0033,2026-09-14
11746,ECOM-4155,To Do,In Progress,user0033,2026-09-16
11747,BANK-4156,,To Do,user0040,2026-09-14
11748,BANK-4156,To Do,In Progress,user0018,2026-09-15
11749,BANK-4156,In Progress,Testing,user0027,2026-09-16
11750,ERP-4157,,To Do,user0004,2026-09-14
11751,MOB-4158,,To Do,user0041,2026-09-14
11752,MOB-4158,To Do,In Progress,user0015,2026-09-17
11753,ECOM-4159,,To Do,user0019,2026-09-14
11754,MOB-4160,,To Do,user0001,2026-09-14
11755,MOB-4160,To Do,In Progress,user0015,2026-09-16
11756,MOB-4160,In Progress,Testing,user0049,2026-09-26
11757,CLOUD-4161,,To Do,user0007,2026-09-14
11758,CLOUD-4161,To Do,In Progress,user0043,2026-09-21
11759,PORTAL-4162,,To Do,user0004,2026-09-14
11760,PORTAL-4162,To Do,In Progress,user0008,2026-09-20
11761,CLOUD-4163,,To Do,user0005,2026-09-14
11762,CLOUD-4163,To Do,In Progress,user0009,2026-09-16
11763,CLOUD-4163,In Progress,Testing,user0016,2026-09-22
11764,MOB-4164,,To Do,user0039,2026-09-14
11765,MOB-4164,To Do,In Progress,user0036,2026-09-19
11766,MOB-4164,In Progress,Testing,user0033,2026-09-22
11767,MOB-4164,Testing,Done,user0038,2026-09-23
11768,SEC-4165,,To Do,user0028,2026-09-14
11769,SEC-4165,To Do,In Progress,user0034,2026-09-18
11770,SEC-4165,In Progress,Testing,user0031,2026-09-22
11771,SEC-4165,Testing,Done,user0018,2026-09-20
11772,BI-4166,,To Do,user0033,2026-09-14
11773,BI-4166,To Do,In Progress,user0023,2026-09-15
11774,BI-4166,In Progress,Testing,user0016,2026-09-26
11775,BI-4166,Testing,Done,user0006,2026-09-29
11776,SEC-4167,,To Do,user0011,2026-09-14
11777,SEC-4168,,To Do,user0039,2026-09-14
11778,SEC-4168,To Do,In Progress,user0017,2026-09-15
11779,SEC-4168,In Progress,Blocked,user0045,2026-09-18
11780,CLOUD-4169,,To Do,user0043,2026-09-14
11781,CLOUD-4169,To Do,In Progress,user0003,2026-09-18
11782,CLOUD-4169,In Progress,Testing,user0027,2026-09-20
11783,ERP-4170,,To Do,user0004,2026-09-14
11784,ERP-4170,To Do,In Progress,user0049,2026-09-17
11785,ERP-4170,In Progress,Testing,user0027,2026-09-18
11786,ERP-4170,Testing,Done,user0045,2026-10-05
11787,ERP-4170,Done,Reopened,user0045,2026-09-26
11788,MOB-4171,,To Do,user0017,2026-09-14
11789,SEC-4172,,To Do,user0047,2026-09-14
11790,SEC-4172,To Do,In Progress,user0043,2026-09-21
11791,CLOUD-4173,,To Do,user0025,2026-09-14
11792,CLOUD-4173,To Do,In Progress,user0040,2026-09-21
11793,ERP-4174,,To Do,user0020,2026-09-14
11794,ERP-4174,To Do,In Progress,user0042,2026-09-16
11795,ERP-4174,In Progress,Blocked,user0046,2026-09-16
11796,ECOM-4175,,To Do,user0001,2026-09-14
11797,ECOM-4175,To Do,In Progress,user0029,2026-09-18
11798,BANK-4176,,To Do,user0040,2026-09-14
11799,DATA-4177,,To Do,user0041,2026-09-14
11800,PORTAL-4178,,To Do,user0024,2026-09-14
11801,PORTAL-4178,To Do,In Progress,user0041,2026-09-16
11802,DATA-4179,,To Do,user0003,2026-09-14
11803,DATA-4179,To Do,In Progress,user0011,2026-09-16
11804,DATA-4180,,To Do,user0050,2026-09-14
11805,ERP-4181,,To Do,user0041,2026-09-14
11806,CLOUD-4182,,To Do,user0022,2026-09-14
11807,CLOUD-4182,To Do,In Progress,user0041,2026-09-15
11808,CLOUD-4182,In Progress,Testing,user0030,2026-09-24
11809,CLOUD-4182,Testing,Done,user0003,2026-09-17
11810,ECOM-4183,,To Do,user0002,2026-09-14
11811,ECOM-4183,To Do,In Progress,user0020,2026-09-20
11812,ECOM-4183,In Progress,Testing,user0028,2026-09-20
11813,ECOM-4183,Testing,Done,user0049,2026-09-23
11814,CRM-4184,,To Do,user0026,2026-09-14
11815,CRM-4184,To Do,In Progress,user0035,2026-09-16
11816,BI-4185,,To Do,user0036,2026-09-14
11817,BI-4185,To Do,In Progress,user0010,2026-09-19
11818,BI-4185,In Progress,Testing,user0034,2026-09-18
11819,BI-4185,Testing,Done,user0003,2026-09-23
11820,CLOUD-4186,,To Do,user0020,2026-09-14
11821,CLOUD-4186,To Do,In Progress,user0017,2026-09-20
11822,BI-4187,,To Do,user0041,2026-09-14
11823,BI-4187,To Do,In Progress,user0032,2026-09-19
11824,BI-4187,In Progress,Testing,user0003,2026-09-24
11825,BI-4187,Testing,Done,user0042,2026-10-02
11826,MOB-4188,,To Do,user0022,2026-09-14
11827,MOB-4188,To Do,In Progress,user0032,2026-09-20
11828,MOB-4188,In Progress,Testing,user0015,2026-09-26
11829,MOB-4188,Testing,Done,user0033,2026-09-23
11830,CRM-4189,,To Do,user0022,2026-09-14
11831,DATA-4190,,To Do,user0008,2026-09-14
11832,DATA-4190,To Do,In Progress,user0016,2026-09-18
11833,DATA-4190,In Progress,Testing,user0033,2026-09-16
11834,DATA-4190,Testing,Done,user0046,2026-09-29
11835,ECOM-4191,,To Do,user0029,2026-09-14
11836,ECOM-4191,To Do,In Progress,user0003,2026-09-17
11837,ECOM-4191,In Progress,Testing,user0001,2026-09-28
11838,ECOM-4191,Testing,Done,user0043,2026-09-26
11839,SEC-4192,,To Do,user0037,2026-09-14
11840,SEC-4192,To Do,In Progress,user0011,2026-09-21
11841,SEC-4192,In Progress,Testing,user0022,2026-09-16
11842,SEC-4192,Testing,Done,user0040,2026-09-20
11843,BANK-4193,,To Do,user0002,2026-09-14
11844,DATA-4194,,To Do,user0001,2026-09-14
11845,DATA-4194,To Do,In Progress,user0002,2026-09-17
11846,DATA-4194,In Progress,Testing,user0027,2026-09-26
11847,DATA-4194,Testing,Done,user0031,2026-10-02
11848,MOB-4195,,To Do,user0046,2026-09-14
11849,MOB-4195,To Do,In Progress,user0050,2026-09-17
11850,MOB-4195,In Progress,Testing,user0041,2026-09-24
11851,MOB-4195,Testing,Done,user0008,2026-10-05
11852,CLOUD-4196,,To Do,user0029,2026-09-14
11853,CLOUD-4196,To Do,In Progress,user0049,2026-09-19
11854,CLOUD-4196,In Progress,Testing,user0046,2026-09-24
11855,CLOUD-4196,Testing,Done,user0004,2026-09-29
11856,CRM-4197,,To Do,user0044,2026-09-14
11857,CRM-4197,To Do,In Progress,user0015,2026-09-20
11858,CRM-4197,In Progress,Blocked,user0016,2026-09-16
11859,ECOM-4198,,To Do,user0016,2026-09-14
11860,SEC-4199,,To Do,user0023,2026-09-14
11861,SEC-4199,To Do,In Progress,user0042,2026-09-21
11862,SEC-4199,In Progress,Testing,user0048,2026-09-26
11863,SEC-4199,Testing,Done,user0007,2026-09-29
11864,SEC-4199,Done,Reopened,user0014,2026-10-12
11865,DATA-4200,,To Do,user0001,2026-09-14
11866,DATA-4200,To Do,In Progress,user0007,2026-09-20
11867,SEC-4201,,To Do,user0009,2026-09-14
11868,SEC-4201,To Do,In Progress,user0030,2026-09-15
11869,SEC-4201,In Progress,Testing,user0040,2026-09-16
11870,SEC-4201,Testing,Done,user0046,2026-09-29
11871,SEC-4201,Done,Reopened,user0019,2026-09-26
11872,BI-4202,,To Do,user0021,2026-09-14
11873,BI-4202,To Do,In Progress,user0005,2026-09-18
11874,BI-4202,In Progress,Testing,user0005,2026-09-24
11875,BI-4202,Testing,Done,user0017,2026-09-20
11876,ERP-4203,,To Do,user0004,2026-09-14
11877,CRM-4204,,To Do,user0039,2026-09-14
11878,CLOUD-4205,,To Do,user0028,2026-09-14
11879,CLOUD-4205,To Do,In Progress,user0025,2026-09-15
11880,ECOM-4206,,To Do,user0007,2026-09-14
11881,ECOM-4206,To Do,In Progress,user0046,2026-09-21
11882,ECOM-4206,In Progress,Testing,user0049,2026-09-24
11883,ECOM-4206,Testing,Done,user0014,2026-09-23
11884,BANK-4207,,To Do,user0005,2026-09-14
11885,BANK-4207,To Do,In Progress,user0027,2026-09-15
11886,BANK-4207,In Progress,Testing,user0002,2026-09-22
11887,BANK-4207,Testing,Done,user0026,2026-09-26
11888,ERP-4208,,To Do,user0038,2026-09-14
11889,ERP-4208,To Do,In Progress,user0031,2026-09-18
11890,PORTAL-4209,,To Do,user0012,2026-09-14
11891,PORTAL-4209,To Do,In Progress,user0046,2026-09-17
11892,PORTAL-4209,In Progress,Testing,user0040,2026-09-24
11893,CRM-4210,,To Do,user0009,2026-09-14
11894,CRM-4210,To Do,In Progress,user0007,2026-09-18
11895,CRM-4210,In Progress,Testing,user0031,2026-09-22
11896,CRM-4210,Testing,Done,user0011,2026-09-20
11897,ECOM-4211,,To Do,user0035,2026-09-14
11898,ECOM-4211,To Do,In Progress,user0021,2026-09-20
11899,ECOM-4211,In Progress,Testing,user0042,2026-09-26
11900,MOB-4212,,To Do,user0035,2026-09-14
11901,MOB-4212,To Do,In Progress,user0005,2026-09-21
11902,MOB-4213,,To Do,user0023,2026-09-14
11903,MOB-4213,To Do,In Progress,user0009,2026-09-20
11904,MOB-4213,In Progress,Testing,user0038,2026-09-24
11905,MOB-4213,Testing,Done,user0005,2026-09-23
11906,PORTAL-4214,,To Do,user0043,2026-09-14
11907,MOB-4215,,To Do,user0036,2026-09-14
11908,MOB-4215,To Do,In Progress,user0028,2026-09-21
11909,MOB-4216,,To Do,user0015,2026-09-14
11910,MOB-4216,To Do,In Progress,user0033,2026-09-15
11911,MOB-4216,In Progress,Testing,user0024,2026-09-20
11912,CLOUD-4217,,To Do,user0043,2026-09-14
11913,CLOUD-4217,To Do,In Progress,user0027,2026-09-17
11914,CLOUD-4217,In Progress,Blocked,user0025,2026-09-22
11915,PORTAL-4218,,To Do,user0032,2026-09-14
11916,PORTAL-4219,,To Do,user0029,2026-09-14
11917,PORTAL-4219,To Do,In Progress,user0043,2026-09-19
11918,PORTAL-4219,In Progress,Testing,user0021,2026-09-16
11919,PORTAL-4219,Testing,Done,user0020,2026-10-02
11920,CLOUD-4220,,To Do,user0006,2026-09-14
11921,CLOUD-4220,To Do,In Progress,user0043,2026-09-18
11922,CLOUD-4220,In Progress,Testing,user0025,2026-09-26
11923,CLOUD-4220,Testing,Done,user0006,2026-09-29
11924,BANK-4221,,To Do,user0023,2026-09-14
11925,BANK-4221,To Do,In Progress,user0019,2026-09-16
11926,BANK-4221,In Progress,Testing,user0041,2026-09-16
11927,BANK-4221,Testing,Done,user0010,2026-09-23
11928,SEC-4222,,To Do,user0020,2026-09-14
11929,SEC-4222,To Do,In Progress,user0028,2026-09-16
11930,SEC-4222,In Progress,Blocked,user0039,2026-09-28
11931,BANK-4223,,To Do,user0040,2026-09-14
11932,BANK-4223,To Do,In Progress,user0043,2026-09-18
11933,BANK-4223,In Progress,Testing,user0028,2026-09-24
11934,BANK-4223,Testing,Done,user0029,2026-09-29
11935,ERP-4224,,To Do,user0034,2026-09-14
11936,ERP-4224,To Do,In Progress,user0040,2026-09-18
11937,ERP-4224,In Progress,Testing,user0037,2026-09-28
11938,PORTAL-4225,,To Do,user0001,2026-09-14
11939,PORTAL-4225,To Do,In Progress,user0030,2026-09-15
11940,SEC-4226,,To Do,user0012,2026-09-14
11941,SEC-4226,To Do,In Progress,user0008,2026-09-19
11942,SEC-4226,In Progress,Blocked,user0001,2026-09-22
11943,BANK-4227,,To Do,user0008,2026-09-14
11944,BANK-4227,To Do,In Progress,user0016,2026-09-21
11945,BANK-4227,In Progress,Testing,user0038,2026-09-22
11946,BANK-4227,Testing,Done,user0046,2026-10-05
11947,BI-4228,,To Do,user0028,2026-09-14
11948,BI-4228,To Do,In Progress,user0043,2026-09-17
11949,DATA-4229,,To Do,user0019,2026-09-14
11950,DATA-4229,To Do,In Progress,user0031,2026-09-19
11951,MOB-4230,,To Do,user0014,2026-09-14
11952,MOB-4230,To Do,In Progress,user0016,2026-09-19
11953,MOB-4230,In Progress,Testing,user0007,2026-09-20
11954,ECOM-4231,,To Do,user0016,2026-09-14
11955,ECOM-4231,To Do,In Progress,user0007,2026-09-15
11956,ECOM-4231,In Progress,Testing,user0024,2026-09-16
11957,ECOM-4232,,To Do,user0032,2026-09-14
11958,ECOM-4232,To Do,In Progress,user0041,2026-09-21
11959,CRM-4233,,To Do,user0031,2026-09-14
11960,CRM-4234,,To Do,user0005,2026-09-14
11961,CRM-4234,To Do,In Progress,user0015,2026-09-19
11962,CRM-4235,,To Do,user0044,2026-09-14
11963,CRM-4235,To Do,In Progress,user0031,2026-09-20
11964,CRM-4235,In Progress,Testing,user0020,2026-09-24
11965,CLOUD-4236,,To Do,user0002,2026-09-14
11966,CLOUD-4236,To Do,In Progress,user0012,2026-09-19
11967,CLOUD-4236,In Progress,Testing,user0017,2026-09-28
11968,CLOUD-4236,Testing,Done,user0025,2026-09-23
11969,MOB-4237,,To Do,user0044,2026-09-14
11970,MOB-4237,To Do,In Progress,user0046,2026-09-21
11971,MOB-4237,In Progress,Testing,user0019,2026-09-24
11972,MOB-4237,Testing,Done,user0010,2026-09-20
11973,PORTAL-4238,,To Do,user0008,2026-09-14
11974,PORTAL-4238,To Do,In Progress,user0003,2026-09-16
11975,CLOUD-4239,,To Do,user0009,2026-09-14
11976,CLOUD-4239,To Do,In Progress,user0037,2026-09-16
11977,CLOUD-4239,In Progress,Testing,user0041,2026-09-28
11978,CLOUD-4239,Testing,Done,user0042,2026-09-20
11979,CLOUD-4239,Done,Reopened,user0018,2026-09-26
11980,CLOUD-4240,,To Do,user0016,2026-09-14
11981,CRM-4241,,To Do,user0029,2026-09-14
11982,CRM-4241,To Do,In Progress,user0015,2026-09-15
11983,BI-4242,,To Do,user0013,2026-09-14
11984,BI-4242,To Do,In Progress,user0036,2026-09-21
11985,BI-4242,In Progress,Testing,user0017,2026-09-20
11986,BI-4242,Testing,Done,user0011,2026-09-26
11987,CRM-4243,,To Do,user0030,2026-09-14
11988,CRM-4243,To Do,In Progress,user0005,2026-09-19
11989,CRM-4243,In Progress,Blocked,user0008,2026-09-18
11990,ERP-4244,,To Do,user0025,2026-09-14
11991,ERP-4244,To Do,In Progress,user0046,2026-09-20
11992,ERP-4244,In Progress,Blocked,user0021,2026-09-28
11993,CLOUD-4245,,To Do,user0045,2026-09-14
11994,CLOUD-4245,To Do,In Progress,user0015,2026-09-18
11995,CLOUD-4245,In Progress,Testing,user0024,2026-09-28
11996,CLOUD-4245,Testing,Done,user0021,2026-09-17
11997,CLOUD-4245,Done,Reopened,user0019,2026-10-08
11998,BANK-4246,,To Do,user0025,2026-09-14
11999,BANK-4246,To Do,In Progress,user0044,2026-09-15
12000,BANK-4246,In Progress,Testing,user0028,2026-09-22
12001,BANK-4246,Testing,Done,user0029,2026-09-17
12002,DATA-4247,,To Do,user0028,2026-09-14
12003,DATA-4247,To Do,In Progress,user0018,2026-09-18
12004,PORTAL-4248,,To Do,user0006,2026-09-14
12005,CRM-4249,,To Do,user0018,2026-09-14
12006,CLOUD-4250,,To Do,user0019,2026-09-14
12007,CLOUD-4250,To Do,In Progress,user0048,2026-09-20
12008,CLOUD-4250,In Progress,Testing,user0042,2026-09-22
12009,CLOUD-4250,Testing,Done,user0036,2026-10-05
12010,MOB-4251,,To Do,user0017,2026-09-14
12011,BI-4252,,To Do,user0021,2026-09-14
12012,BI-4252,To Do,In Progress,user0038,2026-09-17
12013,BI-4253,,To Do,user0022,2026-09-14
12014,BI-4253,To Do,In Progress,user0044,2026-09-15
12015,BI-4253,In Progress,Testing,user0032,2026-09-20
12016,BI-4253,Testing,Done,user0034,2026-09-29
12017,CRM-4254,,To Do,user0003,2026-09-14
12018,CRM-4254,To Do,In Progress,user0021,2026-09-15
12019,CRM-4254,In Progress,Testing,user0033,2026-09-28
12020,DATA-4255,,To Do,user0010,2026-09-14
12021,DATA-4255,To Do,In Progress,user0042,2026-09-18
12022,DATA-4255,In Progress,Testing,user0031,2026-09-24
12023,DATA-4255,Testing,Done,user0016,2026-10-02
12024,CLOUD-4256,,To Do,user0004,2026-09-14
12025,SEC-4257,,To Do,user0015,2026-09-14
12026,SEC-4257,To Do,In Progress,user0004,2026-09-20
12027,SEC-4257,In Progress,Testing,user0029,2026-09-16
12028,CRM-4258,,To Do,user0039,2026-09-14
12029,CRM-4258,To Do,In Progress,user0041,2026-09-19
12030,CLOUD-4259,,To Do,user0046,2026-09-14
12031,BANK-4260,,To Do,user0048,2026-09-14
12032,BANK-4260,To Do,In Progress,user0040,2026-09-15
12033,BANK-4260,In Progress,Testing,user0040,2026-09-20
12034,BANK-4260,Testing,Done,user0032,2026-09-20
12035,CRM-4261,,To Do,user0016,2026-09-14
12036,CRM-4261,To Do,In Progress,user0048,2026-09-20
12037,CRM-4261,In Progress,Testing,user0012,2026-09-18
12038,CRM-4261,Testing,Done,user0022,2026-09-29
12039,PORTAL-4262,,To Do,user0047,2026-09-14
12040,PORTAL-4262,To Do,In Progress,user0025,2026-09-20
12041,PORTAL-4263,,To Do,user0036,2026-09-14
12042,PORTAL-4263,To Do,In Progress,user0017,2026-09-16
12043,BI-4264,,To Do,user0008,2026-09-14
12044,BI-4264,To Do,In Progress,user0028,2026-09-15
12045,BI-4264,In Progress,Testing,user0045,2026-09-28
12046,BI-4264,Testing,Done,user0045,2026-09-17
12047,PORTAL-4265,,To Do,user0025,2026-09-14
12048,BI-4266,,To Do,user0006,2026-09-14
12049,BI-4266,To Do,In Progress,user0042,2026-09-17
12050,BI-4266,In Progress,Testing,user0014,2026-09-16
12051,BI-4266,Testing,Done,user0010,2026-09-29
12052,BANK-4267,,To Do,user0011,2026-09-14
12053,BI-4268,,To Do,user0027,2026-09-14
12054,BI-4268,To Do,In Progress,user0040,2026-09-16
12055,BI-4268,In Progress,Testing,user0013,2026-09-28
12056,BI-4268,Testing,Done,user0049,2026-09-26
12057,ECOM-4269,,To Do,user0033,2026-09-14
12058,ECOM-4269,To Do,In Progress,user0015,2026-09-19
12059,ECOM-4269,In Progress,Testing,user0018,2026-09-28
12060,ECOM-4269,Testing,Done,user0040,2026-10-02
12061,PORTAL-4270,,To Do,user0025,2026-09-14
12062,PORTAL-4270,To Do,In Progress,user0004,2026-09-21
12063,CRM-4271,,To Do,user0010,2026-09-14
12064,CRM-4271,To Do,In Progress,user0047,2026-09-15
12065,CRM-4272,,To Do,user0035,2026-09-14
12066,CRM-4272,To Do,In Progress,user0010,2026-09-19
12067,CRM-4272,In Progress,Testing,user0010,2026-09-20
12068,CRM-4272,Testing,Done,user0044,2026-09-26
12069,DATA-4273,,To Do,user0044,2026-09-14
12070,CRM-4274,,To Do,user0005,2026-09-14
12071,CRM-4274,To Do,In Progress,user0013,2026-09-20
12072,SEC-4275,,To Do,user0033,2026-09-14
12073,SEC-4275,To Do,In Progress,user0024,2026-09-19
12074,CRM-4276,,To Do,user0023,2026-09-14
12075,CRM-4276,To Do,In Progress,user0026,2026-09-19
12076,MOB-4277,,To Do,user0019,2026-09-14
12077,MOB-4277,To Do,In Progress,user0040,2026-09-15
12078,MOB-4277,In Progress,Testing,user0033,2026-09-20
12079,BANK-4278,,To Do,user0030,2026-09-14
12080,BANK-4278,To Do,In Progress,user0034,2026-09-15
12081,BANK-4278,In Progress,Testing,user0009,2026-09-24
12082,BANK-4278,Testing,Done,user0040,2026-09-29
12083,ECOM-4279,,To Do,user0041,2026-09-14
12084,PORTAL-4280,,To Do,user0035,2026-09-14
12085,PORTAL-4280,To Do,In Progress,user0050,2026-09-15
12086,PORTAL-4280,In Progress,Testing,user0026,2026-09-22
12087,SEC-4281,,To Do,user0007,2026-09-14
12088,SEC-4281,To Do,In Progress,user0017,2026-09-17
12089,SEC-4281,In Progress,Testing,user0046,2026-09-20
12090,CRM-4282,,To Do,user0048,2026-09-14
12091,CRM-4282,To Do,In Progress,user0043,2026-09-15
12092,CRM-4282,In Progress,Testing,user0028,2026-09-26
12093,CRM-4282,Testing,Done,user0034,2026-09-17
12094,CRM-4282,Done,Reopened,user0004,2026-09-30
12095,ECOM-4283,,To Do,user0006,2026-09-14
12096,ECOM-4283,To Do,In Progress,user0027,2026-09-16
12097,ECOM-4283,In Progress,Testing,user0005,2026-09-20
12098,ECOM-4283,Testing,Done,user0012,2026-09-20
12099,SEC-4284,,To Do,user0005,2026-09-14
12100,SEC-4284,To Do,In Progress,user0013,2026-09-18
12101,SEC-4284,In Progress,Testing,user0029,2026-09-20
12102,SEC-4284,Testing,Done,user0039,2026-09-26
12103,CLOUD-4285,,To Do,user0016,2026-09-14
12104,CLOUD-4285,To Do,In Progress,user0020,2026-09-18
12105,CLOUD-4285,In Progress,Blocked,user0029,2026-09-26
12106,CLOUD-4286,,To Do,user0044,2026-09-14
12107,CLOUD-4286,To Do,In Progress,user0022,2026-09-21
12108,ERP-4287,,To Do,user0036,2026-09-14
12109,BI-4288,,To Do,user0023,2026-09-14
12110,BI-4288,To Do,In Progress,user0035,2026-09-18
12111,BI-4288,In Progress,Testing,user0012,2026-09-20
12112,PORTAL-4289,,To Do,user0007,2026-09-14
12113,PORTAL-4289,To Do,In Progress,user0011,2026-09-20
12114,PORTAL-4289,In Progress,Testing,user0033,2026-09-18
12115,PORTAL-4289,Testing,Done,user0034,2026-09-29
12116,PORTAL-4289,Done,Reopened,user0014,2026-09-26
12117,PORTAL-4290,,To Do,user0021,2026-09-14
12118,PORTAL-4290,To Do,In Progress,user0017,2026-09-21
12119,BI-4291,,To Do,user0007,2026-09-14
12120,BI-4291,To Do,In Progress,user0016,2026-09-17
12121,CRM-4292,,To Do,user0007,2026-09-14
12122,CRM-4292,To Do,In Progress,user0037,2026-09-20
12123,CRM-4292,In Progress,Testing,user0012,2026-09-20
12124,CRM-4292,Testing,Done,user0030,2026-09-26
12125,PORTAL-4293,,To Do,user0026,2026-09-14
12126,PORTAL-4293,To Do,In Progress,user0010,2026-09-16
12127,PORTAL-4293,In Progress,Blocked,user0007,2026-09-20
12128,ECOM-4294,,To Do,user0016,2026-09-14
12129,ECOM-4294,To Do,In Progress,user0003,2026-09-15
12130,PORTAL-4295,,To Do,user0017,2026-09-14
12131,PORTAL-4295,To Do,In Progress,user0015,2026-09-20
12132,PORTAL-4295,In Progress,Testing,user0035,2026-09-16
12133,PORTAL-4295,Testing,Done,user0019,2026-09-17
12134,SEC-4296,,To Do,user0015,2026-09-14
12135,SEC-4296,To Do,In Progress,user0003,2026-09-15
12136,ECOM-4297,,To Do,user0003,2026-09-14
12137,ECOM-4297,To Do,In Progress,user0021,2026-09-16
12138,ECOM-4297,In Progress,Testing,user0003,2026-09-24
12139,ECOM-4297,Testing,Done,user0029,2026-09-23
12140,BI-4298,,To Do,user0019,2026-09-14
12141,BI-4298,To Do,In Progress,user0031,2026-09-20
12142,CLOUD-4299,,To Do,user0039,2026-09-14
12143,CLOUD-4299,To Do,In Progress,user0030,2026-09-15
12144,CLOUD-4299,In Progress,Testing,user0015,2026-09-16
12145,CLOUD-4299,Testing,Done,user0037,2026-09-23
12146,CRM-4300,,To Do,user0005,2026-09-14
12147,CRM-4300,To Do,In Progress,user0033,2026-09-20
12148,CRM-4300,In Progress,Testing,user0027,2026-09-20
12149,CRM-4300,Testing,Done,user0038,2026-10-05
12150,CRM-4301,,To Do,user0007,2026-09-14
12151,CRM-4301,To Do,In Progress,user0010,2026-09-18
12152,CRM-4301,In Progress,Testing,user0020,2026-09-24
12153,CRM-4301,Testing,Done,user0006,2026-09-26
12154,SEC-4302,,To Do,user0029,2026-09-14
12155,SEC-4302,To Do,In Progress,user0040,2026-09-15
12156,SEC-4302,In Progress,Testing,user0010,2026-09-24
12157,SEC-4302,Testing,Done,user0011,2026-09-26
12158,PORTAL-4303,,To Do,user0020,2026-09-14
12159,PORTAL-4303,To Do,In Progress,user0039,2026-09-15
12160,PORTAL-4303,In Progress,Testing,user0035,2026-09-28
12161,PORTAL-4303,Testing,Done,user0032,2026-10-02
12162,PORTAL-4303,Done,Reopened,user0013,2026-10-04
12163,PORTAL-4304,,To Do,user0016,2026-09-14
12164,PORTAL-4304,To Do,In Progress,user0014,2026-09-16
12165,PORTAL-4304,In Progress,Blocked,user0028,2026-09-16
12166,BANK-4305,,To Do,user0023,2026-09-14
12167,BANK-4305,To Do,In Progress,user0040,2026-09-20
12168,BANK-4306,,To Do,user0029,2026-09-14
12169,BANK-4306,To Do,In Progress,user0026,2026-09-21
12170,CLOUD-4307,,To Do,user0016,2026-09-14
12171,CLOUD-4307,To Do,In Progress,user0022,2026-09-17
12172,CLOUD-4307,In Progress,Testing,user0046,2026-09-18
12173,CLOUD-4307,Testing,Done,user0001,2026-09-20
12174,BI-4308,,To Do,user0010,2026-09-14
12175,BI-4308,To Do,In Progress,user0029,2026-09-16
12176,BI-4308,In Progress,Testing,user0028,2026-09-24
12177,BI-4308,Testing,Done,user0043,2026-09-17
12178,CLOUD-4309,,To Do,user0030,2026-09-14
12179,CLOUD-4309,To Do,In Progress,user0002,2026-09-20
12180,MOB-4310,,To Do,user0006,2026-09-14
12181,MOB-4310,To Do,In Progress,user0012,2026-09-21
12182,MOB-4310,In Progress,Testing,user0003,2026-09-24
12183,MOB-4310,Testing,Done,user0023,2026-09-29
12184,CLOUD-4311,,To Do,user0047,2026-09-14
12185,CLOUD-4311,To Do,In Progress,user0022,2026-09-21
12186,CLOUD-4311,In Progress,Blocked,user0005,2026-09-26
12187,MOB-4312,,To Do,user0012,2026-09-14
12188,MOB-4312,To Do,In Progress,user0038,2026-09-20
12189,MOB-4312,In Progress,Testing,user0035,2026-09-20
12190,MOB-4312,Testing,Done,user0046,2026-09-29
12191,CRM-4313,,To Do,user0036,2026-09-14
12192,CRM-4313,To Do,In Progress,user0015,2026-09-16
12193,ERP-4314,,To Do,user0045,2026-09-14
12194,ERP-4314,To Do,In Progress,user0006,2026-09-15
12195,ERP-4314,In Progress,Testing,user0033,2026-09-24
12196,ERP-4314,Testing,Done,user0028,2026-09-29
12197,DATA-4315,,To Do,user0016,2026-09-14
12198,ECOM-4316,,To Do,user0020,2026-09-14
12199,ECOM-4316,To Do,In Progress,user0024,2026-09-15
12200,DATA-4317,,To Do,user0044,2026-09-14
12201,DATA-4317,To Do,In Progress,user0042,2026-09-17
12202,DATA-4317,In Progress,Testing,user0017,2026-09-22
12203,DATA-4317,Testing,Done,user0048,2026-09-17
12204,DATA-4318,,To Do,user0002,2026-09-14
12205,DATA-4318,To Do,In Progress,user0022,2026-09-20
12206,DATA-4318,In Progress,Testing,user0020,2026-09-22
12207,DATA-4318,Testing,Done,user0009,2026-09-20
12208,BANK-4319,,To Do,user0001,2026-09-14
12209,BANK-4319,To Do,In Progress,user0033,2026-09-15
12210,BANK-4319,In Progress,Testing,user0040,2026-09-24
12211,BANK-4319,Testing,Done,user0001,2026-09-23
12212,BANK-4320,,To Do,user0037,2026-09-14
12213,CLOUD-4321,,To Do,user0022,2026-09-14
12214,CLOUD-4321,To Do,In Progress,user0044,2026-09-18
12215,CLOUD-4321,In Progress,Testing,user0032,2026-09-18
12216,CLOUD-4321,Testing,Done,user0001,2026-09-23
12217,CLOUD-4321,Done,Reopened,user0050,2026-10-12
12218,ERP-4322,,To Do,user0045,2026-09-14
12219,ERP-4322,To Do,In Progress,user0043,2026-09-16
12220,PORTAL-4323,,To Do,user0011,2026-09-14
12221,PORTAL-4323,To Do,In Progress,user0039,2026-09-16
12222,PORTAL-4323,In Progress,Testing,user0012,2026-09-24
12223,PORTAL-4323,Testing,Done,user0050,2026-10-05
12224,PORTAL-4324,,To Do,user0022,2026-09-14
12225,PORTAL-4324,To Do,In Progress,user0023,2026-09-15
12226,PORTAL-4324,In Progress,Blocked,user0033,2026-09-18
12227,SEC-4325,,To Do,user0021,2026-09-14
12228,SEC-4325,To Do,In Progress,user0013,2026-09-21
12229,SEC-4325,In Progress,Testing,user0009,2026-09-16
12230,SEC-4325,Testing,Done,user0021,2026-09-20
12231,ERP-4326,,To Do,user0018,2026-09-14
12232,ERP-4326,To Do,In Progress,user0045,2026-09-19
12233,ERP-4326,In Progress,Blocked,user0010,2026-09-20
12234,SEC-4327,,To Do,user0037,2026-09-14
12235,SEC-4327,To Do,In Progress,user0006,2026-09-17
12236,SEC-4327,In Progress,Testing,user0018,2026-09-24
12237,SEC-4327,Testing,Done,user0018,2026-09-23
12238,SEC-4327,Done,Reopened,user0046,2026-09-30
12239,BI-4328,,To Do,user0011,2026-09-14
12240,BI-4328,To Do,In Progress,user0003,2026-09-21
12241,BI-4328,In Progress,Testing,user0012,2026-09-20
12242,BI-4328,Testing,Done,user0022,2026-09-23
12243,ECOM-4329,,To Do,user0032,2026-09-14
12244,CLOUD-4330,,To Do,user0038,2026-09-14
12245,DATA-4331,,To Do,user0012,2026-09-14
12246,BI-4332,,To Do,user0013,2026-09-14
12247,BI-4332,To Do,In Progress,user0006,2026-09-21
12248,DATA-4333,,To Do,user0016,2026-09-14
12249,DATA-4333,To Do,In Progress,user0040,2026-09-20
12250,DATA-4333,In Progress,Testing,user0046,2026-09-18
12251,DATA-4333,Testing,Done,user0007,2026-09-17
12252,PORTAL-4334,,To Do,user0033,2026-09-14
12253,BANK-4335,,To Do,user0033,2026-09-14
12254,BANK-4335,To Do,In Progress,user0050,2026-09-21
12255,SEC-4336,,To Do,user0042,2026-09-14
12256,SEC-4336,To Do,In Progress,user0011,2026-09-21
12257,ERP-4337,,To Do,user0038,2026-09-14
12258,ERP-4337,To Do,In Progress,user0035,2026-09-16
12259,ERP-4337,In Progress,Blocked,user0030,2026-09-16
12260,CRM-4338,,To Do,user0014,2026-09-14
12261,CRM-4338,To Do,In Progress,user0022,2026-09-19
12262,SEC-4339,,To Do,user0042,2026-09-14
12263,SEC-4339,To Do,In Progress,user0012,2026-09-18
12264,ECOM-4340,,To Do,user0003,2026-09-14
12265,ECOM-4340,To Do,In Progress,user0009,2026-09-16
12266,ECOM-4340,In Progress,Testing,user0043,2026-09-16
12267,ECOM-4340,Testing,Done,user0022,2026-09-26
12268,BANK-4341,,To Do,user0021,2026-09-14
12269,BANK-4341,To Do,In Progress,user0028,2026-09-17
12270,BANK-4341,In Progress,Blocked,user0030,2026-09-26
12271,DATA-4342,,To Do,user0048,2026-09-14
12272,CRM-4343,,To Do,user0029,2026-09-14
12273,CRM-4343,To Do,In Progress,user0005,2026-09-18
12274,MOB-4344,,To Do,user0030,2026-09-14
12275,MOB-4344,To Do,In Progress,user0029,2026-09-16
12276,MOB-4344,In Progress,Testing,user0043,2026-09-22
12277,BANK-4345,,To Do,user0036,2026-09-14
12278,BANK-4345,To Do,In Progress,user0046,2026-09-21
12279,BANK-4345,In Progress,Testing,user0032,2026-09-26
12280,ERP-4346,,To Do,user0027,2026-09-14
12281,ERP-4346,To Do,In Progress,user0022,2026-09-20
12282,PORTAL-4347,,To Do,user0048,2026-09-14
12283,ECOM-4348,,To Do,user0032,2026-09-14
12284,ECOM-4348,To Do,In Progress,user0010,2026-09-16
12285,ERP-4349,,To Do,user0027,2026-09-14
12286,ERP-4349,To Do,In Progress,user0024,2026-09-15
12287,ECOM-4350,,To Do,user0031,2026-09-14
12288,DATA-4351,,To Do,user0049,2026-09-14
12289,SEC-4352,,To Do,user0023,2026-09-14
12290,CRM-4353,,To Do,user0009,2026-09-14
12291,CRM-4353,To Do,In Progress,user0006,2026-09-20
12292,MOB-4354,,To Do,user0039,2026-09-14
12293,MOB-4354,To Do,In Progress,user0022,2026-09-16
12294,MOB-4354,In Progress,Testing,user0047,2026-09-16
12295,CRM-4355,,To Do,user0024,2026-09-14
12296,CLOUD-4356,,To Do,user0043,2026-09-14
12297,CRM-4357,,To Do,user0014,2026-09-14
12298,CRM-4357,To Do,In Progress,user0046,2026-09-18
12299,DATA-4358,,To Do,user0011,2026-09-14
12300,ERP-4359,,To Do,user0050,2026-09-14
12301,ERP-4359,To Do,In Progress,user0030,2026-09-15
12302,ERP-4359,In Progress,Blocked,user0004,2026-09-28
12303,ECOM-4360,,To Do,user0010,2026-09-14
12304,ECOM-4360,To Do,In Progress,user0042,2026-09-17
12305,ECOM-4360,In Progress,Testing,user0023,2026-09-28
12306,ECOM-4360,Testing,Done,user0047,2026-10-02
12307,ECOM-4360,Done,Reopened,user0042,2026-09-26
12308,BI-4361,,To Do,user0010,2026-09-14
12309,BI-4361,To Do,In Progress,user0030,2026-09-18
12310,BI-4361,In Progress,Testing,user0028,2026-09-20
12311,BI-4361,Testing,Done,user0044,2026-09-29
12312,MOB-4362,,To Do,user0016,2026-09-14
12313,MOB-4362,To Do,In Progress,user0020,2026-09-17
12314,MOB-4362,In Progress,Testing,user0012,2026-09-18
12315,MOB-4362,Testing,Done,user0009,2026-10-05
12316,CLOUD-4363,,To Do,user0036,2026-09-14
12317,ECOM-4364,,To Do,user0029,2026-09-14
12318,ECOM-4364,To Do,In Progress,user0011,2026-09-21
12319,ECOM-4364,In Progress,Testing,user0005,2026-09-28
12320,BI-4365,,To Do,user0001,2026-09-14
12321,BI-4365,To Do,In Progress,user0044,2026-09-16
12322,BI-4365,In Progress,Testing,user0014,2026-09-22
12323,BI-4365,Testing,Done,user0009,2026-09-20
12324,MOB-4366,,To Do,user0002,2026-09-14
12325,MOB-4366,To Do,In Progress,user0020,2026-09-17
12326,MOB-4366,In Progress,Testing,user0019,2026-09-24
12327,MOB-4366,Testing,Done,user0042,2026-09-17
12328,MOB-4367,,To Do,user0001,2026-09-14
12329,MOB-4367,To Do,In Progress,user0023,2026-09-17
12330,MOB-4367,In Progress,Testing,user0020,2026-09-18
12331,PORTAL-4368,,To Do,user0018,2026-09-14
12332,MOB-4369,,To Do,user0012,2026-09-14
12333,MOB-4369,To Do,In Progress,user0011,2026-09-21
12334,MOB-4369,In Progress,Blocked,user0047,2026-09-22
12335,BANK-4370,,To Do,user0039,2026-09-14
12336,BANK-4370,To Do,In Progress,user0009,2026-09-21
12337,BANK-4370,In Progress,Testing,user0005,2026-09-24
12338,BANK-4370,Testing,Done,user0010,2026-09-26
12339,BI-4371,,To Do,user0012,2026-09-14
12340,BI-4371,To Do,In Progress,user0050,2026-09-17
12341,BI-4371,In Progress,Testing,user0013,2026-09-18
12342,ERP-4372,,To Do,user0030,2026-09-14
12343,ERP-4372,To Do,In Progress,user0011,2026-09-18
12344,ECOM-4373,,To Do,user0002,2026-09-14
12345,ECOM-4373,To Do,In Progress,user0035,2026-09-17
12346,PORTAL-4374,,To Do,user0046,2026-09-14
12347,PORTAL-4374,To Do,In Progress,user0019,2026-09-17
12348,PORTAL-4374,In Progress,Testing,user0032,2026-09-18
12349,PORTAL-4374,Testing,Done,user0010,2026-09-26
12350,PORTAL-4374,Done,Reopened,user0036,2026-10-08
12351,MOB-4375,,To Do,user0010,2026-09-14
12352,MOB-4375,To Do,In Progress,user0044,2026-09-17
12353,MOB-4375,In Progress,Testing,user0037,2026-09-20
12354,CRM-4376,,To Do,user0020,2026-09-14
12355,CRM-4376,To Do,In Progress,user0036,2026-09-21
12356,CRM-4376,In Progress,Testing,user0036,2026-09-20
12357,CRM-4376,Testing,Done,user0048,2026-09-20
12358,BI-4377,,To Do,user0032,2026-09-14
12359,BI-4377,To Do,In Progress,user0037,2026-09-17
12360,BI-4377,In Progress,Testing,user0024,2026-09-22
12361,BI-4377,Testing,Done,user0039,2026-09-23
12362,BI-4377,Done,Reopened,user0032,2026-10-04
12363,BANK-4378,,To Do,user0050,2026-09-14
12364,BANK-4378,To Do,In Progress,user0048,2026-09-20
12365,BANK-4378,In Progress,Testing,user0044,2026-09-28
12366,BANK-4378,Testing,Done,user0037,2026-10-05
12367,BANK-4379,,To Do,user0007,2026-09-14
12368,BANK-4379,To Do,In Progress,user0002,2026-09-16
12369,BANK-4379,In Progress,Blocked,user0033,2026-09-16
12370,CLOUD-4380,,To Do,user0049,2026-09-14
12371,MOB-4381,,To Do,user0029,2026-09-14
12372,MOB-4381,To Do,In Progress,user0004,2026-09-15
12373,MOB-4381,In Progress,Testing,user0010,2026-09-22
12374,MOB-4381,Testing,Done,user0022,2026-09-20
12375,DATA-4382,,To Do,user0039,2026-09-14
12376,DATA-4382,To Do,In Progress,user0008,2026-09-20
12377,DATA-4382,In Progress,Blocked,user0037,2026-09-22
12378,CLOUD-4383,,To Do,user0049,2026-09-14
12379,CLOUD-4383,To Do,In Progress,user0033,2026-09-15
12380,CLOUD-4383,In Progress,Testing,user0043,2026-09-18
12381,CLOUD-4383,Testing,Done,user0017,2026-10-05
12382,BANK-4384,,To Do,user0018,2026-09-14
12383,BANK-4384,To Do,In Progress,user0049,2026-09-21
12384,CRM-4385,,To Do,user0044,2026-09-14
12385,CRM-4385,To Do,In Progress,user0038,2026-09-17
12386,SEC-4386,,To Do,user0026,2026-09-14
12387,BI-4387,,To Do,user0025,2026-09-14
12388,BI-4387,To Do,In Progress,user0043,2026-09-20
12389,BI-4387,In Progress,Testing,user0026,2026-09-20
12390,BI-4387,Testing,Done,user0027,2026-10-02
12391,PORTAL-4388,,To Do,user0012,2026-09-14
12392,PORTAL-4388,To Do,In Progress,user0002,2026-09-20
12393,PORTAL-4388,In Progress,Testing,user0028,2026-09-22
12394,PORTAL-4388,Testing,Done,user0010,2026-10-02
12395,BANK-4389,,To Do,user0047,2026-09-14
12396,BANK-4389,To Do,In Progress,user0006,2026-09-17
12397,BANK-4389,In Progress,Testing,user0047,2026-09-18
12398,CRM-4390,,To Do,user0038,2026-09-14
12399,SEC-4391,,To Do,user0008,2026-09-14
12400,BANK-4392,,To Do,user0049,2026-09-14
12401,BANK-4392,To Do,In Progress,user0030,2026-09-16
12402,BANK-4392,In Progress,Blocked,user0015,2026-09-26
12403,SEC-4393,,To Do,user0046,2026-09-14
12404,SEC-4393,To Do,In Progress,user0022,2026-09-19
12405,SEC-4394,,To Do,user0031,2026-09-14
12406,SEC-4394,To Do,In Progress,user0039,2026-09-21
12407,SEC-4394,In Progress,Testing,user0043,2026-09-28
12408,CLOUD-4395,,To Do,user0040,2026-09-14
12409,CLOUD-4395,To Do,In Progress,user0005,2026-09-17
12410,ECOM-4396,,To Do,user0036,2026-09-14
12411,CLOUD-4397,,To Do,user0045,2026-09-14
12412,CLOUD-4397,To Do,In Progress,user0011,2026-09-17
12413,CLOUD-4397,In Progress,Testing,user0021,2026-09-22
12414,CLOUD-4397,Testing,Done,user0018,2026-10-02
12415,ERP-4398,,To Do,user0041,2026-09-14
12416,ERP-4398,To Do,In Progress,user0015,2026-09-17
12417,ERP-4398,In Progress,Testing,user0003,2026-09-22
12418,ERP-4398,Testing,Done,user0031,2026-09-23
12419,PORTAL-4399,,To Do,user0023,2026-09-14
12420,PORTAL-4399,To Do,In Progress,user0040,2026-09-17
12421,ECOM-4400,,To Do,user0006,2026-09-14
12422,ECOM-4400,To Do,In Progress,user0033,2026-09-17
12423,ECOM-4400,In Progress,Testing,user0020,2026-09-22
12424,MOB-4401,,To Do,user0039,2026-09-14
12425,MOB-4401,To Do,In Progress,user0022,2026-09-15
12426,MOB-4401,In Progress,Testing,user0001,2026-09-26
12427,MOB-4401,Testing,Done,user0010,2026-09-20
12428,BANK-4402,,To Do,user0047,2026-09-14
12429,BANK-4402,To Do,In Progress,user0022,2026-09-19
12430,BANK-4402,In Progress,Testing,user0048,2026-09-16
12431,ECOM-4403,,To Do,user0048,2026-09-14
12432,ECOM-4403,To Do,In Progress,user0043,2026-09-17
12433,ECOM-4403,In Progress,Testing,user0039,2026-09-24
12434,ECOM-4403,Testing,Done,user0025,2026-09-26
12435,MOB-4404,,To Do,user0006,2026-09-14
12436,ERP-4405,,To Do,user0025,2026-09-14
12437,ERP-4405,To Do,In Progress,user0021,2026-09-20
12438,ERP-4405,In Progress,Blocked,user0001,2026-09-20
12439,DATA-4406,,To Do,user0045,2026-09-14
12440,ECOM-4407,,To Do,user0039,2026-09-14
12441,CLOUD-4408,,To Do,user0020,2026-09-14
12442,CLOUD-4408,To Do,In Progress,user0004,2026-09-19
12443,BI-4409,,To Do,user0034,2026-09-14
12444,BI-4409,To Do,In Progress,user0028,2026-09-18
12445,ERP-4410,,To Do,user0037,2026-09-14
12446,ERP-4410,To Do,In Progress,user0024,2026-09-15
12447,ERP-4410,In Progress,Testing,user0018,2026-09-22
12448,ERP-4410,Testing,Done,user0049,2026-09-29
12449,SEC-4411,,To Do,user0004,2026-09-14
12450,SEC-4411,To Do,In Progress,user0047,2026-09-17
12451,SEC-4411,In Progress,Testing,user0043,2026-09-24
12452,SEC-4411,Testing,Done,user0050,2026-09-26
12453,SEC-4412,,To Do,user0003,2026-09-14
12454,SEC-4412,To Do,In Progress,user0043,2026-09-19
12455,SEC-4412,In Progress,Testing,user0046,2026-09-16
12456,SEC-4412,Testing,Done,user0025,2026-09-20
12457,SEC-4412,Done,Reopened,user0032,2026-10-12
12458,BI-4413,,To Do,user0033,2026-09-14
12459,BI-4413,To Do,In Progress,user0011,2026-09-16
12460,BI-4413,In Progress,Testing,user0037,2026-09-20
12461,BI-4413,Testing,Done,user0047,2026-09-17
12462,BANK-4414,,To Do,user0039,2026-09-14
12463,BANK-4414,To Do,In Progress,user0016,2026-09-21
12464,BANK-4414,In Progress,Testing,user0009,2026-09-20
12465,BANK-4414,Testing,Done,user0032,2026-10-05
12466,DATA-4415,,To Do,user0039,2026-09-14
12467,DATA-4415,To Do,In Progress,user0033,2026-09-18
12468,DATA-4415,In Progress,Testing,user0030,2026-09-20
12469,DATA-4415,Testing,Done,user0011,2026-09-23
12470,PORTAL-4416,,To Do,user0033,2026-09-14
12471,PORTAL-4416,To Do,In Progress,user0005,2026-09-21
12472,PORTAL-4416,In Progress,Testing,user0022,2026-09-20
12473,PORTAL-4416,Testing,Done,user0021,2026-09-17
12474,PORTAL-4416,Done,Reopened,user0012,2026-09-30
12475,MOB-4417,,To Do,user0041,2026-09-14
12476,MOB-4417,To Do,In Progress,user0040,2026-09-17
12477,MOB-4417,In Progress,Testing,user0015,2026-09-24
12478,PORTAL-4418,,To Do,user0032,2026-09-14
12479,SEC-4419,,To Do,user0038,2026-09-14
12480,SEC-4419,To Do,In Progress,user0021,2026-09-19
12481,SEC-4419,In Progress,Testing,user0047,2026-09-28
12482,BI-4420,,To Do,user0045,2026-09-14
12483,BI-4420,To Do,In Progress,user0003,2026-09-16
12484,BANK-4421,,To Do,user0014,2026-09-14
12485,ERP-4422,,To Do,user0007,2026-09-14
12486,ERP-4422,To Do,In Progress,user0004,2026-09-18
12487,ERP-4422,In Progress,Testing,user0009,2026-09-20
12488,ECOM-4423,,To Do,user0027,2026-09-14
12489,ECOM-4423,To Do,In Progress,user0015,2026-09-21
12490,ECOM-4423,In Progress,Testing,user0032,2026-09-26
12491,ECOM-4423,Testing,Done,user0040,2026-09-23
12492,ECOM-4424,,To Do,user0041,2026-09-14
12493,ECOM-4424,To Do,In Progress,user0048,2026-09-21
12494,ECOM-4424,In Progress,Testing,user0045,2026-09-22
12495,ECOM-4424,Testing,Done,user0012,2026-10-02
12496,MOB-4425,,To Do,user0033,2026-09-14
12497,MOB-4425,To Do,In Progress,user0025,2026-09-17
12498,MOB-4425,In Progress,Testing,user0034,2026-09-26
12499,MOB-4425,Testing,Done,user0033,2026-09-23
12500,MOB-4426,,To Do,user0022,2026-09-14
12501,MOB-4426,To Do,In Progress,user0027,2026-09-18
12502,MOB-4426,In Progress,Testing,user0024,2026-09-16
12503,MOB-4426,Testing,Done,user0043,2026-09-17
12504,ECOM-4427,,To Do,user0021,2026-09-14
12505,ECOM-4427,To Do,In Progress,user0024,2026-09-18
12506,ECOM-4427,In Progress,Blocked,user0049,2026-09-24
12507,BI-4428,,To Do,user0031,2026-09-14
12508,BI-4428,To Do,In Progress,user0046,2026-09-17
12509,ERP-4429,,To Do,user0048,2026-09-14
12510,ERP-4429,To Do,In Progress,user0011,2026-09-19
12511,BI-4430,,To Do,user0037,2026-09-14
12512,BI-4430,To Do,In Progress,user0006,2026-09-20
12513,BI-4430,In Progress,Testing,user0034,2026-09-24
12514,BI-4430,Testing,Done,user0041,2026-10-05
12515,BI-4430,Done,Reopened,user0043,2026-10-08
12516,DATA-4431,,To Do,user0040,2026-09-14
12517,DATA-4431,To Do,In Progress,user0003,2026-09-17
12518,DATA-4431,In Progress,Testing,user0018,2026-09-20
12519,DATA-4431,Testing,Done,user0017,2026-09-29
12520,DATA-4431,Done,Reopened,user0047,2026-09-30
12521,BANK-4432,,To Do,user0012,2026-09-14
12522,BANK-4432,To Do,In Progress,user0006,2026-09-19
12523,PORTAL-4433,,To Do,user0035,2026-09-14
12524,PORTAL-4433,To Do,In Progress,user0013,2026-09-19
12525,PORTAL-4433,In Progress,Testing,user0034,2026-09-20
12526,PORTAL-4433,Testing,Done,user0024,2026-09-17
12527,PORTAL-4433,Done,Reopened,user0013,2026-10-04
12528,DATA-4434,,To Do,user0029,2026-09-14
12529,ERP-4435,,To Do,user0035,2026-09-14
12530,ERP-4435,To Do,In Progress,user0044,2026-09-16
12531,ERP-4435,In Progress,Blocked,user0001,2026-09-28
12532,BI-4436,,To Do,user0017,2026-09-14
12533,BI-4436,To Do,In Progress,user0009,2026-09-21
12534,BI-4436,In Progress,Testing,user0002,2026-09-22
12535,BI-4436,Testing,Done,user0049,2026-09-20
12536,ERP-4437,,To Do,user0018,2026-09-14
12537,ERP-4437,To Do,In Progress,user0046,2026-09-16
12538,BI-4438,,To Do,user0006,2026-09-14
12539,BI-4438,To Do,In Progress,user0046,2026-09-18
12540,BI-4438,In Progress,Testing,user0049,2026-09-18
12541,ERP-4439,,To Do,user0019,2026-09-14
12542,SEC-4440,,To Do,user0025,2026-09-14
12543,SEC-4440,To Do,In Progress,user0047,2026-09-16
12544,DATA-4441,,To Do,user0017,2026-09-14
12545,MOB-4442,,To Do,user0046,2026-09-14
12546,MOB-4442,To Do,In Progress,user0045,2026-09-21
12547,MOB-4442,In Progress,Testing,user0036,2026-09-22
12548,DATA-4443,,To Do,user0047,2026-09-14
12549,DATA-4443,To Do,In Progress,user0035,2026-09-17
12550,DATA-4443,In Progress,Testing,user0003,2026-09-20
12551,DATA-4443,Testing,Done,user0002,2026-09-26
12552,BANK-4444,,To Do,user0016,2026-09-14
12553,BANK-4444,To Do,In Progress,user0020,2026-09-20
12554,ERP-4445,,To Do,user0012,2026-09-14
12555,ERP-4445,To Do,In Progress,user0021,2026-09-16
12556,ERP-4445,In Progress,Testing,user0021,2026-09-26
12557,ERP-4445,Testing,Done,user0002,2026-10-02
12558,ERP-4445,Done,Reopened,user0020,2026-09-26
12559,BANK-4446,,To Do,user0048,2026-09-14
12560,BANK-4446,To Do,In Progress,user0024,2026-09-15
12561,BANK-4446,In Progress,Blocked,user0047,2026-09-22
12562,BI-4447,,To Do,user0008,2026-09-14
12563,BI-4447,To Do,In Progress,user0043,2026-09-15
12564,BANK-4448,,To Do,user0009,2026-09-14
12565,BANK-4448,To Do,In Progress,user0033,2026-09-15
12566,BANK-4448,In Progress,Testing,user0003,2026-09-26
12567,BANK-4448,Testing,Done,user0001,2026-09-20
12568,BI-4449,,To Do,user0042,2026-09-14
12569,BI-4449,To Do,In Progress,user0004,2026-09-15
12570,BI-4449,In Progress,Testing,user0006,2026-09-20
12571,BI-4449,Testing,Done,user0024,2026-09-20
12572,MOB-4450,,To Do,user0033,2026-09-14
12573,MOB-4450,To Do,In Progress,user0045,2026-09-18
12574,MOB-4450,In Progress,Testing,user0019,2026-09-16
12575,MOB-4450,Testing,Done,user0042,2026-09-29
12576,PORTAL-4451,,To Do,user0001,2026-09-14
12577,MOB-4452,,To Do,user0042,2026-09-14
12578,MOB-4452,To Do,In Progress,user0021,2026-09-16
12579,MOB-4452,In Progress,Testing,user0040,2026-09-16
12580,MOB-4452,Testing,Done,user0044,2026-09-20
12581,ECOM-4453,,To Do,user0008,2026-09-14
12582,ECOM-4453,To Do,In Progress,user0040,2026-09-15
12583,ECOM-4453,In Progress,Testing,user0033,2026-09-24
12584,PORTAL-4454,,To Do,user0022,2026-09-14
12585,PORTAL-4454,To Do,In Progress,user0026,2026-09-16
12586,PORTAL-4454,In Progress,Testing,user0032,2026-09-16
12587,BI-4455,,To Do,user0034,2026-09-14
12588,BI-4455,To Do,In Progress,user0045,2026-09-21
12589,BI-4455,In Progress,Testing,user0032,2026-09-18
12590,BI-4455,Testing,Done,user0009,2026-09-17
12591,BI-4456,,To Do,user0025,2026-09-14
12592,BI-4456,To Do,In Progress,user0009,2026-09-15
12593,BI-4456,In Progress,Testing,user0037,2026-09-20
12594,BI-4456,Testing,Done,user0050,2026-09-20
12595,PORTAL-4457,,To Do,user0038,2026-09-14
12596,ECOM-4458,,To Do,user0026,2026-09-14
12597,SEC-4459,,To Do,user0017,2026-09-14
12598,SEC-4459,To Do,In Progress,user0012,2026-09-15
12599,SEC-4459,In Progress,Testing,user0008,2026-09-22
12600,SEC-4459,Testing,Done,user0045,2026-09-29
12601,SEC-4459,Done,Reopened,user0050,2026-09-22
12602,PORTAL-4460,,To Do,user0008,2026-09-14
12603,PORTAL-4460,To Do,In Progress,user0004,2026-09-15
12604,PORTAL-4460,In Progress,Blocked,user0043,2026-09-24
12605,MOB-4461,,To Do,user0038,2026-09-14
12606,MOB-4461,To Do,In Progress,user0023,2026-09-21
12607,MOB-4461,In Progress,Testing,user0022,2026-09-18
12608,BANK-4462,,To Do,user0003,2026-09-14
12609,BANK-4462,To Do,In Progress,user0001,2026-09-21
12610,MOB-4463,,To Do,user0048,2026-09-14
12611,ECOM-4464,,To Do,user0024,2026-09-14
12612,ECOM-4464,To Do,In Progress,user0008,2026-09-20
12613,ECOM-4464,In Progress,Testing,user0043,2026-09-28
12614,ECOM-4464,Testing,Done,user0036,2026-10-02
12615,BANK-4465,,To Do,user0042,2026-09-14
12616,BANK-4465,To Do,In Progress,user0040,2026-09-21
12617,BANK-4465,In Progress,Testing,user0018,2026-09-18
12618,BANK-4465,Testing,Done,user0021,2026-10-02
12619,DATA-4466,,To Do,user0025,2026-09-14
12620,DATA-4467,,To Do,user0019,2026-09-14
12621,BI-4468,,To Do,user0020,2026-09-14
12622,BI-4468,To Do,In Progress,user0033,2026-09-18
12623,BI-4468,In Progress,Testing,user0038,2026-09-26
12624,CLOUD-4469,,To Do,user0040,2026-09-14
12625,CLOUD-4469,To Do,In Progress,user0025,2026-09-16
12626,CLOUD-4469,In Progress,Testing,user0049,2026-09-26
12627,CLOUD-4469,Testing,Done,user0047,2026-10-02
12628,CRM-4470,,To Do,user0041,2026-09-14
12629,ERP-4471,,To Do,user0006,2026-09-14
12630,ERP-4471,To Do,In Progress,user0042,2026-09-18
12631,ERP-4471,In Progress,Testing,user0045,2026-09-28
12632,ERP-4471,Testing,Done,user0006,2026-10-02
12633,ERP-4471,Done,Reopened,user0045,2026-09-30
12634,ERP-4472,,To Do,user0017,2026-09-14
12635,ERP-4472,To Do,In Progress,user0025,2026-09-18
12636,SEC-4473,,To Do,user0043,2026-09-14
12637,SEC-4473,To Do,In Progress,user0014,2026-09-20
12638,SEC-4473,In Progress,Testing,user0028,2026-09-18
12639,SEC-4473,Testing,Done,user0015,2026-09-26
12640,PORTAL-4474,,To Do,user0046,2026-09-14
12641,PORTAL-4474,To Do,In Progress,user0006,2026-09-20
12642,PORTAL-4474,In Progress,Testing,user0035,2026-09-24
12643,PORTAL-4474,Testing,Done,user0039,2026-09-20
12644,PORTAL-4475,,To Do,user0033,2026-09-14
12645,PORTAL-4475,To Do,In Progress,user0042,2026-09-21
12646,DATA-4476,,To Do,user0050,2026-09-14
12647,DATA-4476,To Do,In Progress,user0025,2026-09-18
12648,DATA-4476,In Progress,Testing,user0045,2026-09-24
12649,DATA-4476,Testing,Done,user0010,2026-10-05
12650,DATA-4477,,To Do,user0024,2026-09-14
12651,DATA-4477,To Do,In Progress,user0041,2026-09-19
12652,ERP-4478,,To Do,user0033,2026-09-14
12653,ERP-4478,To Do,In Progress,user0021,2026-09-21
12654,ERP-4478,In Progress,Blocked,user0026,2026-09-16
12655,PORTAL-4479,,To Do,user0012,2026-09-14
12656,PORTAL-4479,To Do,In Progress,user0015,2026-09-18
12657,PORTAL-4479,In Progress,Testing,user0029,2026-09-20
12658,PORTAL-4479,Testing,Done,user0021,2026-10-05
12659,PORTAL-4479,Done,Reopened,user0045,2026-09-26
12660,BANK-4480,,To Do,user0049,2026-09-14
12661,CRM-4481,,To Do,user0022,2026-09-14
12662,CRM-4481,To Do,In Progress,user0020,2026-09-16
12663,CRM-4481,In Progress,Testing,user0023,2026-09-16
12664,ECOM-4482,,To Do,user0008,2026-09-14
12665,ECOM-4482,To Do,In Progress,user0035,2026-09-18
12666,ECOM-4482,In Progress,Testing,user0050,2026-09-18
12667,ECOM-4482,Testing,Done,user0008,2026-09-20
12668,ECOM-4483,,To Do,user0012,2026-09-14
12669,ECOM-4483,To Do,In Progress,user0043,2026-09-15
12670,ECOM-4483,In Progress,Testing,user0050,2026-09-26
12671,ECOM-4483,Testing,Done,user0030,2026-09-23
12672,PORTAL-4484,,To Do,user0042,2026-09-14
12673,CRM-4485,,To Do,user0034,2026-09-14
12674,CRM-4485,To Do,In Progress,user0013,2026-09-15
12675,BI-4486,,To Do,user0029,2026-09-14
12676,BI-4486,To Do,In Progress,user0021,2026-09-15
12677,BI-4486,In Progress,Testing,user0020,2026-09-20
12678,BI-4486,Testing,Done,user0001,2026-09-23
12679,CRM-4487,,To Do,user0032,2026-09-14
12680,CRM-4487,To Do,In Progress,user0006,2026-09-17
12681,SEC-4488,,To Do,user0012,2026-09-14
12682,SEC-4488,To Do,In Progress,user0015,2026-09-17
12683,BI-4489,,To Do,user0001,2026-09-14
12684,BI-4489,To Do,In Progress,user0048,2026-09-21
12685,BI-4489,In Progress,Testing,user0034,2026-09-20
12686,BI-4489,Testing,Done,user0041,2026-09-29
12687,CLOUD-4490,,To Do,user0002,2026-09-14
12688,CLOUD-4490,To Do,In Progress,user0048,2026-09-20
12689,CLOUD-4490,In Progress,Testing,user0040,2026-09-22
12690,CRM-4491,,To Do,user0001,2026-09-14
12691,CRM-4491,To Do,In Progress,user0017,2026-09-20
12692,ERP-4492,,To Do,user0010,2026-09-14
12693,ERP-4492,To Do,In Progress,user0044,2026-09-18
12694,ERP-4492,In Progress,Testing,user0007,2026-09-22
12695,ERP-4492,Testing,Done,user0048,2026-10-02
12696,DATA-4493,,To Do,user0025,2026-09-14
12697,DATA-4493,To Do,In Progress,user0030,2026-09-20
12698,DATA-4493,In Progress,Testing,user0013,2026-09-22
12699,DATA-4493,Testing,Done,user0041,2026-09-23
12700,CRM-4494,,To Do,user0024,2026-09-14
12701,CRM-4494,To Do,In Progress,user0035,2026-09-16
12702,CRM-4494,In Progress,Blocked,user0044,2026-09-20
12703,BANK-4495,,To Do,user0039,2026-09-14
12704,BANK-4495,To Do,In Progress,user0033,2026-09-17
12705,BANK-4495,In Progress,Testing,user0014,2026-09-16
12706,BANK-4495,Testing,Done,user0044,2026-10-02
12707,DATA-4496,,To Do,user0010,2026-09-14
12708,DATA-4496,To Do,In Progress,user0008,2026-09-15
12709,CLOUD-4497,,To Do,user0048,2026-09-14
12710,CLOUD-4497,To Do,In Progress,user0048,2026-09-16
12711,CLOUD-4497,In Progress,Blocked,user0048,2026-09-22
12712,BANK-4498,,To Do,user0026,2026-09-14
12713,BANK-4498,To Do,In Progress,user0022,2026-09-19
12714,BANK-4498,In Progress,Testing,user0050,2026-09-20
12715,BANK-4498,Testing,Done,user0026,2026-09-29
12716,BANK-4499,,To Do,user0041,2026-09-14
12717,BANK-4499,To Do,In Progress,user0005,2026-09-16
12718,PORTAL-4500,,To Do,user0006,2026-09-14
12719,PORTAL-4500,To Do,In Progress,user0032,2026-09-18
12720,PORTAL-4500,In Progress,Blocked,user0047,2026-09-28
12721,SEC-4501,,To Do,user0002,2026-09-14
12722,SEC-4501,To Do,In Progress,user0011,2026-09-15
12723,ECOM-4502,,To Do,user0008,2026-09-14
12724,ECOM-4502,To Do,In Progress,user0004,2026-09-21
12725,ECOM-4502,In Progress,Testing,user0037,2026-09-20
12726,ECOM-4502,Testing,Done,user0039,2026-09-20
12727,SEC-4503,,To Do,user0016,2026-09-14
12728,SEC-4503,To Do,In Progress,user0025,2026-09-15
12729,DATA-4504,,To Do,user0046,2026-09-14
12730,MOB-4505,,To Do,user0025,2026-09-14
12731,MOB-4505,To Do,In Progress,user0043,2026-09-18
12732,MOB-4505,In Progress,Testing,user0002,2026-09-28
12733,MOB-4505,Testing,Done,user0048,2026-09-20
12734,SEC-4506,,To Do,user0020,2026-09-14
12735,SEC-4506,To Do,In Progress,user0012,2026-09-19
12736,SEC-4506,In Progress,Testing,user0041,2026-09-28
12737,BI-4507,,To Do,user0040,2026-09-14
12738,BI-4507,To Do,In Progress,user0030,2026-09-15
12739,BI-4507,In Progress,Testing,user0013,2026-09-24
12740,BI-4507,Testing,Done,user0001,2026-09-23
12741,ECOM-4508,,To Do,user0002,2026-09-14
12742,ECOM-4508,To Do,In Progress,user0030,2026-09-18
12743,ECOM-4508,In Progress,Testing,user0009,2026-09-26
12744,ECOM-4508,Testing,Done,user0044,2026-09-23
12745,BANK-4509,,To Do,user0009,2026-09-14
12746,BANK-4509,To Do,In Progress,user0003,2026-09-15
12747,PORTAL-4510,,To Do,user0035,2026-09-14
12748,PORTAL-4510,To Do,In Progress,user0038,2026-09-17
12749,PORTAL-4510,In Progress,Blocked,user0004,2026-09-18
12750,BANK-4511,,To Do,user0028,2026-09-14
12751,BANK-4511,To Do,In Progress,user0001,2026-09-20
12752,PORTAL-4512,,To Do,user0033,2026-09-14
12753,PORTAL-4512,To Do,In Progress,user0013,2026-09-17
12754,PORTAL-4512,In Progress,Testing,user0041,2026-09-24
12755,ERP-4513,,To Do,user0040,2026-09-14
12756,ERP-4513,To Do,In Progress,user0016,2026-09-15
12757,SEC-4514,,To Do,user0013,2026-09-14
12758,SEC-4514,To Do,In Progress,user0038,2026-09-21
12759,ECOM-4515,,To Do,user0018,2026-09-14
12760,BI-4516,,To Do,user0006,2026-09-14
12761,BI-4516,To Do,In Progress,user0042,2026-09-20
12762,BI-4516,In Progress,Testing,user0033,2026-09-16
12763,BI-4516,Testing,Done,user0050,2026-10-05
12764,MOB-4517,,To Do,user0010,2026-09-14
12765,SEC-4518,,To Do,user0018,2026-09-14
12766,SEC-4518,To Do,In Progress,user0039,2026-09-16
12767,SEC-4518,In Progress,Blocked,user0015,2026-09-18
12768,BANK-4519,,To Do,user0006,2026-09-14
12769,BANK-4519,To Do,In Progress,user0023,2026-09-18
12770,BANK-4519,In Progress,Testing,user0005,2026-09-22
12771,BANK-4519,Testing,Done,user0028,2026-09-20
12772,DATA-4520,,To Do,user0008,2026-09-14
12773,DATA-4520,To Do,In Progress,user0024,2026-09-15
12774,DATA-4520,In Progress,Testing,user0025,2026-09-24
12775,DATA-4520,Testing,Done,user0039,2026-10-02
12776,PORTAL-4521,,To Do,user0023,2026-09-14
12777,PORTAL-4521,To Do,In Progress,user0024,2026-09-20
12778,BANK-4522,,To Do,user0039,2026-09-14
12779,BANK-4522,To Do,In Progress,user0005,2026-09-20
12780,BANK-4522,In Progress,Testing,user0030,2026-09-26
12781,BANK-4522,Testing,Done,user0004,2026-09-29
12782,ERP-4523,,To Do,user0036,2026-09-14
12783,DATA-4524,,To Do,user0022,2026-09-14
12784,DATA-4524,To Do,In Progress,user0026,2026-09-18
12785,DATA-4524,In Progress,Testing,user0017,2026-09-18
12786,DATA-4524,Testing,Done,user0048,2026-09-17
12787,PORTAL-4525,,To Do,user0028,2026-09-14
12788,PORTAL-4525,To Do,In Progress,user0024,2026-09-16
12789,MOB-4526,,To Do,user0008,2026-09-14
12790,MOB-4526,To Do,In Progress,user0018,2026-09-18
12791,MOB-4526,In Progress,Testing,user0042,2026-09-16
12792,MOB-4526,Testing,Done,user0045,2026-09-20
12793,MOB-4527,,To Do,user0029,2026-09-14
12794,MOB-4527,To Do,In Progress,user0037,2026-09-16
12795,MOB-4527,In Progress,Testing,user0004,2026-09-18
12796,DATA-4528,,To Do,user0018,2026-09-14
12797,DATA-4528,To Do,In Progress,user0046,2026-09-17
12798,SEC-4529,,To Do,user0030,2026-09-14
12799,SEC-4529,To Do,In Progress,user0007,2026-09-17
12800,SEC-4529,In Progress,Testing,user0009,2026-09-26
12801,SEC-4529,Testing,Done,user0036,2026-09-29
12802,CLOUD-4530,,To Do,user0002,2026-09-14
12803,CLOUD-4530,To Do,In Progress,user0043,2026-09-20
12804,CLOUD-4530,In Progress,Testing,user0016,2026-09-26
12805,CLOUD-4530,Testing,Done,user0031,2026-09-26
12806,PORTAL-4531,,To Do,user0049,2026-09-14
12807,PORTAL-4531,To Do,In Progress,user0022,2026-09-15
12808,PORTAL-4531,In Progress,Testing,user0010,2026-09-20
12809,PORTAL-4531,Testing,Done,user0015,2026-09-23
12810,MOB-4532,,To Do,user0031,2026-09-14
12811,MOB-4532,To Do,In Progress,user0002,2026-09-20
12812,MOB-4532,In Progress,Testing,user0032,2026-09-18
12813,DATA-4533,,To Do,user0032,2026-09-14
12814,DATA-4534,,To Do,user0007,2026-09-14
12815,DATA-4534,To Do,In Progress,user0041,2026-09-21
12816,DATA-4534,In Progress,Testing,user0047,2026-09-28
12817,DATA-4534,Testing,Done,user0044,2026-10-05
12818,BANK-4535,,To Do,user0043,2026-09-14
12819,BANK-4535,To Do,In Progress,user0036,2026-09-19
12820,BANK-4535,In Progress,Testing,user0032,2026-09-26
12821,BANK-4535,Testing,Done,user0010,2026-10-02
12822,BANK-4536,,To Do,user0050,2026-09-14
12823,BANK-4536,To Do,In Progress,user0033,2026-09-18
12824,BANK-4536,In Progress,Testing,user0050,2026-09-18
12825,BANK-4536,Testing,Done,user0022,2026-09-26
12826,BI-4537,,To Do,user0004,2026-09-14
12827,BI-4537,To Do,In Progress,user0041,2026-09-21
12828,BI-4537,In Progress,Testing,user0006,2026-09-18
12829,BI-4537,Testing,Done,user0011,2026-10-02
12830,DATA-4538,,To Do,user0024,2026-09-14
12831,DATA-4538,To Do,In Progress,user0019,2026-09-21
12832,DATA-4538,In Progress,Testing,user0048,2026-09-24
12833,DATA-4538,Testing,Done,user0028,2026-09-20
12834,PORTAL-4539,,To Do,user0011,2026-09-14
12835,PORTAL-4539,To Do,In Progress,user0015,2026-09-17
12836,PORTAL-4539,In Progress,Testing,user0025,2026-09-24
12837,PORTAL-4539,Testing,Done,user0008,2026-09-26
12838,PORTAL-4539,Done,Reopened,user0014,2026-10-04
12839,PORTAL-4540,,To Do,user0050,2026-09-14
12840,PORTAL-4540,To Do,In Progress,user0038,2026-09-16
12841,PORTAL-4540,In Progress,Blocked,user0013,2026-09-20
12842,ECOM-4541,,To Do,user0010,2026-09-14
12843,ECOM-4541,To Do,In Progress,user0022,2026-09-15
12844,BI-4542,,To Do,user0037,2026-09-14
12845,BI-4542,To Do,In Progress,user0012,2026-09-17
12846,BI-4542,In Progress,Testing,user0014,2026-09-18
12847,BI-4542,Testing,Done,user0038,2026-10-05
12848,CLOUD-4543,,To Do,user0041,2026-09-14
12849,CLOUD-4543,To Do,In Progress,user0015,2026-09-21
12850,CLOUD-4543,In Progress,Testing,user0022,2026-09-16
12851,CLOUD-4543,Testing,Done,user0046,2026-09-29
12852,PORTAL-4544,,To Do,user0044,2026-09-14
12853,PORTAL-4544,To Do,In Progress,user0003,2026-09-15
12854,PORTAL-4544,In Progress,Testing,user0045,2026-09-20
12855,PORTAL-4544,Testing,Done,user0035,2026-09-17
12856,PORTAL-4544,Done,Reopened,user0022,2026-10-08
12857,MOB-4545,,To Do,user0042,2026-09-14
12858,MOB-4545,To Do,In Progress,user0037,2026-09-18
12859,MOB-4545,In Progress,Testing,user0009,2026-09-22
12860,MOB-4545,Testing,Done,user0033,2026-09-20
12861,ECOM-4546,,To Do,user0004,2026-09-14
12862,ECOM-4546,To Do,In Progress,user0036,2026-09-20
12863,ECOM-4546,In Progress,Blocked,user0008,2026-09-24
12864,ECOM-4547,,To Do,user0045,2026-09-14
12865,ERP-4548,,To Do,user0029,2026-09-14
12866,ERP-4548,To Do,In Progress,user0034,2026-09-15
12867,CLOUD-4549,,To Do,user0036,2026-09-14
12868,CLOUD-4549,To Do,In Progress,user0004,2026-09-17
12869,CLOUD-4549,In Progress,Testing,user0004,2026-09-16
12870,CLOUD-4549,Testing,Done,user0034,2026-09-20
12871,ERP-4550,,To Do,user0041,2026-09-14
12872,ERP-4550,To Do,In Progress,user0007,2026-09-19
12873,ERP-4550,In Progress,Blocked,user0048,2026-09-16
12874,DATA-4551,,To Do,user0009,2026-09-14
12875,DATA-4551,To Do,In Progress,user0015,2026-09-15
12876,MOB-4552,,To Do,user0002,2026-09-14
12877,MOB-4552,To Do,In Progress,user0026,2026-09-19
12878,SEC-4553,,To Do,user0013,2026-09-14
12879,SEC-4553,To Do,In Progress,user0032,2026-09-16
12880,SEC-4553,In Progress,Testing,user0037,2026-09-20
12881,SEC-4553,Testing,Done,user0005,2026-09-26
12882,SEC-4553,Done,Reopened,user0026,2026-09-22
12883,BI-4554,,To Do,user0001,2026-09-14
12884,BI-4554,To Do,In Progress,user0009,2026-09-18
12885,BI-4554,In Progress,Testing,user0047,2026-09-28
12886,BI-4554,Testing,Done,user0004,2026-09-29
12887,ECOM-4555,,To Do,user0039,2026-09-14
12888,ECOM-4555,To Do,In Progress,user0045,2026-09-16
12889,ECOM-4555,In Progress,Testing,user0019,2026-09-20
12890,ECOM-4555,Testing,Done,user0028,2026-10-05
12891,BANK-4556,,To Do,user0025,2026-09-14
12892,BANK-4556,To Do,In Progress,user0001,2026-09-19
12893,BANK-4556,In Progress,Testing,user0038,2026-09-26
12894,BANK-4556,Testing,Done,user0004,2026-09-17
12895,BANK-4556,Done,Reopened,user0014,2026-09-22
12896,PORTAL-4557,,To Do,user0037,2026-09-14
12897,PORTAL-4557,To Do,In Progress,user0016,2026-09-21
12898,SEC-4558,,To Do,user0038,2026-09-14
12899,SEC-4558,To Do,In Progress,user0041,2026-09-20
12900,ECOM-4559,,To Do,user0047,2026-09-14
12901,BANK-4560,,To Do,user0033,2026-09-14
12902,BANK-4560,To Do,In Progress,user0004,2026-09-21
12903,BANK-4560,In Progress,Testing,user0018,2026-09-20
12904,ERP-4561,,To Do,user0026,2026-09-14
12905,ERP-4561,To Do,In Progress,user0001,2026-09-15
12906,ECOM-4562,,To Do,user0037,2026-09-14
12907,BANK-4563,,To Do,user0039,2026-09-14
12908,BANK-4563,To Do,In Progress,user0038,2026-09-17
12909,ERP-4564,,To Do,user0014,2026-09-14
12910,ERP-4564,To Do,In Progress,user0040,2026-09-17
12911,ERP-4565,,To Do,user0046,2026-09-14
12912,ERP-4565,To Do,In Progress,user0011,2026-09-20
12913,ERP-4565,In Progress,Blocked,user0012,2026-09-16
12914,CLOUD-4566,,To Do,user0014,2026-09-14
12915,CLOUD-4566,To Do,In Progress,user0004,2026-09-20
12916,CLOUD-4566,In Progress,Testing,user0020,2026-09-28
12917,CLOUD-4566,Testing,Done,user0037,2026-10-05
12918,SEC-4567,,To Do,user0037,2026-09-14
12919,SEC-4567,To Do,In Progress,user0034,2026-09-18
12920,SEC-4567,In Progress,Testing,user0003,2026-09-28
12921,SEC-4568,,To Do,user0021,2026-09-14
12922,SEC-4568,To Do,In Progress,user0003,2026-09-21
12923,SEC-4568,In Progress,Testing,user0020,2026-09-16
12924,BI-4569,,To Do,user0015,2026-09-14
12925,BI-4569,To Do,In Progress,user0007,2026-09-15
12926,BI-4569,In Progress,Testing,user0005,2026-09-16
12927,BI-4569,Testing,Done,user0028,2026-10-02
12928,MOB-4570,,To Do,user0002,2026-09-14
12929,ERP-4571,,To Do,user0023,2026-09-14
12930,ERP-4571,To Do,In Progress,user0009,2026-09-15
12931,ERP-4571,In Progress,Testing,user0005,2026-09-26
12932,ERP-4571,Testing,Done,user0031,2026-09-17
12933,CRM-4572,,To Do,user0016,2026-09-14
12934,CRM-4572,To Do,In Progress,user0013,2026-09-17
12935,MOB-4573,,To Do,user0049,2026-09-14
12936,MOB-4573,To Do,In Progress,user0019,2026-09-20
12937,MOB-4573,In Progress,Testing,user0011,2026-09-26
12938,MOB-4573,Testing,Done,user0016,2026-10-02
12939,MOB-4573,Done,Reopened,user0024,2026-09-30
12940,DATA-4574,,To Do,user0014,2026-09-14
12941,DATA-4574,To Do,In Progress,user0031,2026-09-21
12942,DATA-4574,In Progress,Testing,user0024,2026-09-20
12943,DATA-4574,Testing,Done,user0017,2026-09-29
12944,DATA-4575,,To Do,user0007,2026-09-14
12945,DATA-4575,To Do,In Progress,user0041,2026-09-16
12946,DATA-4575,In Progress,Testing,user0012,2026-09-24
12947,DATA-4575,Testing,Done,user0020,2026-09-26
12948,DATA-4575,Done,Reopened,user0020,2026-09-22
12949,CLOUD-4576,,To Do,user0006,2026-09-14
12950,CLOUD-4576,To Do,In Progress,user0050,2026-09-17
12951,CLOUD-4576,In Progress,Testing,user0022,2026-09-24
12952,CLOUD-4576,Testing,Done,user0040,2026-10-05
12953,CRM-4577,,To Do,user0008,2026-09-14
12954,CRM-4577,To Do,In Progress,user0040,2026-09-19
12955,ECOM-4578,,To Do,user0026,2026-09-14
12956,ECOM-4578,To Do,In Progress,user0042,2026-09-17
12957,ECOM-4578,In Progress,Blocked,user0035,2026-09-28
12958,PORTAL-4579,,To Do,user0017,2026-09-14
12959,PORTAL-4579,To Do,In Progress,user0029,2026-09-20
12960,PORTAL-4579,In Progress,Testing,user0040,2026-09-18
12961,ERP-4580,,To Do,user0037,2026-09-14
12962,ERP-4580,To Do,In Progress,user0042,2026-09-16
12963,ERP-4581,,To Do,user0006,2026-09-14
12964,ERP-4581,To Do,In Progress,user0008,2026-09-18
12965,ERP-4581,In Progress,Blocked,user0031,2026-09-18
12966,PORTAL-4582,,To Do,user0010,2026-09-14
12967,PORTAL-4582,To Do,In Progress,user0012,2026-09-17
12968,PORTAL-4582,In Progress,Blocked,user0009,2026-09-22
12969,ECOM-4583,,To Do,user0006,2026-09-14
12970,ECOM-4583,To Do,In Progress,user0021,2026-09-15
12971,ECOM-4583,In Progress,Testing,user0002,2026-09-28
12972,ECOM-4583,Testing,Done,user0008,2026-09-26
12973,SEC-4584,,To Do,user0035,2026-09-14
12974,PORTAL-4585,,To Do,user0009,2026-09-14
12975,BANK-4586,,To Do,user0010,2026-09-14
12976,BANK-4586,To Do,In Progress,user0049,2026-09-21
12977,BANK-4586,In Progress,Testing,user0032,2026-09-16
12978,BANK-4586,Testing,Done,user0006,2026-09-17
12979,BANK-4587,,To Do,user0025,2026-09-14
12980,MOB-4588,,To Do,user0021,2026-09-14
12981,MOB-4588,To Do,In Progress,user0003,2026-09-16
12982,MOB-4588,In Progress,Testing,user0021,2026-09-16
12983,MOB-4588,Testing,Done,user0032,2026-10-05
12984,BI-4589,,To Do,user0022,2026-09-14
12985,BI-4589,To Do,In Progress,user0029,2026-09-17
12986,BI-4589,In Progress,Testing,user0003,2026-09-26
12987,BI-4589,Testing,Done,user0007,2026-10-05
12988,CRM-4590,,To Do,user0016,2026-09-14
12989,CLOUD-4591,,To Do,user0043,2026-09-14
12990,CLOUD-4591,To Do,In Progress,user0002,2026-09-21
12991,CLOUD-4591,In Progress,Testing,user0050,2026-09-18
12992,CLOUD-4591,Testing,Done,user0046,2026-09-26
12993,CRM-4592,,To Do,user0029,2026-09-14
12994,CRM-4592,To Do,In Progress,user0040,2026-09-20
12995,ECOM-4593,,To Do,user0037,2026-09-14
12996,ECOM-4593,To Do,In Progress,user0043,2026-09-15
12997,ECOM-4593,In Progress,Blocked,user0009,2026-09-24
12998,SEC-4594,,To Do,user0050,2026-09-14
12999,SEC-4594,To Do,In Progress,user0001,2026-09-17
13000,SEC-4594,In Progress,Testing,user0010,2026-09-20
13001,SEC-4595,,To Do,user0035,2026-09-14
13002,SEC-4595,To Do,In Progress,user0009,2026-09-16
13003,ERP-4596,,To Do,user0011,2026-09-14
13004,ERP-4596,To Do,In Progress,user0003,2026-09-15
13005,PORTAL-4597,,To Do,user0022,2026-09-14
13006,PORTAL-4597,To Do,In Progress,user0006,2026-09-17
13007,PORTAL-4597,In Progress,Testing,user0033,2026-09-16
13008,PORTAL-4597,Testing,Done,user0019,2026-10-05
13009,PORTAL-4597,Done,Reopened,user0039,2026-09-22
13010,BANK-4598,,To Do,user0039,2026-09-14
13011,BANK-4598,To Do,In Progress,user0027,2026-09-20
13012,BANK-4598,In Progress,Testing,user0026,2026-09-22
13013,BANK-4598,Testing,Done,user0009,2026-09-23
13014,BANK-4599,,To Do,user0016,2026-09-14
13015,BANK-4599,To Do,In Progress,user0015,2026-09-20
13016,CLOUD-4600,,To Do,user0014,2026-09-14
13017,CLOUD-4600,To Do,In Progress,user0013,2026-09-15
13018,MOB-4601,,To Do,user0023,2026-09-14
13019,MOB-4601,To Do,In Progress,user0012,2026-09-18
13020,MOB-4601,In Progress,Testing,user0012,2026-09-16
13021,MOB-4601,Testing,Done,user0030,2026-10-02
13022,BI-4602,,To Do,user0006,2026-09-14
13023,BI-4602,To Do,In Progress,user0045,2026-09-20
13024,CRM-4603,,To Do,user0001,2026-09-14
13025,CRM-4603,To Do,In Progress,user0022,2026-09-20
13026,CRM-4603,In Progress,Blocked,user0007,2026-09-20
13027,DATA-4604,,To Do,user0043,2026-09-14
13028,DATA-4604,To Do,In Progress,user0009,2026-09-21
13029,DATA-4605,,To Do,user0039,2026-09-14
13030,DATA-4605,To Do,In Progress,user0030,2026-09-18
13031,DATA-4605,In Progress,Testing,user0010,2026-09-28
13032,DATA-4605,Testing,Done,user0005,2026-09-29
13033,PORTAL-4606,,To Do,user0008,2026-09-14
13034,PORTAL-4606,To Do,In Progress,user0049,2026-09-20
13035,PORTAL-4606,In Progress,Blocked,user0027,2026-09-28
13036,DATA-4607,,To Do,user0015,2026-09-14
13037,DATA-4607,To Do,In Progress,user0018,2026-09-21
13038,DATA-4607,In Progress,Testing,user0027,2026-09-24
13039,BI-4608,,To Do,user0030,2026-09-14
13040,BI-4608,To Do,In Progress,user0026,2026-09-17
13041,BI-4608,In Progress,Testing,user0036,2026-09-20
13042,BI-4608,Testing,Done,user0041,2026-09-26
13043,BANK-4609,,To Do,user0033,2026-09-14
13044,BANK-4609,To Do,In Progress,user0004,2026-09-16
13045,BANK-4609,In Progress,Testing,user0043,2026-09-22
13046,BANK-4609,Testing,Done,user0022,2026-09-29
13047,BANK-4609,Done,Reopened,user0046,2026-10-08
13048,MOB-4610,,To Do,user0010,2026-09-14
13049,ERP-4611,,To Do,user0032,2026-09-14
13050,ERP-4611,To Do,In Progress,user0031,2026-09-17
13051,CLOUD-4612,,To Do,user0018,2026-09-14
13052,CLOUD-4612,To Do,In Progress,user0041,2026-09-21
13053,CLOUD-4612,In Progress,Testing,user0025,2026-09-28
13054,CLOUD-4612,Testing,Done,user0035,2026-09-23
13055,PORTAL-4613,,To Do,user0013,2026-09-14
13056,PORTAL-4613,To Do,In Progress,user0030,2026-09-20
13057,PORTAL-4613,In Progress,Testing,user0021,2026-09-16
13058,PORTAL-4613,Testing,Done,user0049,2026-09-20
13059,PORTAL-4613,Done,Reopened,user0013,2026-09-18
13060,PORTAL-4614,,To Do,user0027,2026-09-14
13061,PORTAL-4614,To Do,In Progress,user0044,2026-09-16
13062,MOB-4615,,To Do,user0032,2026-09-14
13063,MOB-4615,To Do,In Progress,user0033,2026-09-17
13064,MOB-4615,In Progress,Testing,user0046,2026-09-16
13065,MOB-4615,Testing,Done,user0030,2026-09-26
13066,CRM-4616,,To Do,user0015,2026-09-14
13067,CLOUD-4617,,To Do,user0010,2026-09-14
13068,CLOUD-4617,To Do,In Progress,user0048,2026-09-15
13069,CLOUD-4617,In Progress,Testing,user0012,2026-09-24
13070,SEC-4618,,To Do,user0010,2026-09-14
13071,SEC-4618,To Do,In Progress,user0037,2026-09-17
13072,ECOM-4619,,To Do,user0027,2026-09-14
13073,ECOM-4619,To Do,In Progress,user0015,2026-09-18
13074,MOB-4620,,To Do,user0043,2026-09-14
13075,MOB-4620,To Do,In Progress,user0021,2026-09-18
13076,MOB-4620,In Progress,Testing,user0013,2026-09-28
13077,MOB-4620,Testing,Done,user0007,2026-10-02
13078,ERP-4621,,To Do,user0036,2026-09-14
13079,ERP-4622,,To Do,user0045,2026-09-14
13080,ERP-4622,To Do,In Progress,user0006,2026-09-21
13081,ERP-4622,In Progress,Testing,user0028,2026-09-28
13082,BI-4623,,To Do,user0017,2026-09-14
13083,BI-4623,To Do,In Progress,user0047,2026-09-18
13084,BI-4623,In Progress,Testing,user0048,2026-09-20
13085,CRM-4624,,To Do,user0002,2026-09-14
13086,CRM-4624,To Do,In Progress,user0039,2026-09-21
13087,BI-4625,,To Do,user0022,2026-09-14
13088,BI-4625,To Do,In Progress,user0047,2026-09-18
13089,BI-4625,In Progress,Testing,user0024,2026-09-26
13090,BI-4625,Testing,Done,user0007,2026-09-23
13091,SEC-4626,,To Do,user0030,2026-09-14
13092,SEC-4626,To Do,In Progress,user0028,2026-09-19
13093,CLOUD-4627,,To Do,user0043,2026-09-14
13094,CLOUD-4627,To Do,In Progress,user0049,2026-09-17
13095,CLOUD-4627,In Progress,Blocked,user0036,2026-09-18
13096,BI-4628,,To Do,user0015,2026-09-14
13097,BI-4628,To Do,In Progress,user0009,2026-09-17
13098,BI-4628,In Progress,Testing,user0036,2026-09-26
13099,BI-4628,Testing,Done,user0004,2026-09-20
13100,PORTAL-4629,,To Do,user0029,2026-09-14
13101,BI-4630,,To Do,user0033,2026-09-14
13102,BI-4630,To Do,In Progress,user0009,2026-09-18
13103,BI-4630,In Progress,Testing,user0016,2026-09-18
13104,BI-4630,Testing,Done,user0021,2026-10-02
13105,ECOM-4631,,To Do,user0015,2026-09-14
13106,ECOM-4631,To Do,In Progress,user0018,2026-09-21
13107,ECOM-4631,In Progress,Testing,user0012,2026-09-26
13108,ECOM-4631,Testing,Done,user0008,2026-09-20
13109,BI-4632,,To Do,user0042,2026-09-14
13110,BI-4632,To Do,In Progress,user0046,2026-09-16
13111,CLOUD-4633,,To Do,user0027,2026-09-14
13112,CLOUD-4633,To Do,In Progress,user0032,2026-09-19
13113,BI-4634,,To Do,user0038,2026-09-14
13114,BI-4634,To Do,In Progress,user0032,2026-09-20
13115,BI-4634,In Progress,Testing,user0011,2026-09-18
13116,DATA-4635,,To Do,user0037,2026-09-14
13117,DATA-4635,To Do,In Progress,user0041,2026-09-19
13118,DATA-4635,In Progress,Testing,user0025,2026-09-24
13119,CLOUD-4636,,To Do,user0040,2026-09-14
13120,CRM-4637,,To Do,user0046,2026-09-14
13121,CRM-4637,To Do,In Progress,user0050,2026-09-16
13122,CRM-4637,In Progress,Blocked,user0019,2026-09-24
13123,CLOUD-4638,,To Do,user0023,2026-09-14
13124,CLOUD-4638,To Do,In Progress,user0024,2026-09-19
13125,CLOUD-4638,In Progress,Testing,user0033,2026-09-24
13126,CLOUD-4638,Testing,Done,user0016,2026-09-29
13127,ERP-4639,,To Do,user0017,2026-09-14
13128,BANK-4640,,To Do,user0010,2026-09-14
13129,BANK-4640,To Do,In Progress,user0033,2026-09-20
13130,BANK-4640,In Progress,Testing,user0050,2026-09-16
13131,BANK-4640,Testing,Done,user0007,2026-10-05
13132,CRM-4641,,To Do,user0017,2026-09-14
13133,CRM-4641,To Do,In Progress,user0001,2026-09-20
13134,BANK-4642,,To Do,user0019,2026-09-14
13135,BANK-4642,To Do,In Progress,user0005,2026-09-17
13136,BANK-4642,In Progress,Testing,user0030,2026-09-22
13137,BI-4643,,To Do,user0002,2026-09-14
13138,BI-4643,To Do,In Progress,user0007,2026-09-20
13139,BI-4643,In Progress,Testing,user0005,2026-09-22
13140,BI-4643,Testing,Done,user0049,2026-09-23
13141,DATA-4644,,To Do,user0033,2026-09-14
13142,DATA-4644,To Do,In Progress,user0017,2026-09-19
13143,DATA-4644,In Progress,Testing,user0047,2026-09-24
13144,BANK-4645,,To Do,user0004,2026-09-14
13145,BANK-4645,To Do,In Progress,user0016,2026-09-17
13146,BANK-4645,In Progress,Testing,user0025,2026-09-26
13147,BANK-4645,Testing,Done,user0016,2026-09-20
13148,BANK-4646,,To Do,user0043,2026-09-14
13149,BANK-4646,To Do,In Progress,user0029,2026-09-15
13150,MOB-4647,,To Do,user0027,2026-09-14
13151,MOB-4647,To Do,In Progress,user0011,2026-09-19
13152,ERP-4648,,To Do,user0028,2026-09-14
13153,ERP-4648,To Do,In Progress,user0029,2026-09-16
13154,ECOM-4649,,To Do,user0045,2026-09-14
13155,MOB-4650,,To Do,user0025,2026-09-14
13156,MOB-4650,To Do,In Progress,user0046,2026-09-19
13157,MOB-4650,In Progress,Testing,user0021,2026-09-28
13158,MOB-4650,Testing,Done,user0028,2026-09-29
13159,CRM-4651,,To Do,user0027,2026-09-14
13160,CRM-4651,To Do,In Progress,user0009,2026-09-17
13161,MOB-4652,,To Do,user0005,2026-09-14
13162,MOB-4652,To Do,In Progress,user0031,2026-09-17
13163,MOB-4652,In Progress,Testing,user0019,2026-09-18
13164,MOB-4653,,To Do,user0040,2026-09-14
13165,MOB-4653,To Do,In Progress,user0025,2026-09-17
13166,MOB-4653,In Progress,Testing,user0026,2026-09-26
13167,MOB-4653,Testing,Done,user0018,2026-09-23
13168,DATA-4654,,To Do,user0019,2026-09-14
13169,DATA-4654,To Do,In Progress,user0039,2026-09-16
13170,ECOM-4655,,To Do,user0037,2026-09-14
13171,ECOM-4655,To Do,In Progress,user0031,2026-09-19
13172,BANK-4656,,To Do,user0039,2026-09-14
13173,ECOM-4657,,To Do,user0001,2026-09-14
13174,ECOM-4657,To Do,In Progress,user0029,2026-09-20
13175,SEC-4658,,To Do,user0001,2026-09-14
13176,SEC-4658,To Do,In Progress,user0026,2026-09-17
13177,SEC-4658,In Progress,Blocked,user0027,2026-09-22
13178,SEC-4659,,To Do,user0047,2026-09-14
13179,SEC-4659,To Do,In Progress,user0050,2026-09-21
13180,SEC-4659,In Progress,Testing,user0045,2026-09-28
13181,SEC-4659,Testing,Done,user0044,2026-09-23
13182,SEC-4659,Done,Reopened,user0009,2026-09-22
13183,MOB-4660,,To Do,user0027,2026-09-14
13184,MOB-4660,To Do,In Progress,user0007,2026-09-20
13185,MOB-4660,In Progress,Testing,user0009,2026-09-28
13186,MOB-4660,Testing,Done,user0020,2026-10-05
13187,SEC-4661,,To Do,user0008,2026-09-14
13188,SEC-4661,To Do,In Progress,user0002,2026-09-16
13189,SEC-4661,In Progress,Testing,user0011,2026-09-20
13190,SEC-4661,Testing,Done,user0026,2026-09-17
13191,PORTAL-4662,,To Do,user0046,2026-09-14
13192,PORTAL-4662,To Do,In Progress,user0047,2026-09-15
13193,PORTAL-4662,In Progress,Testing,user0005,2026-09-24
13194,PORTAL-4662,Testing,Done,user0042,2026-09-29
13195,MOB-4663,,To Do,user0047,2026-09-14
13196,MOB-4663,To Do,In Progress,user0029,2026-09-21
13197,MOB-4663,In Progress,Blocked,user0001,2026-09-26
13198,BANK-4664,,To Do,user0028,2026-09-14
13199,BANK-4664,To Do,In Progress,user0015,2026-09-19
13200,BANK-4664,In Progress,Testing,user0019,2026-09-20
13201,BANK-4664,Testing,Done,user0039,2026-09-29
13202,ECOM-4665,,To Do,user0046,2026-09-14
13203,ECOM-4665,To Do,In Progress,user0002,2026-09-20
13204,ECOM-4665,In Progress,Testing,user0011,2026-09-28
13205,BANK-4666,,To Do,user0046,2026-09-14
13206,BANK-4666,To Do,In Progress,user0008,2026-09-15
13207,CRM-4667,,To Do,user0047,2026-09-14
13208,CRM-4667,To Do,In Progress,user0038,2026-09-15
13209,CRM-4667,In Progress,Blocked,user0021,2026-09-16
13210,SEC-4668,,To Do,user0035,2026-09-14
13211,SEC-4668,To Do,In Progress,user0026,2026-09-15
13212,SEC-4668,In Progress,Blocked,user0013,2026-09-22
13213,ECOM-4669,,To Do,user0014,2026-09-14
13214,ECOM-4669,To Do,In Progress,user0039,2026-09-16
13215,ECOM-4669,In Progress,Blocked,user0038,2026-09-26
13216,CRM-4670,,To Do,user0001,2026-09-14
13217,CRM-4670,To Do,In Progress,user0019,2026-09-21
13218,CRM-4670,In Progress,Testing,user0034,2026-09-24
13219,CRM-4670,Testing,Done,user0021,2026-09-20
13220,CRM-4670,Done,Reopened,user0016,2026-09-30
13221,BANK-4671,,To Do,user0031,2026-09-14
13222,BANK-4671,To Do,In Progress,user0004,2026-09-18
13223,BANK-4671,In Progress,Testing,user0026,2026-09-18
13224,BANK-4671,Testing,Done,user0038,2026-09-17
13225,SEC-4672,,To Do,user0010,2026-09-14
13226,SEC-4672,To Do,In Progress,user0033,2026-09-19
13227,SEC-4672,In Progress,Blocked,user0042,2026-09-28
13228,SEC-4673,,To Do,user0032,2026-09-14
13229,CRM-4674,,To Do,user0009,2026-09-14
13230,CRM-4674,To Do,In Progress,user0030,2026-09-17
13231,CRM-4674,In Progress,Testing,user0035,2026-09-22
13232,CRM-4674,Testing,Done,user0031,2026-10-05
13233,CLOUD-4675,,To Do,user0043,2026-09-14
13234,CLOUD-4675,To Do,In Progress,user0026,2026-09-16
13235,CLOUD-4675,In Progress,Blocked,user0016,2026-09-20
13236,MOB-4676,,To Do,user0039,2026-09-14
13237,MOB-4676,To Do,In Progress,user0032,2026-09-20
13238,ECOM-4677,,To Do,user0038,2026-09-14
13239,ECOM-4677,To Do,In Progress,user0047,2026-09-18
13240,DATA-4678,,To Do,user0009,2026-09-14
13241,BANK-4679,,To Do,user0020,2026-09-14
13242,BANK-4679,To Do,In Progress,user0007,2026-09-16
13243,BANK-4679,In Progress,Testing,user0006,2026-09-22
13244,BANK-4679,Testing,Done,user0039,2026-10-05
13245,BANK-4680,,To Do,user0008,2026-09-14
13246,BANK-4680,To Do,In Progress,user0034,2026-09-18
13247,BANK-4680,In Progress,Testing,user0046,2026-09-20
13248,DATA-4681,,To Do,user0045,2026-09-14
13249,DATA-4681,To Do,In Progress,user0037,2026-09-17
13250,DATA-4681,In Progress,Testing,user0011,2026-09-24
13251,DATA-4681,Testing,Done,user0048,2026-10-05
13252,DATA-4682,,To Do,user0014,2026-09-14
13253,DATA-4682,To Do,In Progress,user0020,2026-09-21
13254,DATA-4682,In Progress,Testing,user0038,2026-09-26
13255,DATA-4682,Testing,Done,user0042,2026-09-23
13256,PORTAL-4683,,To Do,user0040,2026-09-14
13257,PORTAL-4683,To Do,In Progress,user0021,2026-09-15
13258,DATA-4684,,To Do,user0014,2026-09-14
13259,DATA-4684,To Do,In Progress,user0030,2026-09-21
13260,DATA-4684,In Progress,Testing,user0050,2026-09-20
13261,DATA-4684,Testing,Done,user0044,2026-10-02
13262,ERP-4685,,To Do,user0042,2026-09-14
13263,ERP-4685,To Do,In Progress,user0037,2026-09-17
13264,ERP-4685,In Progress,Testing,user0004,2026-09-24
13265,ERP-4685,Testing,Done,user0039,2026-09-23
13266,ERP-4685,Done,Reopened,user0022,2026-10-08
13267,CLOUD-4686,,To Do,user0008,2026-09-14
13268,CLOUD-4686,To Do,In Progress,user0005,2026-09-21
13269,BANK-4687,,To Do,user0017,2026-09-14
13270,BANK-4687,To Do,In Progress,user0001,2026-09-15
13271,DATA-4688,,To Do,user0001,2026-09-14
13272,DATA-4688,To Do,In Progress,user0040,2026-09-19
13273,DATA-4688,In Progress,Testing,user0035,2026-09-26
13274,DATA-4688,Testing,Done,user0042,2026-09-26
13275,DATA-4688,Done,Reopened,user0025,2026-09-22
13276,CRM-4689,,To Do,user0044,2026-09-14
13277,CRM-4689,To Do,In Progress,user0023,2026-09-15
13278,ERP-4690,,To Do,user0020,2026-09-14
13279,ERP-4690,To Do,In Progress,user0007,2026-09-18
13280,PORTAL-4691,,To Do,user0032,2026-09-14
13281,DATA-4692,,To Do,user0038,2026-09-14
13282,DATA-4692,To Do,In Progress,user0025,2026-09-16
13283,DATA-4692,In Progress,Testing,user0045,2026-09-28
13284,DATA-4692,Testing,Done,user0028,2026-09-26
13285,MOB-4693,,To Do,user0024,2026-09-14
13286,BANK-4694,,To Do,user0044,2026-09-14
13287,BANK-4694,To Do,In Progress,user0047,2026-09-21
13288,BANK-4694,In Progress,Testing,user0033,2026-09-24
13289,BANK-4694,Testing,Done,user0042,2026-09-17
13290,BANK-4694,Done,Reopened,user0013,2026-10-04
13291,ECOM-4695,,To Do,user0031,2026-09-14
13292,ECOM-4695,To Do,In Progress,user0001,2026-09-20
13293,ECOM-4695,In Progress,Testing,user0038,2026-09-18
13294,ECOM-4695,Testing,Done,user0032,2026-09-23
13295,ECOM-4696,,To Do,user0015,2026-09-14
13296,ECOM-4696,To Do,In Progress,user0007,2026-09-20
13297,SEC-4697,,To Do,user0012,2026-09-14
13298,MOB-4698,,To Do,user0041,2026-09-14
13299,MOB-4698,To Do,In Progress,user0018,2026-09-17
13300,MOB-4699,,To Do,user0032,2026-09-14
13301,MOB-4699,To Do,In Progress,user0032,2026-09-15
13302,MOB-4699,In Progress,Testing,user0007,2026-09-20
13303,MOB-4699,Testing,Done,user0037,2026-09-23
13304,SEC-4700,,To Do,user0032,2026-09-14
13305,SEC-4700,To Do,In Progress,user0032,2026-09-18
13306,SEC-4700,In Progress,Testing,user0004,2026-09-20
13307,BI-4701,,To Do,user0010,2026-09-14
13308,BI-4701,To Do,In Progress,user0026,2026-09-19
13309,BI-4701,In Progress,Testing,user0017,2026-09-22
13310,BI-4701,Testing,Done,user0007,2026-10-02
13311,DATA-4702,,To Do,user0002,2026-09-14
13312,DATA-4702,To Do,In Progress,user0016,2026-09-18
13313,DATA-4702,In Progress,Testing,user0006,2026-09-28
13314,DATA-4702,Testing,Done,user0034,2026-09-29
13315,SEC-4703,,To Do,user0003,2026-09-14
13316,CLOUD-4704,,To Do,user0018,2026-09-14
13317,CLOUD-4704,To Do,In Progress,user0035,2026-09-18
13318,CLOUD-4704,In Progress,Blocked,user0009,2026-09-24
13319,ECOM-4705,,To Do,user0022,2026-09-14
13320,ECOM-4705,To Do,In Progress,user0025,2026-09-17
13321,MOB-4706,,To Do,user0027,2026-09-14
13322,MOB-4706,To Do,In Progress,user0012,2026-09-15
13323,MOB-4706,In Progress,Testing,user0041,2026-09-24
13324,MOB-4706,Testing,Done,user0049,2026-09-20
13325,ECOM-4707,,To Do,user0004,2026-09-14
13326,ECOM-4707,To Do,In Progress,user0034,2026-09-21
13327,CRM-4708,,To Do,user0036,2026-09-14
13328,CRM-4708,To Do,In Progress,user0043,2026-09-21
13329,CRM-4708,In Progress,Testing,user0047,2026-09-22
13330,CRM-4708,Testing,Done,user0009,2026-10-05
13331,CRM-4708,Done,Reopened,user0041,2026-09-30
13332,PORTAL-4709,,To Do,user0019,2026-09-14
13333,DATA-4710,,To Do,user0025,2026-09-14
13334,DATA-4710,To Do,In Progress,user0032,2026-09-17
13335,DATA-4710,In Progress,Testing,user0003,2026-09-28
13336,CRM-4711,,To Do,user0034,2026-09-14
13337,CRM-4711,To Do,In Progress,user0003,2026-09-18
13338,CRM-4711,In Progress,Blocked,user0019,2026-09-20
13339,MOB-4712,,To Do,user0006,2026-09-14
13340,MOB-4712,To Do,In Progress,user0027,2026-09-20
13341,MOB-4712,In Progress,Testing,user0002,2026-09-26
13342,PORTAL-4713,,To Do,user0045,2026-09-14
13343,PORTAL-4713,To Do,In Progress,user0002,2026-09-16
13344,CLOUD-4714,,To Do,user0010,2026-09-14
13345,CLOUD-4714,To Do,In Progress,user0045,2026-09-18
13346,CLOUD-4714,In Progress,Testing,user0042,2026-09-20
13347,ECOM-4715,,To Do,user0032,2026-09-14
13348,SEC-4716,,To Do,user0017,2026-09-14
13349,SEC-4716,To Do,In Progress,user0010,2026-09-16
13350,MOB-4717,,To Do,user0001,2026-09-14
13351,MOB-4717,To Do,In Progress,user0003,2026-09-17
13352,MOB-4717,In Progress,Testing,user0003,2026-09-16
13353,MOB-4717,Testing,Done,user0050,2026-10-05
13354,BI-4718,,To Do,user0043,2026-09-14
13355,BI-4718,To Do,In Progress,user0043,2026-09-17
13356,BI-4718,In Progress,Testing,user0025,2026-09-18
13357,BI-4718,Testing,Done,user0039,2026-09-23
13358,BI-4718,Done,Reopened,user0048,2026-09-30
13359,ECOM-4719,,To Do,user0032,2026-09-14
13360,MOB-4720,,To Do,user0018,2026-09-14
13361,MOB-4720,To Do,In Progress,user0050,2026-09-21
13362,MOB-4720,In Progress,Testing,user0017,2026-09-20
13363,MOB-4720,Testing,Done,user0044,2026-10-02
13364,ERP-4721,,To Do,user0012,2026-09-14
13365,ERP-4721,To Do,In Progress,user0014,2026-09-16
13366,ERP-4721,In Progress,Blocked,user0028,2026-09-28
13367,ECOM-4722,,To Do,user0027,2026-09-14
13368,ECOM-4722,To Do,In Progress,user0045,2026-09-21
13369,ECOM-4722,In Progress,Testing,user0017,2026-09-24
13370,ERP-4723,,To Do,user0050,2026-09-14
13371,ERP-4723,To Do,In Progress,user0029,2026-09-17
13372,ERP-4723,In Progress,Blocked,user0038,2026-09-18
13373,MOB-4724,,To Do,user0028,2026-09-14
13374,MOB-4724,To Do,In Progress,user0045,2026-09-19
13375,MOB-4724,In Progress,Testing,user0015,2026-09-26
13376,MOB-4724,Testing,Done,user0007,2026-09-20
13377,ECOM-4725,,To Do,user0022,2026-09-14
13378,ECOM-4725,To Do,In Progress,user0037,2026-09-16
13379,ECOM-4725,In Progress,Testing,user0038,2026-09-26
13380,CLOUD-4726,,To Do,user0037,2026-09-14
13381,CLOUD-4726,To Do,In Progress,user0026,2026-09-21
13382,CRM-4727,,To Do,user0048,2026-09-14
13383,CRM-4727,To Do,In Progress,user0029,2026-09-21
13384,CRM-4727,In Progress,Testing,user0003,2026-09-26
13385,ECOM-4728,,To Do,user0034,2026-09-14
13386,ECOM-4728,To Do,In Progress,user0018,2026-09-17
13387,ECOM-4728,In Progress,Blocked,user0048,2026-09-24
13388,BI-4729,,To Do,user0008,2026-09-14
13389,BI-4729,To Do,In Progress,user0033,2026-09-19
13390,BI-4729,In Progress,Testing,user0028,2026-09-18
13391,BI-4729,Testing,Done,user0039,2026-09-23
13392,SEC-4730,,To Do,user0043,2026-09-14
13393,SEC-4730,To Do,In Progress,user0041,2026-09-20
13394,SEC-4730,In Progress,Testing,user0001,2026-09-28
13395,BI-4731,,To Do,user0038,2026-09-14
13396,BI-4731,To Do,In Progress,user0006,2026-09-17
13397,BI-4731,In Progress,Testing,user0012,2026-09-26
13398,BI-4731,Testing,Done,user0020,2026-09-23
13399,PORTAL-4732,,To Do,user0009,2026-09-14
13400,PORTAL-4732,To Do,In Progress,user0028,2026-09-17
13401,BANK-4733,,To Do,user0014,2026-09-14
13402,CRM-4734,,To Do,user0049,2026-09-14
13403,DATA-4735,,To Do,user0020,2026-09-14
13404,DATA-4735,To Do,In Progress,user0035,2026-09-17
13405,DATA-4735,In Progress,Testing,user0047,2026-09-26
13406,DATA-4735,Testing,Done,user0001,2026-09-23
13407,SEC-4736,,To Do,user0043,2026-09-14
13408,SEC-4737,,To Do,user0018,2026-09-14
13409,SEC-4737,To Do,In Progress,user0003,2026-09-16
13410,SEC-4737,In Progress,Testing,user0037,2026-09-24
13411,SEC-4737,Testing,Done,user0016,2026-09-23
13412,ECOM-4738,,To Do,user0048,2026-09-14
13413,MOB-4739,,To Do,user0027,2026-09-14
13414,MOB-4739,To Do,In Progress,user0046,2026-09-18
13415,MOB-4739,In Progress,Testing,user0032,2026-09-20
13416,MOB-4739,Testing,Done,user0044,2026-10-05
13417,CLOUD-4740,,To Do,user0022,2026-09-14
13418,CLOUD-4740,To Do,In Progress,user0044,2026-09-17
13419,CLOUD-4740,In Progress,Testing,user0007,2026-09-22
13420,CLOUD-4740,Testing,Done,user0038,2026-10-05
13421,CLOUD-4741,,To Do,user0026,2026-09-14
13422,CLOUD-4741,To Do,In Progress,user0015,2026-09-15
13423,CLOUD-4741,In Progress,Testing,user0045,2026-09-28
13424,PORTAL-4742,,To Do,user0044,2026-09-14
13425,PORTAL-4742,To Do,In Progress,user0003,2026-09-20
13426,PORTAL-4742,In Progress,Testing,user0039,2026-09-22
13427,PORTAL-4742,Testing,Done,user0031,2026-09-23
13428,PORTAL-4742,Done,Reopened,user0004,2026-10-08
13429,BI-4743,,To Do,user0008,2026-09-14
13430,BI-4743,To Do,In Progress,user0002,2026-09-16
13431,BI-4743,In Progress,Testing,user0033,2026-09-26
13432,BANK-4744,,To Do,user0010,2026-09-14
13433,BANK-4744,To Do,In Progress,user0042,2026-09-20
13434,BANK-4744,In Progress,Testing,user0031,2026-09-24
13435,BANK-4744,Testing,Done,user0021,2026-09-29
13436,ERP-4745,,To Do,user0032,2026-09-14
13437,ERP-4745,To Do,In Progress,user0009,2026-09-20
13438,ECOM-4746,,To Do,user0018,2026-09-14
13439,ECOM-4746,To Do,In Progress,user0002,2026-09-17
13440,ECOM-4747,,To Do,user0027,2026-09-14
13441,ERP-4748,,To Do,user0022,2026-09-14
13442,ERP-4748,To Do,In Progress,user0024,2026-09-16
13443,ERP-4749,,To Do,user0005,2026-09-14
13444,ERP-4749,To Do,In Progress,user0006,2026-09-18
13445,CRM-4750,,To Do,user0008,2026-09-14
13446,SEC-4751,,To Do,user0008,2026-09-14
13447,SEC-4751,To Do,In Progress,user0033,2026-09-19
13448,SEC-4751,In Progress,Testing,user0010,2026-09-18
13449,SEC-4751,Testing,Done,user0016,2026-09-17
13450,SEC-4751,Done,Reopened,user0029,2026-09-18
13451,SEC-4752,,To Do,user0015,2026-09-14
13452,SEC-4752,To Do,In Progress,user0047,2026-09-18
13453,SEC-4752,In Progress,Testing,user0014,2026-09-16
13454,SEC-4752,Testing,Done,user0042,2026-09-20
13455,PORTAL-4753,,To Do,user0049,2026-09-14
13456,PORTAL-4754,,To Do,user0003,2026-09-14
13457,PORTAL-4754,To Do,In Progress,user0003,2026-09-15
13458,SEC-4755,,To Do,user0007,2026-09-14
13459,SEC-4755,To Do,In Progress,user0022,2026-09-19
13460,SEC-4755,In Progress,Testing,user0020,2026-09-24
13461,SEC-4755,Testing,Done,user0034,2026-09-17
13462,SEC-4755,Done,Reopened,user0045,2026-10-08
13463,ERP-4756,,To Do,user0017,2026-09-14
13464,ERP-4756,To Do,In Progress,user0023,2026-09-19
13465,ERP-4756,In Progress,Testing,user0014,2026-09-16
13466,ERP-4756,Testing,Done,user0017,2026-09-20
13467,PORTAL-4757,,To Do,user0029,2026-09-14
13468,PORTAL-4757,To Do,In Progress,user0024,2026-09-15
13469,PORTAL-4757,In Progress,Testing,user0029,2026-09-22
13470,PORTAL-4757,Testing,Done,user0026,2026-09-20
13471,CLOUD-4758,,To Do,user0018,2026-09-14
13472,BI-4759,,To Do,user0019,2026-09-14
13473,BI-4759,To Do,In Progress,user0012,2026-09-15
13474,BI-4760,,To Do,user0025,2026-09-14
13475,BI-4760,To Do,In Progress,user0023,2026-09-19
13476,BI-4760,In Progress,Testing,user0012,2026-09-22
13477,BI-4760,Testing,Done,user0001,2026-10-02
13478,ERP-4761,,To Do,user0018,2026-09-14
13479,ERP-4761,To Do,In Progress,user0019,2026-09-19
13480,ERP-4761,In Progress,Testing,user0042,2026-09-26
13481,PORTAL-4762,,To Do,user0006,2026-09-14
13482,PORTAL-4762,To Do,In Progress,user0047,2026-09-21
13483,PORTAL-4762,In Progress,Blocked,user0004,2026-09-24
13484,ERP-4763,,To Do,user0034,2026-09-14
13485,ERP-4763,To Do,In Progress,user0010,2026-09-19
13486,SEC-4764,,To Do,user0014,2026-09-14
13487,SEC-4764,To Do,In Progress,user0033,2026-09-19
13488,ERP-4765,,To Do,user0049,2026-09-14
13489,ERP-4765,To Do,In Progress,user0013,2026-09-17
13490,ERP-4765,In Progress,Blocked,user0031,2026-09-22
13491,ECOM-4766,,To Do,user0009,2026-09-14
13492,ECOM-4766,To Do,In Progress,user0005,2026-09-15
13493,ECOM-4766,In Progress,Testing,user0014,2026-09-24
13494,BI-4767,,To Do,user0042,2026-09-14
13495,BI-4767,To Do,In Progress,user0036,2026-09-15
13496,BI-4767,In Progress,Testing,user0022,2026-09-26
13497,BI-4767,Testing,Done,user0045,2026-09-17
13498,CRM-4768,,To Do,user0021,2026-09-14
13499,CRM-4768,To Do,In Progress,user0016,2026-09-20
13500,MOB-4769,,To Do,user0040,2026-09-14
13501,MOB-4769,To Do,In Progress,user0031,2026-09-20
13502,MOB-4769,In Progress,Testing,user0044,2026-09-18
13503,MOB-4769,Testing,Done,user0017,2026-09-17
13504,SEC-4770,,To Do,user0046,2026-09-14
13505,SEC-4770,To Do,In Progress,user0026,2026-09-21
13506,SEC-4770,In Progress,Testing,user0035,2026-09-28
13507,SEC-4770,Testing,Done,user0036,2026-09-17
13508,SEC-4770,Done,Reopened,user0004,2026-09-22
13509,CLOUD-4771,,To Do,user0018,2026-09-14
13510,CLOUD-4771,To Do,In Progress,user0009,2026-09-15
13511,CLOUD-4771,In Progress,Testing,user0039,2026-09-28
13512,MOB-4772,,To Do,user0009,2026-09-14
13513,MOB-4772,To Do,In Progress,user0003,2026-09-17
13514,MOB-4772,In Progress,Testing,user0038,2026-09-22
13515,MOB-4772,Testing,Done,user0042,2026-09-29
13516,MOB-4772,Done,Reopened,user0016,2026-10-12
13517,BANK-4773,,To Do,user0005,2026-09-14
13518,BANK-4773,To Do,In Progress,user0017,2026-09-21
13519,MOB-4774,,To Do,user0042,2026-09-14
13520,MOB-4774,To Do,In Progress,user0018,2026-09-20
13521,BI-4775,,To Do,user0043,2026-09-14
13522,BI-4775,To Do,In Progress,user0027,2026-09-20
13523,BI-4775,In Progress,Testing,user0041,2026-09-28
13524,BI-4775,Testing,Done,user0042,2026-09-29
13525,SEC-4776,,To Do,user0028,2026-09-14
13526,CLOUD-4777,,To Do,user0006,2026-09-14
13527,CLOUD-4777,To Do,In Progress,user0027,2026-09-17
13528,CLOUD-4777,In Progress,Blocked,user0032,2026-09-24
13529,DATA-4778,,To Do,user0001,2026-09-14
13530,DATA-4778,To Do,In Progress,user0048,2026-09-17
13531,DATA-4778,In Progress,Testing,user0006,2026-09-28
13532,DATA-4778,Testing,Done,user0007,2026-10-05
13533,BI-4779,,To Do,user0008,2026-09-14
13534,BI-4779,To Do,In Progress,user0046,2026-09-18
13535,BI-4779,In Progress,Testing,user0038,2026-09-22
13536,CLOUD-4780,,To Do,user0021,2026-09-14
13537,CLOUD-4780,To Do,In Progress,user0040,2026-09-16
13538,CLOUD-4780,In Progress,Testing,user0050,2026-09-18
13539,CLOUD-4780,Testing,Done,user0035,2026-09-17
13540,ERP-4781,,To Do,user0045,2026-09-14
13541,ERP-4781,To Do,In Progress,user0044,2026-09-15
13542,ERP-4781,In Progress,Testing,user0019,2026-09-18
13543,PORTAL-4782,,To Do,user0026,2026-09-14
13544,ERP-4783,,To Do,user0043,2026-09-14
13545,ERP-4783,To Do,In Progress,user0043,2026-09-19
13546,ERP-4783,In Progress,Testing,user0004,2026-09-24
13547,ERP-4783,Testing,Done,user0035,2026-09-26
13548,BANK-4784,,To Do,user0035,2026-09-14
13549,BANK-4784,To Do,In Progress,user0040,2026-09-19
13550,BANK-4784,In Progress,Testing,user0032,2026-09-16
13551,BANK-4784,Testing,Done,user0030,2026-09-17
13552,MOB-4785,,To Do,user0016,2026-09-14
13553,MOB-4785,To Do,In Progress,user0037,2026-09-15
13554,BANK-4786,,To Do,user0016,2026-09-14
13555,BANK-4786,To Do,In Progress,user0011,2026-09-19
13556,BANK-4786,In Progress,Testing,user0012,2026-09-18
13557,BANK-4786,Testing,Done,user0010,2026-09-29
13558,SEC-4787,,To Do,user0041,2026-09-14
13559,SEC-4787,To Do,In Progress,user0009,2026-09-15
13560,DATA-4788,,To Do,user0023,2026-09-14
13561,DATA-4788,To Do,In Progress,user0013,2026-09-16
13562,DATA-4788,In Progress,Testing,user0044,2026-09-20
13563,DATA-4789,,To Do,user0034,2026-09-14
13564,DATA-4789,To Do,In Progress,user0008,2026-09-17
13565,DATA-4789,In Progress,Testing,user0046,2026-09-22
13566,SEC-4790,,To Do,user0007,2026-09-14
13567,CLOUD-4791,,To Do,user0016,2026-09-14
13568,ECOM-4792,,To Do,user0011,2026-09-14
13569,ECOM-4792,To Do,In Progress,user0029,2026-09-17
13570,ECOM-4792,In Progress,Testing,user0029,2026-09-16
13571,ECOM-4792,Testing,Done,user0039,2026-09-26
13572,ERP-4793,,To Do,user0033,2026-09-14
13573,ERP-4793,To Do,In Progress,user0003,2026-09-17
13574,SEC-4794,,To Do,user0020,2026-09-14
13575,SEC-4794,To Do,In Progress,user0039,2026-09-15
13576,SEC-4794,In Progress,Blocked,user0045,2026-09-22
13577,DATA-4795,,To Do,user0015,2026-09-14
13578,DATA-4795,To Do,In Progress,user0002,2026-09-16
13579,DATA-4795,In Progress,Testing,user0026,2026-09-18
13580,DATA-4795,Testing,Done,user0031,2026-09-17
13581,DATA-4795,Done,Reopened,user0019,2026-09-18
13582,DATA-4796,,To Do,user0046,2026-09-14
13583,DATA-4796,To Do,In Progress,user0030,2026-09-19
13584,DATA-4796,In Progress,Testing,user0014,2026-09-16
13585,DATA-4796,Testing,Done,user0034,2026-09-26
13586,BANK-4797,,To Do,user0017,2026-09-14
13587,BANK-4797,To Do,In Progress,user0018,2026-09-21
13588,BANK-4797,In Progress,Testing,user0031,2026-09-20
13589,CRM-4798,,To Do,user0047,2026-09-14
13590,CRM-4798,To Do,In Progress,user0043,2026-09-18
13591,CRM-4798,In Progress,Testing,user0028,2026-09-22
13592,CRM-4798,Testing,Done,user0014,2026-10-02
13593,CLOUD-4799,,To Do,user0048,2026-09-14
13594,CLOUD-4799,To Do,In Progress,user0008,2026-09-17
13595,CLOUD-4800,,To Do,user0014,2026-09-14
13596,CLOUD-4800,To Do,In Progress,user0007,2026-09-20
13597,CRM-4801,,To Do,user0040,2026-09-14
13598,CRM-4802,,To Do,user0040,2026-09-14
13599,CRM-4802,To Do,In Progress,user0014,2026-09-19
13600,SEC-4803,,To Do,user0012,2026-09-14
13601,SEC-4803,To Do,In Progress,user0015,2026-09-20
13602,ERP-4804,,To Do,user0020,2026-09-14
13603,ERP-4804,To Do,In Progress,user0032,2026-09-20
13604,ERP-4804,In Progress,Testing,user0043,2026-09-28
13605,ERP-4804,Testing,Done,user0003,2026-09-29
13606,PORTAL-4805,,To Do,user0003,2026-09-14
13607,PORTAL-4805,To Do,In Progress,user0023,2026-09-15
13608,PORTAL-4805,In Progress,Testing,user0050,2026-09-16
13609,CRM-4806,,To Do,user0029,2026-09-14
13610,ECOM-4807,,To Do,user0024,2026-09-14
13611,CLOUD-4808,,To Do,user0025,2026-09-14
13612,CLOUD-4808,To Do,In Progress,user0026,2026-09-20
13613,PORTAL-4809,,To Do,user0025,2026-09-14
13614,PORTAL-4809,To Do,In Progress,user0045,2026-09-19
13615,BI-4810,,To Do,user0028,2026-09-14
13616,BI-4810,To Do,In Progress,user0034,2026-09-19
13617,BI-4810,In Progress,Testing,user0004,2026-09-26
13618,BI-4810,Testing,Done,user0005,2026-10-05
13619,CRM-4811,,To Do,user0038,2026-09-14
13620,CRM-4811,To Do,In Progress,user0039,2026-09-20
13621,CRM-4811,In Progress,Blocked,user0039,2026-09-28
13622,CRM-4812,,To Do,user0050,2026-09-14
13623,CRM-4812,To Do,In Progress,user0017,2026-09-16
13624,PORTAL-4813,,To Do,user0044,2026-09-14
13625,PORTAL-4813,To Do,In Progress,user0040,2026-09-16
13626,MOB-4814,,To Do,user0018,2026-09-14
13627,MOB-4814,To Do,In Progress,user0001,2026-09-17
13628,SEC-4815,,To Do,user0032,2026-09-14
13629,SEC-4816,,To Do,user0009,2026-09-14
13630,SEC-4816,To Do,In Progress,user0027,2026-09-20
13631,SEC-4817,,To Do,user0026,2026-09-14
13632,SEC-4817,To Do,In Progress,user0004,2026-09-16
13633,SEC-4817,In Progress,Blocked,user0027,2026-09-20
13634,ERP-4818,,To Do,user0044,2026-09-14
13635,ERP-4818,To Do,In Progress,user0048,2026-09-17
13636,MOB-4819,,To Do,user0029,2026-09-14
13637,MOB-4819,To Do,In Progress,user0009,2026-09-16
13638,BI-4820,,To Do,user0014,2026-09-14
13639,BI-4820,To Do,In Progress,user0002,2026-09-18
13640,BI-4820,In Progress,Testing,user0050,2026-09-24
13641,BI-4820,Testing,Done,user0018,2026-09-17
13642,MOB-4821,,To Do,user0011,2026-09-14
13643,MOB-4821,To Do,In Progress,user0042,2026-09-20
13644,BI-4822,,To Do,user0034,2026-09-14
13645,BI-4822,To Do,In Progress,user0022,2026-09-17
13646,BI-4822,In Progress,Testing,user0035,2026-09-28
13647,BI-4822,Testing,Done,user0006,2026-09-20
13648,ECOM-4823,,To Do,user0049,2026-09-14
13649,ECOM-4823,To Do,In Progress,user0001,2026-09-18
13650,ECOM-4824,,To Do,user0039,2026-09-14
13651,ECOM-4824,To Do,In Progress,user0049,2026-09-18
13652,ECOM-4824,In Progress,Testing,user0049,2026-09-26
13653,DATA-4825,,To Do,user0040,2026-09-14
13654,MOB-4826,,To Do,user0013,2026-09-14
13655,MOB-4826,To Do,In Progress,user0001,2026-09-16
13656,MOB-4826,In Progress,Testing,user0030,2026-09-22
13657,MOB-4826,Testing,Done,user0026,2026-09-20
13658,CRM-4827,,To Do,user0009,2026-09-14
13659,CRM-4827,To Do,In Progress,user0010,2026-09-19
13660,CRM-4827,In Progress,Testing,user0030,2026-09-24
13661,CRM-4827,Testing,Done,user0004,2026-09-23
13662,ECOM-4828,,To Do,user0023,2026-09-14
13663,ECOM-4828,To Do,In Progress,user0049,2026-09-16
13664,ECOM-4828,In Progress,Testing,user0044,2026-09-26
13665,CLOUD-4829,,To Do,user0045,2026-09-14
13666,CLOUD-4829,To Do,In Progress,user0009,2026-09-19
13667,CLOUD-4829,In Progress,Testing,user0020,2026-09-28
13668,CLOUD-4830,,To Do,user0024,2026-09-14
13669,CLOUD-4830,To Do,In Progress,user0044,2026-09-21
13670,CRM-4831,,To Do,user0033,2026-09-14
13671,CRM-4831,To Do,In Progress,user0009,2026-09-15
13672,CRM-4831,In Progress,Testing,user0021,2026-09-26
13673,CRM-4831,Testing,Done,user0026,2026-09-26
13674,CRM-4831,Done,Reopened,user0038,2026-10-04
13675,ECOM-4832,,To Do,user0036,2026-09-14
13676,ERP-4833,,To Do,user0033,2026-09-14
13677,MOB-4834,,To Do,user0013,2026-09-14
13678,MOB-4834,To Do,In Progress,user0031,2026-09-19
13679,MOB-4834,In Progress,Testing,user0023,2026-09-18
13680,MOB-4834,Testing,Done,user0049,2026-09-17
13681,MOB-4835,,To Do,user0035,2026-09-14
13682,MOB-4835,To Do,In Progress,user0027,2026-09-19
13683,MOB-4835,In Progress,Testing,user0020,2026-09-22
13684,MOB-4835,Testing,Done,user0030,2026-09-17
13685,CLOUD-4836,,To Do,user0035,2026-09-14
13686,CLOUD-4836,To Do,In Progress,user0036,2026-09-20
13687,CLOUD-4836,In Progress,Testing,user0044,2026-09-20
13688,CLOUD-4836,Testing,Done,user0006,2026-09-23
13689,PORTAL-4837,,To Do,user0037,2026-09-14
13690,PORTAL-4837,To Do,In Progress,user0042,2026-09-17
13691,ERP-4838,,To Do,user0015,2026-09-14
13692,ERP-4838,To Do,In Progress,user0018,2026-09-19
13693,ERP-4838,In Progress,Testing,user0013,2026-09-20
13694,ERP-4838,Testing,Done,user0023,2026-09-23
13695,ERP-4838,Done,Reopened,user0014,2026-09-22
13696,CLOUD-4839,,To Do,user0034,2026-09-14
13697,CLOUD-4839,To Do,In Progress,user0024,2026-09-20
13698,CLOUD-4839,In Progress,Testing,user0008,2026-09-18
13699,CLOUD-4839,Testing,Done,user0027,2026-09-23
13700,SEC-4840,,To Do,user0008,2026-09-14
13701,SEC-4840,To Do,In Progress,user0046,2026-09-15
13702,BI-4841,,To Do,user0004,2026-09-14
13703,BI-4841,To Do,In Progress,user0024,2026-09-20
13704,BI-4841,In Progress,Testing,user0039,2026-09-20
13705,BI-4841,Testing,Done,user0030,2026-10-02
13706,BANK-4842,,To Do,user0037,2026-09-14
13707,BANK-4842,To Do,In Progress,user0046,2026-09-20
13708,ECOM-4843,,To Do,user0012,2026-09-14
13709,DATA-4844,,To Do,user0048,2026-09-14
13710,DATA-4844,To Do,In Progress,user0018,2026-09-16
13711,DATA-4844,In Progress,Blocked,user0016,2026-09-16
13712,SEC-4845,,To Do,user0020,2026-09-14
13713,SEC-4845,To Do,In Progress,user0027,2026-09-16
13714,CRM-4846,,To Do,user0011,2026-09-14
13715,CRM-4846,To Do,In Progress,user0040,2026-09-19
13716,CRM-4846,In Progress,Testing,user0035,2026-09-26
13717,CRM-4846,Testing,Done,user0048,2026-09-29
13718,SEC-4847,,To Do,user0025,2026-09-14
13719,SEC-4847,To Do,In Progress,user0008,2026-09-17
13720,SEC-4847,In Progress,Testing,user0023,2026-09-24
13721,PORTAL-4848,,To Do,user0021,2026-09-14
13722,PORTAL-4848,To Do,In Progress,user0018,2026-09-20
13723,PORTAL-4848,In Progress,Testing,user0045,2026-09-20
13724,CLOUD-4849,,To Do,user0027,2026-09-14
13725,CLOUD-4849,To Do,In Progress,user0015,2026-09-15
13726,ERP-4850,,To Do,user0026,2026-09-14
13727,ERP-4850,To Do,In Progress,user0008,2026-09-18
13728,MOB-4851,,To Do,user0032,2026-09-14
13729,MOB-4851,To Do,In Progress,user0037,2026-09-16
13730,MOB-4851,In Progress,Testing,user0040,2026-09-26
13731,ECOM-4852,,To Do,user0017,2026-09-14
13732,CRM-4853,,To Do,user0031,2026-09-14
13733,CLOUD-4854,,To Do,user0049,2026-09-14
13734,ECOM-4855,,To Do,user0043,2026-09-14
13735,ECOM-4855,To Do,In Progress,user0047,2026-09-20
13736,ECOM-4855,In Progress,Testing,user0022,2026-09-26
13737,ECOM-4855,Testing,Done,user0001,2026-09-26
13738,ECOM-4856,,To Do,user0029,2026-09-14
13739,ECOM-4856,To Do,In Progress,user0017,2026-09-19
13740,ECOM-4856,In Progress,Testing,user0007,2026-09-24
13741,ECOM-4856,Testing,Done,user0001,2026-09-20
13742,MOB-4857,,To Do,user0013,2026-09-14
13743,MOB-4857,To Do,In Progress,user0024,2026-09-16
13744,MOB-4857,In Progress,Blocked,user0042,2026-09-24
13745,PORTAL-4858,,To Do,user0025,2026-09-14
13746,PORTAL-4858,To Do,In Progress,user0031,2026-09-16
13747,PORTAL-4858,In Progress,Blocked,user0012,2026-09-16
13748,DATA-4859,,To Do,user0027,2026-09-14
13749,DATA-4859,To Do,In Progress,user0037,2026-09-21
13750,DATA-4859,In Progress,Testing,user0034,2026-09-26
13751,DATA-4859,Testing,Done,user0002,2026-09-26
13752,CRM-4860,,To Do,user0005,2026-09-14
13753,CRM-4860,To Do,In Progress,user0046,2026-09-16
13754,CRM-4860,In Progress,Blocked,user0027,2026-09-22
13755,BI-4861,,To Do,user0030,2026-09-14
13756,BI-4861,To Do,In Progress,user0031,2026-09-15
13757,BI-4861,In Progress,Testing,user0036,2026-09-18
13758,BI-4861,Testing,Done,user0014,2026-09-20
13759,ERP-4862,,To Do,user0031,2026-09-14
13760,DATA-4863,,To Do,user0032,2026-09-14
13761,DATA-4863,To Do,In Progress,user0014,2026-09-15
13762,DATA-4863,In Progress,Blocked,user0002,2026-09-28
13763,DATA-4864,,To Do,user0011,2026-09-14
13764,DATA-4864,To Do,In Progress,user0031,2026-09-20
13765,DATA-4864,In Progress,Testing,user0043,2026-09-16
13766,DATA-4864,Testing,Done,user0006,2026-09-23
13767,MOB-4865,,To Do,user0014,2026-09-14
13768,MOB-4865,To Do,In Progress,user0028,2026-09-16
13769,MOB-4865,In Progress,Testing,user0003,2026-09-24
13770,MOB-4865,Testing,Done,user0035,2026-09-17
13771,SEC-4866,,To Do,user0041,2026-09-14
13772,PORTAL-4867,,To Do,user0027,2026-09-14
13773,PORTAL-4867,To Do,In Progress,user0032,2026-09-16
13774,PORTAL-4867,In Progress,Blocked,user0012,2026-09-22
13775,SEC-4868,,To Do,user0050,2026-09-14
13776,SEC-4868,To Do,In Progress,user0011,2026-09-17
13777,SEC-4868,In Progress,Testing,user0035,2026-09-16
13778,SEC-4868,Testing,Done,user0026,2026-10-02
13779,CRM-4869,,To Do,user0003,2026-09-14
13780,CRM-4869,To Do,In Progress,user0007,2026-09-16
13781,CRM-4869,In Progress,Testing,user0008,2026-09-24
13782,CRM-4869,Testing,Done,user0044,2026-09-20
13783,CLOUD-4870,,To Do,user0005,2026-09-14
13784,ECOM-4871,,To Do,user0042,2026-09-14
13785,DATA-4872,,To Do,user0018,2026-09-14
13786,DATA-4872,To Do,In Progress,user0030,2026-09-20
13787,CRM-4873,,To Do,user0027,2026-09-14
13788,CRM-4873,To Do,In Progress,user0034,2026-09-21
13789,CRM-4873,In Progress,Blocked,user0011,2026-09-24
13790,BI-4874,,To Do,user0035,2026-09-14
13791,BI-4874,To Do,In Progress,user0016,2026-09-19
13792,BI-4874,In Progress,Testing,user0013,2026-09-18
13793,BI-4874,Testing,Done,user0006,2026-10-02
13794,ERP-4875,,To Do,user0041,2026-09-14
13795,ERP-4875,To Do,In Progress,user0035,2026-09-17
13796,ERP-4875,In Progress,Testing,user0020,2026-09-26
13797,ERP-4875,Testing,Done,user0033,2026-10-02
13798,ERP-4875,Done,Reopened,user0047,2026-09-30
13799,ERP-4876,,To Do,user0008,2026-09-14
13800,ERP-4876,To Do,In Progress,user0010,2026-09-17
13801,ERP-4876,In Progress,Testing,user0001,2026-09-28
13802,ERP-4876,Testing,Done,user0014,2026-10-05
13803,ERP-4876,Done,Reopened,user0020,2026-09-18
13804,CRM-4877,,To Do,user0024,2026-09-14
13805,ERP-4878,,To Do,user0044,2026-09-14
13806,ERP-4879,,To Do,user0048,2026-09-14
13807,ERP-4879,To Do,In Progress,user0002,2026-09-19
13808,ECOM-4880,,To Do,user0025,2026-09-14
13809,SEC-4881,,To Do,user0031,2026-09-14
13810,SEC-4881,To Do,In Progress,user0032,2026-09-17
13811,BI-4882,,To Do,user0033,2026-09-14
13812,BI-4882,To Do,In Progress,user0048,2026-09-16
13813,BI-4882,In Progress,Testing,user0028,2026-09-22
13814,BI-4882,Testing,Done,user0019,2026-09-29
13815,ECOM-4883,,To Do,user0008,2026-09-14
13816,ECOM-4883,To Do,In Progress,user0014,2026-09-19
13817,ECOM-4883,In Progress,Testing,user0018,2026-09-20
13818,ECOM-4883,Testing,Done,user0040,2026-09-29
13819,SEC-4884,,To Do,user0023,2026-09-14
13820,SEC-4884,To Do,In Progress,user0019,2026-09-18
13821,SEC-4884,In Progress,Testing,user0010,2026-09-22
13822,ECOM-4885,,To Do,user0024,2026-09-14
13823,ECOM-4885,To Do,In Progress,user0047,2026-09-16
13824,ECOM-4885,In Progress,Testing,user0021,2026-09-22
13825,SEC-4886,,To Do,user0046,2026-09-14
13826,SEC-4886,To Do,In Progress,user0044,2026-09-21
13827,SEC-4886,In Progress,Testing,user0021,2026-09-20
13828,ECOM-4887,,To Do,user0001,2026-09-14
13829,ECOM-4887,To Do,In Progress,user0022,2026-09-21
13830,CRM-4888,,To Do,user0049,2026-09-14
13831,CRM-4889,,To Do,user0013,2026-09-14
13832,CRM-4889,To Do,In Progress,user0034,2026-09-16
13833,CRM-4889,In Progress,Testing,user0048,2026-09-24
13834,CRM-4889,Testing,Done,user0021,2026-09-20
13835,DATA-4890,,To Do,user0027,2026-09-14
13836,DATA-4890,To Do,In Progress,user0038,2026-09-21
13837,ECOM-4891,,To Do,user0015,2026-09-14
13838,PORTAL-4892,,To Do,user0041,2026-09-14
13839,PORTAL-4892,To Do,In Progress,user0002,2026-09-21
13840,PORTAL-4892,In Progress,Testing,user0035,2026-09-22
13841,PORTAL-4892,Testing,Done,user0007,2026-09-20
13842,PORTAL-4892,Done,Reopened,user0041,2026-10-08
13843,BANK-4893,,To Do,user0039,2026-09-14
13844,ERP-4894,,To Do,user0034,2026-09-14
13845,DATA-4895,,To Do,user0003,2026-09-14
13846,DATA-4895,To Do,In Progress,user0017,2026-09-16
13847,DATA-4895,In Progress,Testing,user0006,2026-09-28
13848,DATA-4895,Testing,Done,user0022,2026-09-20
13849,SEC-4896,,To Do,user0003,2026-09-14
13850,SEC-4896,To Do,In Progress,user0048,2026-09-18
13851,CRM-4897,,To Do,user0026,2026-09-14
13852,CRM-4897,To Do,In Progress,user0006,2026-09-18
13853,CRM-4897,In Progress,Testing,user0006,2026-09-20
13854,BI-4898,,To Do,user0011,2026-09-14
13855,BI-4898,To Do,In Progress,user0024,2026-09-21
13856,BI-4898,In Progress,Testing,user0046,2026-09-28
13857,BI-4898,Testing,Done,user0050,2026-10-02
13858,BI-4898,Done,Reopened,user0047,2026-10-04
13859,DATA-4899,,To Do,user0012,2026-09-14
13860,BANK-4900,,To Do,user0032,2026-09-14
13861,BANK-4900,To Do,In Progress,user0003,2026-09-21
13862,BANK-4900,In Progress,Testing,user0033,2026-09-16
13863,BANK-4900,Testing,Done,user0050,2026-09-26
13864,PORTAL-4901,,To Do,user0005,2026-09-14
13865,CLOUD-4902,,To Do,user0048,2026-09-14
13866,CLOUD-4902,To Do,In Progress,user0040,2026-09-16
13867,PORTAL-4903,,To Do,user0006,2026-09-14
13868,PORTAL-4903,To Do,In Progress,user0008,2026-09-15
13869,CLOUD-4904,,To Do,user0008,2026-09-14
13870,CLOUD-4904,To Do,In Progress,user0035,2026-09-21
13871,CLOUD-4904,In Progress,Testing,user0012,2026-09-26
13872,CLOUD-4904,Testing,Done,user0030,2026-10-02
13873,PORTAL-4905,,To Do,user0035,2026-09-14
13874,PORTAL-4905,To Do,In Progress,user0020,2026-09-20
13875,PORTAL-4905,In Progress,Testing,user0024,2026-09-16
13876,PORTAL-4905,Testing,Done,user0033,2026-10-02
13877,PORTAL-4905,Done,Reopened,user0032,2026-09-22
13878,BANK-4906,,To Do,user0018,2026-09-14
13879,BANK-4906,To Do,In Progress,user0024,2026-09-21
13880,BANK-4906,In Progress,Blocked,user0040,2026-09-24
13881,ERP-4907,,To Do,user0025,2026-09-14
13882,ERP-4907,To Do,In Progress,user0046,2026-09-17
13883,ERP-4907,In Progress,Testing,user0036,2026-09-24
13884,CLOUD-4908,,To Do,user0035,2026-09-14
13885,CLOUD-4908,To Do,In Progress,user0047,2026-09-20
13886,CLOUD-4908,In Progress,Testing,user0047,2026-09-28
13887,CLOUD-4908,Testing,Done,user0012,2026-09-29
13888,CLOUD-4908,Done,Reopened,user0004,2026-10-08
13889,DATA-4909,,To Do,user0023,2026-09-14
13890,ECOM-4910,,To Do,user0012,2026-09-14
13891,ECOM-4910,To Do,In Progress,user0049,2026-09-17
13892,PORTAL-4911,,To Do,user0022,2026-09-14
13893,SEC-4912,,To Do,user0001,2026-09-14
13894,SEC-4912,To Do,In Progress,user0041,2026-09-16
13895,MOB-4913,,To Do,user0028,2026-09-14
13896,MOB-4913,To Do,In Progress,user0016,2026-09-21
13897,MOB-4913,In Progress,Testing,user0003,2026-09-28
13898,MOB-4913,Testing,Done,user0047,2026-09-26
13899,PORTAL-4914,,To Do,user0016,2026-09-14
13900,ECOM-4915,,To Do,user0023,2026-09-14
13901,CRM-4916,,To Do,user0048,2026-09-14
13902,CRM-4916,To Do,In Progress,user0035,2026-09-19
13903,CRM-4916,In Progress,Testing,user0030,2026-09-20
13904,MOB-4917,,To Do,user0023,2026-09-14
13905,MOB-4917,To Do,In Progress,user0009,2026-09-15
13906,MOB-4917,In Progress,Testing,user0046,2026-09-28
13907,MOB-4917,Testing,Done,user0012,2026-10-02
13908,ECOM-4918,,To Do,user0023,2026-09-14
13909,ECOM-4918,To Do,In Progress,user0013,2026-09-21
13910,ECOM-4918,In Progress,Testing,user0027,2026-09-22
13911,ECOM-4918,Testing,Done,user0038,2026-10-02
13912,ERP-4919,,To Do,user0020,2026-09-14
13913,ERP-4919,To Do,In Progress,user0010,2026-09-19
13914,ERP-4919,In Progress,Testing,user0036,2026-09-26
13915,ERP-4919,Testing,Done,user0044,2026-09-20
13916,MOB-4920,,To Do,user0006,2026-09-14
13917,CRM-4921,,To Do,user0004,2026-09-14
13918,CLOUD-4922,,To Do,user0018,2026-09-14
13919,CLOUD-4922,To Do,In Progress,user0009,2026-09-21
13920,CLOUD-4922,In Progress,Testing,user0043,2026-09-16
13921,ERP-4923,,To Do,user0006,2026-09-14
13922,ERP-4923,To Do,In Progress,user0042,2026-09-21
13923,MOB-4924,,To Do,user0006,2026-09-14
13924,MOB-4924,To Do,In Progress,user0041,2026-09-20
13925,MOB-4924,In Progress,Blocked,user0027,2026-09-20
13926,ECOM-4925,,To Do,user0015,2026-09-14
13927,ECOM-4925,To Do,In Progress,user0007,2026-09-19
13928,PORTAL-4926,,To Do,user0048,2026-09-14
13929,PORTAL-4926,To Do,In Progress,user0041,2026-09-15
13930,PORTAL-4926,In Progress,Blocked,user0031,2026-09-28
13931,CRM-4927,,To Do,user0045,2026-09-14
13932,CRM-4927,To Do,In Progress,user0032,2026-09-20
13933,CRM-4927,In Progress,Testing,user0042,2026-09-22
13934,CRM-4928,,To Do,user0019,2026-09-14
13935,CRM-4928,To Do,In Progress,user0014,2026-09-19
13936,CRM-4928,In Progress,Testing,user0012,2026-09-26
13937,CRM-4928,Testing,Done,user0037,2026-09-20
13938,ECOM-4929,,To Do,user0013,2026-09-14
13939,ECOM-4929,To Do,In Progress,user0003,2026-09-16
13940,ECOM-4929,In Progress,Testing,user0032,2026-09-26
13941,ECOM-4929,Testing,Done,user0020,2026-10-05
13942,MOB-4930,,To Do,user0013,2026-09-14
13943,MOB-4930,To Do,In Progress,user0036,2026-09-16
13944,BANK-4931,,To Do,user0016,2026-09-14
13945,BANK-4931,To Do,In Progress,user0050,2026-09-15
13946,BANK-4931,In Progress,Testing,user0003,2026-09-26
13947,BANK-4931,Testing,Done,user0037,2026-09-23
13948,BANK-4931,Done,Reopened,user0036,2026-10-12
13949,SEC-4932,,To Do,user0004,2026-09-14
13950,SEC-4932,To Do,In Progress,user0037,2026-09-18
13951,ERP-4933,,To Do,user0018,2026-09-14
13952,ERP-4933,To Do,In Progress,user0027,2026-09-15
13953,ERP-4933,In Progress,Testing,user0030,2026-09-18
13954,ERP-4933,Testing,Done,user0005,2026-09-20
13955,MOB-4934,,To Do,user0014,2026-09-14
13956,MOB-4934,To Do,In Progress,user0028,2026-09-18
13957,MOB-4934,In Progress,Testing,user0046,2026-09-28
13958,MOB-4934,Testing,Done,user0046,2026-10-02
13959,BANK-4935,,To Do,user0048,2026-09-14
13960,BANK-4935,To Do,In Progress,user0039,2026-09-17
13961,BANK-4935,In Progress,Testing,user0048,2026-09-18
13962,BANK-4935,Testing,Done,user0011,2026-09-29
13963,BI-4936,,To Do,user0018,2026-09-14
13964,BI-4936,To Do,In Progress,user0028,2026-09-19
13965,BI-4936,In Progress,Testing,user0034,2026-09-18
13966,BI-4936,Testing,Done,user0024,2026-09-20
13967,CRM-4937,,To Do,user0025,2026-09-14
13968,CRM-4937,To Do,In Progress,user0029,2026-09-19
13969,CRM-4937,In Progress,Testing,user0027,2026-09-16
13970,CRM-4937,Testing,Done,user0039,2026-09-29
13971,ERP-4938,,To Do,user0030,2026-09-14
13972,ERP-4938,To Do,In Progress,user0024,2026-09-17
13973,CRM-4939,,To Do,user0019,2026-09-14
13974,CRM-4939,To Do,In Progress,user0006,2026-09-21
13975,BANK-4940,,To Do,user0014,2026-09-14
13976,BANK-4940,To Do,In Progress,user0033,2026-09-15
13977,BANK-4940,In Progress,Testing,user0024,2026-09-16
13978,BANK-4940,Testing,Done,user0005,2026-10-02
13979,BI-4941,,To Do,user0042,2026-09-14
13980,BI-4941,To Do,In Progress,user0002,2026-09-16
13981,BI-4941,In Progress,Testing,user0006,2026-09-16
13982,BI-4941,Testing,Done,user0048,2026-09-17
13983,PORTAL-4942,,To Do,user0036,2026-09-14
13984,PORTAL-4942,To Do,In Progress,user0038,2026-09-20
13985,PORTAL-4942,In Progress,Blocked,user0039,2026-09-26
13986,MOB-4943,,To Do,user0008,2026-09-14
13987,ERP-4944,,To Do,user0017,2026-09-14
13988,ERP-4944,To Do,In Progress,user0017,2026-09-21
13989,ERP-4944,In Progress,Testing,user0015,2026-09-28
13990,ERP-4944,Testing,Done,user0049,2026-09-23
13991,DATA-4945,,To Do,user0041,2026-09-14
13992,DATA-4946,,To Do,user0009,2026-09-14
13993,DATA-4946,To Do,In Progress,user0037,2026-09-17
13994,DATA-4946,In Progress,Testing,user0018,2026-09-26
13995,BANK-4947,,To Do,user0022,2026-09-14
13996,BANK-4947,To Do,In Progress,user0025,2026-09-20
13997,DATA-4948,,To Do,user0013,2026-09-14
13998,DATA-4948,To Do,In Progress,user0020,2026-09-17
13999,DATA-4948,In Progress,Testing,user0025,2026-09-28
14000,DATA-4948,Testing,Done,user0013,2026-09-26
14001,MOB-4949,,To Do,user0002,2026-09-14
14002,MOB-4949,To Do,In Progress,user0013,2026-09-18
14003,MOB-4949,In Progress,Testing,user0033,2026-09-28
14004,ERP-4950,,To Do,user0022,2026-09-14
14005,ERP-4950,To Do,In Progress,user0021,2026-09-18
14006,ERP-4951,,To Do,user0027,2026-09-14
14007,ERP-4951,To Do,In Progress,user0037,2026-09-15
14008,ERP-4952,,To Do,user0006,2026-09-14
14009,ERP-4952,To Do,In Progress,user0012,2026-09-21
14010,PORTAL-4953,,To Do,user0019,2026-09-14
14011,BANK-4954,,To Do,user0041,2026-09-14
14012,BANK-4954,To Do,In Progress,user0037,2026-09-20
14013,BANK-4954,In Progress,Testing,user0019,2026-09-16
14014,BANK-4954,Testing,Done,user0003,2026-10-02
14015,ECOM-4955,,To Do,user0010,2026-09-14
14016,ECOM-4955,To Do,In Progress,user0009,2026-09-18
14017,ECOM-4955,In Progress,Blocked,user0020,2026-09-28
14018,ECOM-4956,,To Do,user0008,2026-09-14
14019,ECOM-4956,To Do,In Progress,user0050,2026-09-19
14020,ECOM-4956,In Progress,Testing,user0032,2026-09-28
14021,ECOM-4956,Testing,Done,user0002,2026-09-23
14022,ECOM-4956,Done,Reopened,user0033,2026-09-22
14023,SEC-4957,,To Do,user0044,2026-09-14
14024,SEC-4957,To Do,In Progress,user0013,2026-09-18
14025,SEC-4957,In Progress,Blocked,user0036,2026-09-18
14026,SEC-4958,,To Do,user0029,2026-09-14
14027,PORTAL-4959,,To Do,user0023,2026-09-14
14028,PORTAL-4959,To Do,In Progress,user0040,2026-09-17
14029,BI-4960,,To Do,user0045,2026-09-14
14030,BI-4960,To Do,In Progress,user0027,2026-09-17
14031,BI-4960,In Progress,Testing,user0030,2026-09-18
14032,MOB-4961,,To Do,user0029,2026-09-14
14033,MOB-4961,To Do,In Progress,user0029,2026-09-18
14034,MOB-4961,In Progress,Testing,user0030,2026-09-26
14035,MOB-4961,Testing,Done,user0049,2026-09-29
14036,DATA-4962,,To Do,user0011,2026-09-14
14037,DATA-4962,To Do,In Progress,user0041,2026-09-15
14038,CLOUD-4963,,To Do,user0034,2026-09-14
14039,CLOUD-4963,To Do,In Progress,user0025,2026-09-20
14040,CLOUD-4963,In Progress,Testing,user0014,2026-09-22
14041,CLOUD-4963,Testing,Done,user0046,2026-09-20
14042,ECOM-4964,,To Do,user0010,2026-09-14
14043,ECOM-4964,To Do,In Progress,user0021,2026-09-18
14044,ECOM-4964,In Progress,Testing,user0044,2026-09-22
14045,ECOM-4964,Testing,Done,user0013,2026-09-29
14046,MOB-4965,,To Do,user0011,2026-09-14
14047,MOB-4965,To Do,In Progress,user0004,2026-09-21
14048,MOB-4965,In Progress,Testing,user0019,2026-09-16
14049,MOB-4965,Testing,Done,user0005,2026-09-23
14050,PORTAL-4966,,To Do,user0026,2026-09-14
14051,CLOUD-4967,,To Do,user0024,2026-09-14
14052,CLOUD-4967,To Do,In Progress,user0040,2026-09-17
14053,BANK-4968,,To Do,user0021,2026-09-14
14054,PORTAL-4969,,To Do,user0031,2026-09-14
14055,ERP-4970,,To Do,user0035,2026-09-14
14056,DATA-4971,,To Do,user0047,2026-09-14
14057,DATA-4971,To Do,In Progress,user0029,2026-09-16
14058,DATA-4971,In Progress,Testing,user0015,2026-09-18
14059,DATA-4971,Testing,Done,user0022,2026-10-02
14060,CLOUD-4972,,To Do,user0012,2026-09-14
14061,CLOUD-4973,,To Do,user0020,2026-09-14
14062,MOB-4974,,To Do,user0007,2026-09-14
14063,MOB-4974,To Do,In Progress,user0009,2026-09-18
14064,MOB-4974,In Progress,Testing,user0040,2026-09-16
14065,MOB-4974,Testing,Done,user0034,2026-09-29
14066,DATA-4975,,To Do,user0034,2026-09-14
14067,CRM-4976,,To Do,user0015,2026-09-14
14068,BI-4977,,To Do,user0029,2026-09-14
14069,BI-4977,To Do,In Progress,user0010,2026-09-16
14070,BI-4977,In Progress,Testing,user0009,2026-09-20
14071,BI-4977,Testing,Done,user0010,2026-09-29
14072,BANK-4978,,To Do,user0019,2026-09-14
14073,BANK-4978,To Do,In Progress,user0048,2026-09-17
14074,BANK-4978,In Progress,Testing,user0010,2026-09-28
14075,BANK-4978,Testing,Done,user0044,2026-09-29
14076,MOB-4979,,To Do,user0029,2026-09-14
14077,MOB-4979,To Do,In Progress,user0012,2026-09-15
14078,MOB-4979,In Progress,Testing,user0047,2026-09-18
14079,MOB-4979,Testing,Done,user0002,2026-09-20
14080,MOB-4979,Done,Reopened,user0050,2026-09-22
14081,BANK-4980,,To Do,user0014,2026-09-14
14082,BANK-4980,To Do,In Progress,user0001,2026-09-20
14083,BANK-4980,In Progress,Testing,user0031,2026-09-16
14084,BANK-4980,Testing,Done,user0015,2026-09-20
14085,MOB-4981,,To Do,user0010,2026-09-14
14086,MOB-4981,To Do,In Progress,user0035,2026-09-17
14087,MOB-4981,In Progress,Testing,user0018,2026-09-26
14088,BI-4982,,To Do,user0017,2026-09-14
14089,BI-4982,To Do,In Progress,user0004,2026-09-17
14090,PORTAL-4983,,To Do,user0007,2026-09-14
14091,PORTAL-4983,To Do,In Progress,user0043,2026-09-16
14092,SEC-4984,,To Do,user0029,2026-09-14
14093,SEC-4984,To Do,In Progress,user0019,2026-09-21
14094,SEC-4984,In Progress,Blocked,user0035,2026-09-26
14095,MOB-4985,,To Do,user0029,2026-09-14
14096,MOB-4985,To Do,In Progress,user0023,2026-09-15
14097,MOB-4985,In Progress,Blocked,user0017,2026-09-20
14098,ERP-4986,,To Do,user0034,2026-09-14
14099,ERP-4986,To Do,In Progress,user0003,2026-09-15
14100,ECOM-4987,,To Do,user0030,2026-09-14
14101,ECOM-4987,To Do,In Progress,user0012,2026-09-20
14102,ECOM-4987,In Progress,Testing,user0022,2026-09-28
14103,CRM-4988,,To Do,user0010,2026-09-14
14104,CRM-4988,To Do,In Progress,user0037,2026-09-21
14105,MOB-4989,,To Do,user0017,2026-09-14
14106,MOB-4989,To Do,In Progress,user0040,2026-09-17
14107,MOB-4989,In Progress,Testing,user0004,2026-09-18
14108,MOB-4989,Testing,Done,user0045,2026-09-29
14109,SEC-4990,,To Do,user0034,2026-09-14
14110,SEC-4990,To Do,In Progress,user0011,2026-09-20
14111,BI-4991,,To Do,user0013,2026-09-14
14112,BI-4991,To Do,In Progress,user0047,2026-09-16
14113,BI-4991,In Progress,Testing,user0006,2026-09-18
14114,BI-4991,Testing,Done,user0014,2026-09-23
14115,CRM-4992,,To Do,user0011,2026-09-14
14116,CRM-4992,To Do,In Progress,user0012,2026-09-19
14117,CRM-4992,In Progress,Blocked,user0014,2026-09-28
14118,BI-4993,,To Do,user0010,2026-09-14
14119,BI-4993,To Do,In Progress,user0004,2026-09-21
14120,BI-4993,In Progress,Testing,user0033,2026-09-16
14121,BI-4993,Testing,Done,user0046,2026-09-26
14122,SEC-4994,,To Do,user0049,2026-09-14
14123,SEC-4994,To Do,In Progress,user0025,2026-09-21
14124,SEC-4995,,To Do,user0026,2026-09-14
14125,SEC-4996,,To Do,user0019,2026-09-14
14126,SEC-4996,To Do,In Progress,user0025,2026-09-17
14127,SEC-4996,In Progress,Testing,user0038,2026-09-16
14128,SEC-4996,Testing,Done,user0003,2026-09-29
14129,SEC-4996,Done,Reopened,user0034,2026-09-30
14130,CLOUD-4997,,To Do,user0009,2026-09-14
14131,CLOUD-4997,To Do,In Progress,user0006,2026-09-20
14132,CLOUD-4997,In Progress,Testing,user0015,2026-09-16
14133,CLOUD-4997,Testing,Done,user0050,2026-10-02
14134,BANK-4998,,To Do,user0020,2026-09-14
14135,BANK-4998,To Do,In Progress,user0041,2026-09-18
14136,BANK-4998,In Progress,Testing,user0004,2026-09-28
14137,BANK-4998,Testing,Done,user0004,2026-09-23
14138,DATA-4999,,To Do,user0011,2026-09-14
14139,SEC-5000,,To Do,user0017,2026-09-14
14140,SEC-5000,To Do,In Progress,user0013,2026-09-19
