worklog_id,issue_key,user,work_date,time_spent_hours,description
WL-00001,CLOUD-1502,user0007,2026-09-14,5.36,Horizon poursuivre compte.
WL-00002,BANK-1079,user0037,2026-09-14,7.68,Défaut lueur si espérer fait.
WL-00003,CLOUD-1106,user0012,2026-09-14,3.84,L'Une arrière bras.
WL-00004,BI-2078,user0037,2026-09-14,7.97,Lutter succès goût route.
WL-00005,PORTAL-3903,user0033,2026-09-14,1.37,Mince effort éloigner souvenir renverser prier.
WL-00006,MOB-97,user0029,2026-09-14,3.45,Vol disposer échapper membre branche dont rose.
WL-00007,CRM-1557,user0011,2026-09-14,6.99,Fin presque remplacer répéter air annoncer résister cuisine.
WL-00008,DATA-2262,user0042,2026-09-14,1.26,Port enfoncer tard million fenêtre.
WL-00009,MOB-577,user0002,2026-09-14,4.44,Savoir train entourer professeur pays.
WL-00010,CRM-531,user0049,2026-09-14,1.16,Verser calme bas présenter rang.
WL-00011,DATA-2259,user0049,2026-09-14,2.59,Papier main demander projet apparence eau.
WL-00012,DATA-4859,user0017,2026-09-14,0.84,Heureux train entier loin curiosité exiger.
WL-00013,SEC-1025,user0041,2026-09-14,6.67,Habiller garçon rejoindre sauter rare impression quartier sans.
WL-00014,SEC-1214,user0001,2026-09-14,3.6,Travail aussitôt saint visite.
WL-00015,BANK-749,user0037,2026-09-14,7.62,Fier mince établir article blond je.
WL-00016,DATA-376,user0017,2026-09-14,4.59,Rejeter même porte vif.
WL-00017,CLOUD-39,user0029,2026-09-14,6.21,Charger je rapport auquel oser.
WL-00018,ERP-2870,user0045,2026-09-14,1.11,Mer effort seulement comme âge comme frère rester.
WL-00019,MOB-356,user0031,2026-09-14,2.65,Profiter curiosité côté fatiguer.
WL-00020,ERP-2281,user0015,2026-09-14,2.69,Sommeil printemps tranquille fort animal saison train.
WL-00021,BI-224,user0011,2026-09-14,3.88,Position compagnie joli part.
WL-00022,BANK-1123,user0029,2026-09-14,1.18,Machine état champ début.
WL-00023,ERP-4919,user0050,2026-09-14,7.92,Passé certainement source frapper eau.
WL-00024,CRM-4390,user0020,2026-09-14,2.77,Tromper ou fixer social mourir jouer.
WL-00025,BANK-1467,user0050,2026-09-14,3.4,Six promener visible croix.
WL-00026,CRM-2782,user0015,2026-09-14,2.23,Intérêt but couvrir derrière.
WL-00027,PORTAL-3197,user0029,2026-09-14,1.45,Soir marquer personne épaule intention consulter doucement auteur.
WL-00028,BANK-245,user0042,2026-09-14,2.1,Puissant pièce compter pays président contre armée mode.
WL-00029,ERP-1378,user0005,2026-09-14,1.51,Quelque malheur tromper curiosité.
WL-00030,MOB-3571,user0019,2026-09-14,3.75,Bon année passer.
WL-00031,BANK-3932,user0050,2026-09-14,3.42,Briller être chose vision asseoir.
WL-00032,CLOUD-2826,user0007,2026-09-14,5.83,Sauver pencher exprimer quand côté est drôle.
WL-00033,CLOUD-1405,user0023,2026-09-14,7.2,Abattre près taire monde geste bas.
WL-00034,CLOUD-354,user0041,2026-09-14,7.2,Militaire nord situation tenir entrée cher.
WL-00035,ERP-1911,user0023,2026-09-14,1.33,Puisque fonder rencontrer craindre.
WL-00036,SEC-995,user0011,2026-09-14,7.86,Répondre malade contenir désormais certainement.
WL-00037,PORTAL-2482,user0023,2026-09-14,6.57,Dessus ami précis le éloigner bonheur produire.
WL-00038,ECOM-4964,user0042,2026-09-14,5.98,Dégager science accord d'abord pénétrer perdu course.
WL-00039,DATA-3320,user0042,2026-09-14,0.96,Matière depuis diriger guère simple détail aucun.
WL-00040,CLOUD-4800,user0019,2026-09-14,2.22,Craindre bon rouge accrocher train heureux remplir.
WL-00041,MOB-4375,user0049,2026-09-14,4.76,Approcher problème vraiment envoyer interroger précis.
WL-00042,MOB-1529,user0049,2026-09-14,0.56,Pluie plante retirer ton aller.
WL-00043,SEC-464,user0015,2026-09-14,5.9,Après dégager fermer service intérieur.
WL-00044,CLOUD-1085,user0001,2026-09-14,0.62,Sauter poids as ce en.
WL-00045,CRM-4888,user0033,2026-09-14,7.8,Étage vraiment rouge long établir.
WL-00046,DATA-4735,user0050,2026-09-14,4.52,Courir saluer fuir amuser.
WL-00047,ERP-1069,user0012,2026-09-14,4.92,Pas savoir lutte jamais.
WL-00048,SEC-1214,user0007,2026-09-14,7.35,Loup confier le.
WL-00049,MOB-1330,user0029,2026-09-14,2.83,L'Un avant garçon court calmer.
WL-00050,CRM-1896,user0015,2026-09-14,6.06,Pluie abattre considérer rejoindre marcher.
WL-00051,DATA-3098,user0010,2026-09-14,4.64,Haïr rue cheveu coup distinguer.
WL-00052,BI-1975,user0007,2026-09-14,7.28,Religion rose prier devenir colère prison.
WL-00053,BI-4731,user0042,2026-09-14,6.71,Tenter soit avouer animer.
WL-00054,DATA-3415,user0007,2026-09-14,4.32,Mer écarter demander plan cri.
WL-00055,PORTAL-348,user0023,2026-09-14,6.66,Foi détail ombre midi arrêter causer avec.
WL-00056,CRM-837,user0048,2026-09-14,5.62,Réel lutte nul digne un intéresser.
WL-00057,ECOM-2240,user0037,2026-09-14,4.28,Grand répondre prince désespoir puissance.
WL-00058,MOB-3992,user0049,2026-09-14,5.41,Raison marquer direction retirer.
WL-00059,CLOUD-372,user0001,2026-09-14,1.33,Couleur fou endormir apprendre.
WL-00060,MOB-2214,user0029,2026-09-14,1.44,Faux dernier séparer preuve cela craindre je vague.
WL-00061,SEC-3737,user0045,2026-09-14,4.52,Cuisine mêler triste dans.
WL-00062,PORTAL-4475,user0007,2026-09-14,6.12,Occasion réflexion porter billet.
WL-00063,MOB-4570,user0005,2026-09-14,7.9,Vin effacer billet combien peine problème.
WL-00064,MOB-2320,user0018,2026-09-14,7.9,Comprendre riche dessiner chiffre général frère as.
WL-00065,MOB-4213,user0031,2026-09-14,5.41,Demander chant attendre ne marier.
WL-00066,SEC-3907,user0029,2026-09-14,4.62,Absolu souffrance gauche fort.
WL-00067,MOB-3297,user0041,2026-09-14,4.48,Car juger aucun père déchirer tant retourner fête.
WL-00068,BI-4430,user0015,2026-09-14,2.2,Sauvage signer cours.
WL-00069,BANK-4666,user0029,2026-09-14,2.2,Importance espace essayer garder abri près passion.
WL-00070,BI-2763,user0011,2026-09-14,0.73,Prière cercle dernier surveiller pas aussi.
WL-00071,DATA-3007,user0011,2026-09-14,3.19,Ni bas recueillir plaindre pourquoi mal.
WL-00072,SEC-1234,user0019,2026-09-14,2.23,Devenir armée révéler.
WL-00073,BI-1858,user0026,2026-09-14,2.87,Réponse général juge traverser.
WL-00074,DATA-4382,user0045,2026-09-14,7.32,Descendre avec scène père.
WL-00075,CLOUD-2345,user0001,2026-09-14,1.8,Voilà colon étoile.
WL-00076,DATA-767,user0027,2026-09-14,7.21,Troubler rapidement marché remarquer sentiment affirmer.
WL-00077,DATA-4574,user0026,2026-09-14,6.67,Apporter clef direction nuit un.
WL-00078,BI-3386,user0019,2026-09-14,5.61,Donc doute parole.
WL-00079,ERP-1870,user0050,2026-09-14,3.62,Cheveu douze planche remarquer dominer plaine environ.
WL-00080,MOB-1996,user0029,2026-09-14,2.57,Liberté promettre quoi habiller plein rose.
WL-00081,SEC-67,user0026,2026-09-14,4.52,Donc figure simple désir précis papa.
WL-00082,PORTAL-3305,user0031,2026-09-14,1.14,Dont précipiter représenter lire cabinet bas.
WL-00083,PORTAL-4270,user0005,2026-09-14,2.22,Quel soumettre dormir compagnie dangereux mince.
WL-00084,DATA-3056,user0018,2026-09-14,7.79,Passé disparaître subir avance rire.
WL-00085,DATA-2244,user0037,2026-09-14,4.38,Instinct noir ordre.
WL-00086,CRM-1724,user0005,2026-09-14,5.15,Franchir afin de chasser camarade souvenir.
WL-00087,BI-1208,user0050,2026-09-14,6.73,Moitié minute dieu campagne volonté former histoire.
WL-00088,MOB-3169,user0019,2026-09-14,3.26,Obliger clair grâce déjà agent animer.
WL-00089,CLOUD-3988,user0012,2026-09-14,4.46,Oh air herbe.
WL-00090,PORTAL-1172,user0015,2026-09-14,6.57,Regarder sac roche coup jeunesse apparaître briller commander.
WL-00091,ECOM-1783,user0045,2026-09-14,6.54,Atteindre crise finir construire autrement croiser digne.
WL-00092,CRM-1410,user0029,2026-09-14,3.07,Confier curiosité écrire mériter d'autres connaître noir.
WL-00093,CRM-4992,user0042,2026-09-14,0.92,Se voilà discussion pointe drôle ennemi approcher.
WL-00094,CRM-3127,user0001,2026-09-14,6.84,Saison permettre simple terre angoisse faveur port.
WL-00095,BI-851,user0037,2026-09-14,3.01,Importer diriger accomplir ami vouloir admettre droite.
WL-00096,PORTAL-1962,user0042,2026-09-14,1.09,Ministre vers plutôt pourquoi avance camarade embrasser.
WL-00097,SEC-4339,user0017,2026-09-14,4.69,But secret oeuvre courant mer honte question.
WL-00098,SEC-4222,user0033,2026-09-14,0.66,Doute caresser veille fumée lutter nuit.
WL-00099,SEC-100,user0045,2026-09-14,1.06,Fumer retirer aller cependant.
WL-00100,PORTAL-2573,user0012,2026-09-14,5.18,Saluer parcourir témoin huit aucun nombreux papier.
WL-00101,ERP-112,user0012,2026-09-14,2.67,Bataille contenir ligne un mouvement.
WL-00102,BANK-2524,user0015,2026-09-14,4.48,Te appel aller dire.
WL-00103,BANK-2833,user0049,2026-09-14,4.08,Voisin lui liberté école eh lire.
WL-00104,ERP-58,user0005,2026-09-14,2.25,Composer voile fleur chose.
WL-00105,SEC-3634,user0017,2026-09-14,2.74,Répondre relation juste coeur jaune naturellement part.
WL-00106,DATA-4496,user0037,2026-09-14,1.37,Puisque effacer ramener.
WL-00107,BANK-2183,user0045,2026-09-14,6.32,Quitter considérer dimanche marché désir apparaître.
WL-00108,PORTAL-3017,user0012,2026-09-14,5.36,Bande résultat déjà signer oreille prix frais.
WL-00109,BI-1388,user0026,2026-09-14,4.24,Militaire façon absolu dehors aussitôt remercier.
WL-00110,ECOM-1355,user0015,2026-09-14,3.15,As auteur valoir projet.
WL-00111,SEC-1583,user0017,2026-09-14,7.53,Dehors mer gauche passage.
WL-00112,CRM-1662,user0018,2026-09-14,2.89,Taire connaissance décider nul représenter instant.
WL-00113,BANK-1779,user0020,2026-09-14,1.87,Soldat jamais étouffer maladie nu jeu venir.
WL-00114,ERP-981,user0026,2026-09-14,5.92,Battre miser unique as.
WL-00115,CRM-2115,user0050,2026-09-14,1.4,Parole pourtant aucun partager course mais trace.
WL-00116,BANK-3160,user0050,2026-09-14,5.29,Caractère comme nuage nourrir moins sable sauter.
WL-00117,SEC-269,user0012,2026-09-14,7.38,Arriver pareil nécessaire pas fusil six.
WL-00118,DATA-4431,user0050,2026-09-14,7.25,Casser ancien bataille un reconnaître.
WL-00119,PORTAL-4214,user0045,2026-09-14,6.72,Docteur briller barbe malade fonder.
WL-00120,SEC-2863,user0050,2026-09-14,5.18,Aussi grand saison réussir visite joindre réunir.
WL-00121,PORTAL-1841,user0023,2026-09-14,0.55,Court bon doigt qualité terme.
WL-00122,MOB-3682,user0001,2026-09-14,2.81,Perdu dresser que.
WL-00123,BANK-2311,user0019,2026-09-14,3.02,Abattre manger entendre lendemain.
WL-00124,BANK-2945,user0031,2026-09-14,2.37,Soir patron attirer herbe justice curieux.
WL-00125,SEC-4584,user0002,2026-09-14,1.34,Gauche magnifique docteur nommer solitude.
WL-00126,ECOM-3921,user0041,2026-09-14,6.92,Surtout eh note prêter émotion tour même.
WL-00127,DATA-761,user0048,2026-09-14,6.39,Remercier papier nouveau visible tard barbe en.
WL-00128,ECOM-3564,user0026,2026-09-14,2.72,Fuir trembler celui bande espérer besoin.
WL-00129,BANK-3119,user0050,2026-09-14,3.78,Personne baisser figurer sombre rose vrai prison principe.
WL-00130,ERP-1271,user0007,2026-09-14,1.88,Main serrer lutter lutter.
WL-00131,DATA-832,user0049,2026-09-14,1.62,Répondre elle notre plaine rien succès combat subir.
WL-00132,PORTAL-575,user0015,2026-09-14,5.41,Marcher entourer beau françois reposer partir beaux.
WL-00133,MOB-3586,user0015,2026-09-14,7.21,Avant gauche rapport circonstance forêt.
WL-00134,MOB-2864,user0005,2026-09-14,7.76,Quartier profond quant à race complètement vision.
WL-00135,MOB-3930,user0048,2026-09-14,5.09,Son ajouter proposer coeur agent bête rendre.
WL-00136,BI-2041,user0002,2026-09-14,5.35,Voisin rentrer événement condition affaire malheur repousser.
WL-00137,MOB-2881,user0037,2026-09-14,1.61,Poursuivre compter coûter plaine allumer écraser banc.
WL-00138,CLOUD-4286,user0019,2026-09-14,7.75,Autre roi rencontrer briser spectacle trois quelqu'un.
WL-00139,BANK-2865,user0010,2026-09-14,7.44,Commander parfaitement faute dieu deviner paupière partie.
WL-00140,CLOUD-488,user0017,2026-09-14,5.61,Bas vol cela souffrance.
WL-00141,PORTAL-1674,user0041,2026-09-14,0.6,Étouffer conclure entourer.
WL-00142,SEC-1325,user0011,2026-09-14,5.25,Distinguer environ croiser assister afin de.
WL-00143,BI-2434,user0045,2026-09-14,1.01,Contre passé côte an.
WL-00144,CLOUD-3713,user0041,2026-09-14,7.54,Tour envelopper courant gloire foi.
WL-00145,BI-1516,user0002,2026-09-14,0.97,Science ministre vingt champ tête dent parcourir.
WL-00146,BANK-74,user0001,2026-09-14,4.87,Nerveux beau saisir essuyer montagne prouver enfin.
WL-00147,PORTAL-3639,user0015,2026-09-14,6.29,Répéter faute âgé cours enfant.
WL-00148,CLOUD-3140,user0020,2026-09-14,7.77,Défaut porte voiture inquiétude tâche rond beau.
WL-00149,CLOUD-1149,user0005,2026-09-14,6.51,Prison fumée chemise cour passage aussi respecter.
WL-00150,PORTAL-4585,user0010,2026-09-14,6.92,Prier as santé ouvrage sommeil.
WL-00151,BI-2721,user0049,2026-09-14,0.87,Erreur cesse calme prier.
WL-00152,ECOM-3882,user0017,2026-09-14,3.97,Dimanche ruine par beaux.
WL-00153,ECOM-928,user0048,2026-09-14,1.77,Discussion permettre allumer durant chemise miser lier.
WL-00154,MOB-1612,user0050,2026-09-14,3.98,Tomber mémoire autour nerveux mourir aussi réduire.
WL-00155,BANK-4319,user0001,2026-09-14,0.6,Endormir image dehors comprendre soit colère blanc.
WL-00156,MOB-2866,user0048,2026-09-14,5.41,Mince garçon valeur avec changement.
WL-00157,MOB-794,user0007,2026-09-14,6.4,Preuve retourner couper curiosité aller attitude.
WL-00158,MOB-2299,user0031,2026-09-14,3.18,Tempête faute tempête pour devant.
WL-00159,PORTAL-3149,user0012,2026-09-14,6.95,Herbe fleur cher si pauvre son.
WL-00160,CLOUD-1455,user0020,2026-09-14,5.51,Son fumer étrange intéresser gouvernement.
WL-00161,BANK-351,user0001,2026-09-14,6.68,Pain chasser moi moitié dehors.
WL-00162,MOB-1612,user0015,2026-09-14,6.89,Présent tenir mouvement parole.
WL-00163,SEC-4004,user0015,2026-09-14,2.43,Éprouver puis signe vers endormir détacher.
WL-00164,SEC-1622,user0019,2026-09-14,4.34,Environ dehors article roman intéresser docteur existence étude.
WL-00165,PORTAL-1928,user0020,2026-09-14,3.22,Circonstance jaune idée contenter servir hôtel.
WL-00166,ECOM-180,user0001,2026-09-14,6.21,Unique éviter à.
WL-00167,BI-3242,user0011,2026-09-14,6.68,Travers étendue présent est autrement plutôt vent vin.
WL-00168,BANK-3223,user0015,2026-09-14,6.01,Rue ramasser terreur sommet.
WL-00169,MOB-4114,user0002,2026-09-14,2.81,Signe représenter tromper après.
WL-00170,PORTAL-1408,user0007,2026-09-14,6.65,Mêler prouver éclairer secours source.
WL-00171,CRM-3605,user0015,2026-09-14,3.82,Flamme regard quelque accent horizon bien action soutenir.
WL-00172,SEC-1702,user0045,2026-09-14,2.39,Mener tapis espace.
WL-00173,DATA-3897,user0033,2026-09-14,3.71,Fenêtre public doigt terminer recommencer.
WL-00174,ERP-4349,user0002,2026-09-14,6.51,Oublier main veille combat dormir.
WL-00175,CLOUD-3959,user0002,2026-09-14,2.72,Toujours interrompre cri repas envoyer parler huit autre.
WL-00176,BI-4264,user0019,2026-09-14,1.42,Honneur tendre très.
WL-00177,BANK-1503,user0023,2026-09-14,7.3,Sourire larme saisir ciel qualité sou.
WL-00178,MOB-1575,user0026,2026-09-14,2.51,Trembler vouloir matière prononcer.
WL-00179,ECOM-1307,user0029,2026-09-14,7.93,Songer marcher seuil pénétrer garde aujourd'hui.
WL-00180,SEC-2863,user0048,2026-09-14,2.54,Pierre seconde nez jour nez trois.
WL-00181,ERP-1447,user0045,2026-09-14,7.98,Peu autre figure place.
WL-00182,BANK-110,user0029,2026-09-14,5.94,Secours décider observer cheveu.
WL-00183,ERP-3245,user0007,2026-09-14,0.76,Ensemble témoin couvrir voici intelligence souffrir trésor.
WL-00184,MOB-2670,user0050,2026-09-14,1.62,Long route sang court diriger auprès.
WL-00185,MOB-1637,user0050,2026-09-14,4.76,Apparence paix véritable compagnie pouvoir.
WL-00186,SEC-2753,user0018,2026-09-14,3.29,Retomber seigneur personne.
WL-00187,CRM-4234,user0033,2026-09-14,6.56,Malheur si sommeil là curiosité espérer.
WL-00188,CRM-3496,user0037,2026-09-14,5.57,Remarquer endroit chaque événement.
WL-00189,BANK-3163,user0007,2026-09-14,2.52,Oeuvre lisser sac sauvage place retirer livrer.
WL-00190,BANK-613,user0031,2026-09-14,1.04,Conversation branche choix.
WL-00191,BANK-2323,user0048,2026-09-14,7.09,Drôle attacher cela rapport soit quelque.
WL-00192,DATA-3390,user0012,2026-09-14,2.73,Glace réunir distinguer interrompre.
WL-00193,CRM-1427,user0007,2026-09-14,3.3,Conversation pont dehors plaire âge.
WL-00194,ECOM-2963,user0049,2026-09-14,4.95,Rire parfois bouche aimer risquer.
WL-00195,MOB-1096,user0041,2026-09-14,7.04,Verser déjà mettre distinguer chercher toit.
WL-00196,CLOUD-4101,user0037,2026-09-14,1.1,Saluer avouer presque accrocher vieil événement.
WL-00197,BANK-2371,user0026,2026-09-14,4.67,Distance comme saint veille marcher beau bon.
WL-00198,SEC-407,user0029,2026-09-14,5.75,Écarter mot supposer vouloir.
WL-00199,SEC-3010,user0023,2026-09-14,5.23,Nécessaire attaquer cacher personnage.
WL-00200,BI-3549,user0007,2026-09-14,1.05,Figure paraître intérieur qui.
WL-00201,BANK-1709,user0002,2026-09-14,3.89,Scène dès afin de toujours port soutenir.
WL-00202,BANK-839,user0033,2026-09-14,3.17,Français au mener important position.
WL-00203,ECOM-1620,user0037,2026-09-14,1.84,Vin pont mine que voiture.
WL-00204,BANK-3487,user0042,2026-09-14,1.28,Suffire haut séparer seigneur permettre ton rôle.
WL-00205,SEC-154,user0002,2026-09-14,2.52,Fonction le compagnie.
WL-00206,MOB-2039,user0015,2026-09-14,4.85,Ensemble odeur métier quelque frère paupière traverser détail.
WL-00207,ERP-3976,user0037,2026-09-14,3.77,Perte danser beauté vif.
WL-00208,PORTAL-748,user0011,2026-09-14,5.24,Claire montrer printemps angoisse terminer.
WL-00209,SEC-4700,user0007,2026-09-14,3.84,Savoir riche chiffre accrocher devoir.
WL-00210,DATA-4890,user0037,2026-09-14,1.98,Fils sauter accomplir supposer si.
WL-00211,CLOUD-1005,user0012,2026-09-14,1.34,Militaire ton auquel haute prévenir.
WL-00212,SEC-2070,user0029,2026-09-14,3.26,Situation travail poitrine répandre.
WL-00213,ERP-235,user0015,2026-09-14,7.85,Là bas fatigue tout où paquet.
WL-00214,ECOM-3563,user0012,2026-09-14,5.95,Autre noir ministre demi centre.
WL-00215,SEC-4412,user0020,2026-09-14,5.52,Déchirer établir journal bureau ferme.
WL-00216,CLOUD-1893,user0026,2026-09-14,5.72,Personne mille quel volonté.
WL-00217,PORTAL-1105,user0011,2026-09-14,7.32,Lit autant hiver faveur.
WL-00218,BI-3279,user0017,2026-09-14,4.28,En midi colon discuter danser suffire.
WL-00219,CRM-4254,user0041,2026-09-14,3.36,Vision eaux monsieur exister.
WL-00220,PORTAL-2249,user0015,2026-09-14,5.46,Étouffer amener sorte réussir au monde.
WL-00221,DATA-1824,user0029,2026-09-14,1.97,Secret me digne chacun.
WL-00222,SEC-4668,user0018,2026-09-14,6.32,Visite haut appuyer monsieur souvenir haut monsieur.
WL-00223,ERP-1814,user0026,2026-09-14,1.57,Côte semblable semblable effacer toile contraire doux.
WL-00224,BANK-2613,user0011,2026-09-14,6.36,Succès sang engager juge.
WL-00225,BANK-1969,user0045,2026-09-14,6.12,Sembler nourrir rappeler faible mariage et.
WL-00226,ERP-883,user0023,2026-09-14,4.46,Dès rapidement vieil.
WL-00227,CRM-1266,user0011,2026-09-14,2.66,Chasse religion prince ah nerveux sentiment.
WL-00228,ERP-1044,user0050,2026-09-14,1.23,Paix retenir admettre admettre chien recueillir.
WL-00229,CLOUD-185,user0027,2026-09-14,2.97,Race terrain lutter grand beau veille dont.
WL-00230,PORTAL-3905,user0012,2026-09-14,7.07,Cinq milieu idée dame.
WL-00231,ERP-2519,user0033,2026-09-14,6.37,Homme tranquille vaincre animer.
WL-00232,ECOM-2011,user0017,2026-09-14,0.75,Aucun forcer achever remplacer fond reconnaître.
WL-00233,DATA-150,user0015,2026-09-14,7.71,Longtemps aspect son plaisir cacher.
WL-00234,MOB-3297,user0049,2026-09-14,2.43,Pourquoi figurer compagnon seulement que.
WL-00235,MOB-366,user0015,2026-09-14,3.23,Personne veiller règle fortune sang vague.
WL-00236,BI-179,user0001,2026-09-14,2.08,Toute blond besoin anglais banc puissant attitude car.
WL-00237,SEC-1261,user0012,2026-09-14,3.67,Rapide voix intérieur contenter remplacer.
WL-00238,ERP-4398,user0026,2026-09-14,2.56,Affaire attendre mensonge demeurer.
WL-00239,MOB-1985,user0033,2026-09-14,7.04,Parler prince arme salle causer.
WL-00240,CLOUD-399,user0007,2026-09-14,3.38,Neuf davantage cri prononcer tu sourd arme gros.
WL-00241,BANK-3089,user0010,2026-09-14,2.05,Vert leur garçon gloire garder pendre.
WL-00242,BANK-431,user0041,2026-09-14,1.74,Tourner même silencieux fin poser consulter clef.
WL-00243,ERP-4471,user0002,2026-09-14,4.24,Soirée secrétaire connaissance éternel.
WL-00244,CRM-1083,user0042,2026-09-14,6.72,Âgé humide coup fatigue.
WL-00245,PORTAL-1770,user0042,2026-09-14,3.41,Faire vieux train docteur art.
WL-00246,CRM-4624,user0041,2026-09-14,1.11,Joli rire exiger parfois tranquille.
WL-00247,PORTAL-4238,user0050,2026-09-14,5.63,Doucement entraîner attaquer seul.
WL-00248,SEC-3706,user0033,2026-09-14,6.41,Même inspirer tantôt d'autres lentement lieu jambe.
WL-00249,ECOM-2632,user0011,2026-09-14,5.02,Descendre pénétrer malheur.
WL-00250,BI-491,user0011,2026-09-14,2.43,Colère entretenir pas habitude nouveau également solitude recueillir.
WL-00251,ERP-2727,user0010,2026-09-14,4.84,Demain réussir promener élever.
WL-00252,CRM-2577,user0037,2026-09-14,5.86,Même tantôt rencontrer second.
WL-00253,CRM-1918,user0023,2026-09-14,2.01,Pain tirer cesser auquel indiquer mauvais lui.
WL-00254,SEC-2263,user0037,2026-09-14,6.72,Titre professeur chien traverser en prévoir.
WL-00255,PORTAL-955,user0029,2026-09-14,3.89,Lieu réclamer jamais foule.
WL-00256,BI-2277,user0041,2026-09-14,6.96,Me planche voilà peuple tandis que cent planche.
WL-00257,BI-848,user0042,2026-09-14,2.17,Maladie comme dame avance éclat salut depuis.
WL-00258,CRM-3106,user0011,2026-09-14,5.3,Désirer face écrire rentrer.
WL-00259,PORTAL-4911,user0007,2026-09-14,1.43,Terme désigner foule effort remonter fleur rôle.
WL-00260,BI-909,user0026,2026-09-14,6.34,Tantôt caresser monsieur croix nourrir diriger.
WL-00261,ECOM-1329,user0045,2026-09-14,2.1,Sorte marcher feu autant mieux planche.
WL-00262,ERP-2207,user0005,2026-09-14,7.05,Jeter regretter soutenir passage tromper.
WL-00263,ECOM-4453,user0048,2026-09-14,2.62,Leur pousser désigner même faux drôle.
WL-00264,PORTAL-3414,user0002,2026-09-14,1.15,Sauver libre partir calme.
WL-00265,CLOUD-4714,user0005,2026-09-14,6.56,Coûter repas confondre désir passé françois.
WL-00266,BI-4253,user0037,2026-09-14,4.97,Quatre argent justice vérité loi jambe.
WL-00267,BI-3500,user0049,2026-09-14,1.02,Sûr verser même tuer.
WL-00268,ECOM-3338,user0002,2026-09-14,3.55,Accuser vendre respirer dès patron malheur puis.
WL-00269,CLOUD-1119,user0005,2026-09-14,6.06,Certainement capable abandonner condamner autour secours objet.
WL-00270,SEC-1919,user0029,2026-09-14,5.97,Appuyer cesser sommet dernier argent.
WL-00271,BANK-802,user0018,2026-09-14,3.05,Haute particulier porte cesse.
WL-00272,BANK-4498,user0033,2026-09-14,0.8,Propos corps défaut avec mal tellement principe faible.
WL-00273,ERP-1930,user0041,2026-09-14,4.03,Cri humide vingt réflexion.
WL-00274,BANK-2445,user0005,2026-09-14,7.17,Trop humide passage espoir fumer nerveux moins combien.
WL-00275,CRM-824,user0018,2026-09-14,6.06,Commencement boire escalier vivre peser.
WL-00276,CLOUD-4741,user0011,2026-09-14,3.87,Discussion si larme mille repousser jeu âme.
WL-00277,CLOUD-1528,user0001,2026-09-14,3.07,Phrase si rue mettre défaut rideau bureau.
WL-00278,SEC-2538,user0020,2026-09-14,4.88,Porte paix avec discuter.
WL-00279,CLOUD-3443,user0007,2026-09-14,5.1,Immobile réveiller douze malade coeur.
WL-00280,PORTAL-3254,user0010,2026-09-14,7.31,Tracer nouveau cheveu lever apprendre.
WL-00281,ERP-2839,user0026,2026-09-14,0.92,Juger genou nombre vague réclamer.
WL-00282,PORTAL-4629,user0010,2026-09-14,1.28,Parvenir continuer attaquer mine.
WL-00283,MOB-4362,user0007,2026-09-14,5.94,Espérer pays solitude regretter honte soutenir.
WL-00284,BANK-2729,user0037,2026-09-14,4.9,Feu rouler pain françois.
WL-00285,BI-2080,user0042,2026-09-14,3.99,Pourquoi allumer ouvert promener.
WL-00286,PORTAL-504,user0031,2026-09-14,3.16,Neuf d'autres troubler seul réfléchir bataille jamais.
WL-00287,CLOUD-2462,user0041,2026-09-14,7.37,Désirer brûler adresser mettre moyen où taire.
WL-00288,DATA-4190,user0002,2026-09-14,5.62,Usage direction ensuite serrer émotion direction.
WL-00289,PORTAL-1167,user0026,2026-09-14,3.89,Retomber haine tant phrase cri.
WL-00290,ECOM-2024,user0001,2026-09-14,7.69,Ajouter rappeler occuper fois nez contre.
WL-00291,SEC-772,user0027,2026-09-14,2.04,Recevoir marcher hauteur oreille endroit son fils.
WL-00292,MOB-1946,user0019,2026-09-14,7.61,Figurer commun depuis sac huit oeuvre moyen.
WL-00293,ECOM-751,user0042,2026-09-14,6.17,Fortune mois chaleur sembler.
WL-00294,BI-4387,user0015,2026-09-14,6.17,Autorité apparence pied nourrir foule nez prétendre.
WL-00295,ECOM-3285,user0050,2026-09-14,4.56,Enfin cela habiller deviner premier.
WL-00296,ERP-228,user0050,2026-09-14,1.75,Placer épais sable scène côte dieu.
WL-00297,ECOM-2503,user0029,2026-09-14,6.17,Lettre accuser général profondément voiture durant dépasser.
WL-00298,CLOUD-608,user0029,2026-09-14,4.57,Trois haut beau bois carte autre.
WL-00299,DATA-310,user0002,2026-09-14,1.34,Affirmer dire affirmer vieillard.
WL-00300,PORTAL-2989,user0023,2026-09-14,6.25,De l'une détacher ressembler aile.
WL-00301,CLOUD-107,user0033,2026-09-14,7.62,Mot lettre profond bientôt saisir marier conclure prochain.
WL-00302,DATA-2130,user0048,2026-09-14,5.12,Chair acte moyen tôt.
WL-00303,BI-298,user0029,2026-09-14,7.23,Entrer cent prix ça longtemps clef créer tapis.
WL-00304,PORTAL-1793,user0045,2026-09-14,6.36,Chance projet étouffer attention soirée essuyer choix.
WL-00305,PORTAL-2580,user0018,2026-09-14,4.53,Oui étage comment aspect.
WL-00306,SEC-3778,user0023,2026-09-14,1.1,Remarquer tel naître cuisine imaginer.
WL-00307,DATA-4528,user0023,2026-09-14,3.38,Cinquante noir préférer dernier armée.
WL-00308,CRM-2898,user0026,2026-09-14,1.82,Sembler sous beau étrange.
WL-00309,ECOM-4719,user0027,2026-09-14,1.92,En fixe feuille.
WL-00310,SEC-4386,user0018,2026-09-14,4.54,Amener rentrer debout.
WL-00311,ERP-615,user0023,2026-09-14,6.38,Demeurer vivre jardin.
WL-00312,CRM-3106,user0005,2026-09-14,4.74,Découvrir bon chef ni an ensemble.
WL-00313,PORTAL-4805,user0045,2026-09-14,4.43,Signer riche amour couleur remarquer.
WL-00314,BI-638,user0050,2026-09-14,1.06,Sorte dieu lui.
WL-00315,CLOUD-2302,user0045,2026-09-14,7.7,Exposer après très ventre cours ah bois.
WL-00316,BI-3460,user0007,2026-09-14,4.2,Vers delà déclarer placer côté présence pain jeu.
WL-00317,PORTAL-2089,user0031,2026-09-14,7.54,Maladie plaine elle madame oeil courir rayon milieu.
WL-00318,CRM-4013,user0037,2026-09-14,5.87,Part visible départ or éteindre.
WL-00319,BI-2568,user0045,2026-09-14,5.75,Chasser masse sourire jeu mieux.
WL-00320,BANK-452,user0010,2026-09-14,6.83,Rapporter croiser projet consulter résoudre or hauteur.
WL-00321,MOB-237,user0045,2026-09-14,0.58,Immense sentier frère essuyer.
WL-00322,CLOUD-1306,user0019,2026-09-14,2.14,Roche savoir vin métier.
WL-00323,ECOM-4159,user0017,2026-09-14,7.86,Lieu garde fumée art sous rouge garder.
WL-00324,SEC-151,user0018,2026-09-14,0.62,Image maintenant réponse quel autre.
WL-00325,CRM-4254,user0037,2026-09-14,6.16,Croire libre travail vieillard désormais.
WL-00326,PORTAL-2755,user0007,2026-09-14,2.41,Aucun train portier précéder.
WL-00327,DATA-4681,user0001,2026-09-14,4.95,Sûr sable animer compagnon.
WL-00328,PORTAL-4418,user0050,2026-09-14,1.62,Quand revenir dire juge renverser minute.
WL-00329,CLOUD-3695,user0023,2026-09-14,7.48,Poste encore observer.
WL-00330,ECOM-4871,user0002,2026-09-14,3.33,Voisin horizon alors vie remettre.
WL-00331,CRM-2200,user0050,2026-09-14,4.56,Ensemble revenir oh trente détacher quelque.
WL-00332,DATA-408,user0010,2026-09-14,7.5,Minute regretter large lèvre enfermer.
WL-00333,PORTAL-2809,user0045,2026-09-14,4.2,Président douceur ciel dégager.
WL-00334,SEC-226,user0023,2026-09-14,1.21,Hésiter lutte énergie.
WL-00335,ERP-4951,user0048,2026-09-14,2.16,Lien réussir point lueur.
WL-00336,BANK-1086,user0029,2026-09-14,4.38,Cheveu pont maladie etc recherche.
WL-00337,ECOM-4138,user0026,2026-09-14,6.03,Songer franc curieux recherche arrière cacher.
WL-00338,CRM-745,user0005,2026-09-14,5.7,Source risquer lèvre.
WL-00339,SEC-3953,user0033,2026-09-14,1.96,Résistance acte vue glisser vent d'autres craindre franchir.
WL-00340,PORTAL-4709,user0037,2026-09-14,2.65,Verre prêter vide politique apercevoir risquer noire papa.
WL-00341,DATA-4443,user0005,2026-09-14,1.18,Français goutte tel toucher titre famille raison.
WL-00342,CLOUD-970,user0050,2026-09-14,6.56,Présence haut terre vaincre pas faire.
WL-00343,MOB-4045,user0026,2026-09-14,4.47,Éviter droit particulier tapis tranquille côte.
WL-00344,ERP-2700,user0023,2026-09-14,7.53,Poète indiquer position environ.
WL-00345,CLOUD-3364,user0041,2026-09-14,7.81,Tandis Que etc hasard court lune sérieux attendre.
WL-00346,ECOM-2248,user0049,2026-09-14,5.04,Affirmer ramasser voilà couper.
WL-00347,CLOUD-1406,user0001,2026-09-14,4.74,Nommer quel reposer cacher.
WL-00348,ERP-2840,user0041,2026-09-14,6.89,Croiser claire rencontre air abattre.
WL-00349,BANK-3030,user0048,2026-09-14,1.07,Saison pencher jeu avouer ici.
WL-00350,CLOUD-857,user0031,2026-09-14,5.99,Quinze battre mode mensonge.
WL-00351,BI-352,user0018,2026-09-14,0.67,Sortir marier inventer ensuite témoin victime.
WL-00352,DATA-1690,user0002,2026-09-14,7.79,Adresser cou chanter tout.
WL-00353,ERP-1924,user0041,2026-09-14,1.76,Pierre apparaître prochain partout mouvement.
WL-00354,BI-370,user0011,2026-09-14,7.89,Fait consentir feu meilleur papa bonheur toit.
WL-00355,ERP-2738,user0027,2026-09-14,1.76,Chaud machine jusque debout rejeter.
WL-00356,BANK-3678,user0023,2026-09-14,7.78,Exiger rien queue ici.
WL-00357,SEC-4131,user0015,2026-09-14,6.85,Vin serrer travailler l'un.
WL-00358,DATA-1280,user0050,2026-09-14,2.64,Yeux usage sentir fille sens curiosité fil.
WL-00359,ECOM-3253,user0042,2026-09-14,2.23,Conversation permettre rencontrer dégager montagne chaise beau.
WL-00360,PORTAL-4914,user0002,2026-09-14,0.57,Saisir année couper admettre installer solitude situation.
WL-00361,CRM-771,user0017,2026-09-14,4.2,Fonder crier curiosité parent choisir étranger brusquement.
WL-00362,BANK-3985,user0015,2026-09-14,6.43,Sonner vent groupe an page position.
WL-00363,DATA-4863,user0048,2026-09-14,4.78,Nerveux créer poussière intéresser trembler.
WL-00364,PORTAL-1051,user0048,2026-09-14,7.4,Hauteur ainsi rapidement patron prêter trois.
WL-00365,CRM-2137,user0023,2026-09-14,2.77,Moment résister joue large faire quand animal.
WL-00366,CLOUD-4395,user0049,2026-09-14,2.54,Jouer essuyer queue espoir réflexion.
WL-00367,CLOUD-1610,user0012,2026-09-14,2.21,Étude soin certes cinquante question.
WL-00368,MOB-2074,user0019,2026-09-14,4.62,Souvenir vieillard étrange.
WL-00369,ECOM-4011,user0050,2026-09-14,2.74,Maître solitude neuf ruine.
WL-00370,CRM-4007,user0018,2026-09-14,3.73,Songer rejoindre éviter.
WL-00371,MOB-1156,user0049,2026-09-14,0.94,Ce plusieurs seconde article somme ancien mériter.
WL-00372,BI-3462,user0033,2026-09-14,7.27,Espèce rire notre mine témoin placer.
WL-00373,BI-3236,user0048,2026-09-14,2.85,Durer direction approcher voie bon déposer roi.
WL-00374,SEC-3646,user0017,2026-09-14,2.27,Succès sentiment tel consulter respecter mourir peu.
WL-00375,CRM-654,user0012,2026-09-14,7.36,Voisin tache demi grâce maintenir soulever ruine remarquer.
WL-00376,CLOUD-2659,user0005,2026-09-14,5.43,Voir fuir établir minute.
WL-00377,CLOUD-4182,user0019,2026-09-14,3.47,Espérer dieu centre voisin nez.
WL-00378,BANK-1614,user0037,2026-09-14,5.93,Suffire accord rapide poche doute état.
WL-00379,BANK-2086,user0033,2026-09-14,1.13,Simplement chat travers hasard bord.
WL-00380,CLOUD-1715,user0001,2026-09-14,5.8,Énergie mine vide content glace.
WL-00381,CRM-2614,user0029,2026-09-14,5.3,Montagne gens calme lentement.
WL-00382,BANK-2183,user0033,2026-09-14,6.61,Ci danger public secret masse mieux.
WL-00383,DATA-53,user0015,2026-09-14,6.26,Fuir pluie vague différent précieux quelque chacun.
WL-00384,DATA-922,user0031,2026-09-14,7.21,Vers consentir trop pas tête reposer.
WL-00385,CRM-1644,user0018,2026-09-14,5.72,Échapper devant ramener tomber naissance reposer vide.
WL-00386,BANK-4947,user0048,2026-09-14,6.7,Sentier front haut carte rien.
WL-00387,ECOM-3664,user0002,2026-09-14,1.26,Étroit ton tout.
WL-00388,BANK-864,user0031,2026-09-14,4.71,Échapper passé sentir conversation pas rayon vraiment.
WL-00389,MOB-3692,user0015,2026-09-14,7.3,Ailleurs clair rose car.
WL-00390,CRM-674,user0020,2026-09-14,5.21,Fenêtre là crise aucun violent secret.
WL-00391,CLOUD-887,user0012,2026-09-14,1.52,Exiger consentir trace debout.
WL-00392,PORTAL-546,user0033,2026-09-14,6.89,Présent accent rôle.
WL-00393,CRM-2485,user0005,2026-09-14,6.67,Profiter plaire horizon.
WL-00394,DATA-2877,user0026,2026-09-14,2.68,Aujourd'Hui inquiéter ce.
WL-00395,BI-563,user0020,2026-09-14,0.82,Vieillard intérêt glace paix désigner.
WL-00396,BANK-280,user0027,2026-09-14,5.09,Fille instant tombe quatre bureau.
WL-00397,BI-3504,user0026,2026-09-14,4.17,Vieillard science scène colère.
WL-00398,CRM-4750,user0050,2026-09-14,7.7,Sonner femme cas ramasser doute éviter après.
WL-00399,ERP-3437,user0020,2026-09-14,5.26,Figure tomber rire drôle effacer donner.
WL-00400,MOB-2320,user0027,2026-09-14,3.71,Céder sembler court passé gloire.
WL-00401,ECOM-566,user0050,2026-09-14,7.64,Mer situation représenter.
WL-00402,BANK-2183,user0048,2026-09-14,1.84,Reprendre inquiéter moi poésie détruire monter.
WL-00403,BI-2935,user0007,2026-09-14,2.19,Devant colère long saisir.
WL-00404,BI-3928,user0019,2026-09-14,4.31,Faute arme école position sombre ramener.
WL-00405,MOB-733,user0018,2026-09-14,1.71,Aussi parole accrocher prêter étage loi émotion.
WL-00406,PORTAL-4368,user0037,2026-09-14,4.31,Monter obéir flot contenir.
WL-00407,SEC-2448,user0023,2026-09-14,6.37,Oublier aider salut bien.
WL-00408,ERP-688,user0041,2026-09-14,3.56,Autorité créer ventre lui.
WL-00409,MOB-4367,user0037,2026-09-14,5.4,Reculer visage famille père terrain protéger vague.
WL-00410,BANK-1492,user0042,2026-09-14,1.78,Passion à transformer mieux que lequel éternel aventure.
WL-00411,ECOM-2595,user0017,2026-09-14,3.31,Souffler reconnaître quelque chair musique aussi sérieux.
WL-00412,ECOM-4583,user0031,2026-09-14,3.8,Perdu leur honneur lien.
WL-00413,DATA-1302,user0031,2026-09-14,1.25,Ce résistance coucher combien eh monde.
WL-00414,ECOM-2457,user0026,2026-09-14,1.46,Accent poitrine examiner discuter journée fait monde.
WL-00415,DATA-2736,user0010,2026-09-14,3.8,Barbe occuper soleil glisser dépasser.
WL-00416,MOB-744,user0026,2026-09-14,4.0,Inviter choix réduire en depuis vide.
WL-00417,SEC-1379,user0011,2026-09-14,3.85,Accord colline prévoir réflexion rejoindre rouge profiter.
WL-00418,BI-1054,user0037,2026-09-14,0.84,Surveiller yeux courir l'une coucher rapide.
WL-00419,CRM-3708,user0045,2026-09-14,3.03,Enfant lier d'autres second.
WL-00420,ERP-2050,user0017,2026-09-14,1.04,Monsieur signer moi départ figure bataille liberté répéter.
WL-00421,ERP-3529,user0012,2026-09-14,7.12,Choix cesser cinquante personnage étrange visite.
WL-00422,CRM-2246,user0007,2026-09-14,3.8,Très apprendre ciel mettre.
WL-00423,CRM-3895,user0049,2026-09-14,2.62,Autre art encore que siècle continuer.
WL-00424,ECOM-3518,user0026,2026-09-14,1.65,Prince fin mot sourire mort.
WL-00425,DATA-4100,user0031,2026-09-14,2.31,Réunir hauteur porte réclamer pousser drame.
WL-00426,MOB-12,user0026,2026-09-14,5.25,Jaune partie lors user.
WL-00427,MOB-2336,user0026,2026-09-14,4.83,Éclater fait tout qui violence premier avis.
WL-00428,PORTAL-1115,user0001,2026-09-14,3.07,Docteur terre prince possible chance.
WL-00429,SEC-467,user0029,2026-09-14,2.15,Ensemble cause le répéter social.
WL-00430,BI-2974,user0018,2026-09-14,2.54,Maladie masse profondément service puissance.
WL-00431,BANK-682,user0007,2026-09-14,1.56,Cinq franc détail parler.
WL-00432,BANK-3265,user0018,2026-09-14,3.79,Quelque pouvoir contenir type soirée entendre pourquoi.
WL-00433,MOB-690,user0023,2026-09-14,2.37,Puis être but arriver palais face.
WL-00434,ECOM-1152,user0019,2026-09-14,1.86,Encore attention passer qui étage menacer.
WL-00435,ECOM-1061,user0017,2026-09-14,7.88,Montagne cesser colline lutte arrivée.
WL-00436,ERP-4244,user0023,2026-09-14,6.54,Doux ancien baisser ordre auteur si erreur assister.
WL-00437,BANK-2833,user0042,2026-09-14,3.4,Entier vague coucher nerveux deviner verre voyager.
WL-00438,BI-3966,user0049,2026-09-14,1.58,Reprendre depuis écouter inviter colère droite tombe.
WL-00439,BANK-1449,user0050,2026-09-14,7.65,Car dès beaucoup étudier espoir poésie dès.
WL-00440,CRM-2101,user0001,2026-09-14,2.06,Dimanche mener ancien satisfaire elle.
WL-00441,CLOUD-1200,user0031,2026-09-14,0.52,Passage dent français horizon absolument camarade chose.
WL-00442,ERP-2998,user0001,2026-09-14,3.85,Exécuter suivant dégager politique.
WL-00443,CLOUD-2148,user0023,2026-09-14,5.31,Nation étendue eaux expression souffrir lutter.
WL-00444,SEC-988,user0019,2026-09-14,1.24,Intelligence proposer réunir oublier métier.
WL-00445,CLOUD-3091,user0012,2026-09-14,1.97,Doute sourire aide rassurer armée approcher.
WL-00446,PORTAL-2961,user0027,2026-09-14,7.33,Classe céder découvrir parent sien.
WL-00447,ERP-2956,user0017,2026-09-14,5.04,Rang poids poésie sortir désigner.
WL-00448,CRM-2250,user0042,2026-09-14,3.29,Présence pourquoi courage seigneur rire.
WL-00449,CLOUD-372,user0007,2026-09-14,7.3,Le sentiment habitant goutte faute ventre.
WL-00450,BI-59,user0031,2026-09-14,1.9,Casser former exposer oser bas petit pénétrer.
WL-00451,ERP-4621,user0050,2026-09-14,1.18,Briser paupière toile écarter ami déposer saint.
WL-00452,CRM-3032,user0031,2026-09-14,4.5,Reste mener accepter rare absolu flot.
WL-00453,SEC-764,user0048,2026-09-14,7.1,Mort vers autrefois auprès rouge muet.
WL-00454,ERP-1525,user0037,2026-09-14,3.8,Lentement sauter beaux inquiéter montrer.
WL-00455,ECOM-2656,user0002,2026-09-14,7.9,Fenêtre essayer général.
WL-00456,BANK-3771,user0005,2026-09-14,2.52,Peine autrefois lier intention.
WL-00457,PORTAL-2920,user0015,2026-09-14,7.0,Réussir soirée commencer paysan.
WL-00458,BI-2974,user0029,2026-09-14,2.36,Désir étouffer cerveau aimer bouche envoyer.
WL-00459,SEC-3061,user0049,2026-09-14,6.28,Avouer chercher vaincre recommencer serrer.
WL-00460,DATA-2669,user0027,2026-09-14,2.52,Avance valeur deux chute.
WL-00461,ERP-1814,user0001,2026-09-14,7.33,Suffire songer famille inutile creuser âge réel.
WL-00462,CRM-3419,user0007,2026-09-14,7.39,Parti sauter maintenant somme passer vrai dent.
WL-00463,MOB-768,user0010,2026-09-14,3.72,Tâche circonstance tellement dos pied chambre.
WL-00464,BI-2147,user0015,2026-09-14,6.45,Crainte retrouver sueur confier demeurer.
WL-00465,MOB-2703,user0002,2026-09-14,0.69,Construire roman fermer science delà.
WL-00466,DATA-517,user0005,2026-09-14,5.02,Dégager ami tour céder doux marcher reprendre.
WL-00467,CLOUD-412,user0049,2026-09-14,1.73,Début lendemain avance beauté.
WL-00468,BI-474,user0049,2026-09-14,7.27,Sept existence enfant contre docteur hésiter cerveau.
WL-00469,DATA-1302,user0033,2026-09-14,7.17,Pauvre certain quoi facile ce noir calme.
WL-00470,BI-3346,user0031,2026-09-14,0.82,Plan retenir leur soin chemin unique.
WL-00471,ERP-4091,user0010,2026-09-14,4.63,Indiquer saluer montrer enfance.
WL-00472,CRM-1980,user0048,2026-09-14,6.95,Mentir rappeler combat cuisine vide.
WL-00473,MOB-2658,user0010,2026-09-14,0.78,Rouler professeur surveiller signe.
WL-00474,SEC-4070,user0020,2026-09-14,2.96,Bon rouge inquiétude nous quelque.
WL-00475,BI-3220,user0033,2026-09-14,3.15,Sur père que midi.
WL-00476,CLOUD-4309,user0023,2026-09-14,5.1,Ceci lit nord chien enlever victime deux.
WL-00477,SEC-1654,user0031,2026-09-14,3.79,Élever couche fort président créer jardin résultat.
WL-00478,CLOUD-346,user0048,2026-09-14,5.58,Problème lever ci brusquement important presque obliger.
WL-00479,BI-1493,user0050,2026-09-14,5.09,Chemin réflexion corps perdu cinq.
WL-00480,PORTAL-753,user0017,2026-09-14,3.34,Ce partout nommer encore glace quartier.
WL-00481,SEC-1376,user0026,2026-09-14,1.04,Face vouloir métier loi obtenir énergie.
WL-00482,MOB-1801,user0011,2026-09-14,1.61,Sein désigner perdre découvrir.
WL-00483,ERP-2025,user0026,2026-09-14,6.46,Feuille condamner dix ordre complètement.
WL-00484,SEC-1572,user0011,2026-09-14,4.48,Rentrer montrer baisser marcher sortir sec faveur.
WL-00485,ECOM-4832,user0045,2026-09-14,4.72,Intérieur instant vide alors manier poids.
WL-00486,CRM-1083,user0023,2026-09-14,1.83,Lien douleur plaine prévenir magnifique relation.
WL-00487,CLOUD-1886,user0029,2026-09-14,2.3,Vingt yeux page.
WL-00488,SEC-191,user0001,2026-09-14,0.53,Fois pour maintenant fatiguer goût.
WL-00489,BANK-3014,user0027,2026-09-14,1.02,Frère énergie changement dessiner arracher but accuser.
WL-00490,CRM-3851,user0015,2026-09-14,2.65,Dans autre prix on douter vert durant.
WL-00491,CRM-797,user0050,2026-09-14,6.96,Calme espace accompagner bruit mode élément.
WL-00492,BI-680,user0026,2026-09-14,1.46,Bonheur debout rêver aimer davantage de.
WL-00493,ERP-1378,user0019,2026-09-14,2.33,Croix garder naturellement aile frapper.
WL-00494,CRM-1517,user0017,2026-09-14,2.65,Mon durant manger fil demander.
WL-00495,PORTAL-4500,user0026,2026-09-14,3.74,Couper vite heure parce que distinguer.
WL-00496,MOB-4237,user0010,2026-09-14,6.11,Autre monter bord poste terrible traverser poussière.
WL-00497,CRM-4241,user0017,2026-09-14,1.3,Répondre rond fin rencontrer intérieur étoile produire.
WL-00498,ECOM-4427,user0050,2026-09-14,1.82,Lèvre cent malheur groupe.
WL-00499,DATA-1445,user0031,2026-09-14,0.64,Écrire résoudre riche dès midi plaisir plaindre françois.
WL-00500,BANK-2097,user0015,2026-09-14,6.7,Confondre nul désormais général essuyer.
WL-00501,BI-3383,user0042,2026-09-14,7.85,Puissance pas sérieux calme après noir doux.
WL-00502,BI-1143,user0027,2026-09-14,6.17,Tomber vendre intérieur course importance étonner brûler froid.
WL-00503,DATA-517,user0049,2026-09-14,5.08,Noir douze terrain sept chant chez.
WL-00504,ECOM-3181,user0002,2026-09-14,0.63,Projet sens minute clair.
WL-00505,BI-1809,user0033,2026-09-14,3.99,Puissant naturellement vite conversation succès classe.
WL-00506,SEC-1282,user0048,2026-09-14,2.3,Mari te frapper intention sembler colère.
WL-00507,BANK-4260,user0048,2026-09-14,4.75,Menacer au souffler entraîner détacher cheval travers.
WL-00508,SEC-2856,user0020,2026-09-14,1.28,Résultat lèvre mien.
WL-00509,DATA-2244,user0033,2026-09-14,5.79,Reculer cent léger retenir vaincre.
WL-00510,CLOUD-3636,user0033,2026-09-14,0.64,Intérieur cent y de battre loi loi.
WL-00511,SEC-4004,user0005,2026-09-14,2.46,Travail âge passer si non prière.
WL-00512,ECOM-2237,user0012,2026-09-14,1.08,Subir presque un écouter escalier.
WL-00513,CRM-3833,user0011,2026-09-14,6.42,Voisin famille point certain franc.
WL-00514,BANK-1297,user0010,2026-09-14,1.52,Tellement aile danger exemple savoir dont.
WL-00515,SEC-4145,user0033,2026-09-14,7.9,Diriger liberté paquet terre vêtement.
WL-00516,PORTAL-1017,user0007,2026-09-14,5.02,Vague chute exister peine pauvre au fer.
WL-00517,ECOM-4348,user0010,2026-09-14,6.33,Autre continuer appuyer mois.
WL-00518,CLOUD-2835,user0018,2026-09-14,5.8,Prince bruit nature intelligence question arrêter avant.
WL-00519,MOB-3992,user0020,2026-09-14,4.43,Souvent cela chemise vendre paysan terme.
WL-00520,CLOUD-1455,user0026,2026-09-14,1.62,Grain près son fer près quartier.
WL-00521,CRM-4019,user0017,2026-09-14,5.44,Propos pouvoir empêcher moins bras.
WL-00522,CRM-4254,user0031,2026-09-14,3.44,Poursuivre promener enfoncer imaginer patron te dont.
WL-00523,PORTAL-4263,user0041,2026-09-14,5.24,Arbre réunir causer lui chef l'une épaule.
WL-00524,PORTAL-4218,user0031,2026-09-14,5.82,Traîner noir pousser retirer selon désormais rang entendre.
WL-00525,DATA-882,user0027,2026-09-14,4.03,Papier retourner celui près public force.
WL-00526,ERP-2818,user0007,2026-09-14,2.87,Longtemps lisser vouloir ensemble que remarquer.
WL-00527,DATA-506,user0019,2026-09-14,1.43,Champ droite grâce fumer public rejeter.
WL-00528,PORTAL-676,user0050,2026-09-14,6.77,Connaissance autre discours entrer parent.
WL-00529,PORTAL-2570,user0007,2026-09-14,4.43,Grain dehors papa.
WL-00530,PORTAL-616,user0050,2026-09-14,5.95,Tel éclater tout voisin.
WL-00531,ECOM-4887,user0015,2026-09-14,2.84,Travers produire bientôt.
WL-00532,SEC-2444,user0029,2026-09-14,5.67,Trait ventre mentir tout.
WL-00533,MOB-4814,user0049,2026-09-14,1.62,Officier tombe passer énergie gens.
WL-00534,PORTAL-2359,user0019,2026-09-14,1.88,Gloire or approcher être tranquille.
WL-00535,SEC-2423,user0001,2026-09-14,4.82,Simplement champ tout compte.
WL-00536,CLOUD-3637,user0015,2026-09-14,5.8,Témoin terreur fin secret drame.
WL-00537,ERP-4513,user0015,2026-09-14,6.86,Commencement proposer été retomber disposer folie.
WL-00538,PORTAL-490,user0010,2026-09-14,4.23,Siège argent enfoncer subir fidèle lieu curieux.
WL-00539,SEC-115,user0019,2026-09-14,3.54,Atteindre résistance neuf principe.
WL-00540,CLOUD-324,user0005,2026-09-14,3.88,Valoir arriver personne avouer cher désir nord.
WL-00541,CLOUD-644,user0045,2026-09-14,2.01,Mensonge battre acheter sous sonner passé boire.
WL-00542,BI-4308,user0027,2026-09-14,7.33,Sauver arme prière quarante.
WL-00543,BI-1284,user0045,2026-09-14,5.11,Saint curieux côte beau quartier.
WL-00544,CRM-2100,user0023,2026-09-14,4.17,Résoudre autour chercher calmer attirer lumière.
WL-00545,BANK-245,user0050,2026-09-14,3.98,Aucun expérience point ce vif amuser quinze.
WL-00546,SEC-2234,user0001,2026-09-14,7.52,Recommencer aussi briser port miser.
WL-00547,ECOM-3480,user0005,2026-09-14,7.23,Composer étranger lever tendre.
WL-00548,MOB-192,user0019,2026-09-14,7.77,Lisser parler comprendre printemps ignorer.
WL-00549,BANK-957,user0010,2026-09-14,6.24,Créer installer flamme suivant caractère annoncer particulier.
WL-00550,ERP-4121,user0031,2026-09-14,6.25,Coin prince rejeter six secours dire où.
WL-00551,CRM-4494,user0031,2026-09-14,1.03,Pointe place venir accord amour.
WL-00552,BI-3125,user0041,2026-09-14,5.04,Émotion vendre verser rejoindre abattre.
WL-00553,PORTAL-3742,user0012,2026-09-14,3.17,Autre détail salut croire entendre chemin.
WL-00554,SEC-2012,user0029,2026-09-14,7.14,Noir pied amener bord valoir souffrir.
WL-00555,MOB-768,user0020,2026-09-14,3.59,Travers tour exécuter but table ferme.
WL-00556,BANK-4246,user0015,2026-09-14,4.18,Croiser droit vite corps voir défendre genre.
WL-00557,BANK-2692,user0001,2026-09-14,0.83,Pont même vêtir rang briller blanc.
WL-00558,BI-3720,user0010,2026-09-14,2.89,Chercher politique encore savoir.
WL-00559,MOB-4124,user0011,2026-09-14,1.96,Te tirer montrer fatigue.
WL-00560,ERP-3937,user0005,2026-09-14,6.11,Pur grand dieu fleur masse discussion.
WL-00561,PORTAL-4116,user0037,2026-09-14,3.44,Appel passé colline voici autrement.
WL-00562,CRM-1162,user0011,2026-09-14,6.45,Soirée sept gouvernement quel étendue.
WL-00563,ERP-3816,user0049,2026-09-14,2.02,Rire courage cheval repas haïr profiter.
WL-00564,ECOM-4206,user0015,2026-09-14,3.71,Commencer dieu étage si.
WL-00565,CLOUD-1499,user0050,2026-09-14,5.9,Souvenir prison second rejeter trace triste arrière voir.
WL-00566,ERP-2964,user0012,2026-09-14,5.58,Poser mémoire gloire absolument l'un pied promettre.
WL-00567,PORTAL-4479,user0050,2026-09-14,2.57,Vide vrai finir appartenir tirer prononcer apparence fixe.
WL-00568,SEC-4881,user0027,2026-09-14,3.85,Auprès difficile celui as prétendre.
WL-00569,BANK-1871,user0015,2026-09-14,5.41,Manger grave nouveau simplement emporter soudain arbre.
WL-00570,ECOM-4655,user0011,2026-09-14,7.94,Défaut remercier cheval.
WL-00571,SEC-4794,user0018,2026-09-14,1.84,Pendant déposer voler voyager soumettre instinct entre derrière.
WL-00572,PORTAL-4076,user0020,2026-09-14,7.09,Pauvre secret courage capable spectacle.
WL-00573,SEC-1745,user0050,2026-09-14,1.62,Parent rouge autant important.
WL-00574,ECOM-3726,user0041,2026-09-14,3.71,Immense dire aller.
WL-00575,PORTAL-693,user0049,2026-09-14,0.5,Sable baisser fine charge roman recueillir entourer.
WL-00576,MOB-3185,user0017,2026-09-14,3.87,Police couper marche action.
WL-00577,BANK-4842,user0019,2026-09-14,7.45,Courir étage verre couche réduire gagner beaucoup bureau.
WL-00578,CRM-393,user0010,2026-09-14,3.1,Mal oncle campagne fête.
WL-00579,ECOM-1758,user0020,2026-09-14,6.78,Angoisse plaire exposer atteindre cependant agent crainte.
WL-00580,BANK-2880,user0027,2026-09-14,2.04,Tourner nu cas vêtement.
WL-00581,MOB-4930,user0010,2026-09-14,2.66,Disposer personne rocher passage couler.
WL-00582,BI-2277,user0027,2026-09-14,4.93,Taire souvenir clair répéter parcourir.
WL-00583,PORTAL-2421,user0048,2026-09-14,1.94,Beau simple exprimer.
WL-00584,BANK-20,user0023,2026-09-14,2.99,Toi soumettre milieu.
WL-00585,CLOUD-1028,user0050,2026-09-14,6.84,Différent peser sou choix autrement.
WL-00586,BANK-20,user0031,2026-09-14,4.98,Cas fumer bande.
WL-00587,SEC-432,user0037,2026-09-14,4.29,Appel peine repas madame.
WL-00588,PORTAL-807,user0033,2026-09-14,7.31,Chasser entendre écraser vif action nécessaire.
WL-00589,BANK-2464,user0020,2026-09-14,7.79,Déposer peuple pensée instinct escalier loup observer.
WL-00590,MOB-4074,user0042,2026-09-14,2.95,Vif résistance gauche.
WL-00591,PORTAL-4214,user0020,2026-09-14,6.23,Risquer conclure seconde couleur route secours.
WL-00592,ECOM-2440,user0011,2026-09-14,5.6,Songer sac dur esprit pouvoir mine précéder.
WL-00593,SEC-1882,user0002,2026-09-14,3.47,Lorsque sens amuser combat premier lieu.
WL-00594,SEC-2882,user0012,2026-09-14,2.35,Tapis oreille inquiétude anglais.
WL-00595,SEC-3267,user0002,2026-09-14,3.4,Travailler léger garder train.
WL-00596,BI-3606,user0027,2026-09-14,5.13,Prouver défaut ciel puisque fine intérieur social rentrer.
WL-00597,CRM-4603,user0007,2026-09-14,0.72,Cher même passage former éloigner mal précipiter.
WL-00598,BANK-2668,user0010,2026-09-14,4.7,Avec papier fond paysan âme énergie grandir.
WL-00599,ERP-1462,user0019,2026-09-14,7.5,Matin palais mener ramasser.
WL-00600,DATA-262,user0029,2026-09-14,5.13,Rouler manger jeune couleur écarter.
WL-00601,BANK-498,user0033,2026-09-14,4.1,Étudier nature large front songer.
WL-00602,CLOUD-1400,user0048,2026-09-14,7.21,Secret beau car professeur violence achever permettre.
WL-00603,CLOUD-4902,user0007,2026-09-14,5.85,Épaule salut parti pousser maintenir accepter céder chemin.
WL-00604,MOB-147,user0023,2026-09-14,1.61,Bras résister intention certes pont.
WL-00605,ECOM-2457,user0033,2026-09-14,1.83,Vivre avant fait espérer.
WL-00606,BI-2361,user0001,2026-09-14,6.37,Veiller cerveau y écarter avec.
WL-00607,DATA-3970,user0033,2026-09-14,5.5,Passé pont permettre trembler remplacer.
WL-00608,DATA-3818,user0048,2026-09-14,7.12,Fête retrouver effort cour profiter pareil servir quart.
WL-00609,DATA-977,user0020,2026-09-14,3.26,Moi rôle verser avant porter rare.
WL-00610,CLOUD-341,user0033,2026-09-14,4.69,Soleil montrer porter moment milieu planche.
WL-00611,ERP-2102,user0005,2026-09-14,2.48,Ici obtenir honte partager sourire remercier.
WL-00612,DATA-767,user0011,2026-09-14,1.42,Employer fort armée trésor seigneur.
WL-00613,MOB-1600,user0011,2026-09-14,2.25,Moyen jambe l'un moitié l'une feuille supérieur.
WL-00614,DATA-2481,user0050,2026-09-14,3.7,Soin briser mort chacun changement qualité.
WL-00615,CLOUD-4395,user0023,2026-09-14,3.48,Joie frapper ce on.
WL-00616,ECOM-826,user0002,2026-09-14,2.62,Manger malgré fer chasse intelligence.
WL-00617,BI-1241,user0020,2026-09-14,4.65,Théâtre agiter amuser grand cabinet masse herbe.
WL-00618,SEC-4199,user0017,2026-09-14,3.01,Reconnaître véritable point.
WL-00619,BANK-3079,user0010,2026-09-14,4.59,Pointe regard inquiétude étranger nation.
WL-00620,CRM-1972,user0049,2026-09-14,7.17,Poussière salut moi.
WL-00621,CLOUD-4997,user0015,2026-09-14,3.24,Intérieur roi quand vingt.
WL-00622,MOB-3352,user0031,2026-09-14,6.56,Quart avec souffrance confier article ouvrir.
WL-00623,BANK-2086,user0048,2026-09-14,4.46,Précieux si interrompre chemise pousser erreur.
WL-00624,DATA-629,user0027,2026-09-14,6.29,Reculer croix grain former établir entendre.
WL-00625,BANK-4642,user0007,2026-09-14,3.29,Divers corde homme midi bataille étoile.
WL-00626,ERP-4781,user0050,2026-09-14,2.59,Remplacer qui ce avec trou forêt dès.
WL-00627,ECOM-2440,user0020,2026-09-14,5.06,Réfléchir bande françois résister dur.
WL-00628,ERP-3233,user0001,2026-09-14,5.37,Oeuvre quartier élever.
WL-00629,SEC-4803,user0017,2026-09-14,6.33,Avenir soin rien poursuivre.
WL-00630,ECOM-1355,user0015,2026-09-14,2.79,Debout prison crier mille souvenir maître sommeil.
WL-00631,BI-3550,user0015,2026-09-14,0.79,Environ nul un demande où simplement travail.
WL-00632,PORTAL-1171,user0049,2026-09-14,3.18,Raison représenter montagne.
WL-00633,BI-1414,user0015,2026-09-14,2.29,Public ici durant façon.
WL-00634,BANK-1086,user0048,2026-09-14,7.67,Volonté société ressembler voiture chez.
WL-00635,BANK-1123,user0019,2026-09-14,7.89,Froid être chant.
WL-00636,DATA-4180,user0026,2026-09-14,3.65,Capable vrai gagner fou tout.
WL-00637,SEC-4087,user0020,2026-09-14,6.62,Quinze coeur français assez traiter fin souffrance.
WL-00638,BI-1547,user0050,2026-09-14,6.98,Vieillard dehors noir commencer million agir promettre.
WL-00639,ECOM-4423,user0026,2026-09-14,6.46,Fort obliger autre sac fait exécuter étonner parce que.
WL-00640,SEC-3591,user0011,2026-09-14,6.92,Crier docteur consulter port.
WL-00641,BI-1786,user0020,2026-09-14,6.21,Pouvoir derrière partie paquet.
WL-00642,DATA-376,user0011,2026-09-14,3.48,Préparer désormais mémoire quant à préférer eaux supporter.
WL-00643,CLOUD-4106,user0020,2026-09-14,4.53,Devant sentiment donner dernier capable bois près.
WL-00644,SEC-2734,user0037,2026-09-14,6.88,Un chant remplir y bonheur venir.
WL-00645,SEC-4281,user0010,2026-09-14,5.45,Fruit amour idée supérieur loup projet elle.
WL-00646,PORTAL-3662,user0019,2026-09-14,3.45,Coucher savoir annoncer mur.
WL-00647,MOB-1619,user0002,2026-09-14,4.32,Poser juger politique cour accent agent société.
WL-00648,ERP-2519,user0001,2026-09-14,4.72,Agir connaître face direction.
WL-00649,ERP-3952,user0027,2026-09-14,6.63,Ciel reprendre vrai cinquante juge.
WL-00650,CRM-2782,user0033,2026-09-14,6.62,Froid horizon esprit sorte vaincre.
WL-00651,CRM-3568,user0002,2026-09-14,0.57,Jeune cours nation arracher goût tard.
WL-00652,CRM-4233,user0020,2026-09-14,7.32,Bien argent assister appuyer aussi détruire avec.
WL-00653,MOB-2866,user0031,2026-09-14,6.04,Soin famille terreur fumer premier.
WL-00654,PORTAL-4953,user0037,2026-09-14,1.99,Révolution transformer attention allumer planche dehors pointe.
WL-00655,CRM-1177,user0005,2026-09-14,4.98,Sec folie l'une engager dimanche salut.
WL-00656,ECOM-4747,user0023,2026-09-14,6.82,Tourner pourquoi leur général prix action admettre.
WL-00657,DATA-2194,user0027,2026-09-14,5.51,Jaune entendre geste jouer désirer vide.
WL-00658,BI-2766,user0018,2026-09-14,7.41,Fille choix examiner marier marquer assurer long.
WL-00659,BANK-2859,user0015,2026-09-14,1.47,Cela du geste.
WL-00660,DATA-1169,user0001,2026-09-14,4.03,Dent social que seconde.
WL-00661,SEC-1745,user0019,2026-09-14,4.7,Lui chez rêve.
WL-00662,CLOUD-4012,user0017,2026-09-14,7.09,Fils pouvoir sorte début renverser.
WL-00663,DATA-853,user0018,2026-09-14,6.02,Amuser fier papa prêter.
WL-00664,BI-2348,user0037,2026-09-14,7.25,Côté branche exécuter chercher phrase.
WL-00665,ECOM-3115,user0029,2026-09-14,7.26,Voisin heureux appartement inventer principe rare désir.
WL-00666,BI-4268,user0049,2026-09-14,2.52,De brûler témoin étrange dangereux.
WL-00667,MOB-1676,user0033,2026-09-14,6.36,Existence ensuite maintenir sans ainsi.
WL-00668,DATA-1727,user0017,2026-09-14,6.11,Envelopper bord quelque principe premier jeune masse anglais.
WL-00669,CRM-814,user0020,2026-09-14,0.93,Cesse bon dire drame regretter sonner classe.
WL-00670,ECOM-1879,user0027,2026-09-14,5.52,Gens horizon appel danger secrétaire.
WL-00671,DATA-3001,user0005,2026-09-14,2.43,Autorité écraser comprendre désert sans prêt.
WL-00672,CRM-762,user0026,2026-09-14,6.77,Interroger exprimer magnifique seconde lieu pareil.
WL-00673,MOB-4985,user0017,2026-09-14,6.79,Réflexion convenir inspirer joindre.
WL-00674,PORTAL-3020,user0037,2026-09-14,7.49,Porte pauvre larme nul fier.
WL-00675,DATA-4496,user0018,2026-09-14,5.32,Beau personne certain précis étranger.
WL-00676,DATA-3968,user0037,2026-09-14,4.96,Pain pas former.
WL-00677,CRM-528,user0017,2026-09-14,4.61,Ensuite conduire devant divers comme semaine porter.
WL-00678,MOB-4545,user0020,2026-09-14,4.97,Espérer art beau fonction.
WL-00679,ERP-2104,user0048,2026-09-14,7.46,Corde ce façon.
WL-00680,BANK-4671,user0045,2026-09-14,1.41,Se lisser dur feuille dominer delà.
WL-00681,BANK-2628,user0002,2026-09-14,3.76,Succès autre toujours rocher important possible.
WL-00682,BI-686,user0020,2026-09-14,5.47,Inquiétude croire autrefois conseil forme vide vieux.
WL-00683,SEC-1438,user0017,2026-09-14,2.15,Traîner lettre prix entier qualité fenêtre éclater.
WL-00684,ERP-975,user0023,2026-09-14,3.39,Différent ici cours mettre courir respecter venir dresser.
WL-00685,DATA-3375,user0007,2026-09-14,5.53,Vie respect comprendre raconter habitude.
WL-00686,SEC-3522,user0033,2026-09-14,6.0,Intelligence accomplir couleur madame tromper curieux.
WL-00687,CLOUD-1052,user0031,2026-09-14,6.54,Façon partout grâce bleu passion.
WL-00688,CRM-3051,user0005,2026-09-14,7.77,Rue conscience interroger pas promettre escalier toi.
WL-00689,BANK-2344,user0002,2026-09-14,5.64,Devant vouloir créer nuage.
WL-00690,MOB-4045,user0027,2026-09-14,6.94,Absolument prince franchir éprouver verser tu politique.
WL-00691,CLOUD-203,user0005,2026-09-14,0.64,Chacun mien homme.
WL-00692,CLOUD-4259,user0031,2026-09-14,7.73,Acte mari haine jambe endroit résultat direction.
WL-00693,DATA-4179,user0031,2026-09-14,7.07,Queue passé aussi mort.
WL-00694,PORTAL-3903,user0018,2026-09-14,1.31,Coûter causer humide oncle.
WL-00695,DATA-3274,user0037,2026-09-14,2.62,Observer choisir moi garde étranger.
WL-00696,CRM-3218,user0045,2026-09-14,6.13,Proposer officier mouvement sueur depuis faux.
WL-00697,BANK-4511,user0011,2026-09-14,6.72,Servir île céder abattre profond visage rendre révéler.
WL-00698,BI-623,user0011,2026-09-14,3.14,Loin voile oser visite.
WL-00699,PORTAL-1735,user0023,2026-09-14,1.74,Tracer serrer que vraiment vivre.
WL-00700,ECOM-1826,user0020,2026-09-14,1.79,Mon bas éternel.
WL-00701,CRM-2992,user0045,2026-09-14,2.06,Passage jeter président visage vaincre.
WL-00702,ERP-664,user0001,2026-09-14,5.68,Peuple souvent vaste école enfance doigt souvent promettre.
WL-00703,BI-1254,user0015,2026-09-14,7.28,Rocher auteur ami rien battre prouver changer.
WL-00704,ECOM-4695,user0020,2026-09-14,1.14,Haine poitrine curiosité trembler naissance ordre.
WL-00705,SEC-2034,user0015,2026-09-14,1.82,Plutôt égal voyage vêtement bruit paquet un.
WL-00706,ERP-1068,user0001,2026-09-14,4.26,Traiter acheter partie faible.
WL-00707,BI-482,user0011,2026-09-14,2.93,Ville puissant avis empêcher prévoir eaux paraître.
WL-00708,DATA-3132,user0045,2026-09-14,2.76,Quant À air premier dix suite.
WL-00709,MOB-2320,user0023,2026-09-14,3.48,Complet pauvre présence prix.
WL-00710,DATA-1633,user0011,2026-09-14,2.25,Pas petit tout.
WL-00711,ERP-2120,user0033,2026-09-14,4.36,Emmener écrire sous semaine étude.
WL-00712,ECOM-4424,user0007,2026-09-14,7.54,Humide masse enfance asseoir source reprendre.
WL-00713,BI-3215,user0031,2026-09-14,7.63,Montrer arracher noir choix précis.
WL-00714,DATA-2754,user0037,2026-09-14,1.71,Déchirer type aide vouloir.
WL-00715,DATA-3405,user0002,2026-09-14,4.07,Enfin entendre vent dehors valeur.
WL-00716,ERP-3727,user0012,2026-09-14,1.91,Atteindre endormir autorité coup.
WL-00717,ERP-462,user0041,2026-09-14,6.14,Intéresser blanc but seulement je venir soutenir titre.
WL-00718,BI-2910,user0019,2026-09-14,5.0,Ciel discours même feuille.
WL-00719,CLOUD-1005,user0027,2026-09-14,2.88,Dessus demander honte huit angoisse.
WL-00720,ERP-2746,user0012,2026-09-14,6.84,Sous rideau glace effort membre d'autres remettre anglais.
WL-00721,BANK-2779,user0020,2026-09-14,6.19,Jeunesse apparence cuisine terme peser.
WL-00722,ECOM-3702,user0037,2026-09-14,3.38,Vif supposer eaux fille vol point port.
WL-00723,ERP-2757,user0037,2026-09-14,2.07,Rue examiner papa interrompre engager fonder petit.
WL-00724,CLOUD-970,user0018,2026-09-14,5.02,Auquel nez grâce.
WL-00725,CRM-2364,user0049,2026-09-14,7.81,An écouter fil.
WL-00726,PORTAL-3156,user0002,2026-09-14,3.96,Arriver lieu haut instinct pourquoi violent couche.
WL-00727,CRM-2559,user0020,2026-09-14,5.36,Vêtir avant rendre dresser le.
WL-00728,ECOM-3033,user0049,2026-09-14,2.61,Feu poitrine éclater vent mal elle fumer.
WL-00729,ECOM-4562,user0041,2026-09-14,2.14,Quoi auteur article remercier.
WL-00730,PORTAL-4262,user0048,2026-09-14,0.53,Aller prévoir écraser.
WL-00731,DATA-3533,user0018,2026-09-14,1.56,Oui partie sans.
WL-00732,DATA-4895,user0005,2026-09-14,1.15,Groupe marchand lequel cacher souvent autant cou théâtre.
WL-00733,ERP-4016,user0027,2026-09-14,5.56,Trait abandonner naturellement entendre adresser horizon.
WL-00734,BANK-4414,user0010,2026-09-14,2.89,Relation moyen lier problème chien énorme.
WL-00735,CRM-708,user0050,2026-09-14,3.43,Lequel traiter plante pas esprit phrase effort.
WL-00736,CRM-4197,user0012,2026-09-14,3.35,Fil construire source faute noir barbe feu.
WL-00737,CRM-2390,user0002,2026-09-14,3.57,Descendre dernier prix détruire respect roman du somme.
WL-00738,ERP-75,user0012,2026-09-14,4.35,Joie race suivant coin.
WL-00739,PORTAL-23,user0012,2026-09-14,3.68,Soudain comme moyen sonner dessiner falloir marcher.
WL-00740,ECOM-3449,user0020,2026-09-14,4.12,Bien eh poitrine moment mouvement ignorer recevoir.
WL-00741,ERP-1403,user0029,2026-09-14,6.83,Rester personne si juste.
WL-00742,ERP-2565,user0050,2026-09-14,6.61,Haut huit renverser porter preuve poésie.
WL-00743,BI-2687,user0026,2026-09-14,7.74,Dehors droite compter mien atteindre couleur sentiment.
WL-00744,CRM-569,user0002,2026-09-14,2.36,Siècle dessiner agiter.
WL-00745,SEC-1490,user0002,2026-09-14,0.83,Camarade avis grave poussière.
WL-00746,DATA-555,user0019,2026-09-14,1.4,Avec lutte continuer impossible époque.
WL-00747,ECOM-1686,user0005,2026-09-14,7.11,Examiner droite devant fonction partout.
WL-00748,BANK-4107,user0011,2026-09-14,4.18,Puis dormir il repousser.
WL-00749,DATA-4644,user0027,2026-09-14,3.77,Année hôtel troubler à marquer.
WL-00750,BANK-4278,user0007,2026-09-14,2.02,Port dieu ajouter théâtre gris nouveau.
WL-00751,DATA-2669,user0023,2026-09-14,6.31,Espérer forêt inquiétude troubler discours.
WL-00752,BI-776,user0010,2026-09-14,4.87,Bien malheur crainte vérité regarder circonstance claire.
WL-00753,CLOUD-4101,user0015,2026-09-14,5.27,Comment foi pur.
WL-00754,ERP-2018,user0042,2026-09-14,6.05,Paysan rencontrer mort songer objet bleu prison.
WL-00755,SEC-4803,user0012,2026-09-14,5.6,Long sorte après usage.
WL-00756,SEC-80,user0045,2026-09-14,3.18,Peine toucher colon tard travailler comment.
WL-00757,DATA-3661,user0026,2026-09-14,3.07,Chance grand mort peser immobile sec transformer.
WL-00758,BI-1363,user0033,2026-09-14,5.79,Intention entraîner pas cacher horizon.
WL-00759,ECOM-3117,user0010,2026-09-14,7.2,Matin précieux sujet.
WL-00760,ECOM-3416,user0017,2026-09-14,4.52,Dimanche système regarder pierre retirer dominer soir.
WL-00761,SEC-3723,user0045,2026-09-14,2.96,Durer occuper comprendre étroit.
WL-00762,CRM-745,user0019,2026-09-14,0.75,Cesser matin paix trente nature poésie croiser.
WL-00763,SEC-4845,user0019,2026-09-14,3.74,Révolution défaut yeux situation rester.
WL-00764,ERP-265,user0020,2026-09-14,6.92,Vouloir ouvrir immobile vrai dernier appeler relever.
WL-00765,ECOM-4348,user0048,2026-09-14,2.19,Ah cesse soir métier.
WL-00766,BI-3064,user0001,2026-09-14,5.66,Examiner secours pourquoi trembler soutenir commander naturel.
WL-00767,PORTAL-33,user0027,2026-09-14,4.42,Naturellement journal solitude problème eaux ville secret.
WL-00768,ECOM-2231,user0015,2026-09-14,4.7,Ce faim jardin comme fils manquer cinquante.
WL-00769,ERP-2003,user0005,2026-09-14,1.08,Assurer avant mariage ennemi petit bien enfin.
WL-00770,MOB-556,user0042,2026-09-14,3.8,Confier victime milieu quant à.
WL-00771,PORTAL-4510,user0045,2026-09-14,2.8,Marche soit oeuvre accuser sur mois.
WL-00772,BANK-1553,user0037,2026-09-14,2.55,Oui un rare attacher voilà trois traverser.
WL-00773,ERP-4938,user0023,2026-09-14,6.25,Casser larme passer.
WL-00774,ECOM-4546,user0050,2026-09-14,1.08,Considérer soleil sombre succès aide.
WL-00775,BANK-1593,user0005,2026-09-14,6.61,Roman aussitôt couler terrain habitude tendre regard.
WL-00776,CLOUD-1114,user0007,2026-09-14,6.85,Roi au durer franc discours fermer.
WL-00777,BI-208,user0037,2026-09-14,1.93,Conseil beaucoup premier mauvais abri abattre.
WL-00778,PORTAL-44,user0023,2026-09-14,2.11,Noir droite partout trou fer éviter enfin.
WL-00779,CLOUD-1558,user0002,2026-09-14,7.39,Sujet important voix un terminer.
WL-00780,ECOM-2957,user0031,2026-09-14,7.63,Billet ramasser riche quelqu'un entendre lettre sommet.
WL-00781,SEC-1851,user0020,2026-09-14,4.27,Convenir retrouver coeur partir haine midi.
WL-00782,PORTAL-193,user0049,2026-09-14,6.48,Prêter rideau ni vif matin exister.
WL-00783,CRM-4127,user0037,2026-09-14,1.58,Grain face entier cesser.
WL-00784,BI-971,user0031,2026-09-14,1.56,Assister roi preuve répéter.
WL-00785,BI-1809,user0031,2026-09-14,1.38,Elle rideau crise foule regretter intention neuf.
WL-00786,SEC-3050,user0010,2026-09-14,4.41,Protéger mot masse.
WL-00787,ERP-2168,user0026,2026-09-14,6.02,Changement parce que coup préférer beau.
WL-00788,CLOUD-4169,user0045,2026-09-14,4.49,Baisser travers autorité commencer conduire sommet.
WL-00789,DATA-251,user0045,2026-09-14,2.09,Poète cinq travail sembler oublier sein.
WL-00790,MOB-3870,user0050,2026-09-14,1.74,Souffrir carte beau oeuvre environ douze.
WL-00791,MOB-4570,user0017,2026-09-14,5.43,État place précéder esprit.
WL-00792,DATA-4030,user0037,2026-09-14,7.28,Perdre pluie exiger d'autres accompagner.
WL-00793,PORTAL-4512,user0023,2026-09-14,6.77,Écouter siège glace ramasser camarade animal douter.
WL-00794,CLOUD-1305,user0048,2026-09-14,0.54,Sentier jambe énergie.
WL-00795,CRM-1056,user0029,2026-09-14,4.65,Arracher sentiment soi soldat.
WL-00796,CRM-1377,user0019,2026-09-14,1.32,Frapper fleur descendre papa créer nature inquiéter conseil.
WL-00797,ECOM-4458,user0050,2026-09-14,6.21,Hors sourire journée ailleurs.
WL-00798,BI-4387,user0007,2026-09-14,2.96,Aspect quant à cela exister montagne morceau rouler dame.
WL-00799,SEC-3088,user0027,2026-09-14,5.93,Jeu contraire paraître accompagner.
WL-00800,BANK-1484,user0020,2026-09-14,0.76,Est oublier remercier seul discuter.
WL-00801,SEC-3800,user0017,2026-09-14,1.15,Palais quelque près gouvernement fait coin contraire.
WL-00802,BANK-4260,user0041,2026-09-14,0.61,Troubler spectacle durant français poète effort grand heure.
WL-00803,ERP-29,user0001,2026-09-14,4.23,Instant avance reste intéresser enfermer.
WL-00804,DATA-2259,user0012,2026-09-14,1.38,Paysan propre vaincre repousser liberté.
WL-00805,MOB-323,user0023,2026-09-14,5.01,Lentement songer moitié poète digne.
WL-00806,BI-3987,user0010,2026-09-14,5.92,Saint marquer fermer soutenir marche terreur relever.
WL-00807,DATA-1013,user0037,2026-09-14,7.33,Sorte haute profondément particulier.
WL-00808,MOB-2583,user0026,2026-09-14,4.6,Prêt étranger fatiguer tache renverser payer.
WL-00809,ERP-2102,user0029,2026-09-14,5.53,Couleur chute ruine amour quelque.
WL-00810,ECOM-2338,user0037,2026-09-14,2.07,Ceci obtenir miser cour.
WL-00811,BANK-2316,user0015,2026-09-14,6.15,Couvrir humide auprès former.
WL-00812,MOB-736,user0049,2026-09-14,7.08,Rose ordre foi semblable lumière habitant.
WL-00813,BANK-2435,user0029,2026-09-14,4.35,Secret mille tendre jambe air comment.
WL-00814,CRM-1719,user0033,2026-09-14,0.93,Toit ailleurs ailleurs le public regretter installer.
WL-00815,MOB-4044,user0045,2026-09-14,4.3,Connaître côte demain plan marcher raconter as.
WL-00816,DATA-1641,user0048,2026-09-14,4.43,Inutile secret drôle taire.
WL-00817,BANK-1640,user0033,2026-09-14,1.46,Vision rappeler vendre humide.
WL-00818,BANK-3265,user0012,2026-09-14,6.8,Voiture divers continuer souffrir pur d'autres mariage.
WL-00819,DATA-4382,user0002,2026-09-14,5.94,Étonner que traîner voler billet.
WL-00820,SEC-3684,user0020,2026-09-14,1.59,Fonction craindre loin fenêtre.
WL-00821,BI-3832,user0015,2026-09-14,4.34,Entraîner circonstance odeur lorsque écouter.
WL-00822,CRM-460,user0011,2026-09-14,7.26,Baisser exprimer marchand froid nerveux français naturellement.
WL-00823,DATA-4075,user0005,2026-09-14,7.25,Causer mieux naissance voyage immense sérieux nord.
WL-00824,SEC-2223,user0049,2026-09-14,1.7,Être trouver colon fin obéir tout.
WL-00825,MOB-3304,user0020,2026-09-14,6.56,Puissant côté devenir course.
WL-00826,ECOM-1752,user0026,2026-09-14,1.96,Situation enlever bataille croix posséder composer as manger.
WL-00827,MOB-4344,user0017,2026-09-14,4.12,Parcourir terrain victime vivant impossible pleurer agiter.
WL-00828,CLOUD-4250,user0023,2026-09-14,6.78,Vendre maintenant briser autant essayer.
WL-00829,ERP-1359,user0026,2026-09-14,3.64,Groupe souffrir croiser passer trésor mesure.
WL-00830,PORTAL-2071,user0031,2026-09-14,2.75,Ligne ordre embrasser endormir quart cheveu à.
WL-00831,MOB-966,user0002,2026-09-14,6.11,Yeux hors respect espoir enfin.
WL-00832,PORTAL-2359,user0029,2026-09-14,6.72,Énergie droit inspirer large.
WL-00833,ERP-221,user0002,2026-09-14,6.6,Maître large deux jeune mais se convenir grâce.
WL-00834,SEC-2182,user0033,2026-09-14,5.97,Déposer dans tracer garder.
WL-00835,MOB-2111,user0045,2026-09-14,7.77,Eaux disparaître occuper également.
WL-00836,BANK-3704,user0027,2026-09-14,1.01,Avis nuage retirer odeur.
WL-00837,SEC-407,user0023,2026-09-14,1.05,Pouvoir absolument mêler doucement.
WL-00838,BI-3349,user0017,2026-09-14,1.39,Ci midi remplir parfaitement coûter livrer.
WL-00839,ERP-4115,user0020,2026-09-14,5.69,Cour fenêtre crise minute frais compagnon inspirer afin de.
WL-00840,BANK-2553,user0010,2026-09-14,3.86,Hauteur roche tellement inviter sauver ensemble.
WL-00841,CRM-3676,user0001,2026-09-14,7.83,Maison règle face bureau prix.
WL-00842,MOB-4974,user0050,2026-09-14,4.07,Naturellement parce que violent pousser danser abri pousser envie.
WL-00843,DATA-4229,user0001,2026-09-14,6.93,Non mari autre joli nul interroger.
WL-00844,BI-2393,user0012,2026-09-14,1.87,Juste large douceur je secret atteindre.
WL-00845,BI-658,user0001,2026-09-14,5.62,Banc voler espèce visage malgré nourrir.
WL-00846,DATA-2749,user0050,2026-09-14,6.89,Appeler neuf désormais déjà conclure.
WL-00847,ECOM-822,user0029,2026-09-14,7.29,Habiller genre époque image victime.
WL-00848,ERP-2619,user0007,2026-09-14,3.64,Remarquer peur source donner.
WL-00849,SEC-4787,user0031,2026-09-14,2.3,Coucher bouche ventre valoir être guerre.
WL-00850,SEC-2767,user0029,2026-09-14,3.04,Bientôt paupière appartenir lorsque ruine.
WL-00851,ERP-2712,user0033,2026-09-14,0.65,Or élément nu auprès guerre rocher toi.
WL-00852,ERP-3216,user0010,2026-09-14,5.07,Grain quant à nation ami quarante.
WL-00853,PORTAL-391,user0017,2026-09-14,6.58,Huit soleil prochain colon malheur.
WL-00854,ERP-417,user0029,2026-09-14,1.74,Inconnu déposer autrefois vendre.
WL-00855,SEC-1586,user0001,2026-09-14,4.54,Perdu horizon objet tuer révéler roche que.
WL-00856,SEC-666,user0026,2026-09-14,0.92,Rose manger sortir travailler chaise race pitié.
WL-00857,DATA-2134,user0023,2026-09-14,0.69,Grâce cause noire confier chasser animer.
WL-00858,BI-3590,user0010,2026-09-14,1.85,Si donc éclat forme écraser un.
WL-00859,DATA-3133,user0031,2026-09-14,6.28,Art debout moyen extraordinaire est passion.
WL-00860,BANK-236,user0050,2026-09-14,4.97,Devoir désespoir mine condamner depuis.
WL-00861,MOB-2459,user0002,2026-09-14,4.59,Cheveu soin résultat réfléchir ailleurs maison.
WL-00862,PORTAL-2197,user0041,2026-09-14,5.96,Parfois prétendre souvenir étoile.
WL-00863,CLOUD-4383,user0019,2026-09-14,1.57,Comme sourire tracer mémoire social réussir.
WL-00864,PORTAL-1268,user0002,2026-09-14,5.2,Personnage devoir police.
WL-00865,CLOUD-4830,user0045,2026-09-14,5.08,Glace confier supposer personnage espoir nommer.
WL-00866,DATA-4575,user0048,2026-09-14,4.34,Difficile manquer ancien propos depuis aimer témoin éprouver.
WL-00867,CRM-641,user0007,2026-09-14,6.12,Madame mémoire race faux.
WL-00868,PORTAL-2760,user0042,2026-09-14,6.32,Beau bataille bout somme lutte très prouver.
WL-00869,CRM-1671,user0041,2026-09-14,7.87,Saluer ouvrage davantage fonction transformer.
WL-00870,BI-1511,user0042,2026-09-14,0.84,Noir cent discussion face accomplir troubler arriver distance.
WL-00871,DATA-1221,user0005,2026-09-14,5.92,Lever résister flamme tôt ferme.
WL-00872,BI-1249,user0033,2026-09-14,3.87,Rôle madame voie.
WL-00873,BI-662,user0005,2026-09-14,0.95,Moi lequel entier quarante continuer terrain passer.
WL-00874,CLOUD-486,user0041,2026-09-14,1.36,Tôt du passé fait grain libre remercier.
WL-00875,BANK-633,user0042,2026-09-14,3.64,Pendant fuir inquiétude tard saison satisfaire tout fête.
WL-00876,MOB-3808,user0042,2026-09-14,3.79,Anglais quelque hauteur acheter trente président français.
WL-00877,SEC-4847,user0005,2026-09-14,7.14,Forcer spectacle important large avant rose animal doute.
WL-00878,ERP-3183,user0033,2026-09-14,1.37,Ramener déposer impression interrompre.
WL-00879,SEC-3953,user0011,2026-09-14,4.43,Libre réel chiffre si hier oser.
WL-00880,PORTAL-2365,user0048,2026-09-14,1.93,Casser temps complet.
WL-00881,PORTAL-660,user0005,2026-09-14,0.61,Vrai forêt aventure difficile.
WL-00882,DATA-4538,user0012,2026-09-14,1.24,Rire rentrer blond aujourd'hui oeil pencher.
WL-00883,ERP-664,user0012,2026-09-14,4.98,Fatiguer déclarer delà sentier.
WL-00884,DATA-882,user0033,2026-09-14,5.19,Ennemi convenir ruine ami sou ramasser.
WL-00885,BANK-318,user0005,2026-09-14,0.6,Enfermer changer caractère trois assurer.
WL-00886,SEC-3379,user0045,2026-09-14,7.71,Riche pas d'autres gens prix parce que.
WL-00887,MOB-3811,user0019,2026-09-14,7.92,Compagnon avis patron oiseau marchand sauter.
WL-00888,CLOUD-2426,user0018,2026-09-14,1.36,Aventure en effacer suivant ramasser répondre entendre conduire.
WL-00889,CRM-3247,user0012,2026-09-14,0.97,Ou voisin social réfléchir article somme siège.
WL-00890,MOB-526,user0045,2026-09-14,4.23,Comme lueur yeux patron exécuter faible.
WL-00891,BI-1192,user0001,2026-09-14,4.15,Frère père entraîner bête extraordinaire.
WL-00892,BI-2883,user0015,2026-09-14,7.47,Sauter hasard sourd peau.
WL-00893,DATA-2649,user0005,2026-09-14,7.1,Autorité devenir pencher volonté consulter vague éloigner.
WL-00894,PORTAL-3425,user0042,2026-09-14,5.14,Mentir malgré intelligence mode.
WL-00895,SEC-2070,user0033,2026-09-14,7.17,Front pur poésie trembler composer cinq.
WL-00896,ERP-228,user0042,2026-09-14,5.32,Lendemain moyen véritable.
WL-00897,BI-3356,user0041,2026-09-14,1.03,Éteindre commencer nuit remplir lendemain libre confondre.
WL-00898,SEC-2163,user0007,2026-09-14,5.97,Tache lier côté soumettre spectacle.
WL-00899,CLOUD-3481,user0015,2026-09-14,7.11,Refuser race son double danger.
WL-00900,DATA-610,user0023,2026-09-14,1.96,Histoire science accompagner complet.
WL-00901,CLOUD-2132,user0001,2026-09-14,5.24,Oh usage nombre épais voir condition.
WL-00902,ECOM-3161,user0033,2026-09-14,2.63,Fine sien aussitôt interroger puis parce que caresser.
WL-00903,SEC-4996,user0002,2026-09-14,4.26,Train sorte puis vers.
WL-00904,BI-549,user0012,2026-09-14,0.8,Façon champ conscience entrée odeur soumettre frapper.
WL-00905,BI-4489,user0048,2026-09-14,5.64,Juste abandonner prêter bien arrivée guère chaise.
WL-00906,BANK-4563,user0042,2026-09-14,2.34,Tuer premier convenir.
WL-00907,BI-1337,user0050,2026-09-14,2.62,Porter boire fidèle charger revoir prendre.
WL-00908,ECOM-1939,user0019,2026-09-14,4.72,Reste table maintenant feu répéter caractère ignorer.
WL-00909,CLOUD-2467,user0050,2026-09-14,4.64,Rappeler possible divers nombre port.
WL-00910,ERP-2511,user0026,2026-09-14,4.94,Ton perdre fonction entendre entraîner mensonge séparer instant.
WL-00911,BI-4759,user0017,2026-09-14,2.46,Préférer cinq importance tromper.
WL-00912,CLOUD-4800,user0002,2026-09-14,3.79,Abattre peau réunir émotion village.
WL-00913,CLOUD-1677,user0033,2026-09-14,2.94,Suivant nuit hors amour lourd exemple traîner.
WL-00914,CLOUD-3896,user0026,2026-09-14,5.52,Vers réflexion dont propre conscience couleur ou où.
WL-00915,MOB-2484,user0048,2026-09-14,5.82,Profondément milieu gauche humide nommer moins.
WL-00916,CRM-4768,user0041,2026-09-14,2.37,Tantôt visage tromper.
WL-00917,ERP-3340,user0007,2026-09-14,7.61,Produire regarder entrée ancien éclairer.
WL-00918,PORTAL-2261,user0010,2026-09-14,4.89,Gouvernement révolution après dehors leur dernier découvrir.
WL-00919,ERP-3584,user0005,2026-09-14,4.85,Milieu exécuter inquiétude appeler calmer.
WL-00920,BANK-2081,user0048,2026-09-14,4.32,Début étranger douter depuis chaîne poitrine.
WL-00921,SEC-3836,user0026,2026-09-14,5.38,Plaisir terminer préférer.
WL-00922,SEC-4172,user0002,2026-09-14,1.92,Remettre repousser aucun nature papier.
WL-00923,ERP-3584,user0041,2026-09-14,7.66,Terminer jouer autant drame haut maladie.
WL-00924,PORTAL-33,user0017,2026-09-14,5.63,Théâtre chez tête cuisine humide fonder.
WL-00925,PORTAL-4757,user0045,2026-09-14,1.31,Hauteur fin placer croire grain songer.
WL-00926,CRM-2099,user0015,2026-09-14,3.76,Pont tu taille heure.
WL-00927,ERP-3502,user0026,2026-09-14,3.46,Seul vingt demi.
WL-00928,PORTAL-3629,user0012,2026-09-14,2.15,Réclamer séparer suivant apprendre froid discours découvrir vouloir.
WL-00929,SEC-2887,user0037,2026-09-14,3.88,Tenir doute facile espoir soirée.
WL-00930,PORTAL-3866,user0037,2026-09-14,7.97,Protéger auteur ouvrir grandir croire forêt plaine.
WL-00931,SEC-1745,user0001,2026-09-14,6.27,Interroger là pouvoir vieillard détruire.
WL-00932,MOB-3960,user0019,2026-09-14,5.54,Tout gagner ensuite violence front titre.
WL-00933,DATA-2652,user0031,2026-09-14,3.56,Envie secret prêt fumée abattre intérieur.
WL-00934,MOB-3940,user0019,2026-09-14,3.64,Histoire professeur satisfaire lutte fumée tantôt éclairer.
WL-00935,BANK-493,user0048,2026-09-14,6.58,Ni remonter étranger.
WL-00936,MOB-4052,user0012,2026-09-14,5.37,Précis père fer chacun.
WL-00937,ERP-2870,user0010,2026-09-14,2.03,Employer tout madame.
WL-00938,ERP-2933,user0005,2026-09-14,2.98,Veiller immense digne paupière colon moi certes.
WL-00939,CLOUD-437,user0029,2026-09-14,7.93,Derrière quelque recevoir briser vaste imaginer puis.
WL-00940,CLOUD-2835,user0049,2026-09-14,7.01,Social réduire leur ton banc connaissance.
WL-00941,SEC-4411,user0007,2026-09-14,2.42,Souvenir plein aujourd'hui lit tomber.
WL-00942,MOB-4354,user0048,2026-09-14,6.72,Défendre de absolument combien intelligence.
WL-00943,CRM-4039,user0048,2026-09-14,2.51,Douter appuyer vague permettre grâce.
WL-00944,MOB-4821,user0026,2026-09-14,4.73,Toujours voyage froid quoi dominer année route.
WL-00945,SEC-3267,user0048,2026-09-14,4.77,Barbe déclarer rencontre foi coucher peine salut puisque.
WL-00946,BANK-3755,user0002,2026-09-14,6.76,Agir menacer douceur fort.
WL-00947,PORTAL-4090,user0027,2026-09-14,6.22,Quitter côté page personne joli rapide.
WL-00948,BI-2346,user0048,2026-09-14,1.09,Compter habitude vous marcher autre guère fruit cheveu.
WL-00949,PORTAL-4585,user0012,2026-09-14,1.8,Malheur sien froid lorsque chiffre simple surveiller.
WL-00950,BANK-4446,user0011,2026-09-14,3.8,Surprendre dos trait songer.
WL-00951,BI-849,user0042,2026-09-14,6.72,Planche lune montrer ramener dur grand acheter.
WL-00952,SEC-3709,user0037,2026-09-14,6.19,Poète en absence garçon.
WL-00953,BANK-1421,user0010,2026-09-14,7.17,Vin dernier commencer observer.
WL-00954,ERP-735,user0017,2026-09-14,6.83,Quant À affaire matin désir discours genre.
WL-00955,BI-1353,user0031,2026-09-14,4.24,Jeune faible dur toujours consulter immense.
WL-00956,MOB-3169,user0045,2026-09-14,6.99,Sauver exprimer musique chacun apparence reconnaître.
WL-00957,PORTAL-2989,user0012,2026-09-14,7.62,Anglais dehors étudier celui sommeil rue suivre.
WL-00958,BI-2188,user0029,2026-09-14,1.89,Achever fumer faveur.
WL-00959,SEC-76,user0010,2026-09-14,3.93,Étendue quel lumière joindre simplement.
WL-00960,SEC-4994,user0042,2026-09-14,0.82,Garde contre victime journal chemise tapis.
WL-00961,SEC-2604,user0005,2026-09-14,7.62,Force assez cours fermer pour secret naturellement.
WL-00962,MOB-4588,user0019,2026-09-14,3.22,Depuis lourd faux grain toi éclat.
WL-00963,CRM-3798,user0002,2026-09-14,7.04,Étage expression chasse élever million beau.
WL-00964,ECOM-1582,user0045,2026-09-14,2.92,Céder noir attention rouler.
WL-00965,PORTAL-4905,user0050,2026-09-14,4.18,Voile figure lien preuve changer répondre.
WL-00966,PORTAL-1531,user0042,2026-09-14,1.24,Robe assister calme état portier enfin.
WL-00967,DATA-3970,user0002,2026-09-14,6.01,Prêt prononcer rassurer pendre sentier enfin beau.
WL-00968,CRM-2559,user0033,2026-09-14,1.28,Magnifique manquer champ bord humide travailler éternel.
WL-00969,CRM-1574,user0026,2026-09-14,3.79,Crainte empire pas jeune autrefois.
WL-00970,ERP-3587,user0045,2026-09-14,6.62,Approcher chance falloir montrer trace aucun.
WL-00971,SEC-3716,user0010,2026-09-14,7.78,Tapis inconnu couvrir sable quatre expression.
WL-00972,BI-3912,user0048,2026-09-14,7.48,Exemple lequel dehors rose.
WL-00973,ECOM-422,user0048,2026-09-14,4.27,Malgré art montrer tout centre réduire presque.
WL-00974,SEC-4794,user0041,2026-09-14,3.41,Entrer tirer fine.
WL-00975,ECOM-2807,user0037,2026-09-14,1.73,Digne vieux enfin retourner prévenir.
WL-00976,PORTAL-3260,user0029,2026-09-14,7.26,Tache long croix étonner fusil clair.
WL-00977,PORTAL-4901,user0023,2026-09-14,3.98,Bas place île pencher comment toi.
WL-00978,SEC-2627,user0048,2026-09-14,5.04,Immense sept parvenir.
WL-00979,ERP-573,user0037,2026-09-14,1.4,Tôt ensemble rapidement moi long.
WL-00980,DATA-3741,user0050,2026-09-14,3.4,Noire partager odeur plaire regarder.
WL-00981,DATA-729,user0037,2026-09-14,2.9,Demeurer étroit risquer apporter.
WL-00982,CLOUD-4186,user0012,2026-09-14,5.09,Décrire port nul compte soldat moyen honneur.
WL-00983,BANK-3547,user0017,2026-09-14,5.03,Membre attitude espoir voir.
WL-00984,MOB-3614,user0012,2026-09-14,0.54,Réalité apprendre quinze vieux.
WL-00985,ECOM-4555,user0023,2026-09-14,4.04,Charge cacher succès passé soulever dominer pour tout.
WL-00986,BI-3966,user0018,2026-09-14,3.62,Sueur consulter subir mille bout.
WL-00987,CRM-3413,user0027,2026-09-14,2.1,Chien elle figurer nombre partout.
WL-00988,CRM-3127,user0005,2026-09-14,3.43,Allumer ouvrir cent aucun.
WL-00989,PORTAL-2482,user0005,2026-09-14,5.29,Avec village curieux accorder chose prêter effacer ruine.
WL-00990,CLOUD-1716,user0033,2026-09-14,6.2,Revenir ci prix époque plaire violence.
WL-00991,DATA-1693,user0033,2026-09-14,7.27,Rose serrer ne faux demande.
WL-00992,BANK-4495,user0023,2026-09-14,7.65,Chaque quinze effacer saint suivre diriger folie.
WL-00993,PORTAL-4028,user0007,2026-09-14,6.62,Douceur vingt même île.
WL-00994,BANK-1982,user0015,2026-09-14,2.31,Tendre aujourd'hui plonger endormir secrétaire.
WL-00995,ECOM-497,user0037,2026-09-14,1.51,Maintenir feuille pousser âgé.
WL-00996,BI-2471,user0026,2026-09-14,1.62,Disparaître ombre regretter signifier curiosité autour.
WL-00997,CLOUD-2764,user0041,2026-09-14,1.41,Entier toujours fort attention prince chemin depuis.
WL-00998,ERP-220,user0045,2026-09-14,4.39,Lèvre espèce en autrement.
WL-00999,CRM-1092,user0049,2026-09-14,4.08,Perdu temps soutenir l'un guerre.
WL-01000,CRM-3266,user0033,2026-09-14,5.96,Sens peau beau porte.
WL-01001,ERP-496,user0048,2026-09-14,3.02,Premier tracer manquer trente déclarer autorité vert.
WL-01002,SEC-1117,user0023,2026-09-14,2.6,Pauvre quant à grain noire.
WL-01003,BI-1858,user0010,2026-09-14,7.91,Toit plaindre finir vers commencement ramasser.
WL-01004,SEC-2799,user0048,2026-09-14,6.81,Propre hiver porter voisin cruel problème valoir masse.
WL-01005,SEC-1234,user0050,2026-09-14,3.26,Dame goutte sérieux arriver.
WL-01006,BANK-3492,user0017,2026-09-14,3.27,Pluie prononcer absence grain désert dieu social.
WL-01007,PORTAL-714,user0011,2026-09-14,5.77,Déjà résoudre tel.
WL-01008,ERP-417,user0010,2026-09-14,2.41,Vous rejeter douceur votre recueillir.
WL-01009,SEC-101,user0023,2026-09-14,1.07,Porte lune relever préparer animal.
WL-01010,ECOM-1685,user0050,2026-09-14,6.72,Fils attacher figure main.
WL-01011,ECOM-1152,user0023,2026-09-14,6.2,Vêtement rentrer fatigue devoir reposer mince.
WL-01012,CLOUD-2125,user0031,2026-09-14,4.15,Imposer pareil supérieur sujet.
WL-01013,SEC-1483,user0015,2026-09-14,4.77,Île place fruit dégager établir meilleur soudain.
WL-01014,CRM-2884,user0005,2026-09-14,4.13,Liberté passé certainement retenir nuit.
WL-01015,SEC-3836,user0017,2026-09-14,2.89,Arme frapper histoire répandre.
WL-01016,CLOUD-1442,user0005,2026-09-14,6.42,Vivre écrire prendre voie enlever promettre derrière.
WL-01017,ECOM-1897,user0017,2026-09-14,4.47,Discussion jeu train.
WL-01018,ERP-2489,user0005,2026-09-14,2.26,Reconnaître forêt histoire presser répondre traverser.
WL-01019,BI-4456,user0049,2026-09-14,5.55,Partie vaincre porter enfin.
WL-01020,SEC-4730,user0026,2026-09-14,3.97,Noir grand depuis rire.
WL-01021,DATA-3554,user0012,2026-09-14,2.07,Poésie dominer autre supposer retour.
WL-01022,CRM-108,user0018,2026-09-14,6.96,Vide camarade ensemble.
WL-01023,PORTAL-23,user0026,2026-09-14,4.56,Troisième secours effort.
WL-01024,DATA-1101,user0027,2026-09-14,4.69,Vif noire couleur baisser colline ruine passé marier.
WL-01025,CRM-1972,user0042,2026-09-14,4.92,Mourir nourrir reprendre.
WL-01026,CRM-2919,user0010,2026-09-14,3.46,Écraser aile fête droite contraire moyen.
WL-01027,DATA-3132,user0018,2026-09-14,7.08,Presque vêtir trou partir magnifique fonction recevoir.
WL-01028,ERP-210,user0020,2026-09-14,8.0,Tache préférer rouge maintenant.
WL-01029,CRM-2137,user0011,2026-09-14,4.18,Vous près envie autrement occasion sien.
WL-01030,CLOUD-62,user0037,2026-09-14,4.14,Moyen politique ordre étude personnage présent terre.
WL-01031,ECOM-3465,user0045,2026-09-14,5.28,Vert observer cas précipiter.
WL-01032,SEC-303,user0012,2026-09-14,1.8,Impossible auquel précieux etc vue métier arme.
WL-01033,CRM-2594,user0045,2026-09-14,2.02,Ouvrage bas lutte étaler retrouver femme.
WL-01034,BANK-1596,user0005,2026-09-14,2.18,Sien mesure nombre objet.
WL-01035,ERP-3368,user0015,2026-09-14,1.34,Capable petit imaginer nuit doucement visible.
WL-01036,DATA-361,user0015,2026-09-14,2.08,Lorsque sein mêler fidèle rentrer.
WL-01037,MOB-721,user0015,2026-09-14,5.92,Entretenir côté siège autre expliquer agent.
WL-01038,ECOM-3761,user0015,2026-09-14,6.28,Réunir près résultat deux leur vendre pièce.
WL-01039,SEC-3164,user0005,2026-09-14,4.91,Éclairer peu mal chiffre.
WL-01040,BI-3616,user0012,2026-09-14,6.81,Froid pourtant lieu journée.
WL-01041,CRM-4376,user0045,2026-09-14,2.24,Honte tourner femme vaste même arbre longtemps.
WL-01042,SEC-2574,user0026,2026-09-14,7.43,Déposer champ militaire dont nuage.
WL-01043,MOB-3944,user0007,2026-09-14,5.89,Claire fleur recevoir observer malade dehors avance.
WL-01044,DATA-1190,user0012,2026-09-14,1.93,Cher sans horizon phrase recherche déjà réalité.
WL-01045,CLOUD-3884,user0033,2026-09-14,4.5,Anglais malgré fumée émotion.
WL-01046,CLOUD-2569,user0011,2026-09-14,3.09,Importer perdu porte pénétrer journée.
WL-01047,CLOUD-3865,user0002,2026-09-14,1.25,Moyen arracher grandir.
WL-01048,SEC-4668,user0033,2026-09-14,6.36,Surtout présent pauvre étouffer préparer écraser.
WL-01049,PORTAL-4837,user0020,2026-09-14,1.66,Plus noir état instant.
WL-01050,DATA-4788,user0027,2026-09-14,6.5,Mériter difficile debout unique.
WL-01051,ERP-4548,user0023,2026-09-14,5.54,Mine grave oiseau d'autres revoir avoir.
WL-01052,ECOM-4792,user0031,2026-09-14,1.52,Feu nouveau vieux face or arrière.
WL-01053,CLOUD-365,user0012,2026-09-14,6.62,Etc rapport pourtant course.
WL-01054,MOB-4865,user0050,2026-09-14,0.76,Comment passion large.
WL-01055,BI-370,user0050,2026-09-14,4.0,Être relever calme danser saint doigt.
WL-01056,BI-1348,user0048,2026-09-14,6.04,Lendemain selon parler jeune fait derrière énergie.
WL-01057,SEC-67,user0001,2026-09-14,1.23,Vrai désert gagner or.
WL-01058,ECOM-793,user0011,2026-09-14,7.17,Dire vraiment mer parfaitement.
WL-01059,PORTAL-3156,user0049,2026-09-14,4.52,Campagne pied avenir objet dehors palais.
WL-01060,BANK-2663,user0015,2026-09-14,1.3,Honte plutôt autre pont tirer apparaître champ route.
WL-01061,ECOM-3087,user0042,2026-09-14,2.56,Mien franc falloir inquiéter sauver vie.
WL-01062,PORTAL-4474,user0001,2026-09-14,6.52,Éclat reposer tellement poète cheveu votre.
WL-01063,ECOM-2971,user0002,2026-09-14,2.52,Face pénétrer taire autre charger.
WL-01064,ERP-975,user0027,2026-09-14,6.5,Escalier palais même empêcher loin.
WL-01065,ECOM-1020,user0041,2026-09-14,2.34,Obtenir chaleur principe prêt neuf.
WL-01066,ERP-1447,user0012,2026-09-14,3.58,Rendre comment monter triste poste.
WL-01067,CLOUD-3399,user0001,2026-09-14,3.28,François nous bouche nu voyage menacer peine abri.
WL-01068,DATA-4520,user0015,2026-09-14,7.64,Armer noir tellement durant grâce société franc.
WL-01069,CLOUD-16,user0048,2026-09-14,5.29,Charge rencontrer secret coûter promettre oeuvre.
WL-01070,CRM-3333,user0048,2026-09-14,0.64,Croix observer sauver éclat arracher douceur cesse.
WL-01071,MOB-2319,user0007,2026-09-14,5.32,Clef certes vouloir vaincre ailleurs.
WL-01072,MOB-966,user0042,2026-09-14,3.26,Feuille ci nord facile.
WL-01073,MOB-2159,user0049,2026-09-14,7.33,Sorte être curieux milieu veiller reposer étouffer.
WL-01074,BANK-4432,user0017,2026-09-14,5.12,Attention longtemps fort plaindre lendemain.
WL-01075,CLOUD-2052,user0002,2026-09-14,7.41,Chambre vert couvrir moment troubler fait docteur.
WL-01076,PORTAL-865,user0048,2026-09-14,1.59,Lire peau quand pauvre puisque pénétrer.
WL-01077,PORTAL-704,user0011,2026-09-14,3.14,Besoin encore accompagner.
WL-01078,CLOUD-1119,user0045,2026-09-14,1.11,Recueillir autre fin donner.
WL-01079,CLOUD-4997,user0023,2026-09-14,5.29,Portier vers avancer remplacer supporter.
WL-01080,SEC-4506,user0002,2026-09-14,5.97,Pendant lumière papier ici commencer demande oui.
WL-01081,ECOM-4871,user0026,2026-09-14,1.2,Ensemble mal complet supporter souvent depuis.
WL-01082,MOB-3541,user0019,2026-09-14,5.51,Ciel éclairer pluie découvrir dimanche.
WL-01083,PORTAL-1753,user0015,2026-09-14,7.75,Élever apparence tempête aussi lire.
WL-01084,ECOM-2270,user0049,2026-09-14,5.18,Camarade prévenir tempête animal secours.
WL-01085,ERP-4203,user0041,2026-09-14,3.45,Ouvrage travailler mais lettre surveiller doigt oreille.
WL-01086,CRM-3051,user0007,2026-09-14,1.94,Second confondre clair examiner respect peur.
WL-01087,PORTAL-918,user0007,2026-09-14,3.91,Exposer vouloir fruit impossible.
WL-01088,DATA-4139,user0011,2026-09-14,3.0,Ou avant tel de but phrase.
WL-01089,MOB-3297,user0012,2026-09-14,5.09,Monter très mine moyen vue.
WL-01090,PORTAL-2129,user0042,2026-09-14,1.36,Trésor capable de étonner forcer possible.
WL-01091,BI-662,user0002,2026-09-14,1.63,Cour prêter leur école.
WL-01092,MOB-3792,user0048,2026-09-14,7.25,Inquiétude confier signer droite.
WL-01093,DATA-1433,user0042,2026-09-14,2.12,Passer vol hiver poche titre.
WL-01094,DATA-570,user0012,2026-09-14,6.92,Réussir police bois tirer.
WL-01095,SEC-2609,user0017,2026-09-14,4.59,Affirmer groupe doucement quinze.
WL-01096,ECOM-590,user0042,2026-09-14,3.78,Descendre mêler sept on entier.
WL-01097,CLOUD-4256,user0002,2026-09-14,7.53,Vue robe général saluer prier.
WL-01098,BI-3077,user0002,2026-09-14,6.9,Affirmer l'un agent pousser animer.
WL-01099,ECOM-4502,user0001,2026-09-14,6.39,Parole falloir guerre main fort.
WL-01100,ECOM-3257,user0001,2026-09-14,4.51,Vraiment ça oublier larme marché chaîne.
WL-01101,SEC-2874,user0015,2026-09-14,4.35,Un ordre miser vouloir chaud juger.
WL-01102,SEC-3049,user0017,2026-09-14,4.91,Aventure double plutôt dans saint possible.
WL-01103,PORTAL-4813,user0041,2026-09-14,4.84,Armer militaire musique parent ciel.
WL-01104,PORTAL-2121,user0011,2026-09-14,4.23,Trouver forcer chasse.
WL-01105,ECOM-2788,user0010,2026-09-14,2.48,Dire douleur verser principe.
WL-01106,ERP-975,user0042,2026-09-14,4.44,Fin plonger plaine cela partager nous abri odeur.
WL-01107,CRM-1263,user0041,2026-09-14,5.74,Droit fonder enfance.
WL-01108,SEC-4503,user0033,2026-09-14,1.27,Paupière répondre rejoindre étage voie rencontre.
WL-01109,BI-2191,user0020,2026-09-14,6.28,Trouver réserver détail.
WL-01110,BANK-2945,user0023,2026-09-14,6.7,Histoire protéger révéler soit.
WL-01111,ECOM-4211,user0041,2026-09-14,7.58,Prononcer flot vieux blanc mois voiture violent.
WL-01112,CRM-4689,user0007,2026-09-14,7.01,Doux goutte présent paupière pouvoir.
WL-01113,PORTAL-2961,user0033,2026-09-14,7.08,Lier ni pendant trois songer visage chercher.
WL-01114,MOB-980,user0017,2026-09-14,2.46,Face maintenir prince étude.
WL-01115,SEC-2223,user0001,2026-09-14,3.47,Ville arrière groupe bon rassurer erreur corde.
WL-01116,DATA-1128,user0010,2026-09-14,5.28,Mort étudier besoin étroit.
WL-01117,ECOM-1686,user0020,2026-09-14,3.38,Danser contre vif pareil car roi glace.
WL-01118,MOB-815,user0010,2026-09-14,5.01,Vent complet tempête long.
WL-01119,ECOM-1598,user0037,2026-09-14,2.02,Douleur remonter tant mien personne tout existence.
WL-01120,CRM-2889,user0020,2026-09-14,5.73,Taille quarante glace.
WL-01121,CRM-4353,user0029,2026-09-14,5.63,Supporter vers d'abord théâtre.
WL-01122,SEC-3303,user0007,2026-09-14,2.44,Envoyer éclairer que prochain travailler vers.
WL-01123,CLOUD-185,user0027,2026-09-14,1.82,Entendre trou bête veiller autant réclamer genou.
WL-01124,MOB-969,user0026,2026-09-14,5.65,Étouffer dormir attendre exécuter succès.
WL-01125,SEC-3315,user0033,2026-09-14,5.86,Vérité perdu baisser auprès tuer centre part.
WL-01126,DATA-3459,user0002,2026-09-14,2.58,Côté valoir passion paysan social réalité premier.
WL-01127,CLOUD-959,user0011,2026-09-14,1.64,Chance tirer traverser enfant.
WL-01128,CRM-1666,user0001,2026-09-14,5.16,Mesure éclater angoisse pitié lourd.
WL-01129,CLOUD-3170,user0050,2026-09-14,3.48,Là horizon changement réponse événement même.
WL-01130,SEC-67,user0033,2026-09-14,2.39,Fatiguer entier donc désormais champ avant.
WL-01131,CRM-1019,user0007,2026-09-14,4.89,Agent sec avoir midi liberté vers.
WL-01132,BANK-4444,user0001,2026-09-14,1.95,Science remercier delà.
WL-01133,CLOUD-486,user0005,2026-09-14,3.97,Menacer ce eaux nord.
WL-01134,CLOUD-3823,user0007,2026-09-14,6.62,Humide savoir lettre vouloir.
WL-01135,MOB-1755,user0049,2026-09-14,0.82,Ni suite chat envelopper connaissance apparence.
WL-01136,MOB-3685,user0045,2026-09-14,3.22,Exister penser voir matin ouvrage sommeil vêtir.
WL-01137,ERP-2818,user0007,2026-09-14,7.33,Maladie songer malgré faim.
WL-01138,CRM-3958,user0017,2026-09-14,7.19,Accepter falloir échapper vivre.
WL-01139,SEC-4394,user0020,2026-09-14,2.42,Annoncer dans paupière vision sombre nul.
WL-01140,CRM-1315,user0019,2026-09-14,7.69,Fauteuil événement saisir dominer interroger.
WL-01141,ECOM-1942,user0015,2026-09-14,2.19,Hiver en durer courir bruit temps emporter.
WL-01142,PORTAL-742,user0045,2026-09-14,5.32,Donner dessiner tache donc idée chasse.
WL-01143,ECOM-4887,user0037,2026-09-14,1.04,Genre semblable supporter prison coucher causer.
WL-01144,ECOM-4852,user0023,2026-09-14,0.7,Songer comme fatigue horizon avant.
WL-01145,BANK-271,user0027,2026-09-14,5.36,Désormais changer nourrir oiseau retirer.
WL-01146,BI-3774,user0012,2026-09-14,7.16,Tracer mariage yeux violent disparaître entrée.
WL-01147,PORTAL-2247,user0007,2026-09-14,0.61,Frère puis effort lors science jambe.
WL-01148,DATA-361,user0020,2026-09-14,5.42,Rêver terrain tomber.
WL-01149,BANK-3129,user0005,2026-09-14,5.69,Groupe docteur rester l'un couper.
WL-01150,BI-160,user0050,2026-09-14,2.04,Doux voix chose apercevoir.
WL-01151,ECOM-1880,user0019,2026-09-14,1.97,Ministre asseoir autre midi.
WL-01152,MOB-4532,user0029,2026-09-14,7.36,Le sujet défendre.
WL-01153,BI-4767,user0048,2026-09-14,1.11,Sauvage vieil détail remercier droit.
WL-01154,ECOM-2165,user0018,2026-09-14,6.18,Sable âme choix facile charger.
WL-01155,CLOUD-1576,user0010,2026-09-14,0.74,Environ atteindre parfaitement paupière découvrir.
WL-01156,CRM-1100,user0031,2026-09-14,2.94,Billet importance gros digne prêter suite rassurer port.
WL-01157,PORTAL-2498,user0019,2026-09-14,2.8,Suivre partager ignorer joli craindre accompagner.
WL-01158,MOB-1422,user0041,2026-09-14,3.21,Poussière lequel joue.
WL-01159,DATA-687,user0018,2026-09-14,1.13,Emmener plonger rapide rayon.
WL-01160,BANK-3276,user0005,2026-09-14,0.83,Pouvoir autre rompre fait silencieux faible bras ou.
WL-01161,CLOUD-73,user0045,2026-09-14,7.59,Temps tâche mine véritable.
WL-01162,ECOM-334,user0020,2026-09-14,2.58,Froid avance manier autrefois attirer armer ligne.
WL-01163,BI-2395,user0015,2026-09-14,4.53,Me désigner en plaindre quartier éprouver reconnaître.
WL-01164,BANK-3803,user0027,2026-09-14,5.68,Jeter dessus foi argent l'un rouge.
WL-01165,BI-678,user0037,2026-09-14,7.69,Plutôt monde flamme.
WL-01166,ERP-4581,user0031,2026-09-14,5.42,Effort dépasser promettre fumer.
WL-01167,MOB-223,user0029,2026-09-14,4.61,Manier temps fumer.
WL-01168,MOB-4417,user0010,2026-09-14,1.16,Suite rond yeux on cent.
WL-01169,PORTAL-3827,user0033,2026-09-14,7.26,Prendre bas échapper voix vent taire intérêt femme.
WL-01170,PORTAL-3358,user0001,2026-09-14,5.05,Honneur habiter éloigner écouter plaire semaine.
WL-01171,SEC-3398,user0027,2026-09-14,2.18,Prendre mon tenir obliger réussir feu.
WL-01172,BI-3203,user0045,2026-09-14,7.82,Signe extraordinaire éviter apparaître mourir appartement.
WL-01173,SEC-3723,user0042,2026-09-14,6.47,Hasard même vêtement pluie bureau.
WL-01174,BI-4088,user0015,2026-09-14,2.34,Direction roman mériter large tempête.
WL-01175,DATA-3451,user0033,2026-09-14,5.46,Nombreux français davantage manger abandonner terre.
WL-01176,MOB-3660,user0029,2026-09-14,1.43,Dans peur donc toucher quatre table.
WL-01177,DATA-1191,user0012,2026-09-14,1.87,Voiture coûter vision envie.
WL-01178,BI-2690,user0037,2026-09-14,0.8,Paupière souhaiter glisser lequel terreur jeune.
WL-01179,MOB-288,user0012,2026-09-14,5.72,Devant sauvage article toujours.
WL-01180,ECOM-3996,user0015,2026-09-14,1.75,En habitant avec naturellement double.
WL-01181,ERP-759,user0011,2026-09-14,3.05,Son planche froid avancer.
WL-01182,CLOUD-182,user0012,2026-09-14,5.23,Oiseau pouvoir rejeter.
WL-01183,ECOM-3488,user0002,2026-09-14,2.73,Bien contraire cruel répandre lueur être calmer vent.
WL-01184,MOB-28,user0005,2026-09-14,0.76,Dernier désigner agent courant.
WL-01185,MOB-4663,user0033,2026-09-14,7.24,Regard tendre égal existence.
WL-01186,ECOM-4175,user0007,2026-09-14,2.67,Remettre troisième train.
WL-01187,CLOUD-959,user0050,2026-09-14,3.23,Cher vers oublier troisième douceur grand oiseau.
WL-01188,DATA-571,user0048,2026-09-14,1.68,Mieux souvent transformer soutenir il mener remonter arme.
WL-01189,BI-3546,user0012,2026-09-14,8.0,Prononcer odeur rêve succès montagne exiger.
WL-01190,SEC-607,user0045,2026-09-14,5.54,Résistance calmer armer claire.
WL-01191,ECOM-2656,user0023,2026-09-14,6.75,Police employer bientôt souvenir revenir officier animal.
WL-01192,PORTAL-3538,user0050,2026-09-14,7.75,Semaine dès heure hier prévenir billet.
WL-01193,SEC-2683,user0001,2026-09-14,3.39,Proposer guère violence.
WL-01194,CRM-1382,user0049,2026-09-14,7.38,Puis où nature.
WL-01195,DATA-685,user0010,2026-09-14,3.84,Barbe car ce.
WL-01196,SEC-4142,user0010,2026-09-14,3.3,Savoir clair égal coeur froid vraiment seigneur.
WL-01197,CLOUD-451,user0017,2026-09-14,4.17,Ça ventre apprendre nouveau bien sentiment vouloir.
WL-01198,CRM-4873,user0005,2026-09-14,2.67,Mal trouver inquiétude toucher.
WL-01199,CRM-1878,user0007,2026-09-14,1.85,Remercier genou mêler attitude étaler tandis que.
WL-01200,PORTAL-168,user0029,2026-09-14,0.68,Apporter prix content tandis que larme absence papa.
WL-01201,ERP-4445,user0011,2026-09-14,6.58,Déchirer dégager seuil plonger aussitôt.
WL-01202,CLOUD-4395,user0042,2026-09-14,1.56,Roman rassurer aide regarder trou lourd fil.
WL-01203,BI-1828,user0045,2026-09-14,3.08,Fin chercher partager servir.
WL-01204,PORTAL-3578,user0045,2026-09-14,6.46,Réclamer fauteuil haïr considérer.
WL-01205,BI-623,user0042,2026-09-14,6.75,Foule particulier même créer cesser attaquer sentir.
WL-01206,BI-1862,user0033,2026-09-14,3.33,Garder escalier long après rapporter large.
WL-01207,CRM-3708,user0019,2026-09-14,5.09,Gouvernement que je est pénétrer bon sourire.
WL-01208,ERP-4208,user0011,2026-09-14,7.95,Curieux goût glisser près adresser beaucoup dangereux oiseau.
WL-01209,MOB-1479,user0048,2026-09-14,6.19,L'Une siège pareil bouche etc véritable.
WL-01210,BI-3035,user0027,2026-09-14,6.83,Magnifique ventre personne détail groupe demain.
WL-01211,BI-2974,user0007,2026-09-14,7.18,Sou cinq désespoir.
WL-01212,ERP-4838,user0049,2026-09-14,5.36,Froid mariage vrai.
WL-01213,CRM-625,user0026,2026-09-14,4.29,Importer certainement masse rester atteindre que tourner.
WL-01214,CLOUD-4612,user0031,2026-09-14,0.96,Également membre appartenir tantôt cou mesure principe.
WL-01215,CLOUD-2019,user0018,2026-09-14,6.89,Représenter pouvoir madame.
WL-01216,ERP-210,user0048,2026-09-14,6.57,Cruel ceci promener condition.
WL-01217,DATA-765,user0031,2026-09-14,5.07,Petit religion confier.
WL-01218,BI-1511,user0029,2026-09-14,7.42,Craindre ancien mal imaginer falloir pays.
WL-01219,PORTAL-4510,user0031,2026-09-14,3.48,Valoir accent verre.
WL-01220,ECOM-2463,user0017,2026-09-14,7.84,Et demain non.
WL-01221,MOB-366,user0020,2026-09-14,3.1,Morceau rose état dans forme jeune.
WL-01222,SEC-4912,user0031,2026-09-14,4.37,Hasard couper imaginer caractère.
WL-01223,CRM-1078,user0005,2026-09-14,2.64,Vouloir vrai exemple habitude gouvernement répéter.
WL-01224,SEC-212,user0012,2026-09-14,5.69,Réussir sauvage auprès.
WL-01225,ERP-2905,user0012,2026-09-14,2.29,Remarquer peine vieil roman avec.
WL-01226,SEC-3954,user0050,2026-09-14,4.61,Douter as jour instinct glace.
WL-01227,PORTAL-4762,user0041,2026-09-14,1.16,Inquiétude désert ignorer déjà contenter.
WL-01228,ERP-2619,user0049,2026-09-14,7.77,Loup lisser faim travers émotion.
WL-01229,ERP-1181,user0005,2026-09-14,5.2,Depuis caresser pitié premier ainsi savoir drame couleur.
WL-01230,BI-3840,user0005,2026-09-14,0.96,Âme appel disposer capable route sang.
WL-01231,CRM-2797,user0012,2026-09-14,0.92,Malade espérer amuser éclater demain.
WL-01232,MOB-4354,user0019,2026-09-14,7.86,Admettre chute commencement faire dame.
WL-01233,DATA-3084,user0045,2026-09-14,3.31,Garde nombre maître inconnu.
WL-01234,CLOUD-4240,user0007,2026-09-14,7.63,Accomplir intéresser prix couler lire.
WL-01235,BANK-3560,user0015,2026-09-14,4.87,Choix soi demi blanc.
WL-01236,CLOUD-4638,user0005,2026-09-14,4.19,Docteur rester renverser.
WL-01237,ECOM-4502,user0017,2026-09-14,6.52,Aventure siège famille souffler.
WL-01238,SEC-4281,user0017,2026-09-14,1.75,Attention sûr inviter sans regard commencement.
WL-01239,BANK-102,user0048,2026-09-14,1.95,Perte le bon quart.
WL-01240,BI-1391,user0027,2026-09-14,6.3,Entourer abandonner dame désirer.
WL-01241,SEC-3431,user0010,2026-09-14,6.95,Lequel depuis plus emmener intention calme.
WL-01242,BANK-4384,user0020,2026-09-14,4.3,Son secrétaire ombre exister quart enfance parfaitement.
WL-01243,BANK-1522,user0033,2026-09-14,5.59,Montagne force véritable bas taire craindre condition parole.
WL-01244,ERP-1609,user0010,2026-09-14,1.47,Élever avec expérience menacer ton profiter coûter.
WL-01245,ERP-4445,user0027,2026-09-14,8.0,Faux pauvre voisin produire surveiller tempête.
WL-01246,CRM-991,user0045,2026-09-14,0.92,Cas vieux éclat boire but y.
WL-01247,BI-4088,user0045,2026-09-14,4.19,Âme regard lui entre lutte verre lisser franchir.
WL-01248,DATA-510,user0017,2026-09-14,1.98,Manger fumer surprendre police cou comme.
WL-01249,MOB-1842,user0015,2026-09-14,1.82,Traîner marche rire.
WL-01250,CRM-1878,user0045,2026-09-14,6.81,Goût retenir fidèle pour heure.
WL-01251,DATA-1649,user0050,2026-09-14,1.67,Avoir soumettre solitude.
WL-01252,SEC-4751,user0010,2026-09-14,0.76,Dix son miser je.
WL-01253,SEC-4339,user0015,2026-09-14,5.1,Transformer tenter depuis.
WL-01254,DATA-4496,user0045,2026-09-14,4.48,Simplement prétendre comment promener lequel garçon avant.
WL-01255,BI-1159,user0049,2026-09-14,3.97,Voie six agent marier auteur encore écouter.
WL-01256,BANK-4931,user0045,2026-09-14,7.71,Retomber saisir menacer vous son.
WL-01257,PORTAL-2297,user0011,2026-09-14,7.98,Peuple triste jouer emmener.
WL-01258,ECOM-1491,user0018,2026-09-14,7.83,Poussière à compter apparence partout fonction.
WL-01259,MOB-3185,user0049,2026-09-14,2.82,Remplir vers indiquer drame.
WL-01260,BI-3072,user0007,2026-09-14,6.69,Monter signifier tu soulever retour valeur vingt.
WL-01261,DATA-4710,user0037,2026-09-14,1.74,Billet chemise y essayer social résister.
WL-01262,SEC-3909,user0033,2026-09-14,0.95,Enfant tant secret au avis faim personnage dangereux.
WL-01263,ERP-896,user0020,2026-09-14,6.09,Seulement faveur imaginer occuper.
WL-01264,SEC-1379,user0017,2026-09-14,3.17,Roman ci simplement race éclat résister.
WL-01265,BI-3460,user0033,2026-09-14,3.46,Chute épais fin marcher miser.
WL-01266,BI-2509,user0018,2026-09-14,3.94,Arrière guerre oreille voie attirer.
WL-01267,DATA-1191,user0019,2026-09-14,6.1,Baisser rapidement puissant debout plante.
WL-01268,DATA-251,user0017,2026-09-14,0.69,Naissance oser couleur perdu verre.
WL-01269,BI-3720,user0026,2026-09-14,6.42,Neuf aujourd'hui mêler.
WL-01270,CLOUD-3623,user0026,2026-09-14,4.25,Obéir odeur social je.
WL-01271,MOB-1330,user0011,2026-09-14,5.79,Minute oeuvre croire ajouter.
WL-01272,CLOUD-4973,user0042,2026-09-14,3.94,Finir connaissance beau cruel ouvert bientôt rose.
WL-01273,PORTAL-4067,user0042,2026-09-14,3.69,Blond accepter sous tâche avec.
WL-01274,ERP-2996,user0015,2026-09-14,2.59,Autorité violence exécuter retourner car circonstance chacun elle.
WL-01275,PORTAL-4683,user0033,2026-09-14,1.46,Douceur assez répéter appartenir rouge.
WL-01276,BANK-1628,user0027,2026-09-14,6.11,Dépasser médecin appuyer chaud finir feu dimanche.
WL-01277,CLOUD-3713,user0020,2026-09-14,1.15,Tendre trente bas le risquer part.
WL-01278,BANK-2601,user0017,2026-09-14,2.09,Calmer vaste malade sûr décrire.
WL-01279,ERP-1420,user0042,2026-09-14,3.72,Maladie solitude certain jeu branche car flamme.
WL-01280,DATA-2581,user0017,2026-09-14,3.19,Conseil colon juge reprendre phrase rose.
WL-01281,PORTAL-2339,user0050,2026-09-14,4.68,Beau pouvoir réponse exister noir.
WL-01282,BANK-1650,user0001,2026-09-14,6.52,Glace vers voile soi race odeur événement.
WL-01283,PORTAL-1929,user0045,2026-09-14,0.51,Nommer envie pied voiture souvenir perte immobile époque.
WL-01284,BANK-3045,user0018,2026-09-14,1.51,Exiger rang maladie eh dos petit regretter casser.
WL-01285,DATA-4068,user0017,2026-09-14,5.15,Cours au preuve comment.
WL-01286,DATA-921,user0033,2026-09-14,3.57,Traiter amour savoir adresser répéter semblable.
WL-01287,CRM-4860,user0015,2026-09-14,5.28,Retomber surtout éternel suffire envoyer intéresser chambre.
WL-01288,ERP-2839,user0050,2026-09-14,3.97,Content découvrir sorte ouvert prêt faible consulter résultat.
WL-01289,MOB-4425,user0031,2026-09-14,4.71,Surveiller chant rouler hésiter oh unique rang tranquille.
WL-01290,CRM-82,user0001,2026-09-14,2.45,Jour mer voie compagnon rencontrer tirer.
WL-01291,PORTAL-64,user0042,2026-09-14,6.96,Trois sourire non.
WL-01292,DATA-3174,user0017,2026-09-14,6.35,Mois membre demander.
WL-01293,CRM-1804,user0020,2026-09-14,7.39,Direction éclater ombre aller.
WL-01294,BI-4066,user0023,2026-09-14,5.54,Pourtant allumer rare voici attirer.
WL-01295,MOB-4404,user0015,2026-09-14,7.57,Monter traverser poste couvrir promettre roi.
WL-01296,BANK-3324,user0012,2026-09-14,1.78,Jeu métier début violent vêtir aller.
WL-01297,CLOUD-2924,user0049,2026-09-14,5.55,Siècle dès ou rapidement monde parmi.
WL-01298,CLOUD-644,user0018,2026-09-14,5.84,Tout respirer désert compagnon ligne cou comment.
WL-01299,CRM-1714,user0011,2026-09-14,0.61,Payer avis donc.
WL-01300,PORTAL-3553,user0026,2026-09-14,3.38,Plaindre remplacer douze art révéler peine envelopper.
WL-01301,ERP-2403,user0007,2026-09-14,2.48,Chien prévenir rendre garder moindre juger.
WL-01302,CRM-4390,user0010,2026-09-14,0.74,Trésor violence mort énorme.
WL-01303,CLOUD-3440,user0049,2026-09-14,7.47,Interrompre chat accepter risquer nouveau.
WL-01304,BI-1588,user0026,2026-09-14,5.34,Appartenir autant vent respect terreur descendre printemps.
WL-01305,DATA-3661,user0019,2026-09-14,4.09,Manquer haut ruine pas assurer année soi.
WL-01306,CRM-1366,user0011,2026-09-14,6.48,Facile mari combien nul haut pencher fil.
WL-01307,ERP-4146,user0048,2026-09-14,2.86,Obéir théâtre roman façon voir service dépasser.
WL-01308,BANK-3515,user0029,2026-09-14,6.12,Midi avance traiter naturel billet considérer.
WL-01309,BANK-153,user0027,2026-09-14,5.79,Forme siècle siège.
WL-01310,DATA-582,user0033,2026-09-14,6.97,Descendre vue pointe tombe.
WL-01311,DATA-1104,user0005,2026-09-14,5.45,Est peser abri jouer premier silence davantage façon.
WL-01312,ECOM-4329,user0018,2026-09-14,1.39,Mariage être retenir.
WL-01313,CLOUD-2826,user0018,2026-09-14,1.87,Froid douleur plein juste combien attention hiver.
WL-01314,CLOUD-2385,user0007,2026-09-14,3.57,Ni autre ensemble employer accent.
WL-01315,BANK-1310,user0020,2026-09-14,7.39,Âgé debout refuser ramener argent.
WL-01316,SEC-4737,user0029,2026-09-14,6.71,Désirer effort perte amener.
WL-01317,BANK-4015,user0041,2026-09-14,1.96,Pouvoir caresser connaître paupière éclat ramener.
WL-01318,SEC-95,user0011,2026-09-14,6.54,Chute claire partir traîner.
WL-01319,SEC-4618,user0045,2026-09-14,6.69,Loin travers raconter ce.
WL-01320,CLOUD-1452,user0048,2026-09-14,6.05,Histoire refuser souffrance.
WL-01321,CLOUD-1202,user0050,2026-09-14,2.38,Épais beau victime vieillard oui françois.
WL-01322,SEC-3063,user0012,2026-09-14,4.6,Confiance demain cela travail avancer pitié prétendre très.
WL-01323,CRM-3142,user0027,2026-09-14,4.55,Unique humain regretter tel rouler.
WL-01324,PORTAL-255,user0045,2026-09-14,6.75,Grand dessus avance croix dresser.
WL-01325,DATA-2288,user0041,2026-09-14,7.63,Exiger peuple fil fond brusquement demain.
WL-01326,BI-84,user0031,2026-09-14,2.24,Ceci pointe politique entrée dieu bonheur grandir.
WL-01327,ERP-4129,user0029,2026-09-14,2.57,Empire reconnaître réponse montagne aventure me.
WL-01328,BI-1240,user0011,2026-09-14,4.21,Haïr hésiter bleu possible sorte.
WL-01329,CRM-2791,user0048,2026-09-14,7.03,Remplir essuyer espérer comprendre heureux comprendre.
WL-01330,SEC-1586,user0050,2026-09-14,1.41,Salut effort commun médecin lentement.
WL-01331,DATA-657,user0050,2026-09-14,0.93,Sûr deviner retomber.
WL-01332,ERP-1209,user0018,2026-09-14,5.16,Aventure occasion gros.
WL-01333,CLOUD-1243,user0050,2026-09-14,1.49,Beaucoup espace revoir naturel vision silence sortir selon.
WL-01334,PORTAL-3770,user0001,2026-09-14,1.61,Part point couleur odeur joindre somme.
WL-01335,BI-3397,user0019,2026-09-14,5.21,Conclure il d'autres ciel amour.
WL-01336,CLOUD-3950,user0027,2026-09-14,4.46,Pluie faveur permettre.
WL-01337,PORTAL-2004,user0048,2026-09-14,4.97,Droit voyage détacher craindre calmer agent éclairer.
WL-01338,ECOM-820,user0026,2026-09-14,3.18,Société prière inconnu paysan sortir.
WL-01339,ECOM-4885,user0033,2026-09-14,6.54,Choix apporter guère lui attirer connaissance feu.
WL-01340,ERP-164,user0020,2026-09-14,1.08,Race étroit politique lien saint accepter genou certain.
WL-01341,BI-3122,user0023,2026-09-14,6.65,Signe demi traîner loup éternel repas soumettre.
WL-01342,PORTAL-3656,user0012,2026-09-14,6.38,Prévoir mot dur calmer frapper etc selon.
WL-01343,DATA-767,user0045,2026-09-14,1.65,Même regretter lors intérieur soulever agent.
WL-01344,PORTAL-4905,user0019,2026-09-14,2.44,Pourquoi ci paix emmener personnage vers signifier.
WL-01345,CRM-2038,user0037,2026-09-14,5.6,Remplacer pensée oui inquiétude fort acheter.
WL-01346,BI-3329,user0018,2026-09-14,1.04,Froid léger terme il dresser ouvert.
WL-01347,DATA-1964,user0050,2026-09-14,0.55,Premier pas grand phrase.
WL-01348,CLOUD-238,user0019,2026-09-14,1.85,Étude peine enfant nom rayon plein somme passage.
WL-01349,CRM-1287,user0031,2026-09-14,4.21,En cheveu envoyer soit prison voisin.
WL-01350,CRM-3603,user0050,2026-09-14,0.63,Complètement soutenir déposer casser dessus parvenir ou.
WL-01351,DATA-4434,user0017,2026-09-14,5.91,Falloir résoudre gauche approcher six.
WL-01352,CLOUD-3331,user0033,2026-09-14,1.72,Forcer jambe mari question.
WL-01353,DATA-1856,user0010,2026-09-14,2.62,Spectacle disparaître vêtir réclamer d'abord chat présence.
WL-01354,ERP-4349,user0042,2026-09-14,6.68,Vouloir être autrefois position mur.
WL-01355,ECOM-1491,user0045,2026-09-14,6.09,Joie complètement beau discours entrer crise raison herbe.
WL-01356,MOB-3353,user0001,2026-09-14,4.91,François habiller sujet partager.
WL-01357,MOB-2192,user0015,2026-09-14,1.01,Distinguer muet nouveau président peine état.
WL-01358,ERP-140,user0045,2026-09-14,4.0,Mari conclure presque coup promettre question connaissance fait.
WL-01359,BI-823,user0033,2026-09-14,5.87,Falloir voilà juste animer tourner de fatiguer résistance.
WL-01360,PORTAL-2297,user0001,2026-09-14,1.51,Accuser aller chambre point.
WL-01361,CRM-63,user0010,2026-09-14,7.84,Guerre erreur déchirer le peuple tempête moyen.
WL-01362,PORTAL-1852,user0029,2026-09-14,4.32,Pouvoir chaîne distance plaine.
WL-01363,SEC-4736,user0037,2026-09-14,1.44,Espèce poésie toile près chasse me imaginer.
WL-01364,CRM-25,user0041,2026-09-14,1.7,Même pièce porter peine cercle écarter.
WL-01365,CLOUD-3823,user0045,2026-09-14,0.77,Soi accepter rompre saluer bonheur grave nommer.
WL-01366,MOB-3977,user0002,2026-09-14,2.37,Descendre rejeter passage que événement.
WL-01367,DATA-3668,user0045,2026-09-14,6.05,Déjà repousser vol groupe.
WL-01368,BANK-2973,user0041,2026-09-14,1.11,Propos suite cependant permettre magnifique vêtir.
WL-01369,ERP-3524,user0011,2026-09-14,3.69,Lutte prix particulier amener papier âge chaleur.
WL-01370,PORTAL-2938,user0042,2026-09-14,7.21,Plaire raconter préparer risquer puissant malgré.
WL-01371,SEC-1772,user0018,2026-09-14,1.44,Présent votre façon connaître vision plante affirmer.
WL-01372,ERP-3213,user0018,2026-09-14,3.36,Point fixe soutenir semaine drame inspirer gauche.
WL-01373,ECOM-3518,user0050,2026-09-14,3.71,Savoir renoncer son vieillard.
WL-01374,CRM-1427,user0023,2026-09-14,7.96,Accomplir note nom nuit plante porte.
WL-01375,DATA-4351,user0017,2026-09-14,4.1,Présenter paysan cas supposer certain couleur commun.
WL-01376,DATA-2260,user0041,2026-09-14,3.05,Règle consulter expérience soit fil.
WL-01377,MOB-2320,user0015,2026-09-14,5.16,Si douter époque lire petit couche.
WL-01378,CLOUD-3392,user0033,2026-09-14,5.32,Notre hors trouver enfance point battre seconde.
WL-01379,ECOM-692,user0017,2026-09-14,1.8,Approcher rapporter quel payer.
WL-01380,BI-2150,user0018,2026-09-14,0.92,Passé triste nommer palais dont fenêtre interrompre remplacer.
WL-01381,MOB-2159,user0031,2026-09-14,4.41,Note autant respecter ensuite.
WL-01382,ECOM-4925,user0029,2026-09-14,5.63,Champ garçon ni cent obéir.
WL-01383,DATA-2941,user0041,2026-09-14,1.11,Saison fixer nord famille naturel.
WL-01384,BANK-1767,user0018,2026-09-14,1.89,Métier bien français révéler.
WL-01385,DATA-522,user0001,2026-09-14,4.02,Décrire du mouvement attention admettre parti prononcer jeter.
WL-01386,ECOM-3311,user0011,2026-09-14,6.62,Important table commun spectacle détacher revenir.
WL-01387,BANK-136,user0023,2026-09-14,5.9,Lentement écrire désigner courage guerre long.
WL-01388,SEC-127,user0015,2026-09-14,7.29,Renoncer déjà rouge rang distinguer.
WL-01389,ECOM-4095,user0012,2026-09-14,5.81,Voyager prétendre plan armée cela deux français compagnon.
WL-01390,CRM-3841,user0045,2026-09-14,0.58,Couper famille cinquante dame.
WL-01391,PORTAL-4262,user0012,2026-09-14,7.57,Quartier delà à réduire.
WL-01392,BI-4252,user0001,2026-09-14,3.66,Mouvement malgré achever.
WL-01393,CRM-4992,user0005,2026-09-14,2.14,Portier cheveu compter manquer déchirer attention doux.
WL-01394,CRM-4889,user0048,2026-09-14,7.6,Rapporter puisque hasard visible époque.
WL-01395,PORTAL-211,user0002,2026-09-14,7.56,Résistance embrasser terre trou danser même discussion matière.
WL-01396,SEC-4167,user0041,2026-09-14,6.72,Lorsque retour cours prison remonter vêtir.
WL-01397,ERP-4970,user0042,2026-09-14,6.46,Aller commencer trace.
WL-01398,ERP-3693,user0026,2026-09-14,3.43,Flamme lequel seulement vérité pauvre.
WL-01399,DATA-3390,user0011,2026-09-14,7.34,Également homme faveur table.
WL-01400,DATA-4406,user0001,2026-09-14,3.61,Nation président jeune diriger escalier visite fier.
WL-01401,CLOUD-1716,user0045,2026-09-14,2.75,Atteindre même aussi si.
WL-01402,ERP-842,user0029,2026-09-14,5.76,Mort peuple histoire inquiétude calme courant impossible.
WL-01403,CRM-4039,user0007,2026-09-14,5.48,Centre respirer inviter malheur parler si public.
WL-01404,BI-2410,user0050,2026-09-14,2.29,Éclat bras trou caractère gros.
WL-01405,BANK-1145,user0015,2026-09-14,6.34,Nombreux article mon cheveu goût certes.
WL-01406,CLOUD-2640,user0011,2026-09-14,4.21,Colère assurer servir intention user dans arbre.
WL-01407,CLOUD-437,user0029,2026-09-14,6.37,Intérieur elle cabinet sentir.
WL-01408,BI-224,user0017,2026-09-14,1.88,Colère être car voile raconter sueur goût.
WL-01409,MOB-192,user0026,2026-09-14,2.56,Vieil effacer paix second étendre accent.
WL-01410,ECOM-1973,user0041,2026-09-14,7.96,Suffire couvrir présence nom étudier traîner.
WL-01411,CLOUD-2426,user0037,2026-09-14,0.94,Animer épais air résistance soldat égal ville poète.
WL-01412,BI-2151,user0027,2026-09-14,1.0,Briser proposer soldat bureau minute non.
WL-01413,SEC-2872,user0015,2026-09-14,1.47,L'Une prince entier clef envelopper violent sous goutte.
WL-01414,BI-851,user0049,2026-09-14,6.64,Sûr pourquoi oser durer travailler saisir.
WL-01415,CRM-4494,user0045,2026-09-14,7.37,Goutte dont travail nerveux avec.
WL-01416,ERP-4148,user0029,2026-09-14,3.03,Achever vaincre barbe revenir soldat grâce.
WL-01417,PORTAL-3188,user0048,2026-09-14,2.3,Réunir seigneur dominer même soleil afin de.
WL-01418,BI-3122,user0049,2026-09-14,6.09,Oublier coup surprendre facile elle.
WL-01419,CRM-1077,user0019,2026-09-14,4.13,Colon tôt anglais arriver bonheur on dégager.
WL-01420,BI-4486,user0045,2026-09-14,3.35,Malheur prendre le oh égal neuf billet.
WL-01421,BANK-1544,user0007,2026-09-14,0.85,Étranger appartement chasse barbe nature l'une.
WL-01422,BI-4252,user0050,2026-09-14,7.02,Créer bas fuir corde sous plutôt.
WL-01423,CLOUD-277,user0001,2026-09-14,4.51,Côté professeur violence crainte représenter.
WL-01424,CLOUD-1340,user0018,2026-09-14,7.69,Français assez protéger un.
WL-01425,PORTAL-148,user0017,2026-09-14,0.85,Prononcer loup plante poésie réfléchir.
WL-01426,SEC-2000,user0031,2026-09-14,2.81,Enfin rompre point achever fils lèvre rôle.
WL-01427,CLOUD-1737,user0012,2026-09-14,3.13,Souffrir répondre pur étage dame réduire dehors.
WL-01428,CRM-2258,user0002,2026-09-14,4.68,Particulier nécessaire large absence casser interroger danser.
WL-01429,PORTAL-3742,user0045,2026-09-14,4.66,Quand fusil qui avant.
WL-01430,ECOM-48,user0045,2026-09-14,4.54,Fruit parfois humide suite achever expérience.
WL-01431,BANK-2170,user0020,2026-09-14,4.62,Prendre réduire blond fatigue tenter y muet.
WL-01432,BANK-3006,user0020,2026-09-14,1.25,Coeur consentir portier éternel mentir achever espace cour.
WL-01433,CRM-2152,user0042,2026-09-14,5.03,Coûter colon jaune ligne arrêter poche loi.
WL-01434,ERP-2746,user0001,2026-09-14,3.61,Discussion subir protéger empire repas étude intérieur.
WL-01435,MOB-4450,user0002,2026-09-14,0.83,Circonstance discuter précieux.
WL-01436,BANK-318,user0019,2026-09-14,6.69,Bataille moindre cour choisir somme garçon gauche.
WL-01437,BI-3942,user0041,2026-09-14,3.0,Dieu prendre perdre possible rêver douceur.
WL-01438,PORTAL-1374,user0041,2026-09-14,1.74,Commencement marchand ensemble présent détacher angoisse.
WL-01439,DATA-4318,user0033,2026-09-14,4.43,Cerveau empêcher terrain champ demande conclure accompagner point.
WL-01440,CRM-1474,user0026,2026-09-14,5.69,Cesse bois attirer âme puis prévoir.
WL-01441,SEC-3227,user0002,2026-09-14,4.99,Lentement installer faim mauvais quelque vieil.
WL-01442,DATA-1860,user0023,2026-09-14,1.79,An quart droit droite casser etc fait paysan.
WL-01443,SEC-801,user0037,2026-09-14,7.49,Échapper ruine idée vieux remercier.
WL-01444,SEC-2578,user0012,2026-09-14,5.41,Retirer demander rien vert.
WL-01445,ECOM-1880,user0049,2026-09-14,4.78,Permettre tu précéder madame force.
WL-01446,ECOM-4071,user0041,2026-09-14,5.57,Vaste unique situation enlever.
WL-01447,CLOUD-1595,user0023,2026-09-14,3.64,Presser malade fumée voie.
WL-01448,MOB-1381,user0026,2026-09-14,2.12,Dur étage prix droit maintenir simple pain.
WL-01449,MOB-4814,user0011,2026-09-14,2.61,Conseil intéresser vérité guerre curiosité groupe.
WL-01450,ECOM-2551,user0033,2026-09-14,0.86,Or histoire rire à accuser étendre couleur éviter.
WL-01451,BANK-3757,user0019,2026-09-14,5.43,Feu payer vingt vague finir sauter.
WL-01452,CLOUD-3335,user0045,2026-09-14,4.25,Aile général user révéler devant île.
WL-01453,PORTAL-1095,user0042,2026-09-14,7.29,Reprendre allumer environ tache.
WL-01454,DATA-2134,user0027,2026-09-14,3.6,Achever certain savoir.
WL-01455,CRM-2884,user0020,2026-09-14,5.29,Écouter intéresser entourer ignorer couler.
WL-01456,ERP-554,user0001,2026-09-14,6.8,Ajouter retenir devoir ventre.
WL-01457,BI-477,user0031,2026-09-14,2.25,Fenêtre froid rôle vieux.
WL-01458,SEC-3852,user0018,2026-09-14,7.31,Retomber signifier terrain plein désigner promener ramasser argent.
WL-01459,CRM-4494,user0017,2026-09-14,4.68,Livrer désespoir pendant demander fatigue assister.
WL-01460,MOB-1352,user0031,2026-09-14,6.1,Diriger justice oh désirer foule.
WL-01461,BI-1809,user0017,2026-09-14,6.1,Mari anglais reconnaître volonté lien nation certain.
WL-01462,PORTAL-2909,user0048,2026-09-14,4.44,Subir immense avec âge.
WL-01463,MOB-1431,user0001,2026-09-14,2.17,Y drôle suivre position roi.
WL-01464,BI-2156,user0007,2026-09-14,1.77,Politique posséder solitude queue gauche posséder son.
WL-01465,ERP-3327,user0048,2026-09-14,4.69,Vérité heureux répéter extraordinaire adresser.
WL-01466,SEC-127,user0049,2026-09-14,2.65,Mort paupière charge vide quelque taire siège.
WL-01467,PORTAL-3969,user0020,2026-09-14,6.81,Voie refuser énergie joli en.
WL-01468,ERP-3368,user0018,2026-09-14,5.94,Visible mari erreur demeurer neuf ministre entrer carte.
WL-01469,PORTAL-702,user0005,2026-09-14,6.31,Étranger certes conclure importance fond visage.
WL-01470,DATA-1855,user0048,2026-09-14,7.62,Ramasser colère vague puis fortune.
WL-01471,DATA-4859,user0029,2026-09-14,6.27,Moi roman fait construire précieux matin dormir.
WL-01472,BANK-4599,user0017,2026-09-14,7.92,Reposer droit partout briller remplir beaucoup lèvre.
WL-01473,BANK-1310,user0002,2026-09-14,1.45,Moitié au dont simplement dégager.
WL-01474,CRM-1303,user0050,2026-09-14,5.36,Ligne type garde.
WL-01475,ERP-2490,user0033,2026-09-14,1.5,Travail doux hésiter étroit penser rayon.
WL-01476,PORTAL-2093,user0005,2026-09-14,6.99,Intérieur objet apparence interroger départ.
WL-01477,BANK-2208,user0049,2026-09-14,0.79,Champ large deux famille simple créer.
WL-01478,BANK-1495,user0045,2026-09-14,4.64,Pénétrer magnifique tapis particulier de.
WL-01479,PORTAL-1272,user0042,2026-09-14,6.15,Énorme valoir signifier vie.
WL-01480,CLOUD-238,user0018,2026-09-14,2.28,Auprès phrase oeuvre compte tracer principe.
WL-01481,BANK-1467,user0033,2026-09-14,2.32,Imaginer avec me curiosité dieu profond malgré fermer.
WL-01482,CRM-804,user0048,2026-09-14,5.64,Secours recommencer parti partie.
WL-01483,PORTAL-575,user0005,2026-09-14,6.27,Grave observer beaucoup trop tapis capable.
WL-01484,DATA-4534,user0048,2026-09-14,1.93,Drame gens connaître genou fine billet époque religion.
WL-01485,DATA-4788,user0005,2026-09-14,7.42,Étendre près point plaine nécessaire.
WL-01486,BANK-1639,user0042,2026-09-14,1.2,Lors difficile garçon encore.
WL-01487,PORTAL-3302,user0005,2026-09-14,6.71,Monter joie affaire reculer verser moi bouche.
WL-01488,CLOUD-1106,user0042,2026-09-14,7.79,Étendue apporter vivre grave.
WL-01489,PORTAL-1268,user0027,2026-09-14,3.22,Dire certainement accorder appel chasse.
WL-01490,PORTAL-4009,user0048,2026-09-14,7.38,Avancer calme point nouveau masse danger.
WL-01491,BI-3221,user0033,2026-09-14,5.13,Quitter départ cuisine briller.
WL-01492,ECOM-2231,user0023,2026-09-14,7.85,Comme montagne le commander complet établir.
WL-01493,BI-3679,user0031,2026-09-14,4.55,Passé humide pluie faux assister agiter.
WL-01494,CLOUD-1692,user0029,2026-09-14,4.29,Armée départ vrai volonté beaucoup prêter.
WL-01495,DATA-853,user0007,2026-09-14,5.74,Vieux école consulter.
WL-01496,MOB-4404,user0019,2026-09-14,7.45,Herbe rendre valoir nombreux retour examiner.
WL-01497,PORTAL-1429,user0037,2026-09-14,7.1,Prêter doucement figurer effet mouvement.
WL-01498,BI-3203,user0033,2026-09-14,3.13,Parce Que neuf signe risquer poète soumettre avenir.
WL-01499,ERP-4203,user0017,2026-09-14,1.67,Bas dix vieux entrer.
WL-01500,ECOM-4175,user0005,2026-09-14,4.13,Ouvert maladie nord bois oeil fin.
WL-01501,SEC-4488,user0042,2026-09-14,1.7,Avenir paysage peine pouvoir lever relation.
WL-01502,BANK-3148,user0048,2026-09-14,5.2,Intérieur fumée lire inviter bas envie retourner.
WL-01503,MOB-1607,user0031,2026-09-14,1.68,Rôle seconde lourd sable oh.
WL-01504,SEC-925,user0012,2026-09-14,5.22,Conversation haine si circonstance imposer digne auquel.
WL-01505,MOB-3789,user0041,2026-09-14,1.12,Établir envie mentir fumer principe dresser.
WL-01506,PORTAL-562,user0037,2026-09-14,6.53,Supposer apprendre propre au occasion.
WL-01507,CLOUD-1046,user0049,2026-09-14,6.07,Respirer propre bien fuir journée ton.
WL-01508,ERP-2207,user0048,2026-09-14,6.25,Flot chaise puissance monde.
WL-01509,CRM-3714,user0007,2026-09-14,6.87,Pareil précis fort.
WL-01510,BANK-3583,user0027,2026-09-14,6.92,Événement lien détruire haine.
WL-01511,CRM-3413,user0018,2026-09-14,3.56,Interrompre étendue sang problème pousser tantôt rapport.
WL-01512,BANK-2416,user0048,2026-09-14,5.03,Larme échapper discussion oeuvre même exécuter.
WL-01513,PORTAL-1679,user0019,2026-09-14,3.35,Falloir minute jeter beauté protéger promettre.
WL-01514,BANK-304,user0007,2026-09-14,7.52,Leur faire consulter armer te agiter billet.
WL-01515,PORTAL-4460,user0048,2026-09-14,1.16,Fenêtre million fin plaire abri cabinet.
WL-01516,BANK-2521,user0011,2026-09-14,2.12,Race fils supposer dormir charge examiner suivre complètement.
WL-01517,CLOUD-466,user0011,2026-09-14,4.22,Charger ensuite siège noir.
WL-01518,PORTAL-3508,user0033,2026-09-14,4.68,Réclamer parent centre son.
WL-01519,ECOM-3055,user0010,2026-09-14,5.41,Ton employer même paupière billet briser.
WL-01520,DATA-3715,user0048,2026-09-14,4.72,Appartenir façon plonger table est présence.
WL-01521,ERP-695,user0049,2026-09-14,6.54,Sens souvent personnage mettre taille arracher fidèle non.
WL-01522,PORTAL-1947,user0017,2026-09-14,1.13,Général dormir retrouver nouveau voix.
WL-01523,CLOUD-4196,user0037,2026-09-14,5.39,Précis secours si chien.
WL-01524,BANK-2316,user0027,2026-09-14,2.22,Avance midi attitude loin siège lien préférer.
WL-01525,MOB-1946,user0005,2026-09-14,5.23,Beau immense comment.
WL-01526,BI-1780,user0029,2026-09-14,7.36,Abandonner en propos couche en fuir suivant alors.
WL-01527,SEC-666,user0001,2026-09-14,3.32,Fenêtre beau air.
WL-01528,DATA-1764,user0019,2026-09-14,3.72,Effet science etc content parmi goût fait.
WL-01529,PORTAL-3152,user0018,2026-09-14,4.79,Herbe surveiller ami casser centre compagnon.
WL-01530,BANK-738,user0002,2026-09-14,2.63,Car six bois personnage.
WL-01531,ERP-2211,user0031,2026-09-14,2.86,Chaise jusque route conduire nord.
WL-01532,BI-3259,user0018,2026-09-14,3.25,Comment attendre entre vague.
WL-01533,PORTAL-4540,user0010,2026-09-14,1.35,Mais proposer rencontre.
WL-01534,CRM-1092,user0011,2026-09-14,5.14,Terme famille un vin bruit.
WL-01535,BI-3942,user0018,2026-09-14,2.57,Quinze satisfaire neuf fois.
WL-01536,DATA-3375,user0020,2026-09-14,2.5,Caresser lutter ruine jeter.
WL-01537,BI-672,user0002,2026-09-14,3.77,Jeune instinct homme vouloir prévenir appuyer.
WL-01538,DATA-1860,user0048,2026-09-14,1.16,Couche chez froid bande signe tête étranger.
WL-01539,MOB-4426,user0048,2026-09-14,4.23,Réduire mensonge couvrir froid curiosité froid craindre.
WL-01540,DATA-3965,user0050,2026-09-14,4.5,Entraîner port bas autrefois noir religion peine.
WL-01541,PORTAL-3694,user0005,2026-09-14,4.96,Pour côte sous attention paupière signer.
WL-01542,ERP-3649,user0041,2026-09-14,3.4,Immense ancien colon pays.
WL-01543,ECOM-3613,user0029,2026-09-14,7.18,Fine bande acte autorité moins pouvoir.
WL-01544,BI-2783,user0050,2026-09-14,6.06,Vite autrefois étonner as.
WL-01545,BI-224,user0049,2026-09-14,2.67,Vue victime attention ci partager.
WL-01546,SEC-1233,user0042,2026-09-14,3.16,Sourd père composer tenir.
WL-01547,BI-207,user0020,2026-09-14,0.97,Page fort serrer intelligence courage forêt accompagner inutile.
WL-01548,BANK-2316,user0023,2026-09-14,2.34,Nouveau proposer intérieur lune troisième échapper.
WL-01549,ERP-4422,user0049,2026-09-14,7.5,Désirer indiquer précieux pensée terme.
WL-01550,BI-4202,user0049,2026-09-14,3.1,Humain branche prière but semaine autant.
WL-01551,ERP-480,user0029,2026-09-14,2.37,Temps étouffer ciel différent neuf premier.
WL-01552,CLOUD-4686,user0041,2026-09-14,5.21,Imaginer reste rire remplacer.
WL-01553,BANK-906,user0050,2026-09-14,7.19,Mensonge respirer situation celui rang ministre déclarer.
WL-01554,BANK-1564,user0033,2026-09-14,6.23,Présent jour ici près.
WL-01555,BI-3677,user0027,2026-09-14,5.67,Disposer remercier oiseau puissance.
WL-01556,ERP-4410,user0033,2026-09-14,1.27,Mon mieux si causer.
WL-01557,CLOUD-3331,user0045,2026-09-14,7.85,Compagnon réalité paupière ombre souffrance.
WL-01558,CLOUD-4186,user0002,2026-09-14,4.3,Lueur joue promettre sembler prendre jaune.
WL-01559,ERP-4723,user0010,2026-09-14,7.93,Lèvre marquer partager terrain.
WL-01560,BI-3469,user0012,2026-09-14,7.81,Pourquoi professeur roi raconter noire valoir.
WL-01561,BANK-2615,user0048,2026-09-14,4.56,Corde naissance distinguer ah petit feu regarder étrange.
WL-01562,SEC-587,user0015,2026-09-14,4.28,Libre mériter titre qualité plaindre leur diriger.
WL-01563,ECOM-2239,user0050,2026-09-14,1.76,Accrocher avant haute arracher sec connaître horizon heure.
WL-01564,BANK-4156,user0023,2026-09-14,6.53,Habitude accent habiller épaule.
WL-01565,DATA-2383,user0048,2026-09-14,3.22,Départ secours lune feu accent famille.
WL-01566,ERP-1292,user0012,2026-09-14,1.71,Désirer remonter respect champ surprendre si envoyer.
WL-01567,SEC-2574,user0026,2026-09-14,6.79,Verre personnage leur je direction.
WL-01568,SEC-1631,user0019,2026-09-14,4.57,Cependant voix brûler perdu paysage poitrine.
WL-01569,BI-1256,user0037,2026-09-14,4.83,Français part cerveau pourquoi considérer nu.
WL-01570,MOB-4615,user0050,2026-09-14,5.58,Juger intérieur remplir obliger plaindre rire ensemble.
WL-01571,CLOUD-1306,user0027,2026-09-14,7.57,Auteur premier baisser unique article route.
WL-01572,CLOUD-1457,user0002,2026-09-14,4.95,Vivant mener salle connaître composer mille colline inutile.
WL-01573,BI-4288,user0005,2026-09-14,5.81,Appeler poussière roi page détruire fatigue déjà rassurer.
WL-01574,CLOUD-1386,user0049,2026-09-14,1.05,Faire profondément décider agiter tranquille vague.
WL-01575,MOB-398,user0018,2026-09-14,6.65,Tombe peine joie chef maintenir sur regarder.
WL-01576,DATA-4021,user0033,2026-09-14,5.58,Faible gouvernement neuf fidèle rappeler bout.
WL-01577,BI-3942,user0001,2026-09-14,0.89,Mien delà arrière considérer.
WL-01578,DATA-4120,user0015,2026-09-14,3.6,Raconter retrouver durant accorder.
WL-01579,MOB-2214,user0005,2026-09-14,3.23,Éclairer supporter sauter secrétaire dimanche mériter ton.
WL-01580,CRM-2092,user0017,2026-09-14,6.64,Silencieux bord rocher déposer tour.
WL-01581,BANK-2878,user0050,2026-09-14,3.72,Solitude foule dangereux hiver.
WL-01582,CRM-3796,user0011,2026-09-14,3.77,Maintenant reculer danser appartenir sembler.
WL-01583,PORTAL-348,user0023,2026-09-14,5.2,Savoir apparaître arrêter groupe.
WL-01584,ERP-3249,user0005,2026-09-14,3.04,Lueur six immobile animal événement.
WL-01585,PORTAL-731,user0033,2026-09-14,5.46,Donc souvent donner empire vêtir verre affaire.
WL-01586,MOB-483,user0037,2026-09-14,2.32,Présent pluie retenir.
WL-01587,BANK-4773,user0005,2026-09-14,5.49,Quart épaule capable retomber éclater accrocher.
WL-01588,ECOM-1796,user0017,2026-09-14,2.23,Femme arme retrouver puis.
WL-01589,ECOM-2931,user0017,2026-09-14,3.94,Mais arme propre inconnu arbre ici fleur rouge.
WL-01590,PORTAL-3149,user0023,2026-09-14,2.96,Relation présent toi l'une donner.
WL-01591,PORTAL-4214,user0005,2026-09-14,7.78,Troubler droit acheter devoir espérer silence comment.
WL-01592,ECOM-1857,user0012,2026-09-14,1.2,Nature préparer situation mensonge.
WL-01593,PORTAL-1589,user0012,2026-09-14,4.31,Protéger derrière apprendre revoir.
WL-01594,SEC-3684,user0005,2026-09-14,1.84,Mensonge espérer environ secours convenir.
WL-01595,CLOUD-3024,user0033,2026-09-14,5.46,Figure vol groupe étroit.
WL-01596,BANK-4260,user0033,2026-09-14,3.55,Force autant lui projet plaire devant notre remplir.
WL-01597,PORTAL-3355,user0005,2026-09-14,6.34,De bientôt rideau éclater amuser.
WL-01598,PORTAL-183,user0037,2026-09-14,4.52,Porter camarade deviner immobile campagne.
WL-01599,BANK-866,user0037,2026-09-14,1.67,Campagne et couvrir intérieur.
WL-01600,CLOUD-3345,user0033,2026-09-14,5.0,Résister lettre joie sou votre marché bête dessiner.
WL-01601,CRM-426,user0019,2026-09-14,7.43,Savoir paysage tout plusieurs puis.
WL-01602,DATA-3715,user0017,2026-09-14,3.16,Branche français soleil haïr.
WL-01603,CLOUD-1340,user0018,2026-09-14,6.27,Préférer demain pourtant paysan.
WL-01604,SEC-2328,user0037,2026-09-14,4.69,Avis travailler éprouver déposer chaque.
WL-01605,PORTAL-3229,user0017,2026-09-14,3.95,Vingt prouver forme trois vie lutte offrir.
WL-01606,BANK-1297,user0049,2026-09-14,2.31,Sommet prince ailleurs vérité autre.
WL-01607,MOB-492,user0031,2026-09-14,0.95,Dame pitié apparence ressembler établir genou dix prétendre.
WL-01608,ERP-1447,user0050,2026-09-14,1.87,Tomber dès regarder humain désir.
WL-01609,MOB-1151,user0018,2026-09-14,2.46,Prière livrer tout me avance tracer.
WL-01610,SEC-2887,user0001,2026-09-14,4.56,Naître terme côte prison côté instinct écarter.
WL-01611,ECOM-4619,user0041,2026-09-14,4.97,Comme vert humain travail.
WL-01612,DATA-1042,user0041,2026-09-14,4.13,Soumettre fin tourner simplement attaquer.
WL-01613,CLOUD-1810,user0027,2026-09-14,6.93,Respecter perdre escalier impression abri.
WL-01614,CLOUD-1595,user0020,2026-09-14,3.25,Taille détruire celui général.
WL-01615,BANK-720,user0045,2026-09-14,7.28,Témoin absolu habitude foule gouvernement manier habitant poste.
WL-01616,PORTAL-2772,user0023,2026-09-14,6.16,Politique réclamer précis miser effacer contenir paquet.
WL-01617,ERP-4876,user0050,2026-09-14,4.06,Partager naissance difficile effort problème trois soirée.
WL-01618,BI-3401,user0017,2026-09-14,1.54,Quinze qualité ville couvrir.
WL-01619,ECOM-4880,user0017,2026-09-14,4.77,Visage bras coûter question lutte.
WL-01620,MOB-4610,user0001,2026-09-14,4.89,Éternel jardin pourquoi.
WL-01621,ECOM-3761,user0041,2026-09-14,3.28,Le renoncer quartier.
WL-01622,SEC-3039,user0018,2026-09-14,5.33,Éternel autorité croix dès marcher heure.
WL-01623,BI-1249,user0017,2026-09-14,2.79,Rencontre venir demander emmener aider.
WL-01624,CLOUD-3941,user0002,2026-09-14,3.2,Âme commencer appartenir.
WL-01625,MOB-3826,user0020,2026-09-14,3.24,Causer vêtement ensuite regarder terreur changement.
WL-01626,DATA-2294,user0020,2026-09-14,6.25,Palais herbe humain pourquoi.
WL-01627,DATA-2456,user0041,2026-09-14,4.2,Tel prendre chaleur vouloir promener.
WL-01628,CRM-2082,user0007,2026-09-14,6.71,Billet île demi votre.
WL-01629,DATA-262,user0007,2026-09-14,4.54,Abattre fusil après demi.
WL-01630,SEC-1023,user0050,2026-09-14,1.53,Rapporter mal mer intérêt moi désir.
WL-01631,BI-3511,user0049,2026-09-14,1.43,Remplacer rare colon lendemain question couleur.
WL-01632,CRM-1161,user0045,2026-09-14,0.65,Cinq passé militaire rare coeur.
WL-01633,MOB-2769,user0029,2026-09-14,4.5,Soin cuisine bouche répondre le y entrer.
WL-01634,SEC-3088,user0007,2026-09-14,6.03,Jusque tourner autorité premier aimer court.
WL-01635,BI-3466,user0020,2026-09-14,5.75,Huit ouvert hasard joindre prêt cher prononcer.
WL-01636,ERP-257,user0029,2026-09-14,3.83,Secrétaire manier aller angoisse là révéler couler.
WL-01637,PORTAL-2399,user0033,2026-09-14,6.6,Lever disparaître rouge pauvre.
WL-01638,DATA-3286,user0029,2026-09-14,6.35,Même reposer habiller avant porter raison sec.
WL-01639,CRM-25,user0011,2026-09-14,1.44,Personnage environ taille absence.
WL-01640,PORTAL-2820,user0042,2026-09-14,5.95,Soir frapper joue aspect marquer.
WL-01641,SEC-328,user0049,2026-09-14,7.53,Jardin que vaste mentir.
WL-01642,BANK-4519,user0042,2026-09-14,3.15,Tellement direction angoisse cesser cesse voile.
WL-01643,CRM-4338,user0002,2026-09-14,7.23,Silence tracer saint allumer rejoindre image.
WL-01644,CRM-1666,user0029,2026-09-14,4.04,Respect impression bureau monde cou.
WL-01645,DATA-1021,user0010,2026-09-14,2.2,Chef espace autre seuil mille.
WL-01646,DATA-4317,user0017,2026-09-14,4.32,Calmer sujet place étude.
WL-01647,ERP-4756,user0041,2026-09-14,5.95,Caractère côte vers désir coucher étaler pénétrer main.
WL-01648,DATA-4496,user0048,2026-09-14,1.56,Vieux âgé discours est mériter soirée.
WL-01649,ECOM-1559,user0045,2026-09-14,1.67,Hier son vérité vendre jour ça.
WL-01650,ERP-3835,user0033,2026-09-14,1.05,Indiquer court voiture.
WL-01651,CLOUD-4196,user0041,2026-09-14,6.33,Dire écouter pitié fois fou.
WL-01652,ECOM-2551,user0037,2026-09-14,1.68,Engager ah agiter finir vue.
WL-01653,ECOM-4231,user0018,2026-09-14,7.49,Élever écarter goût lier parole.
WL-01654,BI-4991,user0042,2026-09-14,4.07,Claire midi auprès adresser importer long croiser.
WL-01655,BI-4760,user0033,2026-09-14,3.68,Porte abattre chasser d'autres rester chat profiter terrible.
WL-01656,ERP-2461,user0019,2026-09-14,5.55,L'Un faux éclairer soutenir.
WL-01657,MOB-192,user0033,2026-09-14,6.4,Haute croire éteindre.
WL-01658,CLOUD-203,user0042,2026-09-14,2.27,Nécessaire plus fonction terrain bataille rapport.
WL-01659,BANK-3177,user0026,2026-09-14,2.82,Lien déjà campagne produire révéler annoncer heureux prêt.
WL-01660,PORTAL-1938,user0033,2026-09-14,5.49,Sourire ciel million éteindre espace côte cercle.
WL-01661,DATA-1206,user0041,2026-09-14,2.86,Plonger sujet force système décrire.
WL-01662,DATA-2800,user0017,2026-09-14,7.27,Protéger douze assurer nécessaire.
WL-01663,ERP-1176,user0049,2026-09-14,6.08,Soudain demeurer révéler ouvrir cinq été.
WL-01664,SEC-4020,user0029,2026-09-14,1.34,Forêt dégager dieu impossible pour entier.
WL-01665,ERP-1035,user0023,2026-09-14,0.64,Importance aile élément le.
WL-01666,PORTAL-2847,user0041,2026-09-14,0.65,Soleil oncle matière complet apparaître flot dans machine.
WL-01667,MOB-254,user0017,2026-09-14,4.05,Charge précieux fils courant droite.
WL-01668,ERP-3524,user0050,2026-09-14,1.62,Somme sous système ouvrage honneur.
WL-01669,BI-3588,user0018,2026-09-14,5.45,Mer entre un oui.
WL-01670,CRM-3931,user0010,2026-09-14,1.45,Plusieurs chambre expérience déjà d'abord bientôt.
WL-01671,MOB-2825,user0048,2026-09-14,1.11,Malheur distinguer impression.
WL-01672,SEC-2309,user0015,2026-09-14,6.23,Écraser mon madame curieux supporter proposer chemin dernier.
WL-01673,ERP-2142,user0048,2026-09-14,7.91,Puis figure humain élément cela prochain.
WL-01674,PORTAL-1983,user0019,2026-09-14,0.71,Conseil répéter recueillir abandonner histoire oui animal taire.
WL-01675,PORTAL-4867,user0048,2026-09-14,4.75,Tout moment papa chemise premier juste noir.
WL-01676,CRM-4254,user0011,2026-09-14,1.92,Livre affirmer guerre politique flamme santé mois ton.
WL-01677,CRM-3605,user0001,2026-09-14,3.89,Eh paix un presque.
WL-01678,ECOM-1472,user0050,2026-09-14,6.05,Est apporter puissant.
WL-01679,MOB-1575,user0001,2026-09-14,6.5,Rêve observer musique précipiter cuisine entrer accrocher.
WL-01680,DATA-4796,user0048,2026-09-14,5.02,Transformer nom précieux repas spectacle aide violent.
WL-01681,ERP-4135,user0026,2026-09-14,4.6,Nul convenir début prêter.
WL-01682,PORTAL-3130,user0010,2026-09-14,3.72,Soudain endormir drame habitude intelligence commencer.
WL-01683,MOB-2074,user0017,2026-09-14,0.51,Triste loup moindre.
WL-01684,PORTAL-2407,user0045,2026-09-14,5.12,Jusque permettre paix lutter.
WL-01685,CRM-1890,user0041,2026-09-14,7.54,Ne auteur expérience idée corps véritable.
WL-01686,CRM-3137,user0027,2026-09-14,3.18,Rappeler combat plaisir.
WL-01687,SEC-2444,user0015,2026-09-14,6.88,Moyen chercher taire répéter.
WL-01688,BANK-2663,user0020,2026-09-14,4.75,Silencieux là fauteuil.
WL-01689,ECOM-1854,user0041,2026-09-14,5.95,Gauche général semblable intelligence.
WL-01690,ECOM-494,user0018,2026-09-14,5.7,Lutte rejeter entrée certain masse le ramener.
WL-01691,DATA-4789,user0011,2026-09-14,1.73,Grave toit voisin interrompre soleil cela.
WL-01692,SEC-3852,user0018,2026-09-14,6.45,Toucher son vers instant dent.
WL-01693,DATA-4948,user0002,2026-09-14,7.28,Six argent tout compte.
WL-01694,DATA-47,user0027,2026-09-14,6.67,Cercle phrase accorder parent.
WL-01695,CLOUD-4240,user0012,2026-09-14,3.33,Carte d'autres annoncer.
WL-01696,PORTAL-3243,user0019,2026-09-14,6.26,Émotion exemple chiffre preuve.
WL-01697,CLOUD-2502,user0018,2026-09-14,3.99,Éprouver plaisir trembler déposer tel assister centre.
WL-01698,ECOM-3880,user0018,2026-09-14,0.95,Lire fer beau.
WL-01699,CLOUD-2896,user0002,2026-09-14,3.56,Exposer acte plutôt trouver crise au fatigue.
WL-01700,MOB-4369,user0037,2026-09-14,6.65,Sein ensemble également travailler but saison.
WL-01701,MOB-2404,user0045,2026-09-14,4.31,Pénétrer table maintenant soulever ciel chant embrasser.
WL-01702,ECOM-3027,user0015,2026-09-14,4.49,Retirer tombe comment seconde.
WL-01703,ECOM-1290,user0023,2026-09-14,3.75,Siège dont regarder cerveau venir imaginer.
WL-01704,CRM-2100,user0017,2026-09-14,3.52,Entrer arracher rappeler midi cheveu bande.
WL-01705,SEC-1654,user0005,2026-09-14,6.55,Théâtre terreur ruine inquiéter nu endroit prévoir.
WL-01706,MOB-3754,user0011,2026-09-14,5.14,Tenter frapper aide y cheval.
WL-01707,DATA-1302,user0037,2026-09-14,5.23,Mériter écrire puis nature apparence vision petit obliger.
WL-01708,CRM-3558,user0018,2026-09-14,6.64,Déjà jeune habiter quarante.
WL-01709,ERP-1763,user0019,2026-09-14,0.91,Dur imaginer imaginer puis.
WL-01710,PORTAL-4539,user0049,2026-09-14,7.47,As question retomber.
WL-01711,SEC-2955,user0033,2026-09-14,2.47,Manger quart voici neuf.
WL-01712,SEC-4336,user0050,2026-09-14,4.96,Type même apparence ombre rentrer flamme fait.
WL-01713,BANK-4370,user0001,2026-09-14,1.51,Finir noir fenêtre votre étudier.
WL-01714,DATA-3772,user0041,2026-09-14,3.54,Apercevoir appuyer tellement nommer autrefois.
WL-01715,DATA-1784,user0041,2026-09-14,1.11,Poète haut oser crainte véritable.
WL-01716,BI-307,user0026,2026-09-14,1.11,Court tâche remonter sauter sauvage homme non.
WL-01717,SEC-4672,user0010,2026-09-14,7.95,Secrétaire ligne sang homme.
WL-01718,BI-3687,user0018,2026-09-14,2.09,Art fait âme ruine dehors ne relation.
WL-01719,BANK-2663,user0001,2026-09-14,6.39,Maître mal juste réserver foi accord avec.
WL-01720,CLOUD-3867,user0031,2026-09-14,6.02,Soin surtout arbre.
WL-01721,CRM-3699,user0012,2026-09-14,5.99,Particulier guère profond mari.
WL-01722,CLOUD-4972,user0023,2026-09-14,5.21,Vue signe conversation rang habiter.
WL-01723,PORTAL-168,user0042,2026-09-14,4.39,Reposer oui source.
WL-01724,BI-2275,user0048,2026-09-14,1.74,Beau banc oeuvre beau montrer vrai impossible.
WL-01725,CLOUD-4497,user0015,2026-09-14,4.31,Tandis Que sourire juger nous mariage.
WL-01726,BI-2985,user0007,2026-09-14,1.49,Tout rassurer placer mémoire.
WL-01727,SEC-1990,user0027,2026-09-14,3.08,Fixer membre enfant où couvrir pouvoir.
WL-01728,DATA-1169,user0018,2026-09-14,2.12,Dangereux qualité vivant chiffre.
WL-01729,CRM-4992,user0042,2026-09-14,4.4,Choix demander sou absolument moi.
WL-01730,BANK-1811,user0011,2026-09-14,7.87,Compagnon heure saint.
WL-01731,PORTAL-2644,user0017,2026-09-14,1.34,Sou éclat disposer gros centre.
WL-01732,CRM-4243,user0050,2026-09-14,1.28,Détacher hasard confiance valeur obtenir énergie.
WL-01733,DATA-517,user0026,2026-09-14,6.7,Remercier supporter chaîne soi.
WL-01734,BI-4332,user0037,2026-09-14,4.3,Entourer grand cause battre payer.
WL-01735,CRM-3413,user0027,2026-09-14,4.93,Verre inviter oh exemple.
WL-01736,DATA-3132,user0045,2026-09-14,2.43,Voisin essuyer quant à mort.
WL-01737,ERP-4435,user0048,2026-09-14,2.8,Nord coin oncle disposer de marier jeune.
WL-01738,CLOUD-2634,user0018,2026-09-14,6.62,Obtenir hésiter expérience prévenir mêler importer mode elle.
WL-01739,CRM-3530,user0029,2026-09-14,6.08,Toute jusque avant payer.
WL-01740,CLOUD-2505,user0031,2026-09-14,5.76,Voilà rouge emmener.
WL-01741,SEC-4737,user0048,2026-09-14,7.28,Maladie d'autres mon douze avancer chez trente.
WL-01742,PORTAL-1257,user0023,2026-09-14,4.17,Douleur emmener beaux joue.
WL-01743,DATA-2805,user0018,2026-09-14,4.2,Fond tomber précieux propos vieil.
WL-01744,BANK-3418,user0018,2026-09-14,1.72,Anglais même complètement changement.
WL-01745,ECOM-913,user0023,2026-09-14,4.56,Enfermer répéter moindre terme prêt prier où.
WL-01746,ECOM-655,user0048,2026-09-14,2.97,Je heure quitter payer au an.
WL-01747,ECOM-3224,user0005,2026-09-14,2.73,Asseoir pied calme.
WL-01748,BANK-3991,user0023,2026-09-14,5.83,Tomber cou lien bois difficile.
WL-01749,DATA-3517,user0010,2026-09-14,5.49,Profond prouver autre être décrire quelque.
WL-01750,SEC-978,user0018,2026-09-14,7.01,Expression poitrine masse guère découvrir haut convenir.
WL-01751,DATA-4710,user0023,2026-09-14,3.16,Mauvais traverser juge impression forêt dehors.
WL-01752,ECOM-2942,user0001,2026-09-14,4.3,Même bon tromper faible théâtre assurer prier.
WL-01753,BI-838,user0026,2026-09-14,4.6,Trait enfoncer vers.
WL-01754,DATA-1860,user0007,2026-09-14,3.44,Mémoire éclater composer tendre jambe français mal rapport.
WL-01755,BANK-719,user0048,2026-09-14,1.33,Terre guerre commencer accord couleur.
WL-01756,MOB-487,user0019,2026-09-14,7.5,Quitter paupière extraordinaire.
WL-01757,CRM-1606,user0011,2026-09-14,6.46,Besoin intention respirer éviter.
WL-01758,ERP-3192,user0023,2026-09-14,6.73,Vieux ensuite aspect docteur pas.
WL-01759,CLOUD-2730,user0010,2026-09-14,7.18,Avant forêt problème déposer.
WL-01760,MOB-4128,user0041,2026-09-14,1.27,Clair clair parfaitement blanc cercle grand.
WL-01761,ERP-4121,user0048,2026-09-14,5.46,Envie faible de pousser ramener as immense quitter.
WL-01762,DATA-1109,user0018,2026-09-14,2.0,Or saint haut annoncer aussitôt couvrir.
WL-01763,SEC-4503,user0037,2026-09-14,4.06,Auteur semaine si.
WL-01764,SEC-2773,user0033,2026-09-14,6.07,Mais instinct or mériter quinze.
WL-01765,MOB-4128,user0001,2026-09-14,4.53,Note échapper rappeler vivre odeur calmer celui.
WL-01766,SEC-3723,user0048,2026-09-14,5.99,Livrer été avenir aller dépasser rejoindre.
WL-01767,ERP-757,user0027,2026-09-14,6.9,Caractère coucher tranquille habiter.
WL-01768,DATA-4130,user0048,2026-09-14,0.77,Frais coûter autorité comprendre alors occuper poste.
WL-01769,ECOM-4546,user0041,2026-09-14,1.05,Honte reposer beau douleur.
WL-01770,DATA-555,user0031,2026-09-14,2.55,Calmer épaule ramasser contenter accomplir.
WL-01771,BI-4447,user0015,2026-09-14,2.71,Brusquement enfoncer soit.
WL-01772,DATA-3818,user0019,2026-09-14,6.54,Couper leur joli expression traîner revoir.
WL-01773,BANK-4645,user0005,2026-09-14,4.19,Peur douze l'un souvenir certes voiture angoisse.
WL-01774,CLOUD-4182,user0045,2026-09-14,6.18,Maintenant paquet clef pour mer figure terrible.
WL-01775,DATA-4945,user0037,2026-09-14,3.58,Devoir grâce épaule nous descendre apparaître sommet.
WL-01776,CRM-4487,user0029,2026-09-14,3.83,Blanc casser désir.
WL-01777,BI-4822,user0010,2026-09-14,4.74,Centre verre source.
WL-01778,MOB-1802,user0033,2026-09-14,6.78,Reste le jaune présent autant réveiller.
WL-01779,PORTAL-3157,user0049,2026-09-14,7.19,À prendre instinct nouveau.
WL-01780,MOB-3147,user0031,2026-09-14,7.66,Côte précéder juste français.
WL-01781,BANK-4906,user0017,2026-09-14,1.95,Endormir même court ordre appuyer.
WL-01782,SEC-630,user0027,2026-09-14,7.31,Tranquille immobile réussir vêtir.
WL-01783,BI-2443,user0023,2026-09-14,6.17,Apercevoir vue branche imposer tandis que barbe.
WL-01784,BANK-829,user0027,2026-09-14,4.0,Souvenir oreille envelopper compagnie étaler.
WL-01785,ERP-1252,user0031,2026-09-14,3.43,Voilà un puissant admettre marier comment avant.
WL-01786,ECOM-4036,user0049,2026-09-14,0.66,Confondre presser abattre véritable secret puis trente.
WL-01787,MOB-2815,user0050,2026-09-14,4.84,Cesser papa dès blond chasser chemise droite cours.
WL-01788,ECOM-3576,user0010,2026-09-14,1.71,Défendre hier étendue.
WL-01789,CLOUD-1340,user0018,2026-09-14,5.14,Presque chasse feu seul avis.
WL-01790,PORTAL-1841,user0010,2026-09-14,7.08,Existence personne plein frapper risquer victime.
WL-01791,CLOUD-1243,user0031,2026-09-14,7.91,Commencer retrouver devoir un.
WL-01792,DATA-2095,user0012,2026-09-14,1.58,Recevoir dire général prière heureux volonté.
WL-01793,BANK-87,user0017,2026-09-14,6.48,Ventre école retirer mille tenter.
WL-01794,MOB-577,user0007,2026-09-14,7.68,Seuil habitant chance figurer gouvernement.
WL-01795,BI-2910,user0045,2026-09-14,5.45,Poursuivre vieillard réflexion.
WL-01796,CRM-862,user0045,2026-09-14,6.86,Delà ouvrage centre me riche.
WL-01797,CLOUD-1402,user0010,2026-09-14,2.68,Pénétrer rapport prononcer retrouver poitrine épais.
WL-01798,DATA-2623,user0010,2026-09-14,5.27,Regretter couvrir moins répondre prévoir paysage soutenir dame.
WL-01799,PORTAL-3990,user0019,2026-09-14,3.37,Avec animal accompagner mal.
WL-01800,BANK-1145,user0011,2026-09-14,4.46,Devant profiter abattre reprendre car reconnaître.
WL-01801,BANK-4978,user0002,2026-09-14,4.47,Il personnage midi conduire non.
WL-01802,ECOM-1959,user0027,2026-09-14,3.71,Appuyer accrocher contenter expérience.
WL-01803,DATA-1987,user0018,2026-09-14,4.16,Oreille âme début respecter.
WL-01804,BI-4554,user0041,2026-09-14,2.71,Si coucher dégager double.
WL-01805,BI-861,user0019,2026-09-14,4.97,Amener gouvernement titre or permettre.
WL-01806,CRM-1489,user0020,2026-09-14,4.78,Discours couche naître surprendre agiter heure discussion pied.
WL-01807,ERP-3455,user0012,2026-09-14,0.96,Calme réalité énorme mémoire.
WL-01808,BANK-1650,user0026,2026-09-14,6.45,Honte douleur flamme regretter.
WL-01809,DATA-4971,user0041,2026-09-14,4.43,Regard commun public tôt moi puis elle.
WL-01810,SEC-4134,user0049,2026-09-14,6.68,Chat certes poids conversation.
WL-01811,CLOUD-182,user0033,2026-09-14,6.06,Fortune camarade tout seigneur toucher appuyer marcher devoir.
WL-01812,MOB-1096,user0049,2026-09-14,6.4,Cesser cou que tendre.
WL-01813,ECOM-4396,user0007,2026-09-14,6.92,Rayon loi perdu.
WL-01814,DATA-3415,user0012,2026-09-14,4.41,Fumer croix cas effacer prévenir mien révolution.
WL-01815,BI-4420,user0007,2026-09-14,7.82,Recommencer réserver bouche frapper roman.
WL-01816,BI-2471,user0031,2026-09-14,2.69,Commun palais paysage drôle.
WL-01817,ERP-4923,user0041,2026-09-14,5.69,Souvent partie tomber toujours esprit difficile absence travail.
WL-01818,CRM-2875,user0011,2026-09-14,1.98,Madame ah branche.
WL-01819,PORTAL-2252,user0026,2026-09-14,2.95,Voir exemple sueur vers inutile à beau.
WL-01820,PORTAL-4162,user0019,2026-09-14,7.38,Depuis choisir montrer cheveu rien mourir trente.
WL-01821,MOB-1024,user0002,2026-09-14,4.34,Par endormir nature courage conversation.
WL-01822,BI-2625,user0020,2026-09-14,2.37,Servir ouvrage affaire impossible sac selon douceur.
WL-01823,DATA-47,user0007,2026-09-14,2.07,Écrire déchirer contenter or sous rond énergie confondre.
WL-01824,PORTAL-1411,user0049,2026-09-14,1.28,Envelopper rencontre élever tourner rencontrer.
WL-01825,PORTAL-3690,user0027,2026-09-14,1.78,Précipiter rapide cent dégager.
WL-01826,BANK-1636,user0002,2026-09-14,7.36,Campagne âgé rayon.
WL-01827,PORTAL-1408,user0015,2026-09-14,5.25,Parent peuple du surtout.
WL-01828,ERP-581,user0012,2026-09-14,1.05,Jardin connaître vert chasse mot jambe vieillard cinq.
WL-01829,MOB-4052,user0031,2026-09-14,6.45,François comment creuser prévoir dès capable.
WL-01830,MOB-305,user0026,2026-09-14,2.92,Promettre couche si couche erreur voix chasse.
WL-01831,SEC-2070,user0007,2026-09-14,6.11,Frère intérêt nul bon content.
WL-01832,MOB-2272,user0020,2026-09-14,5.96,Faux miser sou charger livre.
WL-01833,DATA-306,user0010,2026-09-14,2.06,Rouge importer tantôt remercier céder manquer aile.
WL-01834,SEC-2493,user0031,2026-09-14,4.24,Ainsi calme machine obéir objet.
WL-01835,CRM-2113,user0048,2026-09-14,4.11,Désespoir heureux avenir.
WL-01836,CRM-2771,user0001,2026-09-14,2.11,Éclater chien autre face accord.
WL-01837,CLOUD-1242,user0026,2026-09-14,4.76,Queue fusil minute jardin attirer foi.
WL-01838,DATA-4333,user0011,2026-09-14,5.57,Guère envelopper briser beaucoup.
WL-01839,PORTAL-2588,user0017,2026-09-14,5.66,Sentier étendre confier donner chant ombre point.
WL-01840,DATA-1433,user0037,2026-09-14,6.09,Surprendre avancer présence voix.
WL-01841,ECOM-4198,user0027,2026-09-14,5.68,Doigt retenir noire joli.
WL-01842,SEC-2309,user0033,2026-09-14,7.08,Queue banc faux apprendre.
WL-01843,DATA-657,user0045,2026-09-14,3.37,Saison cour toile grandir plus professeur preuve.
WL-01844,ERP-661,user0050,2026-09-14,0.52,Drame honneur rien bientôt pleurer colline général.
WL-01845,MOB-2869,user0042,2026-09-14,4.38,Drôle sonner valeur déjà.
WL-01846,CLOUD-2508,user0019,2026-09-14,0.82,Pourquoi lutte être tandis que image.
WL-01847,ECOM-3047,user0020,2026-09-14,2.36,Été connaissance groupe souffrance taire jeune.
WL-01848,BI-4166,user0017,2026-09-14,3.24,Consentir vers bien naître expression.
WL-01849,BI-2063,user0011,2026-09-14,3.21,Côté moyen risquer départ espérer silencieux violence.
WL-01850,BANK-2720,user0012,2026-09-14,3.52,Dresser herbe vivant faire facile.
WL-01851,BI-1516,user0049,2026-09-14,5.77,Cou sujet prétendre là tandis que poste obtenir.
WL-01852,SEC-2872,user0011,2026-09-14,4.71,Qualité fonction rire sac rapporter craindre.
WL-01853,MOB-2257,user0037,2026-09-14,2.09,Rire victime sec sang.
WL-01854,CLOUD-1028,user0020,2026-09-14,7.59,Âgé banc veiller chiffre d'autres rayon coup.
WL-01855,PORTAL-3662,user0017,2026-09-14,1.23,Aucun précipiter nation humain protéger.
WL-01856,BI-4760,user0001,2026-09-14,2.88,Tout interrompre présent repousser comprendre couler gagner.
WL-01857,CLOUD-2827,user0031,2026-09-14,5.26,Front prix approcher vent connaître.
WL-01858,BI-3176,user0045,2026-09-14,4.18,Malgré anglais chance traiter horizon.
WL-01859,CLOUD-817,user0020,2026-09-14,2.5,Robe vendre portier.
WL-01860,ERP-1853,user0037,2026-09-14,0.81,Intention avec goût arracher.
WL-01861,DATA-2288,user0027,2026-09-14,7.49,Durer dos cours son voisin chambre pendre inviter.
WL-01862,PORTAL-424,user0015,2026-09-14,2.17,Chute image environ parcourir.
WL-01863,CRM-1533,user0049,2026-09-14,7.17,Défaut tout note compagnon valeur sentier place accent.
WL-01864,PORTAL-1589,user0049,2026-09-14,5.21,Expérience rester partager désigner blanc.
WL-01865,CLOUD-2385,user0041,2026-09-14,1.44,Offrir enfin arme côte mine.
WL-01866,ERP-896,user0023,2026-09-14,2.88,Morceau fumée profond importer façon étoile marier.
WL-01867,BANK-4000,user0023,2026-09-14,1.79,Nature remplir après défaut pourquoi public.
WL-01868,ERP-573,user0012,2026-09-14,1.4,Caractère moitié faible heureux difficile sourire bouche.
WL-01869,SEC-1261,user0012,2026-09-14,4.87,Un gauche supporter vague colline.
WL-01870,ERP-2116,user0010,2026-09-14,6.11,Magnifique signifier monde certes il.
WL-01871,ERP-1413,user0005,2026-09-14,2.98,Ce l'un vaincre visible fleur tellement l'un.
WL-01872,CLOUD-4056,user0049,2026-09-14,0.9,Armer expérience vieil ni celui recommencer rejoindre.
WL-01873,ECOM-3369,user0048,2026-09-14,2.48,Affirmer habitant empêcher recueillir pencher repousser de.
WL-01874,SEC-4716,user0010,2026-09-14,5.66,Joue cacher question là avouer désormais fumer.
WL-01875,CRM-4801,user0019,2026-09-14,0.67,Davantage doucement commun vivant vieil aucun trouver.
WL-01876,BI-281,user0033,2026-09-14,2.63,Demeurer armée soirée.
WL-01877,CLOUD-1810,user0037,2026-09-14,4.71,Vie bande mauvais oiseau.
WL-01878,BANK-1561,user0011,2026-09-14,5.71,Ainsi sonner temps sourd quand calme société.
WL-01879,CRM-3577,user0048,2026-09-14,6.45,Fidèle étaler caresser unique.
WL-01880,MOB-1501,user0045,2026-09-14,7.7,Chez par sentir étude pluie respecter prétendre.
WL-01881,MOB-3685,user0018,2026-09-14,4.86,Parcourir souffler distinguer après milieu.
WL-01882,CLOUD-3651,user0020,2026-09-14,1.39,Risquer divers fille relever personne.
WL-01883,CLOUD-3801,user0011,2026-09-14,4.95,Comme droit peine réel confondre doigt lendemain science.
WL-01884,BANK-4147,user0017,2026-09-14,6.98,Ville très élément accorder camarade bout immense vêtement.
WL-01885,BI-2707,user0048,2026-09-14,5.98,Emmener apprendre tombe frais.
WL-01886,ECOM-2008,user0011,2026-09-14,7.37,Pareil siège vert asseoir répandre.
WL-01887,SEC-1731,user0026,2026-09-14,3.62,Distance mari ouvert occasion.
WL-01888,ERP-4042,user0037,2026-09-14,5.64,Frapper soirée finir vol grave.
WL-01889,BANK-1709,user0007,2026-09-14,4.84,Fier clair madame année croire comme dépasser race.
WL-01890,DATA-3963,user0031,2026-09-14,3.52,Chose succès croire possible perte.
WL-01891,BANK-1979,user0026,2026-09-14,2.43,Donc facile taire compte sou indiquer poste.
WL-01892,BI-2495,user0019,2026-09-14,5.41,Prison vide papa ton jeune subir personne.
WL-01893,MOB-2731,user0041,2026-09-14,1.52,Sous chaise devoir boire nous tête.
WL-01894,BI-1259,user0011,2026-09-14,3.57,Attendre sept respirer prononcer ajouter rocher d'abord nombreux.
WL-01895,BI-3785,user0019,2026-09-14,6.07,Plusieurs voile inviter pourquoi.
WL-01896,BI-2375,user0002,2026-09-14,7.91,Précis voisin salle inspirer scène public accuser.
WL-01897,CLOUD-354,user0045,2026-09-14,7.81,Sortir poésie voiture français garçon grandir.
WL-01898,BI-1706,user0037,2026-09-14,2.28,Dire juger mon taille combat père dessiner.
WL-01899,CLOUD-2487,user0017,2026-09-14,4.38,Joie vieillard cheveu homme.
WL-01900,SEC-1734,user0031,2026-09-14,1.58,Présent menacer quelque porter.
WL-01901,MOB-420,user0007,2026-09-14,4.3,Parfaitement sable chercher falloir mouvement certain.
WL-01902,ECOM-4483,user0023,2026-09-14,5.22,Quant À geste révolution fait roi art côte.
WL-01903,SEC-4912,user0002,2026-09-14,7.16,Marchand promener loup police marchand rang appel.
WL-01904,BI-3610,user0045,2026-09-14,1.59,Distinguer attention appeler importance droite unique.
WL-01905,CRM-1874,user0010,2026-09-14,6.7,Violent sommeil étranger queue.
WL-01906,PORTAL-4460,user0050,2026-09-14,5.93,Pain charge pied propre robe lever.
WL-01907,BANK-2344,user0018,2026-09-14,5.39,Tellement certain je puissance personne.
WL-01908,BI-3609,user0002,2026-09-14,6.88,Étranger compagnie plus nom sauvage peser.
WL-01909,ERP-4581,user0011,2026-09-14,5.53,Appartenir accorder lorsque branche endormir.
WL-01910,ERP-961,user0005,2026-09-14,3.76,Fort rond lueur importer parole fer.
WL-01911,BI-4841,user0001,2026-09-14,6.94,Eh reprendre mille.
WL-01912,CLOUD-2550,user0001,2026-09-14,5.59,Autour découvrir inquiéter campagne partie.
WL-01913,BI-4589,user0019,2026-09-14,3.08,Rocher minute raconter reste pointe inquiéter.
WL-01914,BI-2150,user0037,2026-09-14,5.6,Sens bon longtemps forcer vol lorsque soulever.
WL-01915,BI-1192,user0031,2026-09-14,5.97,Seul fixe précéder contre abattre million.
WL-01916,CRM-2846,user0017,2026-09-14,7.42,Lendemain absence chasse présenter autant siège sentiment.
WL-01917,MOB-4505,user0049,2026-09-14,6.16,Fort dans moins accorder.
WL-01918,ECOM-3453,user0037,2026-09-14,6.78,Beau coup époque entrée leur dernier plutôt.
WL-01919,MOB-2409,user0017,2026-09-14,1.67,Encore sien as du sérieux porter devant.
WL-01920,BI-61,user0011,2026-09-14,1.06,Simplement apporter être passé cheval.
WL-01921,CRM-1199,user0005,2026-09-14,2.19,Feu tandis que doux entendre.
WL-01922,SEC-3949,user0005,2026-09-14,7.76,Choix ton odeur agir droite croix nouveau.
WL-01923,BI-1189,user0019,2026-09-14,7.33,Assez corde retour pareil.
WL-01924,SEC-3167,user0029,2026-09-14,0.69,Son point société règle le demi saint produire.
WL-01925,CRM-1574,user0031,2026-09-14,1.08,Lèvre garde résistance rire étage chanter.
WL-01926,ECOM-4885,user0012,2026-09-14,5.26,Bête poussière début présent religion joue.
WL-01927,BI-3383,user0050,2026-09-14,3.58,Pareil crier ciel toi honneur silence lendemain besoin.
WL-01928,DATA-3582,user0050,2026-09-14,5.53,Espèce machine beau billet.
WL-01929,ECOM-1164,user0020,2026-09-14,1.47,Peur endroit souffrir vision.
WL-01930,MOB-1144,user0027,2026-09-14,6.87,Bon fer partir valeur attirer folie.
WL-01931,PORTAL-4474,user0050,2026-09-14,3.76,Choisir début vert scène drôle courir emmener.
WL-01932,CRM-1471,user0001,2026-09-14,3.46,Vie nommer rendre accomplir regard garçon compte rappeler.
WL-01933,PORTAL-727,user0019,2026-09-14,6.96,Prévoir avance gauche casser lourd rêve.
WL-01934,BI-2158,user0045,2026-09-14,4.38,Claire jeter angoisse vêtir libre.
WL-01935,CRM-2554,user0010,2026-09-14,4.4,Après content arrière plaine digne nourrir faim ciel.
WL-01936,BANK-2688,user0001,2026-09-14,4.71,Supporter ce geste aller respirer.
WL-01937,BANK-1799,user0048,2026-09-14,2.08,Étendre entraîner haut renverser réduire à commun voyager.
WL-01938,CRM-2919,user0049,2026-09-14,5.18,Mentir note situation aspect colon quant à somme lutter.
WL-01939,SEC-3145,user0018,2026-09-14,5.8,Un trace chemise banc histoire ferme françois cours.
WL-01940,DATA-907,user0045,2026-09-14,7.56,Compter silencieux mine.
WL-01941,BI-491,user0048,2026-09-14,4.09,Table pain haut.
WL-01942,PORTAL-3742,user0011,2026-09-14,5.0,Après poche moindre changement tromper envoyer.
WL-01943,CLOUD-3024,user0048,2026-09-14,4.83,Achever haute événement.
WL-01944,BANK-4842,user0010,2026-09-14,1.99,Ouvrir fil chanter pour paraître quoi tant action.
WL-01945,SEC-870,user0050,2026-09-14,2.99,Animer léger histoire agent règle.
WL-01946,MOB-4463,user0023,2026-09-14,7.16,Résoudre sommeil politique aucun loin digne mien.
WL-01947,BANK-299,user0015,2026-09-14,4.4,Là joue autant discours mode envoyer système.
WL-01948,ECOM-4211,user0026,2026-09-14,1.15,Gens remarquer raconter briser cinquante chien.
WL-01949,BANK-903,user0002,2026-09-14,5.8,Ici attacher étranger bruit rose voler.
WL-01950,CLOUD-1136,user0011,2026-09-14,7.84,Demain droite curieux planche contenter puis.
WL-01951,ECOM-3042,user0011,2026-09-14,2.94,Doigt sérieux appeler adresser pauvre rire.
WL-01952,CLOUD-4612,user0050,2026-09-14,2.72,Colère soin ceci.
WL-01953,SEC-1025,user0048,2026-09-14,2.03,Se curiosité plaine.
WL-01954,PORTAL-2772,user0031,2026-09-14,2.58,Angoisse quel trois militaire.
WL-01955,BI-3842,user0029,2026-09-14,7.5,Ramener double annoncer soldat étouffer moi savoir.
WL-01956,DATA-2654,user0048,2026-09-14,3.71,Voisin noire répondre entourer doux rouge coeur.
WL-01957,ERP-4060,user0002,2026-09-14,3.44,Succès étranger enlever.
WL-01958,MOB-1322,user0005,2026-09-14,1.45,Course cinquante transformer.
WL-01959,ECOM-1552,user0017,2026-09-14,6.33,Lutter porte après jardin.
WL-01960,DATA-3274,user0007,2026-09-14,0.5,Dur effacer humide immense suivant parcourir.
WL-01961,PORTAL-1584,user0019,2026-09-14,7.65,Regarder même ligne avec.
WL-01962,BI-169,user0027,2026-09-14,5.99,Membre sien jeu rouler début.
WL-01963,CRM-804,user0042,2026-09-14,7.11,Moment preuve fête pied voix également.
WL-01964,CRM-1078,user0050,2026-09-14,7.14,Après trace lune bien simple minute pensée.
WL-01965,SEC-4736,user0029,2026-09-14,3.0,Jeune troisième chance humain.
WL-01966,DATA-726,user0049,2026-09-14,3.14,Quartier rocher frère vieux type faux joindre.
WL-01967,ERP-897,user0019,2026-09-14,3.76,Enfoncer chez étranger payer plaisir silencieux pour chasse.
WL-01968,BI-3329,user0042,2026-09-14,3.7,En goutte nommer source frapper trou remettre.
WL-01969,ECOM-2300,user0031,2026-09-14,1.63,Aider centre autour conduire père.
WL-01970,PORTAL-803,user0011,2026-09-14,7.92,Ici résoudre sous mériter.
WL-01971,ERP-1094,user0033,2026-09-14,1.26,Toucher course famille facile voyager parce que occuper.
WL-01972,CLOUD-4040,user0029,2026-09-14,2.15,Admettre centre tard année ami haut tout.
WL-01973,CRM-4577,user0026,2026-09-14,4.23,Apprendre couleur nerveux secret empêcher éviter.
WL-01974,PORTAL-890,user0049,2026-09-14,2.21,Prendre genre fixer naître.
WL-01975,ECOM-3027,user0041,2026-09-14,1.07,Devoir gros beaux espèce agiter jeune.
WL-01976,ECOM-3225,user0011,2026-09-14,6.12,Papa scène en ailleurs sourire reculer et.
WL-01977,ECOM-1009,user0011,2026-09-14,2.77,Oui qualité cesse lourd nom.
WL-01978,BI-3205,user0050,2026-09-14,1.68,Employer accuser justice humide masse.
WL-01979,BANK-3474,user0007,2026-09-14,6.15,Autre proposer inutile signifier.
WL-01980,ECOM-4079,user0007,2026-09-14,6.65,Couler vers huit oncle connaître retrouver cou.
WL-01981,BI-259,user0001,2026-09-14,0.93,Personnage dangereux moyen mauvais entier curieux.
WL-01982,BI-2831,user0042,2026-09-14,7.09,Remettre oh partout promener nom puis là aile.
WL-01983,MOB-2159,user0007,2026-09-14,5.66,Présent discuter espoir.
WL-01984,ECOM-3365,user0037,2026-09-14,1.17,Couler lutte soutenir joue renoncer position épais.
WL-01985,PORTAL-580,user0001,2026-09-14,7.79,Pur calme peuple nourrir.
WL-01986,ERP-4781,user0041,2026-09-14,3.29,Endroit place été briser.
WL-01987,MOB-3269,user0042,2026-09-14,6.04,Seul dernier inspirer lourd.
WL-01988,BI-1858,user0015,2026-09-14,5.83,Courir oreille fin plan.
WL-01989,PORTAL-158,user0033,2026-09-14,3.82,Propos social âme puissance dégager aimer.
WL-01990,SEC-3108,user0001,2026-09-14,1.49,Part conversation madame.
WL-01991,CLOUD-4997,user0031,2026-09-14,5.95,Perte différent te soudain.
WL-01992,DATA-767,user0037,2026-09-14,4.15,Capable un coup calmer rejeter jambe couler.
WL-01993,BI-4066,user0029,2026-09-14,5.03,Noire exécuter port regretter discuter agent.
WL-01994,SEC-3973,user0042,2026-09-14,3.52,Trente soulever salut dame heureux docteur.
WL-01995,PORTAL-3654,user0020,2026-09-14,6.3,Haïr droite quelqu'un beau inspirer debout bientôt.
WL-01996,CRM-3689,user0048,2026-09-14,2.99,Être coucher réfléchir clair cinq fils.
WL-01997,CLOUD-1670,user0029,2026-09-14,2.92,Ici ventre payer installer quand énergie réserver.
WL-01998,CRM-2313,user0015,2026-09-14,5.29,Feu sorte direction longtemps vendre que lorsque.
WL-01999,DATA-3009,user0020,2026-09-14,7.17,Lorsque liberté cent.
WL-02000,CLOUD-1976,user0029,2026-09-14,2.67,Réserver atteindre lequel rassurer aussi charger.
WL-02001,DATA-3133,user0001,2026-09-14,1.95,Secret vieillard contenir rester demain construire partie bois.
WL-02002,CRM-4039,user0012,2026-09-14,5.82,Y garde ignorer roche porte.
WL-02003,MOB-366,user0012,2026-09-14,7.22,Souffrance traiter brûler anglais temps homme pain.
WL-02004,CLOUD-1827,user0018,2026-09-14,2.02,Sou compagnie saluer gauche servir sûr tromper.
WL-02005,ECOM-1062,user0017,2026-09-14,2.9,Cent disparaître pouvoir afin de.
WL-02006,BANK-4267,user0007,2026-09-14,1.21,Renoncer obtenir lire.
WL-02007,CRM-824,user0023,2026-09-14,6.9,Suivant tempête serrer ajouter.
WL-02008,MOB-3645,user0029,2026-09-14,5.37,Entier chef françois dégager quitter après système.
WL-02009,CRM-3218,user0002,2026-09-14,7.1,Importance amener voisin accrocher.
WL-02010,ECOM-180,user0015,2026-09-14,4.81,Crise douter éprouver.
WL-02011,BI-3231,user0020,2026-09-14,2.38,Déchirer baisser inconnu.
WL-02012,MOB-2072,user0031,2026-09-14,1.98,Discours taille bien théâtre fatiguer digne.
WL-02013,ECOM-4403,user0011,2026-09-14,7.34,Ressembler air envoyer poste demain vérité image.
WL-02014,CLOUD-4973,user0018,2026-09-14,4.78,Docteur erreur élever tendre jeune autrefois.
WL-02015,ECOM-3776,user0010,2026-09-14,2.04,Titre lèvre lequel société.
WL-02016,BANK-3030,user0026,2026-09-14,3.85,Nouveau demeurer accrocher ancien.
WL-02017,BANK-829,user0001,2026-09-14,7.65,Temps ce protéger oreille ennemi volonté joli.
WL-02018,PORTAL-1412,user0011,2026-09-14,1.25,Gris subir renverser conduire circonstance dominer réponse.
WL-02019,CLOUD-3261,user0011,2026-09-14,3.81,Accomplir souffrir puis faux.
WL-02020,SEC-1117,user0037,2026-09-14,2.03,D'Autres vouloir père terme rideau.
WL-02021,SEC-934,user0017,2026-09-14,1.39,Fatigue servir larme du goût.
WL-02022,CRM-3796,user0018,2026-09-14,3.37,Croire parent embrasser en faveur appartenir.
WL-02023,MOB-2351,user0010,2026-09-14,3.86,Ramasser briller maître complet choix printemps santé beau.
WL-02024,SEC-4411,user0002,2026-09-14,1.75,Envelopper année genou tomber presser.
WL-02025,SEC-175,user0001,2026-09-14,5.62,Confier inconnu attendre celui.
WL-02026,BANK-463,user0012,2026-09-14,7.72,Considérer même haute action paysan.
WL-02027,DATA-4551,user0001,2026-09-14,7.78,Dur spectacle obtenir dame as.
WL-02028,ECOM-3761,user0049,2026-09-14,3.52,Billet situation présent bonheur obliger.
WL-02029,SEC-4845,user0050,2026-09-14,2.27,Goutte avec pays.
WL-02030,ERP-2216,user0005,2026-09-14,4.2,Part posséder inspirer coup fer auprès.
WL-02031,BANK-2296,user0033,2026-09-14,0.97,Réponse fusil tant choix saisir.
WL-02032,ERP-2106,user0001,2026-09-14,6.47,Nu inviter voler auquel également accomplir puis chez.
WL-02033,BI-1894,user0045,2026-09-14,7.06,Sourire dominer objet regretter crise pourquoi.
WL-02034,ECOM-1338,user0005,2026-09-14,2.43,Profond vieux en saint guère souffrance pauvre.
WL-02035,BI-2598,user0020,2026-09-14,6.19,Arracher personne remonter me.
WL-02036,BI-364,user0005,2026-09-14,4.26,Ombre rentrer sourd malade retrouver vol visite.
WL-02037,PORTAL-865,user0037,2026-09-14,7.61,Ensemble champ toi leur éprouver visage près.
WL-02038,DATA-2473,user0026,2026-09-14,4.56,Absolu vieux l'une sortir douleur habiter fermer.
WL-02039,CLOUD-3896,user0029,2026-09-14,7.65,Savoir que perdu neuf vieillard situation amener vide.
WL-02040,ECOM-3702,user0041,2026-09-14,3.35,Arriver chose feuille le public vivant inventer.
WL-02041,MOB-3811,user0005,2026-09-14,7.84,Mille place écraser devant.
WL-02042,CLOUD-3268,user0015,2026-09-14,1.44,Puis travers terrain franchir livre froid.
WL-02043,ERP-1460,user0048,2026-09-14,3.16,Conduire plusieurs envelopper effort allumer nuit.
WL-02044,BI-2518,user0023,2026-09-14,1.75,Roche silencieux terminer direction désormais.
WL-02045,DATA-465,user0041,2026-09-14,1.59,Fixer oser me grâce toit nouveau bien.
WL-02046,BANK-2607,user0031,2026-09-14,4.9,Particulier ministre passage pied.
WL-02047,CRM-3373,user0010,2026-09-14,2.3,Hésiter haut sorte arracher forcer pouvoir passé.
WL-02048,PORTAL-926,user0029,2026-09-14,0.98,Monter étranger regretter complètement suite.
WL-02049,BI-3817,user0002,2026-09-14,3.45,Songer mais tapis grand dresser intention.
WL-02050,ECOM-2829,user0015,2026-09-14,5.02,Séparer but que trou agent.
WL-02051,DATA-1190,user0048,2026-09-14,7.72,Prix manier brûler françois empire grand.
WL-02052,SEC-659,user0018,2026-09-14,4.97,Silencieux agir trésor oeil.
WL-02053,PORTAL-1765,user0019,2026-09-14,4.65,Sang espoir art.
WL-02054,ECOM-4918,user0037,2026-09-14,1.42,Visite cour riche fleur commander peine.
WL-02055,CRM-804,user0001,2026-09-14,4.14,Payer or ressembler suivre bataille.
WL-02056,PORTAL-763,user0010,2026-09-14,0.85,Abri impression vol cas déclarer bras manquer.
WL-02057,SEC-551,user0041,2026-09-14,5.03,Habitude secret subir.
WL-02058,BANK-4940,user0001,2026-09-14,5.35,Cours journal hôtel claire.
WL-02059,PORTAL-1374,user0027,2026-09-14,1.11,Pauvre hauteur supérieur.
WL-02060,CRM-4470,user0017,2026-09-14,7.9,Ministre bureau bas beaux saisir proposer chant.
WL-02061,BI-1961,user0033,2026-09-14,7.71,Ressembler table exposer longtemps rejoindre.
WL-02062,CLOUD-372,user0045,2026-09-14,2.8,Six rouge page officier militaire repas notre.
WL-02063,PORTAL-2242,user0045,2026-09-14,3.61,Petit étage dame servir combien.
WL-02064,PORTAL-3639,user0001,2026-09-14,3.7,Paraître blond créer direction fer.
WL-02065,CLOUD-3314,user0011,2026-09-14,2.54,Muet énorme dame décider.
WL-02066,ERP-1258,user0001,2026-09-14,3.03,Clef également trop somme.
WL-02067,BANK-4051,user0031,2026-09-14,4.0,Quart trouver service voile.
WL-02068,ERP-4322,user0001,2026-09-14,5.1,Enfoncer vous anglais lequel gauche oeil.
WL-02069,DATA-3618,user0029,2026-09-14,2.81,D'Autres tout terminer mince garder casser.
WL-02070,ERP-3238,user0012,2026-09-14,5.49,Huit mois confiance lieu.
WL-02071,PORTAL-469,user0023,2026-09-14,7.31,État croiser profondément vent asseoir cour.
WL-02072,SEC-3450,user0017,2026-09-14,6.81,Nation rappeler règle cou drôle ruine serrer envoyer.
WL-02073,BI-4982,user0045,2026-09-14,5.49,Inspirer tout faire.
WL-02074,PORTAL-4416,user0015,2026-09-14,7.36,Plaisir coeur lieu ennemi sept il.
WL-02075,ECOM-1582,user0037,2026-09-14,3.32,Penser différent loin ruine.
WL-02076,ERP-1763,user0045,2026-09-14,5.14,Matin recherche ensemble pendre.
WL-02077,CLOUD-1434,user0029,2026-09-14,4.83,Dessiner devant toi chemin rapide jeune enfant si.
WL-02078,ECOM-1290,user0010,2026-09-14,6.34,Voie dormir remplacer bon pourtant.
WL-02079,ECOM-1116,user0020,2026-09-14,7.21,Peuple réponse mois officier toucher.
WL-02080,BANK-2317,user0011,2026-09-14,1.06,Fin agiter grand je élever sueur soulever arrêter.
WL-02081,BI-3885,user0011,2026-09-14,6.08,Preuve creuser proposer vivant.
WL-02082,MOB-3304,user0027,2026-09-14,4.31,Prouver société mieux plaine.
WL-02083,CLOUD-750,user0020,2026-09-14,1.42,Environ lui victime est ville ainsi pays.
WL-02084,DATA-1324,user0010,2026-09-14,2.86,Guerre consentir reculer animer bien choisir.
WL-02085,BI-4187,user0001,2026-09-14,0.82,Rencontre menacer ferme rang.
WL-02086,BANK-1720,user0029,2026-09-14,7.46,Papa du remonter demander sombre jeu.
WL-02087,SEC-1265,user0002,2026-09-14,4.97,Type dépasser mine sol sommet.
WL-02088,PORTAL-4848,user0029,2026-09-14,1.7,Entendre vieux art retomber nu conduire.
WL-02089,BANK-2878,user0017,2026-09-14,1.1,Bleu rester loin sol appel nombreux nouveau pencher.
WL-02090,MOB-1322,user0015,2026-09-14,3.38,Folie barbe terme situation sauter.
WL-02091,BI-3679,user0031,2026-09-14,6.85,Vérité oreille dieu sentir valoir.
WL-02092,BI-1669,user0019,2026-09-14,2.1,Aspect relation commun semblable interroger.
WL-02093,SEC-796,user0048,2026-09-14,6.56,Contre toi prier regretter mal armée retirer.
WL-02094,PORTAL-2573,user0010,2026-09-14,2.77,Prendre doux genou lui fond.
WL-02095,CLOUD-1923,user0031,2026-09-14,0.81,Matin pied façon parfois cou.
WL-02096,PORTAL-679,user0018,2026-09-14,3.53,Avance avenir grave mesure profondément.
WL-02097,ERP-2746,user0001,2026-09-14,4.08,Permettre silence voyage eaux absolu.
WL-02098,CLOUD-382,user0042,2026-09-14,4.24,Joli chaleur satisfaire plusieurs mois carte exister.
WL-02099,CRM-3958,user0037,2026-09-14,3.44,Fleur franc groupe devenir couleur soulever facile.
WL-02100,SEC-3431,user0033,2026-09-14,3.63,Geste attendre parfaitement taille volonté tombe inconnu.
WL-02101,ECOM-2656,user0027,2026-09-14,7.66,Supposer déjà rompre voisin avec.
WL-02102,DATA-4678,user0026,2026-09-14,5.81,Pont police clair magnifique saisir politique prier.
WL-02103,BI-3407,user0002,2026-09-14,2.59,Sueur travail bras rire rencontre coin.
WL-02104,BANK-3658,user0015,2026-09-14,5.08,Ministre mur patron espoir passer face poids.
WL-02105,BI-831,user0007,2026-09-14,6.65,Étrange fatigue descendre oser rassurer entourer bien payer.
WL-02106,DATA-4003,user0012,2026-09-14,7.32,Savoir apparaître lui honte vivant.
WL-02107,ERP-588,user0018,2026-09-14,6.42,Jaune corps et assurer veille.
WL-02108,ECOM-2219,user0048,2026-09-14,6.65,Sonner passé pendant.
WL-02109,ECOM-1075,user0029,2026-09-14,6.4,Supposer occuper foi front douze vraiment.
WL-02110,BANK-4015,user0019,2026-09-14,4.3,Particulier tout cour en joue.
WL-02111,SEC-4086,user0027,2026-09-14,4.85,Rapidement souvenir pourquoi dos aile.
WL-02112,CRM-1659,user0018,2026-09-14,4.26,Empêcher représenter étonner vague ni rire.
WL-02113,CRM-1557,user0041,2026-09-14,2.88,Dessiner crier est soumettre.
WL-02114,BI-3176,user0020,2026-09-14,5.22,Sorte recueillir animal nature elle justice.
WL-02115,ERP-2461,user0031,2026-09-14,6.49,Écrire réunir vers monter saint montrer lors.
WL-02116,SEC-2574,user0048,2026-09-14,5.09,Lune ton début traverser déposer.
WL-02117,PORTAL-2752,user0010,2026-09-14,5.92,Plan mort présent étendue livrer corps.
WL-02118,SEC-3709,user0015,2026-09-14,6.91,Saison doucement toute chance montagne.
WL-02119,ERP-1166,user0005,2026-09-14,2.83,Action encore éloigner droit.
WL-02120,ECOM-3849,user0045,2026-09-14,6.79,Nuit achever lit fortune séparer situation gauche.
WL-02121,ECOM-2522,user0010,2026-09-14,6.44,Serrer cou aller paupière saison milieu.
WL-02122,BI-2592,user0027,2026-09-14,4.71,Lèvre frais fils relation soirée d'abord.
WL-02123,ERP-2895,user0027,2026-09-14,6.54,Lèvre tuer masse recevoir peur journal.
WL-02124,DATA-4796,user0037,2026-09-14,3.2,Cinq effort cacher travers colon.
WL-02125,ERP-2936,user0023,2026-09-14,7.68,Son escalier en où qui inventer.
WL-02126,CLOUD-1715,user0010,2026-09-14,5.19,Liberté absolu dépasser avec intérêt.
WL-02127,BI-2289,user0029,2026-09-14,4.46,Demeurer coucher personne fer étendue toute d'autres.
WL-02128,CLOUD-1028,user0007,2026-09-14,2.65,Vingt gros sol conseil place double sorte.
WL-02129,PORTAL-4969,user0045,2026-09-14,6.16,Silencieux projet sentiment maintenir imposer.
WL-02130,SEC-4145,user0005,2026-09-14,3.08,Dont ignorer étroit colline.
WL-02131,PORTAL-3355,user0031,2026-09-14,6.89,Cerveau matin humide.
WL-02132,SEC-321,user0002,2026-09-14,3.35,Juste leur assez chemise visite court digne.
WL-02133,BANK-669,user0012,2026-09-14,2.94,Seul forme retrouver épaule lune.
WL-02134,CLOUD-4600,user0048,2026-09-14,0.74,Étrange inventer milieu bien.
WL-02135,MOB-2825,user0031,2026-09-14,4.06,Éteindre vision âge parmi malade énergie plein.
WL-02136,DATA-1652,user0049,2026-09-14,3.66,Devant tantôt social son français fond.
WL-02137,ECOM-2576,user0033,2026-09-14,3.78,Feu pareil remarquer plan moment.
WL-02138,BI-2984,user0049,2026-09-14,6.46,Me caractère connaître carte.
WL-02139,CRM-2065,user0031,2026-09-14,6.91,Traîner madame écouter et hors entourer.
WL-02140,BANK-2663,user0020,2026-09-14,2.16,Prison sol renverser fonder décider jeunesse.
WL-02141,BI-3351,user0020,2026-09-14,2.91,Quand séparer lit voler quatre.
WL-02142,ERP-3644,user0029,2026-09-14,0.66,Inquiéter entendre épaule diriger révéler.
WL-02143,BANK-624,user0042,2026-09-14,2.86,Répandre toi clef cas nez.
WL-02144,ERP-4439,user0041,2026-09-14,7.73,Lourd voisin disposer parti rôle porter grand chanter.
WL-02145,BANK-3635,user0015,2026-09-14,1.97,Précipiter retourner sonner voilà.
WL-02146,CRM-2771,user0012,2026-09-14,0.57,Expression montrer affirmer lire nation absence.
WL-02147,ERP-3404,user0012,2026-09-14,3.63,Nul phrase je aucun tant.
WL-02148,MOB-980,user0026,2026-09-14,0.68,Cause l'une réfléchir gris.
WL-02149,ECOM-4722,user0033,2026-09-14,6.92,Vif public éclater falloir rire.
WL-02150,CLOUD-4311,user0015,2026-09-14,3.75,Sang produire serrer se.
WL-02151,PORTAL-676,user0033,2026-09-14,6.14,Point moyen propos cri.
WL-02152,CRM-2795,user0041,2026-09-14,6.58,Pouvoir fête tel exister roche bande.
WL-02153,CRM-4831,user0001,2026-09-14,7.42,Ne quartier toile considérer cher poète pont.
WL-02154,BANK-493,user0023,2026-09-14,5.63,Siège service marquer rue cours.
WL-02155,BANK-3743,user0033,2026-09-14,5.39,Monter étouffer facile naturel y.
WL-02156,PORTAL-2044,user0045,2026-09-14,7.77,Roman être émotion deviner demain envie ancien.
WL-02157,ECOM-2006,user0012,2026-09-14,2.74,Vieillard faute heure beau.
WL-02158,CRM-3699,user0045,2026-09-14,7.03,Précéder habiller mon remercier dessiner rien.
WL-02159,MOB-932,user0007,2026-09-14,3.56,Roman regard calmer conduire pencher.
WL-02160,BANK-4587,user0027,2026-09-14,2.2,Empêcher marier nu tuer expliquer.
WL-02161,CLOUD-740,user0002,2026-09-14,4.65,User prouver rêver donc reconnaître asseoir tenter important.
WL-02162,CLOUD-3695,user0045,2026-09-14,1.17,Servir cruel fort léger soit façon.
WL-02163,CRM-2992,user0011,2026-09-14,5.35,Réduire fou fumée commencer roman chasse.
WL-02164,BANK-1587,user0050,2026-09-14,7.0,Animal as tandis que casser.
WL-02165,SEC-3824,user0041,2026-09-14,3.54,Détruire soudain faible rapidement image affirmer.
WL-02166,SEC-4093,user0029,2026-09-14,0.98,Entourer été dès au ni tenter être.
WL-02167,BANK-927,user0017,2026-09-14,3.15,Nul ensemble ce soi juger élever.
WL-02168,BANK-502,user0027,2026-09-14,7.94,Pouvoir travail haut pendre inviter calmer.
WL-02169,PORTAL-4629,user0010,2026-09-14,5.5,Protéger midi résister.
WL-02170,BANK-1799,user0007,2026-09-14,5.09,Attacher curieux je ville espoir se verre.
WL-02171,CRM-379,user0017,2026-09-14,1.09,Prouver animal pourtant extraordinaire.
WL-02172,SEC-4026,user0048,2026-09-14,1.57,Plante croire bras forme robe.
WL-02173,CRM-3681,user0026,2026-09-14,2.0,Certainement haïr exemple.
WL-02174,BANK-1593,user0031,2026-09-14,7.63,Groupe venir selon attention esprit déjà.
WL-02175,BANK-4432,user0012,2026-09-14,7.88,Oiseau tromper discussion folie user.
WL-02176,DATA-2600,user0019,2026-09-14,6.4,Matière front père métier perdre ceci droit agiter.
WL-02177,MOB-683,user0029,2026-09-14,0.89,Intérieur commencer savoir tant affirmer.
WL-02178,SEC-3450,user0049,2026-09-14,5.79,Ressembler rapidement jeune ouvert dur chasse mériter.
WL-02179,CLOUD-4566,user0010,2026-09-14,6.1,Classe cheval marché apparence lien.
WL-02180,MOB-97,user0045,2026-09-14,5.93,Autre relever personne.
WL-02181,BANK-651,user0045,2026-09-14,7.46,Ça trait idée leur.
WL-02182,BANK-3053,user0023,2026-09-14,5.74,Rejoindre cour commencement force puissant charge hôtel prier.
WL-02183,PORTAL-580,user0020,2026-09-14,2.27,Vaste palais énorme peuple tromper.
WL-02184,CRM-2501,user0012,2026-09-14,7.72,Gouvernement soldat face dormir.
WL-02185,ERP-1040,user0041,2026-09-14,0.61,Tempête exécuter pénétrer silence été en front.
WL-02186,CRM-4007,user0049,2026-09-14,7.21,Ouvert flamme coup complètement.
WL-02187,PORTAL-4582,user0011,2026-09-14,4.98,Avec ensemble traiter mode continuer bon aider.
WL-02188,SEC-1211,user0023,2026-09-14,7.31,Commun moitié eh pièce.
WL-02189,CLOUD-2986,user0045,2026-09-14,1.19,Anglais pouvoir autre à perdu déclarer.
WL-02190,CRM-641,user0026,2026-09-14,1.88,Blond lutte frère par odeur.
WL-02191,SEC-4817,user0007,2026-09-14,2.19,Interroger user poète neuf presque action embrasser.
WL-02192,PORTAL-2143,user0015,2026-09-14,3.4,Planche chien il.
WL-02193,ECOM-3246,user0011,2026-09-14,1.32,Briser ajouter autre fin étaler douze.
WL-02194,BI-2562,user0026,2026-09-14,6.21,Rencontrer but crise.
WL-02195,BANK-404,user0037,2026-09-14,3.12,Davantage banc ceci carte.
WL-02196,CLOUD-1893,user0020,2026-09-14,2.89,Espèce nature essayer précieux.
WL-02197,CLOUD-488,user0023,2026-09-14,2.21,Camarade prison fruit pénétrer ligne pauvre clef vendre.
WL-02198,BANK-1123,user0050,2026-09-14,0.62,Inventer sonner remplacer animer.
WL-02199,MOB-436,user0049,2026-09-14,2.16,Secours ouvrir doux un savoir enfermer règle.
WL-02200,BANK-863,user0012,2026-09-14,5.97,Double profond casser rien.
WL-02201,BI-2068,user0031,2026-09-14,1.65,Décider expression véritable bientôt force.
WL-02202,BI-3029,user0017,2026-09-14,3.0,Garçon huit satisfaire éloigner oeil doigt visible.
WL-02203,PORTAL-4732,user0011,2026-09-14,2.56,Pied monter traîner hauteur.
WL-02204,ERP-3376,user0001,2026-09-14,6.57,Juge eau peur conduire asseoir attention roman.
WL-02205,BANK-993,user0019,2026-09-14,7.94,Franc rien attitude défendre ventre habitude.
WL-02206,MOB-86,user0012,2026-09-14,5.75,Reste couler rentrer autre fidèle renverser vite.
WL-02207,SEC-4995,user0029,2026-09-14,2.1,Terminer ancien écarter paix mener.
WL-02208,MOB-3808,user0045,2026-09-14,4.1,Lire réclamer quatre garder feuille commun nerveux abandonner.
WL-02209,ERP-15,user0019,2026-09-14,1.47,Part mur hasard voyager.
WL-02210,SEC-663,user0001,2026-09-14,7.91,Émotion long manger moins aujourd'hui debout rencontre.
WL-02211,CLOUD-1049,user0041,2026-09-14,3.03,Manger mener chaleur président ramener enfant sol.
WL-02212,CRM-4637,user0019,2026-09-14,1.75,Pour vers exiger clef poussière sonner.
WL-02213,SEC-796,user0027,2026-09-14,0.86,Trop officier as vêtir douze souvent.
WL-02214,SEC-1494,user0037,2026-09-14,4.32,Naturellement grâce endroit dégager demain.
WL-02215,ECOM-4915,user0042,2026-09-14,6.4,Respirer président autrefois billet.
WL-02216,BI-3785,user0031,2026-09-14,0.59,Oh rapide tel réponse marchand approcher.
WL-02217,CLOUD-3575,user0029,2026-09-14,1.96,Parler dormir nuit pour.
WL-02218,BI-1259,user0033,2026-09-14,2.51,Part tôt part parole auprès.
WL-02219,BANK-1871,user0026,2026-09-14,5.25,Entendre direction appartenir rang joindre fil.
WL-02220,CRM-344,user0029,2026-09-14,6.71,Chat présenter avouer appartenir bataille risquer type.
WL-02221,CLOUD-3331,user0020,2026-09-14,4.01,Découvrir professeur gris science chacun puissant.
WL-02222,ERP-2397,user0002,2026-09-14,6.55,Feuille madame semaine affaire voir tendre exposer.
WL-02223,DATA-2953,user0007,2026-09-14,4.39,Champ seconde réfléchir lorsque cri femme.
WL-02224,SEC-1510,user0026,2026-09-14,5.53,Transformer guerre du fer indiquer baisser page de.
WL-02225,BI-4053,user0029,2026-09-14,4.67,Demain terminer recevoir parent seuil plante certain transformer.
WL-02226,BI-3210,user0045,2026-09-14,5.25,Maintenir intérieur reculer.
WL-02227,PORTAL-1030,user0026,2026-09-14,2.99,Silencieux reprendre d'abord différent menacer.
WL-02228,MOB-794,user0020,2026-09-14,0.53,Donner former empire recherche.
WL-02229,BANK-4147,user0042,2026-09-14,3.17,Autrefois étonner rompre réunir rapide côté mériter.
WL-02230,CLOUD-3392,user0031,2026-09-14,4.96,Ombre capable distance françois auprès.
WL-02231,ERP-3592,user0015,2026-09-14,3.12,Grand précis perdre fermer pauvre compagnon hors précéder.
WL-02232,CLOUD-2830,user0037,2026-09-14,6.38,Atteindre signer théâtre ancien voler prêt envie.
WL-02233,PORTAL-790,user0015,2026-09-14,5.11,Haut intelligence politique réclamer discussion.
WL-02234,ECOM-4403,user0050,2026-09-14,6.34,Monsieur avoir neuf règle.
WL-02235,MOB-366,user0007,2026-09-14,7.37,Sol deviner voile afin de enfant vérité souffrir.
WL-02236,CRM-804,user0017,2026-09-14,3.86,Papier hier savoir place vite sentir retirer travail.
WL-02237,BANK-2607,user0027,2026-09-14,3.59,Chaise depuis causer donc.
WL-02238,ECOM-1390,user0026,2026-09-14,4.37,Attacher personne reculer chez toile.
WL-02239,ERP-272,user0018,2026-09-14,3.07,Sans coûter paquet chaud surtout paix animal.
WL-02240,BANK-2146,user0017,2026-09-14,6.58,Masse paix tout présenter empêcher nu.
WL-02241,ERP-4923,user0042,2026-09-14,1.82,Boire beau classe agent.
WL-02242,ERP-1736,user0027,2026-09-14,7.81,Étonner âgé passage préparer fier usage.
WL-02243,ERP-4181,user0010,2026-09-14,5.82,Ancien genou combien ton meilleur machine guère.
WL-02244,PORTAL-4141,user0005,2026-09-14,2.43,Déposer âgé vue entretenir.
WL-02245,DATA-1295,user0018,2026-09-14,6.46,Ventre santé âgé force trop.
WL-02246,BANK-866,user0045,2026-09-14,2.03,Seconde carte encore musique libre occuper.
WL-02247,SEC-587,user0029,2026-09-14,6.98,Cher million attacher.
WL-02248,CRM-3479,user0029,2026-09-14,3.03,Reculer conclure médecin placer ajouter.
WL-02249,BANK-2888,user0042,2026-09-14,1.16,Spectacle parti pousser abattre fixe.
WL-02250,BANK-3523,user0023,2026-09-14,6.85,Voyage toujours volonté appartenir vie retour chance.
WL-02251,BANK-2286,user0011,2026-09-14,3.17,Ci si reste toi joie travailler signer.
WL-02252,ERP-3752,user0027,2026-09-14,5.29,Neuf sommeil réunir espace repas sorte effet attendre.
WL-02253,ERP-3018,user0010,2026-09-14,4.86,Remarquer sans réveiller.
WL-02254,CRM-1444,user0041,2026-09-14,2.06,Fortune naturel mal asseoir eau fauteuil.
WL-02255,CRM-1659,user0033,2026-09-14,5.13,Rond mentir trésor couvrir.
WL-02256,SEC-4697,user0037,2026-09-14,4.59,Vérité parfois éternel ne pas.
WL-02257,BANK-4900,user0007,2026-09-14,2.83,Occuper discuter lourd demi.
WL-02258,DATA-4962,user0020,2026-09-14,5.68,Marche ministre important herbe élément trois.
WL-02259,PORTAL-2760,user0041,2026-09-14,1.56,Mari double manier ici pièce heure étage.
WL-02260,BI-3423,user0029,2026-09-14,1.26,Départ dur vie couper humain courant.
WL-02261,PORTAL-1374,user0023,2026-09-14,7.91,Malheur choisir pendant disparaître debout rose.
WL-02262,MOB-736,user0001,2026-09-14,5.92,Usage lit essuyer autant.
WL-02263,BANK-1079,user0007,2026-09-14,3.89,Retourner fer raison trop personne.
WL-02264,BI-3785,user0031,2026-09-14,6.08,Espérer point impossible suivre.
WL-02265,ECOM-4955,user0007,2026-09-14,3.0,Agent plein pied mensonge condamner étudier.
WL-02266,BI-3172,user0027,2026-09-14,0.81,Monter mari partie travailler apporter fin.
WL-02267,BANK-4499,user0001,2026-09-14,0.64,Vie pied approcher abri tapis.
WL-02268,SEC-4394,user0041,2026-09-14,6.16,Oreille condition doux nombre trente révéler.
WL-02269,MOB-1660,user0048,2026-09-14,1.68,Événement forêt souvent apporter maître.
WL-02270,SEC-4047,user0031,2026-09-14,3.07,Envie agent lourd drôle contre intention militaire.
WL-02271,CLOUD-2446,user0001,2026-09-14,4.33,Maladie affaire tôt grâce troisième demain poche.
WL-02272,BANK-2607,user0018,2026-09-14,2.81,Accomplir éloigner rentrer réveiller réserver supérieur supérieur.
WL-02273,CRM-681,user0001,2026-09-14,1.34,Vrai important étude douleur choix rond pas.
WL-02274,MOB-956,user0049,2026-09-14,5.89,Grand règle marché surprendre nouveau là passage bois.
WL-02275,MOB-1432,user0029,2026-09-14,1.75,Éclairer couper enfoncer eh gauche rêve impossible.
WL-02276,CRM-569,user0011,2026-09-14,6.54,Seconde rouge leur tout haine désespoir.
WL-02277,ERP-4765,user0010,2026-09-14,1.19,Entourer et changement bataille nature mériter mémoire.
WL-02278,BI-861,user0026,2026-09-14,3.75,Rejeter pour condition livrer vêtir.
WL-02279,CLOUD-2487,user0018,2026-09-14,4.43,Éclat tantôt horizon parmi mot.
WL-02280,MOB-34,user0031,2026-09-14,3.54,Ce trop songer soldat glace entraîner.
WL-02281,PORTAL-391,user0017,2026-09-14,5.19,Source poussière passé imposer ruine répondre vin.
WL-02282,DATA-440,user0019,2026-09-14,7.4,Découvrir fonder lever.
WL-02283,MOB-747,user0033,2026-09-14,1.13,Erreur sous ordre voyager.
WL-02284,SEC-464,user0050,2026-09-14,6.37,Saluer ci plein presser.
WL-02285,ECOM-317,user0020,2026-09-14,5.11,Propos finir avoir prononcer joli.
WL-02286,SEC-3143,user0023,2026-09-14,3.48,Oreille unique liberté.
WL-02287,BANK-1458,user0033,2026-09-14,2.64,Indiquer enfin envie en été prévoir.
WL-02288,CRM-4798,user0011,2026-09-14,3.91,Échapper quel pays lien.
WL-02289,MOB-1253,user0049,2026-09-14,3.28,Près repas homme retenir.
WL-02290,ERP-4102,user0011,2026-09-14,1.69,Étendre oeuvre chose enfoncer garder sourire si.
WL-02291,CRM-1803,user0018,2026-09-14,3.99,Sentir perdre douze tâche parvenir maintenir.
WL-02292,CLOUD-2892,user0027,2026-09-14,6.19,Arrière lendemain croix falloir étranger journal flot long.
WL-02293,CRM-3736,user0048,2026-09-14,5.63,Inquiéter ancien fenêtre le dos palais.
WL-02294,SEC-4501,user0037,2026-09-14,5.68,Sentier croiser premier poussière fortune âme.
WL-02295,ERP-2852,user0048,2026-09-14,4.26,Beau drame animer bataille.
WL-02296,MOB-1985,user0019,2026-09-14,7.8,Frais autrement quartier entendre.
WL-02297,CRM-1461,user0019,2026-09-14,3.99,Espace étonner étendue dernier moindre preuve.
WL-02298,PORTAL-2772,user0037,2026-09-14,0.58,Cause ouvrir tôt intérêt écraser.
WL-02299,ERP-1072,user0026,2026-09-14,5.53,Sentier cinquante partager fils.
WL-02300,SEC-4994,user0011,2026-09-14,3.0,Marche drôle appuyer adresser rendre cours gris.
WL-02301,BI-2063,user0037,2026-09-14,7.52,Éclater abri traverser tuer.
WL-02302,CRM-4062,user0019,2026-09-14,4.38,Regard servir sien ordre écouter.
WL-02303,CLOUD-1306,user0042,2026-09-14,1.15,Adresser fidèle compagnie compagnie sueur.
WL-02304,PORTAL-3370,user0050,2026-09-14,2.42,Quitter raison frère droite foi sommet leur.
WL-02305,BANK-914,user0002,2026-09-14,4.29,Droite énergie coup matin.
WL-02306,CLOUD-4299,user0026,2026-09-14,3.4,Rouge depuis non raconter haut grain.
WL-02307,PORTAL-1793,user0015,2026-09-14,2.78,Témoin traiter décrire éviter année mensonge si.
WL-02308,CLOUD-4040,user0029,2026-09-14,2.55,Haine étendre venir triste me.
WL-02309,BANK-318,user0050,2026-09-14,5.78,Tendre papa révéler science mouvement roman.
WL-02310,PORTAL-3630,user0027,2026-09-14,4.79,Jaune presque capable traverser.
WL-02311,BI-85,user0037,2026-09-14,5.66,Attendre race plaire rejeter type inspirer vieillard.
WL-02312,BANK-3046,user0020,2026-09-14,7.04,Pour effort serrer divers lever.
WL-02313,BI-2458,user0041,2026-09-14,4.64,Secrétaire chemin pur étendue car dame hiver.
WL-02314,BI-22,user0045,2026-09-14,3.6,Agent direction scène asseoir sujet.
WL-02315,CLOUD-3509,user0011,2026-09-14,7.55,Surprendre étroit circonstance verser enfant semblable.
WL-02316,CLOUD-2502,user0027,2026-09-14,4.67,Exécuter fumée désespoir seulement réserver pluie.
WL-02317,ECOM-2972,user0011,2026-09-14,4.9,Source condition chacun vague société oublier.
WL-02318,PORTAL-2904,user0019,2026-09-14,7.2,Fruit savoir miser franc.
WL-02319,DATA-2851,user0033,2026-09-14,7.84,Fatigue moitié vêtir chasse maître réussir appartenir.
WL-02320,BI-2318,user0005,2026-09-14,2.67,Rappeler recueillir examiner grave suffire plutôt agir.
WL-02321,DATA-1541,user0018,2026-09-14,2.89,D'Autres trait enfermer mort désigner réflexion dès donc.
WL-02322,CLOUD-2827,user0027,2026-09-14,2.35,Impossible naturellement amour le cent vif coûter.
WL-02323,BANK-454,user0017,2026-09-14,2.63,Événement entre tracer.
WL-02324,CRM-4254,user0027,2026-09-14,3.14,Un consulter selon rappeler pauvre départ.
WL-02325,CLOUD-4106,user0012,2026-09-14,1.31,Émotion ici dent passion occuper.
WL-02326,CRM-3142,user0050,2026-09-14,0.74,Compter souvenir produire soleil violence pointe joie.
WL-02327,MOB-3669,user0001,2026-09-14,6.87,Fumer profondément briller certes.
WL-02328,BANK-3163,user0007,2026-09-14,0.91,Vivant fusil dresser mieux valeur angoisse.
WL-02329,DATA-924,user0029,2026-09-14,6.43,Soi rêver réduire fond parler pitié.
WL-02330,SEC-328,user0026,2026-09-14,2.14,Somme matin vol détacher sujet.
WL-02331,BI-2386,user0015,2026-09-14,1.04,Fil mort léger passion frère.
WL-02332,PORTAL-1245,user0012,2026-09-14,3.11,Occasion difficile créer moment vivre retour.
WL-02333,SEC-4391,user0050,2026-09-14,6.49,Juste accompagner distance feuille comme fonder le.
WL-02334,PORTAL-748,user0027,2026-09-14,3.94,Tel pays habitude nu manger joli attitude assister.
WL-02335,SEC-3108,user0029,2026-09-14,0.97,Apprendre jeune presser différent désigner.
WL-02336,SEC-652,user0048,2026-09-14,7.52,Million nous réclamer tant ville haïr réalité.
WL-02337,PORTAL-516,user0015,2026-09-14,7.91,Auquel changer cinq agiter roi troubler cher.
WL-02338,BI-4775,user0010,2026-09-14,7.34,Siège spectacle chair forêt haut portier corde.
WL-02339,MOB-4463,user0017,2026-09-14,1.64,Mur million petit.
WL-02340,SEC-567,user0027,2026-09-14,0.57,Vivant terrain école.
WL-02341,CRM-2108,user0037,2026-09-14,3.4,Voile cours fer seulement promener père le.
WL-02342,ECOM-494,user0042,2026-09-14,6.74,Rouler pouvoir fier.
WL-02343,ECOM-11,user0015,2026-09-14,2.25,Ennemi passer silence léger.
WL-02344,PORTAL-3248,user0023,2026-09-14,3.58,Été intérieur mariage interroger caractère voici escalier rompre.
WL-02345,SEC-3384,user0001,2026-09-14,3.28,Mémoire voilà douleur chiffre.
WL-02346,ECOM-2987,user0020,2026-09-14,3.35,Puis justice hors rencontre taire tracer.
WL-02347,CRM-919,user0010,2026-09-14,7.59,Enfin suivant établir grand immobile voyage.
WL-02348,CRM-1426,user0037,2026-09-14,7.17,Pleurer colon armée agiter faux colon.
WL-02349,MOB-3052,user0023,2026-09-14,3.0,Près savoir arriver rapidement âme en extraordinaire.
WL-02350,ERP-3238,user0019,2026-09-14,7.25,Haut acheter mon ignorer dresser.
WL-02351,ERP-1847,user0042,2026-09-14,5.12,Oublier cruel impossible flamme.
WL-02352,CRM-4487,user0010,2026-09-14,4.34,Attendre roi puisque fonder garde sac arracher.
WL-02353,ERP-137,user0026,2026-09-14,5.4,Quart souvenir leur choix vieux depuis amuser.
WL-02354,BANK-829,user0020,2026-09-14,4.78,Que amuser ville beau installer éternel.
WL-02355,DATA-3066,user0050,2026-09-14,1.3,Prononcer oncle doux étaler cruel.
WL-02356,CRM-4292,user0033,2026-09-14,3.67,Ouvrir respecter bout tout complètement.
WL-02357,BI-2187,user0007,2026-09-14,5.65,Briller attirer cour anglais foule masse.
WL-02358,ECOM-3058,user0010,2026-09-14,4.51,Pourtant jeune créer prison haïr.
WL-02359,BI-4743,user0045,2026-09-14,3.28,Salle joindre honneur cuisine élever agent.
WL-02360,CRM-3895,user0045,2026-09-14,5.96,Souvenir où coûter devant quelque attitude.
WL-02361,ECOM-497,user0011,2026-09-14,4.74,Travers manger toit falloir saison million curieux ministre.
WL-02362,SEC-626,user0002,2026-09-14,3.6,Cependant noir sauter falloir deviner.
WL-02363,DATA-3212,user0050,2026-09-14,5.23,Nouveau monter relever éclairer répondre vêtement.
WL-02364,SEC-1694,user0041,2026-09-14,5.65,Douze souffler monsieur ombre circonstance lieu.
WL-02365,CLOUD-1827,user0031,2026-09-14,1.55,Lien découvrir gouvernement visible habitant île école.
WL-02366,ERP-4042,user0017,2026-09-14,7.31,Quelque cercle respirer ailleurs calme dès.
WL-02367,ECOM-3776,user0002,2026-09-14,6.44,Accord ton tendre essuyer.
WL-02368,CLOUD-234,user0017,2026-09-14,1.63,Point dernier ministre haut matière paix saluer.
WL-02369,SEC-7,user0048,2026-09-14,7.17,Désespoir intérieur fil fleur.
WL-02370,MOB-1597,user0007,2026-09-14,2.8,Se connaître toucher fonder exposer.
WL-02371,CRM-4487,user0029,2026-09-14,2.49,Maître horizon détruire conversation militaire atteindre pitié.
WL-02372,CRM-378,user0012,2026-09-14,6.19,Bataille homme brûler recommencer quatre prendre prière saisir.
WL-02373,CLOUD-2205,user0037,2026-09-14,3.91,Peuple commencer attitude refuser printemps.
WL-02374,DATA-2040,user0015,2026-09-14,2.96,Odeur certes long bas.
WL-02375,CLOUD-488,user0027,2026-09-14,2.62,Portier détacher étage rapide prêter.
WL-02376,ERP-2840,user0019,2026-09-14,7.1,Juste histoire désirer nourrir contenter déjà.
WL-02377,CLOUD-470,user0010,2026-09-14,3.29,Prison sauter poussière usage.
WL-02378,ERP-3437,user0042,2026-09-14,7.52,Nature parent transformer calme pouvoir joie.
WL-02379,PORTAL-598,user0026,2026-09-14,0.6,Blanc auquel ou mode voisin.
WL-02380,CLOUD-2370,user0031,2026-09-14,2.7,Imposer ministre partout arrêter fermer.
WL-02381,PORTAL-1257,user0045,2026-09-14,5.44,Désigner élément élever.
WL-02382,PORTAL-4347,user0029,2026-09-14,5.37,Il scène vie chez.
WL-02383,BANK-3418,user0007,2026-09-14,3.98,Lourd surtout bout caractère installer bon projet.
WL-02384,PORTAL-1033,user0023,2026-09-14,2.06,Travers cinq céder rire fusil accorder.
WL-02385,SEC-4594,user0012,2026-09-14,3.75,Lueur imaginer dresser nul.
WL-02386,PORTAL-976,user0049,2026-09-14,3.34,Relation dont preuve trembler taille non à attendre.
WL-02387,CLOUD-4849,user0033,2026-09-14,5.42,Jouer peine énergie détruire soleil rire étranger.
WL-02388,SEC-2863,user0005,2026-09-14,3.26,Tout preuve rire époque.
WL-02389,BI-1894,user0019,2026-09-14,4.91,Camarade respect nul troisième honte jeune aucun.
WL-02390,BI-2672,user0018,2026-09-14,4.09,Honte existence fixer.
WL-02391,MOB-4851,user0033,2026-09-14,2.49,Étude douze geste.
WL-02392,SEC-4994,user0005,2026-09-14,1.85,Second fumer émotion comment dernier d'autres.
WL-02393,SEC-3334,user0019,2026-09-14,7.94,Mot mode dégager plaisir.
WL-02394,CLOUD-2045,user0031,2026-09-14,3.22,Dangereux cesser ensemble lentement enlever.
WL-02395,ECOM-4715,user0050,2026-09-14,5.58,Demeurer compagnie santé grand.
WL-02396,MOB-2670,user0001,2026-09-14,0.67,Casser cheveu haut un impression.
WL-02397,ECOM-2879,user0037,2026-09-14,4.63,Fil arme intérieur remplir famille.
WL-02398,DATA-3339,user0023,2026-09-14,1.92,Recueillir reconnaître l'un nommer.
WL-02399,PORTAL-2644,user0027,2026-09-14,7.23,Naturel as saison venir terreur alors.
WL-02400,DATA-4033,user0001,2026-09-14,7.07,Français résultat renverser force pour note.
WL-02401,SEC-4995,user0019,2026-09-14,4.34,Glace achever an.
WL-02402,ERP-2818,user0018,2026-09-14,3.26,Secret pendre compagnie supposer essayer écrire réflexion.
WL-02403,CRM-3380,user0020,2026-09-14,6.22,Eh voiture rapide course lutter faire.
WL-02404,MOB-4215,user0026,2026-09-14,0.73,Absence serrer conversation bois lequel.
WL-02405,CRM-4258,user0005,2026-09-14,1.12,Après garde oiseau.
WL-02406,SEC-3883,user0048,2026-09-14,6.56,Violence casser bouche.
WL-02407,DATA-2754,user0041,2026-09-14,6.21,Donner capable regard terre voyager sentier.
WL-02408,BANK-530,user0041,2026-09-14,6.07,Repousser lien aile soumettre ouvert arrière poser.
WL-02409,ECOM-3003,user0031,2026-09-14,1.81,Admettre feu chien écrire militaire chaise marcher.
WL-02410,ERP-1818,user0011,2026-09-14,5.77,Accompagner beau bien loin larme étendre repas sombre.
WL-02411,BANK-863,user0027,2026-09-14,7.67,Lui premier chercher blond endroit ce.
WL-02412,DATA-4702,user0007,2026-09-14,3.13,Plein succès compagnon rocher forme.
WL-02413,SEC-4082,user0049,2026-09-14,6.04,Art compte chercher rejoindre maison terminer.
WL-02414,ECOM-422,user0020,2026-09-14,2.43,Colère nature coin douter perdre heureux.
WL-02415,ERP-4876,user0007,2026-09-14,4.14,Exiger devenir président demi grâce quand.
WL-02416,ERP-1742,user0033,2026-09-14,2.77,Parfois clef sourd pensée vie temps oser.
WL-02417,BANK-3492,user0027,2026-09-14,0.87,Visage pas profond contenir cinquante allumer.
WL-02418,DATA-3497,user0037,2026-09-14,6.22,Trembler traîner réflexion enfant.
WL-02419,PORTAL-1928,user0031,2026-09-14,6.54,Ministre dur remettre devenir étouffer.
WL-02420,CRM-816,user0007,2026-09-14,1.19,Obliger course aussi quartier un chez d'autres entraîner.
WL-02421,CLOUD-4240,user0037,2026-09-14,0.7,Retirer relever ceci source esprit celui achever étoile.
WL-02422,ERP-3022,user0041,2026-09-14,0.59,Conversation dire admettre aimer.
WL-02423,SEC-4668,user0045,2026-09-14,2.8,Flot tel car.
WL-02424,BANK-4392,user0015,2026-09-14,4.24,Cruel puissance troubler geste âme tracer intérieur.
WL-02425,ERP-3327,user0023,2026-09-14,7.38,Regard complet acheter seigneur.
WL-02426,CLOUD-3955,user0041,2026-09-14,7.05,Chute habitude inquiétude titre avance désert accuser ne.
WL-02427,SEC-3709,user0027,2026-09-14,4.57,Arracher ciel esprit poste travail but douter.
WL-02428,CRM-1473,user0011,2026-09-14,4.66,Un son paysage sous rapport.
WL-02429,BANK-4335,user0011,2026-09-14,5.33,Celui riche discours as.
WL-02430,ECOM-3027,user0027,2026-09-14,2.66,Curiosité police position choix prince.
WL-02431,CRM-984,user0029,2026-09-14,5.15,Sauvage signe appartement.
WL-02432,SEC-3543,user0015,2026-09-14,7.82,Court soin chance marche.
WL-02433,MOB-1204,user0015,2026-09-14,3.46,Social famille vision mouvement.
WL-02434,BI-3386,user0026,2026-09-14,1.16,Parfois apprendre rapide calme.
WL-02435,ERP-2939,user0045,2026-09-14,4.25,Sentiment écarter avance votre.
WL-02436,DATA-3923,user0048,2026-09-14,3.64,Enfin chose bonheur attendre savoir.
WL-02437,PORTAL-1354,user0026,2026-09-14,5.79,Pain jardin secours plus souffler pareil conclure ligne.
WL-02438,SEC-1399,user0027,2026-09-14,3.73,Âgé comme marier vide pouvoir.
WL-02439,ERP-1285,user0029,2026-09-14,5.67,Haut charge poids demain.
WL-02440,CLOUD-3513,user0020,2026-09-14,7.9,Groupe désir soumettre.
WL-02441,CLOUD-4972,user0029,2026-09-14,1.3,Ramener parole après séparer auquel réduire doux.
WL-02442,PORTAL-2913,user0031,2026-09-14,3.95,Lèvre vous certain dire créer étouffer.
WL-02443,DATA-711,user0033,2026-09-14,6.42,Exemple inventer colère chaud air traiter.
WL-02444,BANK-1593,user0002,2026-09-14,1.41,Force prendre effort vague mauvais.
WL-02445,PORTAL-4809,user0033,2026-09-14,6.82,Confiance ciel annoncer.
WL-02446,DATA-1013,user0031,2026-09-14,7.67,Défaut sourd réduire entre vers.
WL-02447,ECOM-1747,user0029,2026-09-14,3.02,Quant À raison masse.
WL-02448,CRM-1315,user0029,2026-09-14,2.95,Importer précieux terminer.
WL-02449,CRM-3708,user0019,2026-09-14,4.93,Observer effort prouver ensuite bonheur rejoindre.
WL-02450,SEC-3467,user0023,2026-09-14,1.14,Voisin rocher confier réponse si engager million.
WL-02451,BI-4898,user0045,2026-09-14,4.73,En inquiéter haut facile tuer vendre.
WL-02452,BI-1740,user0011,2026-09-14,1.77,Quoi raconter tempête inconnu espoir repousser.
WL-02453,CRM-4689,user0041,2026-09-14,2.34,Secours expression simple vers puissant tempête.
WL-02454,BANK-3048,user0048,2026-09-14,3.69,Rapporter discussion afin de chair livrer lisser conclure.
WL-02455,MOB-420,user0018,2026-09-14,4.41,Marcher divers avant nécessaire elle composer.
WL-02456,ERP-3752,user0031,2026-09-14,2.95,Règle notre obliger continuer.
WL-02457,MOB-237,user0033,2026-09-14,4.32,Gauche jeunesse courir sentir théâtre envelopper.
WL-02458,BANK-443,user0005,2026-09-14,1.91,Musique âme larme remonter couche affaire décider toucher.
WL-02459,BI-2985,user0023,2026-09-14,2.16,Entendre sombre paix larme paysage trésor.
WL-02460,CLOUD-4904,user0011,2026-09-14,1.08,Sein également attitude jour cheval troisième endroit battre.
WL-02461,BANK-1123,user0029,2026-09-14,5.13,Rêve demander guerre paysan paupière passé.
WL-02462,ERP-105,user0041,2026-09-14,2.02,Nous avoir matin tourner cher.
WL-02463,PORTAL-926,user0007,2026-09-14,1.23,Puis déclarer écrire quelque.
WL-02464,ECOM-1491,user0029,2026-09-14,6.39,Retrouver troubler jambe figure grâce.
WL-02465,CRM-3417,user0019,2026-09-14,7.86,Marchand crier anglais très pour secours.
WL-02466,MOB-1362,user0020,2026-09-14,6.47,Lors instinct événement autre note certes découvrir.
WL-02467,ERP-29,user0015,2026-09-14,3.35,Peu soumettre libre.
WL-02468,CLOUD-354,user0012,2026-09-14,7.97,Compter gauche espace colline.
WL-02469,ERP-2403,user0029,2026-09-14,5.8,Engager espèce neuf éteindre coup delà.
WL-02470,ECOM-1307,user0037,2026-09-14,5.56,Air retomber ressembler nombre acheter dent.
WL-02471,CRM-596,user0017,2026-09-14,2.38,Fonction preuve vers.
WL-02472,BI-2544,user0048,2026-09-14,1.96,Ça rouge accent an frapper.
WL-02473,BI-540,user0015,2026-09-14,3.63,Village distinguer séparer venir gens respecter pièce.
WL-02474,ERP-1252,user0027,2026-09-14,0.8,Sou roi tache choix tête rouge deux revoir.
WL-02475,CLOUD-4740,user0023,2026-09-14,1.26,Fil sujet folie risquer penser.
WL-02476,CRM-3768,user0012,2026-09-14,7.54,Fumée amuser représenter pouvoir.
WL-02477,ECOM-2671,user0029,2026-09-14,3.46,Haut écrire non décrire digne billet.
WL-02478,BANK-3474,user0002,2026-09-14,7.05,Chat enfermer cependant précis ton allumer naissance.
WL-02479,BANK-3515,user0019,2026-09-14,1.87,Donner sauter payer prévoir quelque mariage.
WL-02480,SEC-1586,user0042,2026-09-14,7.24,Armer puis conversation payer.
WL-02481,ECOM-3625,user0005,2026-09-14,5.01,Précéder gouvernement enfant rose arrière.
WL-02482,CLOUD-2837,user0029,2026-09-14,5.76,Société goût saint autorité tard bas parler.
WL-02483,CRM-1427,user0037,2026-09-14,4.01,Donc recevoir rapidement ton.
WL-02484,MOB-3821,user0007,2026-09-14,7.48,Couvrir théâtre situation raconter impossible.
WL-02485,MOB-2305,user0015,2026-09-14,6.25,Chaîne partout éloigner soudain exister moins voler.
WL-02486,SEC-467,user0015,2026-09-14,7.66,Ce flamme triste secret réclamer.
WL-02487,BANK-3864,user0031,2026-09-14,4.76,Vous sens eau idée debout.
WL-02488,PORTAL-4078,user0033,2026-09-14,0.67,Gros ajouter pain course neuf.
WL-02489,CLOUD-3710,user0029,2026-09-14,1.97,Prix te agir chez.
WL-02490,MOB-3957,user0005,2026-09-14,0.54,Passer cas circonstance plein.
WL-02491,SEC-1415,user0033,2026-09-14,0.87,Brusquement souffler habiter creuser.
WL-02492,DATA-2803,user0041,2026-09-14,5.72,Simple aventure autour.
WL-02493,ERP-13,user0010,2026-09-14,1.67,Prouver garçon nécessaire.
WL-02494,CLOUD-4530,user0001,2026-09-14,5.54,Que service ordre vaste craindre.
WL-02495,ERP-2293,user0049,2026-09-14,4.65,Douleur naturellement papa vraiment dos prier.
WL-02496,BANK-443,user0048,2026-09-14,4.85,Santé état fort chercher souffrir deux.
WL-02497,ECOM-2374,user0048,2026-09-14,5.78,Très toujours exemple offrir.
WL-02498,BI-2612,user0037,2026-09-14,7.59,Rouge en éteindre sang.
WL-02499,BANK-454,user0033,2026-09-14,3.25,Roi toute plaindre page enfance comme rang.
WL-02500,BI-3535,user0031,2026-09-14,7.55,Lequel suivre chant.
WL-02501,BANK-2958,user0027,2026-09-14,6.19,Large indiquer ordre terminer chef oh.
WL-02502,PORTAL-1790,user0023,2026-09-14,7.12,L'Un sauver étudier grâce.
WL-02503,DATA-4909,user0018,2026-09-14,4.78,Habitant jeter neuf voix seigneur nouveau goutte.
WL-02504,BI-2386,user0019,2026-09-14,1.33,Or rang partir personne seulement.
WL-02505,DATA-4358,user0017,2026-09-14,6.12,Nuit anglais précipiter transformer ruine.
WL-02506,ECOM-1605,user0033,2026-09-14,3.07,Aucun marché animal trou forcer.
WL-02507,BANK-2389,user0041,2026-09-14,4.51,Souffrir soulever près quarante blanc.
WL-02508,CRM-1997,user0010,2026-09-14,3.94,Précipiter voix pouvoir contraire trésor paupière contre revenir.
WL-02509,SEC-3227,user0042,2026-09-14,2.16,Révolution lieu autant occuper corps pain.
WL-02510,ERP-2087,user0012,2026-09-14,3.94,Si soudain rose flamme.
WL-02511,BANK-81,user0026,2026-09-14,5.6,Trace sien compagnie valoir pointe.
WL-02512,SEC-2635,user0033,2026-09-14,6.62,Élément gens jeunesse dégager.
WL-02513,ERP-1258,user0011,2026-09-14,5.66,Titre très aile danger.
WL-02514,CLOUD-203,user0033,2026-09-14,4.63,Pointe reprendre que juger tour vide.
WL-02515,BI-2568,user0023,2026-09-14,1.79,Dominer arracher discours inviter cinquante.
WL-02516,SEC-4352,user0048,2026-09-14,4.82,Rapide cruel moitié chasse grandir du.
WL-02517,BANK-3655,user0017,2026-09-14,3.39,Consentir verre visible quatre âme.
WL-02518,ECOM-2575,user0049,2026-09-14,0.98,Fier monde bras trente éloigner naturellement bruit ressembler.
WL-02519,CLOUD-215,user0023,2026-09-14,5.94,Règle système défendre faux réfléchir vendre large.
WL-02520,CLOUD-3762,user0019,2026-09-14,0.57,Montagne couper événement souvenir or or.
WL-02521,CLOUD-3272,user0048,2026-09-14,4.53,Vêtement dix soin savoir.
WL-02522,SEC-1691,user0011,2026-09-14,3.12,Avance derrière compter madame doucement.
WL-02523,MOB-3948,user0027,2026-09-14,1.76,Envoyer chaise avec intention histoire fatiguer grandir détail.
WL-02524,BANK-1749,user0023,2026-09-14,5.08,Moindre crier comment comme trois grave.
WL-02525,SEC-3925,user0027,2026-09-14,7.22,Toujours soi inutile prince rare.
WL-02526,CRM-804,user0029,2026-09-14,2.65,Aussi capable depuis notre prononcer beaucoup arrivée tu.
WL-02527,PORTAL-3794,user0026,2026-09-14,2.91,Tendre ami front ventre troisième diriger.
WL-02528,DATA-363,user0031,2026-09-14,7.94,Consentir simple dominer l'une confondre.
WL-02529,ERP-1549,user0037,2026-09-14,4.73,Passer oiseau suivant arriver secours lutter saint.
WL-02530,ECOM-1900,user0050,2026-09-14,0.52,Extraordinaire auquel voile paupière rien temps.
WL-02531,BI-2513,user0049,2026-09-14,5.39,Salut enfance toit type sauter relever oser papa.
WL-02532,BI-3469,user0020,2026-09-14,3.76,Ignorer sombre refuser peu.
WL-02533,BI-1003,user0050,2026-09-14,2.39,Se île vieux etc fine.
WL-02534,CRM-846,user0012,2026-09-14,3.83,Derrière matière confier.
WL-02535,MOB-739,user0041,2026-09-14,5.98,Problème passage si salut rejeter suivre.
WL-02536,BI-2966,user0011,2026-09-14,2.23,Attaquer subir forme loi mois.
WL-02537,ECOM-2810,user0026,2026-09-14,4.94,Frère mêler avoir étoile étonner religion éviter.
WL-02538,PORTAL-548,user0041,2026-09-14,3.89,Fermer réel profond souvenir neuf contre.
WL-02539,CLOUD-382,user0049,2026-09-14,1.2,Aide grâce émotion public réclamer cacher danser.
WL-02540,PORTAL-3358,user0018,2026-09-14,3.27,Vendre recueillir convenir journée charge barbe.
WL-02541,PORTAL-4479,user0015,2026-09-14,7.91,Voici parti angoisse maladie mot supposer écouter entretenir.
WL-02542,DATA-907,user0019,2026-09-14,4.19,Groupe pourquoi produire essuyer annoncer docteur caresser.
WL-02543,PORTAL-4388,user0005,2026-09-14,4.19,Plaine village assurer indiquer principe.
WL-02544,SEC-587,user0027,2026-09-14,1.61,Vif même elle dresser.
WL-02545,BI-4542,user0026,2026-09-14,7.28,École vent conseil papier beau claire aller parole.
WL-02546,CLOUD-3252,user0041,2026-09-14,1.23,Reprendre écraser partager haut perdre profond île.
WL-02547,BI-4729,user0018,2026-09-14,6.61,Depuis larme finir lier.
WL-02548,PORTAL-2227,user0011,2026-09-14,1.85,Remplir réveiller condition dehors politique.
WL-02549,CLOUD-4002,user0002,2026-09-14,3.06,Police pourquoi eh toujours absence bonheur davantage.
WL-02550,CRM-1574,user0026,2026-09-14,6.82,Fait marche chaud voiture cent conduire affirmer.
WL-02551,ERP-661,user0050,2026-09-14,1.34,Type peau reculer machine circonstance neuf phrase.
WL-02552,BI-3466,user0041,2026-09-14,4.9,Feuille bataille prince ici imaginer.
WL-02553,ECOM-4649,user0045,2026-09-14,7.54,Oreille contenir rencontre accord croix fils pendant.
WL-02554,ERP-935,user0002,2026-09-14,5.31,Événement haut bouche âgé prendre doigt fenêtre.
WL-02555,CRM-425,user0015,2026-09-14,4.19,Lequel vieillard haïr.
WL-02556,CRM-945,user0050,2026-09-14,1.6,Haine compter aile heureux montagne.
WL-02557,PORTAL-1196,user0015,2026-09-14,6.04,Attention nécessaire quel continuer.
WL-02558,SEC-2234,user0002,2026-09-14,5.84,Saint causer côté armer glace gauche saisir.
WL-02559,PORTAL-2235,user0042,2026-09-14,5.43,Accord libre ouvrir santé ouvrage nation avec.
WL-02560,BANK-4784,user0012,2026-09-14,7.75,Tourner traiter soulever branche finir simplement.
WL-02561,BANK-481,user0050,2026-09-14,1.08,Ministre impossible vêtement oser.
WL-02562,ERP-2510,user0001,2026-09-14,1.59,Même phrase d'autres rouge tendre.
WL-02563,BI-1170,user0048,2026-09-14,2.39,Moitié saint prévenir trois.
WL-02564,ERP-433,user0007,2026-09-14,4.13,Franchir chanter mettre perdre.
WL-02565,MOB-31,user0045,2026-09-14,3.26,Après valoir semaine soutenir oeuvre.
WL-02566,SEC-4281,user0045,2026-09-14,4.5,Tuer surveiller ton y.
WL-02567,CLOUD-261,user0010,2026-09-14,5.88,Secours cheval valeur quelque combien.
WL-02568,BI-3391,user0020,2026-09-14,7.23,Relever pluie tellement social vue.
WL-02569,ERP-2169,user0010,2026-09-14,1.85,Vite maladie silencieux vers.
WL-02570,BI-1898,user0050,2026-09-14,5.03,D'Autres appartenir discussion animer gauche part.
WL-02571,SEC-551,user0005,2026-09-14,7.76,Âme étranger sable perte beaux passage condition.
WL-02572,CLOUD-3865,user0007,2026-09-14,7.76,Ce étranger cher faux abattre ventre adresser.
WL-02573,DATA-9,user0045,2026-09-14,6.32,Épais chef courir leur genou retenir.
WL-02574,MOB-1660,user0045,2026-09-14,2.52,Interrompre cour tôt aimer après sérieux.
WL-02575,BI-2831,user0002,2026-09-14,7.41,Pierre médecin savoir devoir poser quatre.
WL-02576,BI-2191,user0010,2026-09-14,6.62,Marquer pendant grandir chair chance tellement face.
WL-02577,ERP-4648,user0010,2026-09-14,0.74,Visible défaut chasser égal.
WL-02578,MOB-1456,user0017,2026-09-14,6.66,Fatigue détail vieil seuil.
WL-02579,ECOM-3453,user0049,2026-09-14,2.64,Depuis acheter mais compagnon vérité rentrer grandir.
WL-02580,MOB-2257,user0017,2026-09-14,7.99,Grain son défaut immense.
WL-02581,DATA-1922,user0033,2026-09-14,5.37,Valoir vie bataille cercle.
WL-02582,ERP-4111,user0031,2026-09-14,3.54,Davantage seigneur résistance quel tout fier.
WL-02583,PORTAL-4484,user0031,2026-09-14,7.47,Accrocher aider propos combat chef rose cesse caresser.
WL-02584,MOB-602,user0010,2026-09-14,6.85,Crier entier dame je fils comprendre.
WL-02585,ECOM-1116,user0020,2026-09-14,3.48,Fruit content conclure lune situation.
WL-02586,BANK-1969,user0012,2026-09-14,3.84,Chaîne tout lourd égal.
WL-02587,PORTAL-564,user0037,2026-09-14,7.83,Silence silencieux condition frais ce billet.
WL-02588,SEC-858,user0027,2026-09-14,6.13,Drôle vague réflexion troubler passage social chose.
WL-02589,BANK-3888,user0015,2026-09-14,4.54,Dessiner taire toi ailleurs train fixe mourir mort.
WL-02590,SEC-796,user0001,2026-09-14,6.87,Plusieurs réduire mourir marcher ombre résister.
WL-02591,DATA-788,user0020,2026-09-14,1.76,Petit circonstance taire été rentrer passage amener.
WL-02592,DATA-2851,user0019,2026-09-14,7.06,Forêt mot livrer bout lire dès enfermer.
WL-02593,BANK-247,user0041,2026-09-14,5.93,Nature fine passion paraître violence.
WL-02594,BANK-3023,user0026,2026-09-14,3.11,Pousser endroit dont vite coûter finir.
WL-02595,CLOUD-1400,user0033,2026-09-14,3.34,Événement plaisir fuir voyage gagner.
WL-02596,CLOUD-405,user0007,2026-09-14,4.58,Tu ne repas tout court autre.
WL-02597,DATA-1764,user0001,2026-09-14,7.94,Un risquer fond phrase.
WL-02598,BANK-2865,user0050,2026-09-14,5.54,Souhaiter pleurer colline trait selon vers tout.
WL-02599,BI-2171,user0018,2026-09-14,3.81,Mon ciel monsieur peine essuyer blond.
WL-02600,ECOM-1073,user0011,2026-09-14,7.94,Humain connaissance lendemain rocher aussi billet.
WL-02601,ERP-897,user0011,2026-09-14,7.3,Savoir homme nommer oncle pendant mouvement spectacle mariage.
WL-02602,BI-3210,user0031,2026-09-14,4.49,Pièce quitter chute.
WL-02603,CRM-3707,user0027,2026-09-14,7.98,Sentir ferme fatiguer distinguer.
WL-02604,BI-3462,user0026,2026-09-14,7.73,Voisin aider figure bande.
WL-02605,DATA-3196,user0015,2026-09-14,4.92,Ordre oreille second retenir sorte cour fauteuil coup.
WL-02606,ERP-2405,user0041,2026-09-14,4.37,Permettre rôle rêver vendre tout plan énergie.
WL-02607,CRM-2485,user0023,2026-09-14,4.39,Atteindre faire ordre juge.
WL-02608,ECOM-2140,user0005,2026-09-14,2.11,Étude bien expression trou projet.
WL-02609,DATA-3080,user0020,2026-09-14,7.55,Minute donner effort papier.
WL-02610,DATA-47,user0005,2026-09-14,7.0,Ennemi pendre paraître tapis échapper force.
WL-02611,ECOM-1029,user0027,2026-09-14,0.54,Papier comprendre appuyer désir sérieux autant éclat compagnon.
WL-02612,ECOM-457,user0007,2026-09-14,3.22,Moyen ce frapper qui dehors complet.
WL-02613,BI-848,user0045,2026-09-14,2.13,Blanc pourquoi tantôt causer.
WL-02614,SEC-2342,user0023,2026-09-14,7.17,Nation compter servir former intérieur feu.
WL-02615,BI-4436,user0041,2026-09-14,5.29,Préférer pluie soirée.
WL-02616,CLOUD-647,user0049,2026-09-14,3.97,Passé petit craindre indiquer engager.
WL-02617,DATA-4999,user0002,2026-09-14,4.48,Nombreux droit heure sourd étendre.
WL-02618,ECOM-1472,user0001,2026-09-14,4.02,Attirer oeil trésor hors joindre silencieux.
WL-02619,BI-1168,user0002,2026-09-14,6.6,Français pur accuser vivre compter.
WL-02620,MOB-3284,user0042,2026-09-14,0.73,Certain ce mort diriger.
WL-02621,PORTAL-3144,user0042,2026-09-14,4.89,Tapis famille absence un abandonner glace arracher.
WL-02622,CLOUD-3483,user0017,2026-09-14,6.11,Répéter goutte crier trouver aujourd'hui.
WL-02623,SEC-3315,user0019,2026-09-14,4.21,Avec contraire revenir fille moindre mois regard.
WL-02624,ECOM-2492,user0010,2026-09-14,7.54,Traverser protéger défaut inquiétude voyager aile parfaitement absolu.
WL-02625,SEC-3010,user0041,2026-09-14,3.66,Qualité delà parti rose.
WL-02626,BI-2543,user0041,2026-09-14,1.96,Ensemble sur sonner blond.
WL-02627,ERP-3886,user0033,2026-09-14,7.38,Consulter demande double.
WL-02628,CLOUD-2965,user0045,2026-09-14,0.58,Vieillard inviter eh âme ensemble envelopper.
WL-02629,BANK-1979,user0011,2026-09-14,1.41,Quoi autrement avoir secrétaire étudier.
WL-02630,MOB-4985,user0011,2026-09-14,3.09,Vision aventure seconde toit habiter préparer secret sien.
WL-02631,CLOUD-38,user0031,2026-09-14,2.89,Préférer éteindre sombre appartement éloigner maintenant exprimer.
WL-02632,PORTAL-4606,user0011,2026-09-14,6.4,Ni avec pleurer décrire.
WL-02633,BANK-2615,user0049,2026-09-14,7.23,Secret contraire loin ministre lors distinguer couvrir.
WL-02634,ERP-1251,user0029,2026-09-14,5.02,Front terre absolu source.
WL-02635,BANK-1059,user0033,2026-09-14,6.59,Travailler souffler trois rang plusieurs endormir.
WL-02636,CRM-3438,user0033,2026-09-14,2.46,Valoir connaître honte importer colon parmi.
WL-02637,BI-1189,user0026,2026-09-14,3.95,Terrible école inventer principe jardin beau chercher tâche.
WL-02638,CRM-3333,user0017,2026-09-14,1.85,Rire prévoir arrière sourire.
WL-02639,BI-4991,user0029,2026-09-14,7.51,Noir avec peser puissance intérieur dur.
WL-02640,CLOUD-2713,user0005,2026-09-14,5.24,Docteur vide tant honte chiffre paquet porte droit.
WL-02641,ECOM-3362,user0042,2026-09-14,5.02,Réfléchir arrivée enlever hors extraordinaire choix fil.
WL-02642,CLOUD-857,user0031,2026-09-14,6.81,Moindre pensée espace éternel puisque puis suffire désigner.
WL-02643,CLOUD-229,user0019,2026-09-14,6.89,Pied âgé amuser chaleur défendre dresser.
WL-02644,DATA-3599,user0027,2026-09-14,2.99,Un ni nu bruit rideau médecin.
WL-02645,ERP-406,user0015,2026-09-14,1.76,Entier dessiner voilà.
WL-02646,PORTAL-148,user0045,2026-09-14,6.28,Principe rendre groupe sentir.
WL-02647,CRM-4801,user0048,2026-09-14,7.8,Autour monde autant fleur tendre sueur éclater plusieurs.
WL-02648,BI-2540,user0033,2026-09-14,1.09,Haïr permettre lutte saison.
WL-02649,DATA-685,user0041,2026-09-14,2.16,L'Un violence plus.
WL-02650,MOB-2610,user0029,2026-09-14,2.06,Pied étouffer demi groupe semaine réalité sur.
WL-02651,BI-3351,user0002,2026-09-14,1.39,Moitié instinct reconnaître.
WL-02652,PORTAL-3920,user0012,2026-09-14,5.92,Cinquante préparer tel seuil chemin arrêter.
WL-02653,BANK-3006,user0020,2026-09-14,3.97,Deviner désert principe verre sac certainement.
WL-02654,ERP-1736,user0042,2026-09-14,3.59,Travailler admettre nourrir côté contraire compter courage.
WL-02655,CRM-1557,user0012,2026-09-14,6.54,Quand révolution étage vraiment voyager bonheur.
WL-02656,BI-3109,user0026,2026-09-14,7.29,Silencieux cuisine acheter longtemps faux an.
WL-02657,SEC-2053,user0020,2026-09-14,1.7,Fruit bientôt plaindre autrefois aventure.
WL-02658,CRM-2770,user0002,2026-09-14,5.86,Surprendre meilleur charger le renverser.
WL-02659,CLOUD-466,user0049,2026-09-14,2.34,Retrouver souvenir police précéder face difficile.
WL-02660,BI-1143,user0002,2026-09-14,3.3,Preuve réponse creuser ça pendant soumettre.
WL-02661,PORTAL-2596,user0017,2026-09-14,5.48,Justice fils goutte doucement.
WL-02662,ECOM-1006,user0031,2026-09-14,0.59,Sommeil tache passion également.
WL-02663,BI-943,user0027,2026-09-14,0.71,Camarade article cour répandre.
WL-02664,SEC-3788,user0011,2026-09-14,7.05,Toi travers froid sombre petit tout depuis.
WL-02665,BANK-3932,user0033,2026-09-14,7.07,Instinct derrière assurer signe.
WL-02666,ERP-181,user0012,2026-09-14,0.86,Vouloir trace passé difficile.
WL-02667,MOB-117,user0037,2026-09-14,7.84,Fonction intérêt chercher mesure vide.
WL-02668,MOB-1238,user0027,2026-09-14,3.2,Te absolument capable tombe en parcourir paix.
WL-02669,CRM-2038,user0037,2026-09-14,3.17,Haute signe mesure chiffre toi dernier naître jardin.
WL-02670,PORTAL-4539,user0042,2026-09-14,0.99,Tenter fixer sortir pensée abri cercle rapidement projet.
WL-02671,SEC-2373,user0005,2026-09-14,6.31,Donc blond grave circonstance douceur sauver.
WL-02672,BI-4767,user0031,2026-09-14,3.51,Clair sien parfois signer.
WL-02673,PORTAL-1807,user0045,2026-09-14,4.87,Visite couleur précis produire obéir défaut secours.
WL-02674,SEC-3191,user0010,2026-09-14,6.46,Système liberté dent.
WL-02675,ERP-3937,user0002,2026-09-14,6.67,Complètement âge lueur rassurer remarquer.
WL-02676,MOB-3284,user0020,2026-09-14,2.68,Profiter taille qui garder militaire général ramener.
WL-02677,DATA-832,user0002,2026-09-14,0.64,Seulement lèvre car pendant mentir ni coeur.
WL-02678,PORTAL-171,user0005,2026-09-14,3.05,Auprès entre chaque fenêtre fauteuil.
WL-02679,BANK-2756,user0029,2026-09-14,4.27,Puis vague mode croire terrible ci.
WL-02680,PORTAL-1349,user0002,2026-09-14,1.15,Risquer réclamer avant ami car fortune personne.
WL-02681,SEC-1150,user0019,2026-09-14,3.48,Nourrir folie parcourir ton trop aimer frapper.
WL-02682,CLOUD-278,user0023,2026-09-14,5.9,Même danser humide élever reculer longtemps.
WL-02683,BANK-1053,user0017,2026-09-14,5.43,Couvrir payer moyen avoir.
WL-02684,SEC-3467,user0007,2026-09-14,2.04,Couvrir prière l'un compte montagne charger compter.
WL-02685,SEC-1654,user0045,2026-09-14,4.58,Reste voile très rang beau mériter.
WL-02686,CLOUD-1155,user0031,2026-09-14,5.51,Cent traîner sombre voile.
WL-02687,BI-1809,user0002,2026-09-14,2.0,Seulement libre étonner lit perdu chef présenter.
WL-02688,CLOUD-4854,user0031,2026-09-14,1.6,Reconnaître fumer papa froid prêter ruine.
WL-02689,BANK-2081,user0049,2026-09-14,2.63,Défaut parent volonté sens bonheur doute cacher compagnie.
WL-02690,CLOUD-4836,user0010,2026-09-14,4.14,Valeur promener intention terreur peuple oui demain.
WL-02691,MOB-2944,user0033,2026-09-14,1.09,Dessiner ou question oeuvre chemise un officier lequel.
WL-02692,DATA-4575,user0031,2026-09-14,2.62,Pourtant d'autres baisser leur énorme arrivée mine.
WL-02693,ECOM-2224,user0026,2026-09-14,4.55,Secret soulever politique lever humain mille prévenir quoi.
WL-02694,PORTAL-4293,user0017,2026-09-14,5.48,Assister séparer le muet importer aujourd'hui.
WL-02695,BANK-3128,user0019,2026-09-14,1.31,Trop colline escalier coup très mort perdu sec.
WL-02696,MOB-3900,user0023,2026-09-14,4.56,Deviner soutenir verre.
WL-02697,BANK-1884,user0049,2026-09-14,1.26,Là regretter intelligence comme garder honte poésie.
WL-02698,ERP-3018,user0033,2026-09-14,2.73,Disposer juge ferme creuser mode siège suivant.
WL-02699,DATA-1633,user0023,2026-09-14,3.09,Vin danser pourquoi livrer sentiment père.
WL-02700,PORTAL-4418,user0045,2026-09-14,2.49,Dame retrouver étudier poids entier journée.
WL-02701,MOB-3150,user0048,2026-09-14,1.87,Anglais couler mon pouvoir dame près plus.
WL-02702,CLOUD-488,user0011,2026-09-14,2.82,Huit robe objet taire.
WL-02703,ECOM-3480,user0020,2026-09-14,7.27,Saint défaut personnage effacer âge à.
WL-02704,DATA-3749,user0019,2026-09-14,6.91,Semblable continuer saison former.
WL-02705,ERP-4152,user0005,2026-09-14,5.79,Lourd vérité arracher autant transformer absolu avouer fou.
WL-02706,BI-3910,user0041,2026-09-14,1.11,Geste affirmer remarquer soit contenir d'abord.
WL-02707,ERP-462,user0019,2026-09-14,6.37,Donner prendre cheval auprès bonheur avouer obéir.
WL-02708,PORTAL-4544,user0020,2026-09-14,5.9,Chien apprendre raison importance froid passer yeux tandis que.
WL-02709,MOB-1225,user0011,2026-09-14,1.9,Qui trois qui discussion.
WL-02710,ERP-2564,user0010,2026-09-14,3.5,Vraiment est abattre personne soin intérieur calme.
WL-02711,PORTAL-3850,user0033,2026-09-14,6.91,Enfermer route dieu chance aimer rue.
WL-02712,BANK-1749,user0010,2026-09-14,4.45,Instant pénétrer examiner circonstance honneur.
WL-02713,PORTAL-3806,user0049,2026-09-14,4.64,Effet endroit entre durant frais inutile abattre.
WL-02714,BANK-2541,user0012,2026-09-14,7.38,Taille taire menacer violent occasion elle chez chasse.
WL-02715,ERP-583,user0020,2026-09-14,4.75,Secrétaire faim dominer retour valeur.
WL-02716,CRM-4674,user0042,2026-09-14,4.27,Révéler loi écarter clef tout lui.
WL-02717,CLOUD-3060,user0007,2026-09-14,0.95,Titre fumer hasard vingt.
WL-02718,PORTAL-1983,user0005,2026-09-14,3.92,Du rapporter journée réflexion.
WL-02719,MOB-2869,user0005,2026-09-14,1.42,Goût briller cours donc renoncer état direction.
WL-02720,BANK-1616,user0026,2026-09-14,3.86,Drôle hiver succès roi roman françois doute frapper.
WL-02721,ERP-4763,user0023,2026-09-14,7.61,Mieux hésiter former sens vêtir douceur.
WL-02722,CRM-3457,user0049,2026-09-14,4.03,Doucement sommeil liberté sourd.
WL-02723,PORTAL-193,user0012,2026-09-14,4.25,Maintenant semaine comment compter comprendre pas vue.
WL-02724,CLOUD-3941,user0048,2026-09-14,6.01,Bon énergie promettre valeur tu après sauver paysan.
WL-02725,PORTAL-2806,user0033,2026-09-14,6.03,Fonder réponse moins avec apparence.
WL-02726,CLOUD-2228,user0049,2026-09-14,4.14,Mourir fin reposer.
WL-02727,ERP-2358,user0015,2026-09-14,3.13,Reculer répéter fuir pays sans rêve glace.
WL-02728,CLOUD-4800,user0020,2026-09-14,5.63,Ou pauvre nouveau aucun.
WL-02729,SEC-322,user0031,2026-09-14,2.57,Recommencer sorte calmer moi debout hôtel curiosité.
WL-02730,MOB-4277,user0048,2026-09-14,4.97,Histoire neuf hasard certain.
WL-02731,CLOUD-4299,user0023,2026-09-14,2.66,Drame dur nord empêcher là blanc douceur difficile.
WL-02732,SEC-4134,user0023,2026-09-14,5.08,Enlever poussière image puisque.
WL-02733,ECOM-423,user0002,2026-09-14,1.36,Retenir traiter complet connaître profond source fer fou.
WL-02734,PORTAL-742,user0029,2026-09-14,2.8,Rappeler terme vite y chose papa moment.
WL-02735,CRM-2674,user0001,2026-09-14,4.74,Appuyer rire bientôt sauver nouveau rejeter longtemps.
WL-02736,BANK-3102,user0023,2026-09-14,3.68,Fixer détail côte leur.
WL-02737,SEC-4764,user0010,2026-09-14,2.37,Forcer pays grâce songer accent président.
WL-02738,BI-296,user0026,2026-09-14,1.45,Prison odeur hiver sorte somme troisième.
WL-02739,DATA-3618,user0049,2026-09-14,5.64,Or imposer visage rare colère pointe delà.
WL-02740,BANK-2722,user0041,2026-09-14,1.35,Ah avec énergie taire bien surprendre.
WL-02741,CRM-3266,user0007,2026-09-14,5.83,Marche million toit dessus eh intention foule.
WL-02742,CRM-2390,user0017,2026-09-14,1.95,Déjà frère fils immobile étudier.
WL-02743,ECOM-275,user0041,2026-09-14,6.03,Entendre connaissance semaine coûter changement.
WL-02744,CRM-2382,user0029,2026-09-14,6.12,D'Abord champ éclat certain.
WL-02745,CRM-1524,user0027,2026-09-14,7.26,Menacer à matin dernier nu un prononcer.
WL-02746,ERP-1048,user0033,2026-09-14,7.51,Étonner détacher payer présence.
WL-02747,CRM-1896,user0048,2026-09-14,7.28,Jeter hier lors au trop nation.
WL-02748,BI-124,user0026,2026-09-14,7.2,Prochain vingt suite.
WL-02749,ERP-4422,user0001,2026-09-14,0.55,Énorme mine aller rester douze papier espace.
WL-02750,BI-646,user0012,2026-09-14,5.06,Colon joie désigner.
WL-02751,BI-1168,user0042,2026-09-14,3.7,Queue course souffrir sérieux parole chasse exemple.
WL-02752,PORTAL-2532,user0029,2026-09-14,4.56,Construire entrée eau curieux parvenir.
WL-02753,BI-4017,user0026,2026-09-14,1.29,Politique entier joie plaisir robe.
WL-02754,MOB-3195,user0026,2026-09-14,5.88,Ou charger du seulement.
WL-02755,DATA-2122,user0037,2026-09-14,3.19,Queue serrer vieillard soin retourner.
WL-02756,PORTAL-702,user0017,2026-09-14,1.12,Sommeil souvent mort importer monde instant franchir.
WL-02757,ECOM-1900,user0037,2026-09-14,1.9,Vague paupière inviter maison certain mémoire.
WL-02758,PORTAL-2143,user0012,2026-09-14,5.43,Aucun debout haute.
WL-02759,DATA-3749,user0005,2026-09-14,7.0,Parti souffrance réponse intérieur confiance roche croiser hôtel.
WL-02760,MOB-3645,user0010,2026-09-14,4.97,Compagnie pousser que briller face avis bureau.
WL-02761,ECOM-1061,user0045,2026-09-14,5.61,Verser bois solitude parole.
WL-02762,SEC-4618,user0002,2026-09-14,2.48,Glisser calmer moins émotion rappeler.
WL-02763,CLOUD-1566,user0049,2026-09-14,1.24,Glisser maladie succès oui retenir.
WL-02764,DATA-1324,user0048,2026-09-14,0.92,Entendre souvenir rôle avec exprimer fauteuil.
WL-02765,ECOM-2105,user0031,2026-09-14,0.66,Tout lui exiger toute.
WL-02766,ECOM-3155,user0027,2026-09-14,2.83,Tuer conduire passé étaler sans.
WL-02767,BI-3680,user0031,2026-09-14,6.68,Nom montrer cercle connaître vif campagne avoir armer.
WL-02768,CRM-1536,user0031,2026-09-14,7.64,Convenir maison beau durer théâtre tâche.
WL-02769,SEC-4222,user0012,2026-09-14,3.69,Heure goût mal paysan.
WL-02770,CLOUD-261,user0010,2026-09-14,5.71,Aujourd'Hui tout veiller observer françois religion.
WL-02771,CLOUD-3252,user0007,2026-09-14,2.14,Histoire revenir parce que position auprès.
WL-02772,PORTAL-4606,user0027,2026-09-14,5.33,Que reprendre fait examiner folie perdu vingt.
WL-02773,CRM-425,user0042,2026-09-14,5.55,Nerveux rencontrer froid seigneur particulier.
WL-02774,CRM-814,user0002,2026-09-14,4.21,Lien violence chanter revoir rien contre.
WL-02775,ECOM-692,user0049,2026-09-14,5.62,Rire parler six autant.
WL-02776,DATA-1687,user0018,2026-09-14,6.98,Presque ensemble paix voyage.
WL-02777,SEC-3907,user0048,2026-09-14,2.14,Chez promener réclamer continuer où retenir pensée.
WL-02778,ECOM-4138,user0029,2026-09-14,2.8,Souvenir rêve remettre plaire produire.
WL-02779,ECOM-334,user0020,2026-09-14,1.96,Aide mieux présence établir épais aucun.
WL-02780,DATA-792,user0045,2026-09-14,2.02,Large examiner toujours pourtant retenir.
WL-02781,SEC-4584,user0029,2026-09-14,7.36,Système théâtre mentir chat recevoir.
WL-02782,ERP-4478,user0026,2026-09-14,0.56,Condition discussion user intérieur presque.
WL-02783,CLOUD-2640,user0017,2026-09-14,0.91,Colon portier anglais aussi travers sérieux.
WL-02784,BANK-879,user0005,2026-09-14,3.29,Découvrir paysan obtenir confondre taire.
WL-02785,BANK-3374,user0012,2026-09-14,3.24,Subir jour hôtel d'autres haine.
WL-02786,CLOUD-1452,user0041,2026-09-14,2.38,Oh prêt penser expression debout ah.
WL-02787,BANK-1601,user0048,2026-09-14,6.1,Effacer chose obliger paraître causer.
WL-02788,CLOUD-1566,user0012,2026-09-14,6.31,Répondre divers violent.
WL-02789,BANK-110,user0031,2026-09-14,6.27,Ancien vêtir prix.
WL-02790,BANK-1464,user0045,2026-09-14,6.22,Vingt précéder moment obéir.
WL-02791,ECOM-4269,user0007,2026-09-14,6.13,Drôle tant retirer serrer avant.
WL-02792,CLOUD-2761,user0018,2026-09-14,4.86,Traiter race souvent note rien véritable supposer.
WL-02793,DATA-1099,user0019,2026-09-14,7.61,Choix blond enfance ajouter couvrir condition interrompre.
WL-02794,ERP-1072,user0012,2026-09-14,6.15,Malgré à on pays chacun.
WL-02795,BI-4187,user0033,2026-09-14,0.93,Vide voisin différent nombreux dessiner.
WL-02796,CLOUD-4311,user0018,2026-09-14,6.53,Dès sol peu gloire.
WL-02797,BI-4623,user0005,2026-09-14,3.08,Étranger vide rapide relation.
WL-02798,MOB-1342,user0041,2026-09-14,4.71,Parce Que grandir sien entendre curiosité rejoindre.
WL-02799,CRM-2602,user0045,2026-09-14,2.98,Mesure part soin penser étude.
WL-02800,ERP-1914,user0045,2026-09-14,3.83,Parent lumière crainte.
WL-02801,SEC-2948,user0005,2026-09-14,3.98,Général colon garçon.
WL-02802,BI-2060,user0037,2026-09-14,4.73,Dormir dire maison bleu moindre or habitude.
WL-02803,ERP-961,user0049,2026-09-14,7.64,Vérité queue souvenir neuf apporter ventre.
WL-02804,DATA-2178,user0050,2026-09-14,1.25,Presque poésie idée quatre jouer.
WL-02805,PORTAL-4531,user0027,2026-09-14,3.68,Certainement aujourd'hui fer course ensemble or tellement.
WL-02806,DATA-1633,user0007,2026-09-14,1.78,Parfaitement plonger rouler choix.
WL-02807,BI-1327,user0033,2026-09-14,7.98,Danser poussière vision monde impossible.
WL-02808,ECOM-448,user0023,2026-09-14,7.74,Auprès quartier sérieux.
WL-02809,BI-2429,user0019,2026-09-14,7.69,Pays désormais condition offrir réserver apprendre étendue.
WL-02810,BANK-153,user0026,2026-09-14,1.21,Poste père sortir grand aujourd'hui l'un terminer.
WL-02811,MOB-4251,user0026,2026-09-14,0.94,Mais prison en dernier porte.
WL-02812,ECOM-1430,user0042,2026-09-14,5.01,Plonger midi fauteuil craindre.
WL-02813,CRM-2992,user0012,2026-09-14,0.96,Goutte écrire foule dès.
WL-02814,PORTAL-3742,user0023,2026-09-14,2.27,Flot plaire social parcourir médecin mois cercle.
WL-02815,CRM-3372,user0001,2026-09-14,1.92,Classe siège non croix faute terrain plonger réel.
WL-02816,BI-281,user0017,2026-09-14,4.43,Réponse paupière jamais docteur docteur faux preuve.
WL-02817,BI-2080,user0005,2026-09-14,6.42,Sembler crise yeux terrible nerveux.
WL-02818,PORTAL-4813,user0010,2026-09-14,2.14,Mon cher présenter contre accompagner imaginer.
WL-02819,BANK-4000,user0031,2026-09-14,5.27,Bien poussière pain guère exiger vrai remonter.
WL-02820,BANK-4498,user0037,2026-09-14,4.99,Certainement vêtir souvenir après.
WL-02821,CRM-1864,user0005,2026-09-14,4.49,Consentir nom au reste trait billet cruel.
WL-02822,ECOM-3309,user0011,2026-09-14,5.22,Répéter mois bientôt valeur garder.
WL-02823,DATA-3497,user0045,2026-09-14,7.06,Effacer jardin beau assister éloigner exister.
WL-02824,DATA-788,user0020,2026-09-14,6.68,Sentir docteur un pointe en chaise moindre.
WL-02825,DATA-3741,user0037,2026-09-14,0.6,Général force ennemi cuisine.
WL-02826,CLOUD-1917,user0023,2026-09-14,0.55,Apparence oiseau pourtant depuis clef pain.
WL-02827,CLOUD-4791,user0012,2026-09-14,5.94,Dimanche général avant pur eau profiter.
WL-02828,CRM-3137,user0001,2026-09-14,4.75,Regarder prochain sourire visite nord signer précéder.
WL-02829,PORTAL-94,user0005,2026-09-14,7.98,Mouvement beaucoup toit entraîner charger demain garçon.
WL-02830,DATA-4895,user0011,2026-09-14,1.1,Lien année parler.
WL-02831,DATA-2061,user0037,2026-09-14,7.69,Trente quarante permettre.
WL-02832,ERP-1447,user0023,2026-09-14,2.48,Repas toujours mentir pauvre docteur.
WL-02833,BANK-428,user0002,2026-09-14,6.71,Sept foule hauteur léger.
WL-02834,PORTAL-2306,user0037,2026-09-14,6.69,Répéter saint docteur quinze année.
WL-02835,CLOUD-1891,user0010,2026-09-14,2.27,Cher déposer vraiment achever image désigner forme.
WL-02836,BANK-2693,user0019,2026-09-14,3.14,Premier plan quatre pluie signifier couleur fond.
WL-02837,ERP-4723,user0012,2026-09-14,1.85,Paix nerveux bout agir.
WL-02838,SEC-4673,user0045,2026-09-14,6.66,Sous huit élément.
WL-02839,MOB-4917,user0011,2026-09-14,1.85,Parler mine second classe.
WL-02840,BI-4701,user0023,2026-09-14,2.41,Compagnon moyen dos.
WL-02841,DATA-2894,user0048,2026-09-14,5.42,Agiter emmener français comprendre mari blanc.
WL-02842,ERP-4372,user0007,2026-09-14,2.46,Chair distinguer vêtir étranger.
WL-02843,BANK-2286,user0007,2026-09-14,4.65,Cou soin parti combien supposer commencer voyage.
WL-02844,CRM-2271,user0037,2026-09-14,7.78,Capable danger rocher.
WL-02845,DATA-1642,user0017,2026-09-14,7.68,Exiger disposer taire observer attacher discussion.
WL-02846,DATA-1497,user0026,2026-09-14,4.81,Verre réponse feuille oeil faute pourquoi.
WL-02847,SEC-3010,user0045,2026-09-14,0.68,Emmener mari tenir perte direction étendue entraîner.
WL-02848,PORTAL-3414,user0018,2026-09-14,1.32,Goût durer intention.
WL-02849,CLOUD-2837,user0018,2026-09-14,5.35,Vide secours pauvre coûter coin huit.
WL-02850,ECOM-1733,user0015,2026-09-14,6.89,Rôle bouche enfant signer.
WL-02851,SEC-2882,user0048,2026-09-14,0.85,Moins mais lisser tel.
WL-02852,BANK-1086,user0050,2026-09-14,2.77,Traverser âme espace public colline.
WL-02853,CRM-1287,user0033,2026-09-14,0.75,Avoir habiter demeurer politique point dessiner affirmer.
WL-02854,DATA-841,user0012,2026-09-14,6.6,Manquer confondre arrêter atteindre compter.
WL-02855,SEC-1117,user0027,2026-09-14,7.74,Perte revoir haine voisin train je rentrer.
WL-02856,BI-2078,user0012,2026-09-14,3.21,Confier suivre répandre.
WL-02857,PORTAL-4969,user0033,2026-09-14,2.03,Fil comprendre hasard paysage pendre.
WL-02858,MOB-471,user0001,2026-09-14,7.61,Un lequel certain port auquel moindre désir.
WL-02859,SEC-2114,user0050,2026-09-14,2.2,Ramener voisin tellement dent enfin.
WL-02860,CRM-2065,user0001,2026-09-14,4.57,Ni expérience élément rassurer.
WL-02861,DATA-3626,user0001,2026-09-14,7.66,Malheur dire même besoin vouloir fait sauter.
WL-02862,CLOUD-3272,user0050,2026-09-14,2.68,Créer drame certes.
WL-02863,DATA-3715,user0002,2026-09-14,5.02,Tel ligne signifier saluer empêcher.
WL-02864,ECOM-3719,user0041,2026-09-14,6.11,Ainsi nu depuis mouvement nuit avec faible.
WL-02865,CRM-1315,user0026,2026-09-14,1.51,Accrocher peine présence pour présence chute peau.
WL-02866,PORTAL-3350,user0031,2026-09-14,5.17,Puis quatre arrière décrire aider.
WL-02867,CLOUD-2561,user0017,2026-09-14,2.49,Large mouvement car très rôle.
WL-02868,PORTAL-748,user0018,2026-09-14,5.73,Aide armer pied étonner.
WL-02869,ERP-2712,user0019,2026-09-14,2.02,Ajouter détail direction soudain compagnon endormir apprendre.
WL-02870,ECOM-2793,user0041,2026-09-14,0.84,Inventer delà poser bois prince.
WL-02871,ECOM-3688,user0020,2026-09-14,5.1,Appartenir ouvrage cacher enfance.
WL-02872,PORTAL-1938,user0041,2026-09-14,4.52,Sonner jour montrer saint intention.
WL-02873,PORTAL-2414,user0031,2026-09-14,7.89,Lors année vieillard sept entier.
WL-02874,CLOUD-1442,user0020,2026-09-14,2.35,Très planche toi cou.
WL-02875,MOB-3919,user0048,2026-09-14,2.82,Bonheur chef pendre terminer promettre parfois enfance.
WL-02876,BI-3982,user0049,2026-09-14,2.68,Supposer animal petit.
WL-02877,BI-43,user0050,2026-09-14,3.29,Herbe amuser taire doute moi.
WL-02878,MOB-4610,user0041,2026-09-14,0.69,Fauteuil faim mettre.
WL-02879,MOB-2136,user0001,2026-09-14,3.99,Perdre présenter inquiéter croiser beau discuter.
WL-02880,ECOM-3360,user0029,2026-09-14,7.41,Sembler suite hasard lune.
WL-02881,CRM-4860,user0017,2026-09-14,7.34,Humain époque cause humide avec sang trop.
WL-02882,ERP-643,user0020,2026-09-14,7.92,Répéter objet avenir brusquement confondre savoir.
WL-02883,SEC-195,user0005,2026-09-14,3.57,Jeter aller bientôt travail lire étranger.
WL-02884,MOB-487,user0026,2026-09-14,0.58,Quant À un rayon appeler terminer quelque.
WL-02885,MOB-2376,user0031,2026-09-14,2.81,Attirer époque rayon repas joie.
WL-02886,ECOM-3362,user0005,2026-09-14,1.26,Contenter attendre fumer reposer.
WL-02887,PORTAL-4214,user0018,2026-09-14,2.58,Meilleur six sujet tenter parti aide.
WL-02888,BI-4516,user0049,2026-09-14,0.91,Folie nuit tomber répandre rien fenêtre sombre.
WL-02889,MOB-1994,user0029,2026-09-14,2.83,Croire folie faible malheur.
WL-02890,CLOUD-2103,user0019,2026-09-14,1.8,Delà dire en mon.
WL-02891,CLOUD-4967,user0010,2026-09-14,3.18,Plus disparaître aventure dieu enfoncer long.
WL-02892,SEC-2327,user0010,2026-09-14,3.19,Propre profondément marché exprimer devoir poursuivre guerre.
WL-02893,SEC-4281,user0005,2026-09-14,6.06,Paraître passé brûler.
WL-02894,BI-4253,user0015,2026-09-14,6.37,Sans oser saluer départ doux d'autres porter couper.
WL-02895,DATA-3772,user0050,2026-09-14,0.58,Point peu doux raconter adresser voir vide sûr.
WL-02896,MOB-4216,user0049,2026-09-14,6.74,Docteur an prouver huit lors.
WL-02897,MOB-3493,user0012,2026-09-14,5.43,Prix vingt autour glace.
WL-02898,ECOM-1020,user0027,2026-09-14,2.99,Jusque dieu prouver interroger boire marche enfant soin.
WL-02899,MOB-1381,user0048,2026-09-14,4.81,Quitter douter voie fleur circonstance soit françois.
WL-02900,CLOUD-1317,user0018,2026-09-14,6.26,Approcher violence si colon.
WL-02901,ECOM-4183,user0019,2026-09-14,2.99,Maintenir creuser couler cour immobile rire ouvert posséder.
WL-02902,CRM-1699,user0010,2026-09-14,3.88,Révolution colline comme raison tache jambe.
WL-02903,DATA-4504,user0015,2026-09-14,1.6,Chacun nécessaire quinze an bien complètement guère.
WL-02904,SEC-4994,user0026,2026-09-14,6.29,Âme ce instinct paupière demi leur.
WL-02905,BI-3100,user0015,2026-09-14,6.05,Nez couler jeu plaindre remercier difficile tôt.
WL-02906,PORTAL-158,user0027,2026-09-14,5.88,Ouvrage gauche odeur agir.
WL-02907,SEC-2887,user0005,2026-09-14,1.88,Rang doux dernier venir intérêt erreur note.
WL-02908,DATA-4331,user0049,2026-09-14,2.9,Agir nom voyage enfance.
WL-02909,BI-1102,user0041,2026-09-14,6.03,Pourquoi prière depuis imaginer palais élément.
WL-02910,PORTAL-255,user0041,2026-09-14,5.6,Hasard public résoudre jeune blanc encore un retour.
WL-02911,CRM-2719,user0015,2026-09-14,3.74,Même leur mort exprimer.
WL-02912,CLOUD-713,user0020,2026-09-14,4.29,Toi cou gouvernement.
WL-02913,ERP-2104,user0018,2026-09-14,7.94,Contenir raconter fauteuil.
WL-02914,ECOM-3488,user0026,2026-09-14,6.36,Parler croix douze ouvrir distinguer placer.
WL-02915,DATA-4945,user0019,2026-09-14,4.83,Jambe année enfant hôtel danser prendre.
WL-02916,BI-217,user0029,2026-09-14,6.72,Davantage joli renoncer quatre rencontre.
WL-02917,SEC-4737,user0020,2026-09-14,6.65,Engager baisser garder jaune désirer rond revenir franc.
WL-02918,MOB-3569,user0023,2026-09-14,1.06,De marché chute personne toute fille.
WL-02919,CRM-378,user0005,2026-09-14,0.83,Billet causer et appuyer âge.
WL-02920,DATA-4466,user0001,2026-09-14,1.0,Mot somme prix pauvre.
WL-02921,BI-2701,user0010,2026-09-14,1.55,Hier égal porter important riche.
WL-02922,CRM-814,user0033,2026-09-14,2.43,Ton vif payer protéger.
WL-02923,CRM-550,user0033,2026-09-14,3.8,Retirer juge dame offrir toile cruel.
WL-02924,DATA-3001,user0041,2026-09-14,2.3,Remplir bon chaque muet.
WL-02925,SEC-2223,user0029,2026-09-14,2.57,Leur alors trace prêt discours crainte.
WL-02926,CLOUD-1468,user0033,2026-09-14,2.1,Delà branche finir cher fille certainement.
WL-02927,PORTAL-918,user0045,2026-09-14,6.34,Parent obtenir oser.
WL-02928,MOB-2980,user0023,2026-09-14,4.61,Plein révéler en clef lutte minute maintenir.
WL-02929,CLOUD-887,user0007,2026-09-14,0.74,Allumer nous ordre rejoindre apparaître.
WL-02930,CRM-3964,user0011,2026-09-14,6.96,Immobile assister fermer terme planche général.
WL-02931,CRM-2485,user0017,2026-09-14,4.08,Entretenir plaire bouche forme sable émotion sourire.
WL-02932,CRM-198,user0005,2026-09-14,3.88,Volonté hauteur aller ferme sorte recevoir remettre.
WL-02933,BANK-2541,user0019,2026-09-14,3.51,Souvent quelqu'un fier roche.
WL-02934,CLOUD-2370,user0033,2026-09-14,3.66,Facile roman marché plaine valoir changer.
WL-02935,CLOUD-3598,user0002,2026-09-14,7.83,L'Un donc quart composer dessiner.
WL-02936,ERP-723,user0049,2026-09-14,7.15,Terreur tard camarade drame poussière.
WL-02937,DATA-3182,user0011,2026-09-14,1.59,Bon lieu besoin aide désormais moyen.
WL-02938,ERP-2198,user0019,2026-09-14,7.09,Bois retirer préparer me vieil le.
WL-02939,DATA-2886,user0026,2026-09-14,4.19,Souffler tendre presque serrer.
WL-02940,DATA-2075,user0002,2026-09-14,4.92,Dépasser chercher autrement terreur chambre.
WL-02941,ECOM-4407,user0011,2026-09-14,3.18,Oser gros cesser cent cause.
WL-02942,ECOM-1472,user0027,2026-09-14,3.83,Personnage charger jeunesse reculer accomplir mort plaine avoir.
WL-02943,CLOUD-92,user0015,2026-09-14,2.79,Mari ton pain malheur contenter inventer endormir.
WL-02944,MOB-499,user0019,2026-09-14,7.1,Réponse user égal battre.
WL-02945,SEC-402,user0041,2026-09-14,7.5,Sauter énorme calme user encore convenir sombre dehors.
WL-02946,CLOUD-120,user0005,2026-09-14,3.48,Vague doute parler verre plaisir ventre précis.
WL-02947,ECOM-3307,user0049,2026-09-14,7.76,Désir armée avis soit plaire.
WL-02948,ERP-1420,user0029,2026-09-14,1.72,Penser sentier effet espérer après.
WL-02949,CRM-1921,user0042,2026-09-14,4.24,Saint pensée blanc.
WL-02950,CLOUD-4997,user0005,2026-09-14,4.32,Dent mode poche passé.
WL-02951,CRM-2943,user0012,2026-09-14,2.86,Personne chaque médecin ciel.
WL-02952,CLOUD-2918,user0031,2026-09-14,0.66,Pitié honneur société.
WL-02953,BANK-927,user0033,2026-09-14,4.02,Divers réflexion chef créer.
WL-02954,DATA-200,user0037,2026-09-14,6.73,Chute époque port mariage répandre combien.
WL-02955,CLOUD-4497,user0007,2026-09-14,3.8,Autorité brûler apparence soirée perdre genre sur.
WL-02956,MOB-923,user0041,2026-09-14,3.87,Point emporter bureau.
WL-02957,CRM-4390,user0001,2026-09-14,3.39,Joue moindre rouler blanc perte.
WL-02958,ERP-1830,user0011,2026-09-14,6.94,Que chambre sembler accomplir prévenir.
WL-02959,PORTAL-938,user0027,2026-09-14,5.0,Compagnie douter armer passage étouffer prévoir.
WL-02960,DATA-3661,user0026,2026-09-14,1.29,Vêtir plaisir main chat habiller exiger détail.
WL-02961,MOB-1131,user0017,2026-09-14,6.55,Race île jusque anglais appuyer nouveau arracher.
WL-02962,MOB-2658,user0050,2026-09-14,5.44,Courage honneur homme franc morceau or.
WL-02963,BANK-579,user0010,2026-09-14,5.87,Dès bien témoin autant.
WL-02964,ERP-1333,user0012,2026-09-14,5.84,Rentrer tracer cependant.
WL-02965,ERP-3402,user0010,2026-09-14,7.43,Lutter général puis engager assister vingt.
WL-02966,ECOM-2374,user0002,2026-09-14,1.25,Pas coucher grâce envelopper créer.
WL-02967,SEC-3143,user0023,2026-09-14,1.16,Marier pensée branche fin ennemi.
WL-02968,CLOUD-3038,user0031,2026-09-14,7.9,Combien attacher tu.
WL-02969,BI-1350,user0005,2026-09-14,8.0,Brusquement immense année loin.
WL-02970,ERP-1285,user0007,2026-09-14,4.04,Justice désirer rejeter violence tard.
WL-02971,DATA-3956,user0037,2026-09-14,2.44,En calme condition beaucoup curiosité.
WL-02972,DATA-4504,user0019,2026-09-14,5.49,Poitrine accorder installer parfois genre retirer.
WL-02973,ERP-411,user0029,2026-09-14,3.5,Signer sable nuage justice d'abord que.
WL-02974,MOB-286,user0012,2026-09-14,0.6,Énorme prévenir commencement bon expliquer.
WL-02975,BI-3511,user0026,2026-09-14,3.29,D'Autres nation partout aide dur tromper remonter.
WL-02976,SEC-4868,user0002,2026-09-14,7.43,Cependant assurer achever même tromper détail journée plaine.
WL-02977,BI-2230,user0050,2026-09-14,0.76,Clair ouvert réalité reconnaître pur rejeter.
WL-02978,CRM-3899,user0005,2026-09-14,3.76,Commencement riche champ lendemain autre recevoir fermer.
WL-02979,MOB-1527,user0020,2026-09-14,4.43,Tout parcourir trou nu cruel emmener long.
WL-02980,ECOM-3003,user0007,2026-09-14,6.5,Public davantage exemple intention agir tourner mensonge soldat.
WL-02981,MOB-3811,user0042,2026-09-14,5.97,Couleur garde avenir vingt énergie.
WL-02982,BI-3397,user0027,2026-09-14,6.7,Contraire obéir nécessaire secret manquer renverser souffrance.
WL-02983,CLOUD-2148,user0031,2026-09-14,7.12,Glace habiller ci accuser protéger.
WL-02984,BI-4623,user0010,2026-09-14,4.91,Commander marquer intelligence désert voile officier abandonner.
WL-02985,CLOUD-227,user0048,2026-09-14,1.42,Continuer sommeil déposer.
WL-02986,MOB-1676,user0001,2026-09-14,3.68,Classe dame transformer roi animer.
WL-02987,PORTAL-2266,user0010,2026-09-14,5.88,Droite départ magnifique endormir tracer oublier courage.
WL-02988,ECOM-1796,user0012,2026-09-14,5.23,Pauvre rencontre douter précéder durant leur exemple mouvement.
WL-02989,BI-1800,user0017,2026-09-14,5.81,Sauver sentir étranger façon.
WL-02990,SEC-1757,user0017,2026-09-14,7.46,Contraire immense énorme échapper système.
WL-02991,ECOM-2380,user0048,2026-09-14,2.27,Représenter difficile santé abri expérience.
WL-02992,MOB-2862,user0001,2026-09-14,7.52,Nom réel visage quart passer faveur.
WL-02993,DATA-4534,user0031,2026-09-14,4.86,Société propos histoire dos eh horizon voix.
WL-02994,ECOM-2219,user0027,2026-09-14,2.19,Faute paquet existence qualité.
WL-02995,CLOUD-1305,user0007,2026-09-14,1.71,Cinq habitude consulter depuis écarter dix.
WL-02996,CRM-309,user0020,2026-09-14,0.68,Doucement place matin saluer maison surprendre pointe.
WL-02997,BI-1846,user0027,2026-09-14,7.59,Vieillard ah corps prier secret.
WL-02998,PORTAL-2586,user0019,2026-09-14,2.71,Joue étudier amener odeur fer jusque.
WL-02999,DATA-4358,user0026,2026-09-14,5.91,Mettre enfoncer fixe arrivée tombe ensemble.
WL-03000,MOB-2703,user0007,2026-09-14,1.47,Fumer éternel bois rue me.
WL-03001,BI-2363,user0010,2026-09-14,2.96,Occasion disposer corps attendre propre haïr pauvre.
WL-03002,PORTAL-1983,user0042,2026-09-14,3.0,Officier théâtre goût lèvre fier dépasser choisir sens.
WL-03003,ERP-4048,user0007,2026-09-14,1.42,Inspirer trait ton impossible général absence précipiter.
WL-03004,BANK-2464,user0037,2026-09-14,3.99,Froid curieux blanc colline profond.
WL-03005,DATA-570,user0026,2026-09-14,2.11,Fait nord visible chiffre front déjà.
WL-03006,CLOUD-2268,user0027,2026-09-14,5.51,L'Un attitude recueillir chaîne éclairer curiosité théâtre.
WL-03007,CLOUD-594,user0048,2026-09-14,3.82,Part mort énorme français.
WL-03008,ECOM-2807,user0010,2026-09-14,0.61,Membre réunir plein plein compagnie.
WL-03009,BANK-4444,user0020,2026-09-14,5.31,Règle fixer céder certainement ailleurs plein.
WL-03010,CRM-3931,user0020,2026-09-14,6.69,Nommer plein tomber lier sein.
WL-03011,BI-1780,user0049,2026-09-14,5.18,Important marier puis réflexion coin peuple.
WL-03012,PORTAL-3662,user0018,2026-09-14,4.85,Voler route habitant politique.
WL-03013,ERP-605,user0029,2026-09-14,2.07,Apprendre femme représenter refuser tout confondre sol.
WL-03014,PORTAL-148,user0026,2026-09-14,1.96,Tâche battre puisque franc attirer deux cesser chez.
WL-03015,BANK-4015,user0010,2026-09-14,5.79,Aspect mort puis contre exiger profondément compter mode.
WL-03016,DATA-1187,user0011,2026-09-14,3.73,Beaucoup tout savoir nul battre lisser.
WL-03017,PORTAL-4754,user0012,2026-09-14,6.63,Front agiter profond soirée.
WL-03018,SEC-2428,user0023,2026-09-14,4.07,Tuer besoin gris etc quelqu'un goût tel.
WL-03019,BI-3175,user0042,2026-09-14,7.64,Oncle notre appartement miser général roi beau.
WL-03020,CLOUD-1513,user0010,2026-09-14,7.48,Carte fumer aile lutter signifier.
WL-03021,CLOUD-2477,user0019,2026-09-14,1.86,Guère forêt auprès plaindre.
WL-03022,BI-364,user0033,2026-09-14,7.46,Impression fuir donner mentir raison conseil.
WL-03023,DATA-4382,user0007,2026-09-14,5.99,Chaise élément éclater revenir exécuter agiter million.
WL-03024,ECOM-3033,user0027,2026-09-14,6.76,Eh français précis ligne supporter professeur.
WL-03025,ERP-2511,user0050,2026-09-14,5.71,Porte près partir.
WL-03026,BANK-545,user0048,2026-09-14,2.65,Rang perdu le combien détail serrer.
WL-03027,ERP-1197,user0002,2026-09-14,5.83,Éteindre fier as précieux docteur mariage mal.
WL-03028,SEC-1919,user0029,2026-09-14,5.77,Anglais sien malade.
WL-03029,MOB-2670,user0018,2026-09-14,6.31,Hasard printemps où nous remonter habiller après alors.
WL-03030,PORTAL-51,user0002,2026-09-14,2.21,Nouveau mais autre pourtant parti fin rejoindre.
WL-03031,ECOM-2338,user0017,2026-09-14,4.09,Il descendre calmer pied nom.
WL-03032,PORTAL-193,user0015,2026-09-14,1.95,Intérieur rester militaire transformer étrange demander oreille.
WL-03033,CRM-3137,user0018,2026-09-14,3.91,Étendue ensemble minute serrer saint.
WL-03034,BANK-431,user0020,2026-09-14,5.78,Lisser yeux attitude circonstance attendre.
WL-03035,ERP-3183,user0041,2026-09-14,5.45,Chute veiller air tellement.
WL-03036,SEC-1237,user0048,2026-09-14,4.98,Certes selon changement mari.
WL-03037,BI-823,user0012,2026-09-14,2.16,Réflexion vague me exposer exister sérieux âgé matin.
WL-03038,ERP-4763,user0026,2026-09-14,5.02,Souffler trois coup rare.
WL-03039,MOB-3159,user0020,2026-09-14,0.69,Camarade demande tuer écrire.
WL-03040,CLOUD-2477,user0015,2026-09-14,4.69,Plaine vous aider recevoir demi.
WL-03041,CLOUD-4490,user0011,2026-09-14,5.45,Son naturellement signifier à prince sac falloir.
WL-03042,SEC-432,user0019,2026-09-14,1.66,Fond vrai tu monsieur port fil accrocher.
WL-03043,PORTAL-2909,user0002,2026-09-14,0.57,Reste blanc maintenir attaquer haute.
WL-03044,PORTAL-4858,user0045,2026-09-14,0.83,Prévoir haine attirer seulement.
WL-03045,BANK-1635,user0023,2026-09-14,3.98,Facile troubler prochain désir ouvrir drôle alors rendre.
WL-03046,SEC-1583,user0048,2026-09-14,2.82,Complet ensemble couche réel musique le.
WL-03047,SEC-1760,user0026,2026-09-14,5.16,Demander suivant réponse feu problème pas acheter.
WL-03048,PORTAL-2242,user0048,2026-09-14,5.96,Escalier armée secrétaire âge douze.
WL-03049,ERP-220,user0049,2026-09-14,6.02,Chaque rien toit trembler âgé avec.
WL-03050,BI-1769,user0049,2026-09-14,4.38,Temps soudain mentir vert victime trouver juger.
WL-03051,CLOUD-119,user0050,2026-09-14,4.47,Elle planche coeur difficile.
WL-03052,ECOM-4562,user0019,2026-09-14,4.76,Quel causer convenir secrétaire.
WL-03053,PORTAL-3370,user0020,2026-09-14,1.4,Doute militaire vêtement.
WL-03054,ECOM-422,user0037,2026-09-14,1.3,Écouter bon midi depuis prince.
WL-03055,MOB-2651,user0005,2026-09-14,0.61,Puissance étudier certain parfois cent.
WL-03056,CLOUD-412,user0033,2026-09-14,7.06,Le entrée meilleur lier vide amour.
WL-03057,BI-2687,user0037,2026-09-14,5.9,Noir soutenir devant existence vie interrompre avancer.
WL-03058,CLOUD-1986,user0007,2026-09-14,0.81,Plonger nuage palais serrer tour rester devant.
WL-03059,BI-2897,user0019,2026-09-14,7.75,Signer classe craindre.
WL-03060,ECOM-3640,user0015,2026-09-14,0.85,Trace précéder froid.
WL-03061,BI-2458,user0029,2026-09-14,4.32,Pièce occuper banc aucun regretter.
WL-03062,SEC-2401,user0015,2026-09-14,5.73,Vert tête si armée soldat couleur anglais.
WL-03063,PORTAL-2076,user0007,2026-09-14,3.54,D'Abord soleil venir fuir.
WL-03064,DATA-977,user0041,2026-09-14,4.34,Principe roi front patron.
WL-03065,BANK-2344,user0019,2026-09-14,6.07,Demain prêt rideau encore dieu trou lune.
WL-03066,DATA-4021,user0029,2026-09-14,2.56,Descendre besoin songer.
WL-03067,SEC-2799,user0033,2026-09-14,5.94,D'Abord mari signifier chien.
WL-03068,MOB-736,user0001,2026-09-14,6.83,Anglais important longtemps âgé fils fauteuil supposer fer.
WL-03069,PORTAL-4090,user0027,2026-09-14,3.15,Unique étonner étage énergie suffire tu.
WL-03070,ERP-1335,user0020,2026-09-14,4.48,Terrible désirer mari réponse.
WL-03071,CRM-1788,user0048,2026-09-14,2.83,Hauteur prévoir père reste très.
WL-03072,DATA-1964,user0031,2026-09-14,6.34,Puis etc remercier avis.
WL-03073,ECOM-123,user0037,2026-09-14,7.74,Secours durer tromper compte où mener moyen.
WL-03074,ECOM-3846,user0049,2026-09-14,2.13,Descendre fait toucher lisser.
WL-03075,ERP-3777,user0015,2026-09-14,4.64,Compagnie rue détacher courant poitrine fleur pendant.
WL-03076,CLOUD-3695,user0001,2026-09-14,2.44,Son paupière honte.
WL-03077,CLOUD-1499,user0042,2026-09-14,7.0,Bouche genou empêcher vin couper.
WL-03078,MOB-1212,user0020,2026-09-14,7.38,Toile faire certain mouvement aujourd'hui.
WL-03079,ERP-2639,user0049,2026-09-14,7.35,Ouvert chat part son côte.
WL-03080,BANK-2646,user0033,2026-09-14,4.16,Quand avancer livre cuisine.
WL-03081,MOB-3863,user0048,2026-09-14,5.0,Tellement conversation combat tout ouvert autour parole plein.
WL-03082,MOB-4985,user0027,2026-09-14,4.41,Pénétrer faim couche froid qui refuser.
WL-03083,CLOUD-877,user0010,2026-09-14,5.58,Lisser accord posséder éviter nature confier grand politique.
WL-03084,CLOUD-1781,user0012,2026-09-14,2.94,Intelligence voler plaisir surprendre inquiétude saluer cher.
WL-03085,BI-700,user0037,2026-09-14,1.42,Vide déchirer difficile grain.
WL-03086,ERP-4181,user0045,2026-09-14,0.84,Printemps mal acheter.
WL-03087,CRM-3218,user0011,2026-09-14,5.93,Gauche quitter fait.
WL-03088,BANK-669,user0026,2026-09-14,6.9,Taille révéler distance delà douceur.
WL-03089,PORTAL-3630,user0020,2026-09-14,1.09,Couvrir sûr couler rapide.
WL-03090,CRM-293,user0048,2026-09-14,5.1,Bureau ouvrir personne libre glace distance repousser.
WL-03091,ERP-3727,user0001,2026-09-14,2.83,Sans ministre ailleurs votre crise.
WL-03092,BI-623,user0012,2026-09-14,7.46,Malade certes décrire désir françois gros.
WL-03093,PORTAL-183,user0019,2026-09-14,5.88,Donc soulever autre besoin jeune preuve conclure.
WL-03094,SEC-2582,user0027,2026-09-14,5.31,Avance trois naturellement figurer chance empêcher figure.
WL-03095,SEC-1217,user0050,2026-09-14,0.72,Dans fixe bleu complet.
WL-03096,CLOUD-39,user0050,2026-09-14,2.25,Rapporter abattre armée produire.
WL-03097,BI-2318,user0037,2026-09-14,5.7,Pourquoi libre minute envelopper faible retrouver le.
WL-03098,MOB-4857,user0002,2026-09-14,2.51,Assurer blanc repousser suivant vendre si.
WL-03099,CLOUD-4380,user0049,2026-09-14,2.42,Fortune joindre forcer offrir.
WL-03100,MOB-3313,user0026,2026-09-14,6.93,Arrêter éclat métier semblable.
WL-03101,CLOUD-944,user0029,2026-09-14,4.64,Tempête social vent père.
WL-03102,CLOUD-3731,user0041,2026-09-14,6.26,Conseil passé colère minute perdu.
WL-03103,SEC-3363,user0020,2026-09-14,2.7,Cri poussière verre signer.
WL-03104,PORTAL-4614,user0018,2026-09-14,0.59,Attention note différent d'autres essayer erreur.
WL-03105,BI-4820,user0045,2026-09-14,0.67,Attaquer arrivée perte minute chasser coup amener.
WL-03106,PORTAL-424,user0015,2026-09-14,7.71,Vue sorte arrivée vol debout extraordinaire été.
WL-03107,ECOM-632,user0048,2026-09-14,1.82,Système taille roche cas exposer malade.
WL-03108,ECOM-4956,user0026,2026-09-14,7.44,Moi paraître dix bureau million.
WL-03109,BI-371,user0012,2026-09-14,4.85,Battre vif crise énergie an justice.
WL-03110,ERP-1285,user0019,2026-09-14,7.86,Entretenir parti ligne vêtir beau mon fortune.
WL-03111,PORTAL-1821,user0037,2026-09-14,4.53,Mort temps bas jeunesse mais doux revenir raconter.
WL-03112,PORTAL-342,user0015,2026-09-14,1.85,Expérience saison remarquer tout pauvre bas.
WL-03113,DATA-2259,user0042,2026-09-14,0.96,Souhaiter ramener arrêter espace.
WL-03114,BANK-1163,user0033,2026-09-14,4.83,Service noir blond paysan jeunesse frapper.
WL-03115,MOB-4857,user0027,2026-09-14,4.96,Instinct préparer cacher interroger visite.
WL-03116,CLOUD-1726,user0031,2026-09-14,5.63,Tard le pays.
WL-03117,BI-3980,user0001,2026-09-14,7.61,Perte élément soldat homme parfois.
WL-03118,BANK-3830,user0033,2026-09-14,5.37,Poids sou art céder avance.
WL-03119,SEC-4700,user0027,2026-09-14,2.06,Nombreux pouvoir bois tout agir avoir.
WL-03120,BANK-2504,user0018,2026-09-14,5.51,Nation sans aujourd'hui mettre.
WL-03121,DATA-2794,user0019,2026-09-14,6.37,En brûler commander nord cuisine mériter dieu social.
WL-03122,BANK-1965,user0007,2026-09-14,1.81,Rapporter nature créer détail quartier différent.
WL-03123,DATA-2259,user0045,2026-09-14,6.96,Vivant état ruine feu beau diriger.
WL-03124,MOB-4772,user0010,2026-09-14,1.17,Partout souvenir habiller toucher.
WL-03125,ECOM-1620,user0037,2026-09-14,7.42,Cent malheur lourd toujours douze.
WL-03126,CLOUD-1049,user0017,2026-09-14,5.03,Homme faux dix résister.
WL-03127,ECOM-3722,user0023,2026-09-14,5.86,Imaginer patron car hiver.
WL-03128,MOB-917,user0050,2026-09-14,4.55,Prendre obtenir sueur sujet triste enfant.
WL-03129,BANK-2387,user0029,2026-09-14,2.91,Demain décider bon.
WL-03130,CLOUD-3099,user0049,2026-09-14,3.82,Feu tellement officier avenir journal fait remplacer taire.
WL-03131,ECOM-3702,user0049,2026-09-14,5.89,Regarder impression sable existence règle reste rentrer.
WL-03132,BANK-2476,user0011,2026-09-14,1.62,Politique qui peau préférer beau neuf.
WL-03133,PORTAL-4460,user0002,2026-09-14,0.56,Te retrouver courir complet suite dont.
WL-03134,MOB-1370,user0042,2026-09-14,4.59,Esprit rapporter inquiéter papier peine sonner.
WL-03135,SEC-988,user0017,2026-09-14,7.1,Intelligence herbe âme drôle.
WL-03136,PORTAL-3742,user0023,2026-09-14,4.71,On suivre système accompagner visage égal chemise.
WL-03137,CLOUD-1465,user0026,2026-09-14,2.53,Aspect apprendre erreur intéresser accepter quartier.
WL-03138,ERP-3376,user0027,2026-09-14,7.13,Créer vieux plutôt voie vif.
WL-03139,BI-3773,user0042,2026-09-14,3.36,Dessiner avant couleur préférer sueur portier respirer.
WL-03140,SEC-4222,user0026,2026-09-14,4.05,Somme cas science sentier société habitude.
WL-03141,CRM-3899,user0037,2026-09-14,0.99,Abattre composer marier sol portier.
WL-03142,CRM-4353,user0019,2026-09-14,3.22,Garçon maintenant voiture parfaitement.
WL-03143,ERP-1822,user0031,2026-09-14,4.08,Événement ah retour côte étranger être marcher.
WL-03144,DATA-4075,user0049,2026-09-14,4.48,Saint mériter vrai ça étouffer terrible cri.
WL-03145,CRM-353,user0011,2026-09-14,6.64,Le montrer découvrir mon prochain chant faux.
WL-03146,BI-2187,user0045,2026-09-14,3.72,Révolution jamais lueur un demander.
WL-03147,ERP-4781,user0015,2026-09-14,5.94,Folie passé manger prison ouvert sueur.
WL-03148,BI-2768,user0020,2026-09-14,6.12,Beaux petit ensemble.
WL-03149,CLOUD-412,user0026,2026-09-14,3.92,État sueur fête depuis épais immense colline.
WL-03150,DATA-421,user0050,2026-09-14,4.71,Vivant armée dessiner.
WL-03151,PORTAL-284,user0029,2026-09-14,7.69,Dernier instinct remettre parfaitement.
WL-03152,ECOM-4483,user0019,2026-09-14,0.68,Comment élever exécuter cinq refuser.
WL-03153,CRM-2200,user0031,2026-09-14,1.51,Groupe verre énorme souvenir éprouver étranger.
WL-03154,MOB-96,user0017,2026-09-14,3.33,Corps compter ici.
WL-03155,ERP-554,user0011,2026-09-14,1.32,Solitude tapis essuyer visible parcourir appeler demi santé.
WL-03156,SEC-1261,user0019,2026-09-14,5.22,Épais mince derrière quelque devant mêler soi.
WL-03157,CLOUD-345,user0002,2026-09-14,0.88,Bruit demain lieu joindre employer père métier gouvernement.
WL-03158,ERP-1525,user0033,2026-09-14,2.06,Intéresser or déchirer lui brûler.
WL-03159,PORTAL-955,user0005,2026-09-14,4.61,Cas subir fier corps rond rose.
WL-03160,DATA-2853,user0049,2026-09-14,2.22,Vieillard appeler indiquer bête.
WL-03161,ERP-181,user0029,2026-09-14,1.78,Reprendre nu chasse inutile dernier souvenir.
WL-03162,DATA-3890,user0015,2026-09-14,7.28,Quand agiter défaut douter baisser.
WL-03163,DATA-4180,user0048,2026-09-14,4.04,Autant scène eh instant produire bien employer.
WL-03164,MOB-2320,user0019,2026-09-14,6.21,Arme rassurer souvent rentrer montrer.
WL-03165,SEC-1568,user0048,2026-09-14,7.51,Hasard droite respect lutter recevoir.
WL-03166,SEC-746,user0015,2026-09-14,2.62,Départ perdre sauver chasser prison dégager finir exprimer.
WL-03167,SEC-4672,user0011,2026-09-14,4.22,Jeunesse falloir rocher manquer perdre peur.
WL-03168,PORTAL-3092,user0050,2026-09-14,5.81,Chaque moins forme exposer.
WL-03169,BI-1102,user0045,2026-09-14,7.5,Rejoindre rare ensemble précéder.
WL-03170,ECOM-590,user0037,2026-09-14,5.29,Battre village lèvre.
WL-03171,DATA-3132,user0018,2026-09-14,7.32,François musique sueur réel rendre.
WL-03172,CLOUD-1049,user0050,2026-09-14,4.08,Dieu franc sec.
WL-03173,MOB-2043,user0001,2026-09-14,4.1,Ou léger bientôt précis même contenir venir espérer.
WL-03174,BI-1122,user0002,2026-09-14,4.99,Entendre parcourir lors famille livre.
WL-03175,CLOUD-1658,user0012,2026-09-14,4.95,Naturellement armée prononcer joue seul.
WL-03176,ECOM-1436,user0027,2026-09-14,3.61,Seuil admettre conclure prison de devant.
WL-03177,DATA-860,user0001,2026-09-14,4.17,Pourtant voile commencer entraîner clef preuve.
WL-03178,SEC-3039,user0010,2026-09-14,5.56,Prière seconde passé rang meilleur important casser secret.
WL-03179,DATA-734,user0037,2026-09-14,6.84,Payer sommeil fille premier douceur.
WL-03180,PORTAL-3229,user0023,2026-09-14,7.21,Peur menacer grand nom depuis.
WL-03181,ECOM-3225,user0027,2026-09-14,6.97,Quant À dent joie briller enfance certes.
WL-03182,SEC-4167,user0015,2026-09-14,5.28,Fatigue mariage heure durant écouter avec armée refuser.
WL-03183,DATA-1687,user0002,2026-09-14,5.17,Reconnaître terrible fier exiger nombreux cours.
WL-03184,BI-1975,user0020,2026-09-14,0.83,Prévenir dresser fort étranger mal brûler regard souvenir.
WL-03185,ERP-2460,user0010,2026-09-14,3.62,Fort oublier occasion nécessaire devoir à cinquante.
WL-03186,MOB-458,user0045,2026-09-14,1.07,Horizon tendre occasion rejoindre éprouver fort.
WL-03187,SEC-175,user0050,2026-09-14,4.56,Réponse source triste sans jardin ceci race.
WL-03188,BANK-4107,user0011,2026-09-14,6.61,Jouer miser ruine taille croire porte occasion entendre.
WL-03189,SEC-4070,user0033,2026-09-14,7.77,Société oh sentier rappeler centre autrefois.
WL-03190,MOB-737,user0023,2026-09-14,5.73,Lorsque maison tant affirmer mensonge.
WL-03191,SEC-1454,user0026,2026-09-14,7.86,Entraîner malgré regard subir mariage arrivée impossible.
WL-03192,DATA-1687,user0031,2026-09-14,3.56,Hôtel renverser avant au.
WL-03193,CRM-3461,user0020,2026-09-14,7.62,Figure comme trente entretenir avis horizon.
WL-03194,PORTAL-2903,user0011,2026-09-14,7.74,Peau rester pied larme jeunesse fils prendre.
WL-03195,PORTAL-1971,user0001,2026-09-14,3.6,Tour six convenir hasard.
WL-03196,PORTAL-2589,user0049,2026-09-14,2.82,Tromper dominer chute froid nerveux fonder lieu.
WL-03197,CLOUD-1798,user0012,2026-09-14,6.4,Car prochain se soin avec cher paraître.
WL-03198,CLOUD-2132,user0007,2026-09-14,4.68,Haut sien théâtre mort grâce observer recueillir.
WL-03199,CRM-2258,user0033,2026-09-14,1.33,Ou endroit confier colon nation.
WL-03200,CRM-4888,user0049,2026-09-14,1.37,Auprès pénétrer étude poète ennemi folie plaine banc.
WL-03201,CRM-3256,user0023,2026-09-14,3.68,Note étoile frais matin prétendre esprit président.
WL-03202,PORTAL-979,user0033,2026-09-14,7.74,Confier rejeter calmer portier attaquer créer soldat.
WL-03203,SEC-191,user0041,2026-09-14,3.75,Papier quoi rire clair embrasser parler règle.
WL-03204,CLOUD-4080,user0018,2026-09-14,6.69,Minute mot écouter montrer gagner pouvoir.
WL-03205,DATA-4318,user0031,2026-09-14,3.54,Fruit quant à absence seul lever humide.
WL-03206,MOB-3717,user0049,2026-09-14,7.37,Conseil défaut public pays observer de jour sens.
WL-03207,ERP-4121,user0050,2026-09-14,5.13,Subir falloir clair convenir.
WL-03208,CLOUD-3060,user0012,2026-09-14,1.64,Dent pied lutter avancer sentir quelque tôt.
WL-03209,SEC-4281,user0012,2026-09-14,2.77,Foule aucun scène grâce joue découvrir.
WL-03210,CRM-1997,user0050,2026-09-14,3.89,Peine dire doucement membre étranger installer déposer.
WL-03211,CLOUD-3848,user0011,2026-09-14,7.5,Apparence large principe.
WL-03212,MOB-4029,user0037,2026-09-14,0.6,Souffrir dieu intention subir lit figure travers mince.
WL-03213,BI-3259,user0050,2026-09-14,5.88,Pointe pointe dépasser doucement.
WL-03214,BANK-1635,user0017,2026-09-14,5.59,Vérité corde dernier figurer.
WL-03215,BI-3397,user0029,2026-09-14,0.81,Rendre inutile même crainte colline revoir.
WL-03216,CLOUD-1632,user0031,2026-09-14,0.57,Falloir cheveu beaux enfin lumière secrétaire.
WL-03217,ECOM-1620,user0018,2026-09-14,6.45,Famille spectacle moins as seulement.
WL-03218,BI-4767,user0041,2026-09-14,4.55,Ministre jardin appel supporter attitude idée tourner.
WL-03219,ERP-1057,user0002,2026-09-14,1.87,Étage craindre pauvre lentement police en.
WL-03220,BI-884,user0015,2026-09-14,6.89,Nord femme côté saint enlever.
WL-03221,SEC-3634,user0050,2026-09-14,5.0,Conversation geste main conclure rideau prévoir.
WL-03222,PORTAL-1571,user0018,2026-09-14,1.87,Annoncer un plusieurs poids.
WL-03223,SEC-2453,user0049,2026-09-14,5.92,Travailler accent soin présence avoir.
WL-03224,ERP-1072,user0002,2026-09-14,2.92,D'Autres système ouvert part leur roman.
WL-03225,MOB-3193,user0023,2026-09-14,4.25,Enfance cabinet nation apercevoir enfance pleurer vêtement.
WL-03226,ECOM-3580,user0010,2026-09-14,1.43,Nuit race juste passé.
WL-03227,MOB-1479,user0048,2026-09-14,1.43,Extraordinaire présent serrer objet espace général beau rare.
WL-03228,MOB-3717,user0011,2026-09-14,2.05,Propre mien femme espace.
WL-03229,MOB-3284,user0002,2026-09-14,6.48,Gros loin convenir mari porte monde.
WL-03230,SEC-833,user0015,2026-09-14,5.61,Demain sentir vrai traîner ferme parole.
WL-03231,SEC-4790,user0033,2026-09-14,7.25,Général fatigue conduire.
WL-03232,ECOM-3776,user0031,2026-09-14,7.65,Moi étoile animer depuis marquer.
WL-03233,ERP-1515,user0023,2026-09-14,5.03,Attacher de théâtre soumettre rejeter planche.
WL-03234,DATA-3869,user0041,2026-09-14,1.97,Course vif répondre couper mer tranquille.
WL-03235,PORTAL-782,user0018,2026-09-14,4.89,Bientôt dernier vers sous.
WL-03236,CLOUD-4904,user0015,2026-09-14,7.63,Confondre vieillard demain.
WL-03237,ERP-3388,user0012,2026-09-14,6.12,Bon échapper part.
WL-03238,MOB-1787,user0018,2026-09-14,0.85,Sauver choix comment bord humide mort.
WL-03239,BANK-1194,user0048,2026-09-14,1.47,Jardin raconter détail demain lisser fumée.
WL-03240,ECOM-3117,user0002,2026-09-14,4.3,Sortir voir espérer prince avant convenir au.
WL-03241,DATA-1269,user0019,2026-09-14,4.13,Calme trois mauvais meilleur gloire plante abandonner réserver.
WL-03242,BANK-3555,user0041,2026-09-14,1.16,Chute île visite solitude traiter madame.
WL-03243,MOB-1527,user0002,2026-09-14,5.33,Bête distance art surtout celui vague.
WL-03244,PORTAL-1567,user0026,2026-09-14,1.81,Vêtir homme pain ailleurs mourir.
WL-03245,ECOM-4109,user0015,2026-09-14,6.56,Gros certain retirer mourir ramener réponse.
WL-03246,CLOUD-437,user0005,2026-09-14,7.79,Suite parvenir point ville.
WL-03247,PORTAL-1947,user0023,2026-09-14,4.2,Son effet voie contraire français pont.
WL-03248,SEC-3267,user0048,2026-09-14,6.98,Minute étranger phrase surveiller plaine étude.
WL-03249,DATA-429,user0042,2026-09-14,7.67,Peser chute répondre éclater peur coin.
WL-03250,MOB-1158,user0023,2026-09-14,1.53,Sein famille quelque.
WL-03251,CRM-4274,user0031,2026-09-14,5.63,Politique petit échapper claire endroit expliquer ramasser.
WL-03252,SEC-2000,user0031,2026-09-14,7.35,Sombre français sein voyage.
WL-03253,PORTAL-2399,user0031,2026-09-14,3.24,Sourire vraiment aimer neuf quand oeil immense vivre.
WL-03254,MOB-1091,user0007,2026-09-14,7.76,Règle résistance appartenir vouloir.
WL-03255,BANK-4063,user0033,2026-09-14,3.82,Quelque il consentir trois sembler.
WL-03256,PORTAL-4451,user0018,2026-09-14,4.88,Sang prix suffire terminer plan.
WL-03257,ERP-1048,user0005,2026-09-14,4.03,Corps ce immense manier campagne nerveux.
WL-03258,PORTAL-3641,user0023,2026-09-14,7.13,Cri finir armer effort si mien.
WL-03259,CRM-294,user0026,2026-09-14,3.74,Loin agiter mêler renoncer faute.
WL-03260,BI-1339,user0019,2026-09-14,6.36,Avec souffrir soin détail parfaitement gauche.
WL-03261,DATA-881,user0017,2026-09-14,1.8,Cesse user journée malade mort construire.
WL-03262,BI-1563,user0050,2026-09-14,1.26,Plan chair menacer danser.
WL-03263,ERP-605,user0029,2026-09-14,6.65,Danger ton devenir malgré.
WL-03264,BANK-1991,user0012,2026-09-14,4.59,Victime monsieur minute dont.
WL-03265,DATA-3878,user0041,2026-09-14,1.44,Aucun objet suffire contraire sang principe détail.
WL-03266,BANK-939,user0017,2026-09-14,3.61,Figure plaisir usage prix rond soin minute.
WL-03267,PORTAL-3969,user0007,2026-09-14,1.15,Tout plein discours accrocher capable diriger pourquoi.
WL-03268,CRM-824,user0007,2026-09-14,4.82,Asseoir cou pourquoi silencieux serrer loi.
WL-03269,SEC-3883,user0031,2026-09-14,2.02,Rôle sien secours bataille digne appartenir essuyer.
WL-03270,BI-1383,user0007,2026-09-14,7.39,Ailleurs perte jeune.
WL-03271,BANK-4509,user0012,2026-09-14,7.6,Yeux satisfaire vouloir vie si maladie.
WL-03272,SEC-4327,user0011,2026-09-14,6.96,Politique commun port travailler particulier herbe nommer.
WL-03273,CRM-3218,user0015,2026-09-14,1.38,Ombre grandir violence masse étaler système.
WL-03274,ECOM-2775,user0012,2026-09-14,0.77,Rouge chambre corde juge.
WL-03275,BANK-4646,user0007,2026-09-14,0.52,Trembler main terreur anglais annoncer suivre.
WL-03276,PORTAL-1257,user0017,2026-09-14,5.21,Ce hôtel renoncer colère riche état résoudre.
WL-03277,CLOUD-1400,user0012,2026-09-14,6.31,Me triste riche jambe reste.
WL-03278,CLOUD-4132,user0011,2026-09-14,2.33,Famille baisser sujet essayer.
WL-03279,BI-1168,user0045,2026-09-14,1.33,Vendre important nous veiller.
WL-03280,DATA-1764,user0045,2026-09-14,1.67,Ensuite émotion reculer lors autre oeil officier continuer.
WL-03281,DATA-3890,user0005,2026-09-14,2.76,Vite demander doucement tapis éclairer auquel voir.
WL-03282,MOB-4404,user0031,2026-09-14,4.0,Nuage accomplir construire moi remettre chef.
WL-03283,MOB-795,user0015,2026-09-14,3.13,Fumée point rôle claire répondre.
WL-03284,MOB-667,user0018,2026-09-14,6.7,Lèvre couper exposer éteindre vous.
WL-03285,CLOUD-182,user0010,2026-09-14,3.31,Cheval bas conseil oser fumée goût bas.
WL-03286,SEC-2997,user0041,2026-09-14,3.87,Résultat bout gloire depuis comme.
WL-03287,ECOM-2343,user0045,2026-09-14,2.6,Me calmer voie.
WL-03288,BI-891,user0001,2026-09-14,1.4,Avenir cher réponse nuage briller rentrer.
WL-03289,SEC-706,user0019,2026-09-14,1.27,Tant prince tracer envoyer.
WL-03290,MOB-3870,user0042,2026-09-14,1.43,Victime poids puis nature maintenant jeune chacun.
WL-03291,CRM-3330,user0048,2026-09-14,2.1,Goût satisfaire ensemble justice essuyer avant suffire violent.
WL-03292,PORTAL-3149,user0023,2026-09-14,1.62,Montrer jour oser grave après.
WL-03293,ERP-4876,user0011,2026-09-14,3.1,Tromper enfance hésiter observer anglais l'une mer.
WL-03294,ECOM-1358,user0005,2026-09-14,3.22,Drame courir souffrance permettre.
WL-03295,BI-3610,user0017,2026-09-14,0.64,Accompagner malgré en avoir guère plusieurs inquiéter.
WL-03296,ERP-4150,user0015,2026-09-14,3.06,Après mesure mauvais courage.
WL-03297,BI-389,user0012,2026-09-14,0.82,Travailler capable contenter.
WL-03298,BANK-2311,user0007,2026-09-14,2.63,Pierre rapporter marquer sable.
WL-03299,PORTAL-4028,user0042,2026-09-14,3.12,Pauvre intérieur changer ce minute.
WL-03300,CRM-3975,user0023,2026-09-14,2.47,Emporter silencieux vent.
WL-03301,SEC-4339,user0041,2026-09-14,4.54,Nul mémoire remettre poids nombre grandir suivre.
WL-03302,SEC-1047,user0029,2026-09-14,3.62,Rêve inutile coup travailler an aider chasser.
WL-03303,ERP-4804,user0017,2026-09-14,3.73,Absence de force naître.
WL-03304,CRM-3505,user0017,2026-09-14,3.91,Selon sentier là paix imaginer obtenir toujours.
WL-03305,MOB-3381,user0042,2026-09-14,4.99,Passer maintenir attitude dehors finir fixer.
WL-03306,BI-4308,user0002,2026-09-14,3.54,Chanter retirer prétendre poste bon compte lequel.
WL-03307,BI-281,user0050,2026-09-14,6.75,Liberté consentir voler intérieur.
WL-03308,PORTAL-4613,user0020,2026-09-14,5.88,Endormir gauche coup achever supposer.
WL-03309,CRM-1532,user0005,2026-09-14,2.68,Combien cou dans malade.
WL-03310,CRM-1293,user0041,2026-09-14,2.13,Poésie marche colon traîner troisième accent.
WL-03311,CLOUD-2830,user0001,2026-09-14,5.18,Salle amuser naturel révéler peu.
WL-03312,MOB-1031,user0031,2026-09-14,7.52,Voisin ou soulever tâche.
WL-03313,PORTAL-2809,user0018,2026-09-14,7.53,Après jeune calme travailler jeune tour.
WL-03314,BANK-3635,user0045,2026-09-14,7.49,Conclure journal oh vide accepter.
WL-03315,PORTAL-2927,user0031,2026-09-14,1.7,Intéresser vrai amuser cheveu mener étage.
WL-03316,SEC-2955,user0010,2026-09-14,0.99,Retour dont livrer fils humain exemple attirer soudain.
WL-03317,BANK-3733,user0049,2026-09-14,0.67,Pourquoi règle dehors fine contenir être essayer croire.
WL-03318,BI-160,user0002,2026-09-14,1.5,Puis forme fleur fort foi.
WL-03319,BANK-2722,user0031,2026-09-14,2.26,Étudier fatigue courir propos.
WL-03320,CRM-4243,user0007,2026-09-14,5.96,Observer sonner préférer pourquoi travers salle que.
WL-03321,ERP-1462,user0019,2026-09-14,3.41,Satisfaire couleur habitude terrain.
WL-03322,BANK-1948,user0012,2026-09-14,2.19,Désespoir assurer mériter perte absence ce sauvage coin.
WL-03323,MOB-2866,user0023,2026-09-14,2.5,Courir quart certain.
WL-03324,CRM-2645,user0042,2026-09-14,2.47,Supérieur victime vaste quartier intention maison.
WL-03325,BI-3064,user0019,2026-09-14,7.25,Continuer moins quand triste sein.
WL-03326,CRM-1346,user0037,2026-09-14,1.51,Un libre fixer geste race soin vif professeur.
WL-03327,MOB-3692,user0012,2026-09-14,1.26,Habiter immobile sueur sûr propre.
WL-03328,DATA-3956,user0050,2026-09-14,6.09,Énorme clair trou front soulever.
WL-03329,PORTAL-64,user0005,2026-09-14,4.62,Garde noir fauteuil art.
WL-03330,ERP-2549,user0017,2026-09-14,2.99,Veiller dix également voici page puis.
WL-03331,BI-3258,user0042,2026-09-14,5.6,Avant nécessaire somme mêler anglais apporter officier.
WL-03332,DATA-2431,user0045,2026-09-14,3.46,Perte jardin propre combat quitter social.
WL-03333,CRM-295,user0020,2026-09-14,1.0,Donc fumée prix cela.
WL-03334,CLOUD-4380,user0017,2026-09-14,0.98,Habitude secret poids arrêter son poitrine.
WL-03335,CRM-2602,user0010,2026-09-14,4.01,Effet entretenir mince fixer armée saison lire carte.
WL-03336,CRM-2065,user0029,2026-09-14,2.82,Un rire aussi français creuser.
WL-03337,BI-3729,user0018,2026-09-14,6.72,Sentir mien queue.
WL-03338,MOB-4404,user0001,2026-09-14,6.77,Haut cas décrire oh tout curiosité ouvert quinze.
WL-03339,ECOM-511,user0011,2026-09-14,1.37,Détacher distinguer printemps désert.
WL-03340,BI-2495,user0007,2026-09-14,5.6,Geste anglais maison mode baisser cabinet animer.
WL-03341,PORTAL-4848,user0031,2026-09-14,1.31,Soudain glace lendemain intérieur enfin.
WL-03342,ECOM-2463,user0007,2026-09-14,4.88,Solitude tirer dominer fixe prévenir.
WL-03343,CLOUD-4771,user0048,2026-09-14,1.36,Paupière couler nouveau tout court revoir cerveau fumée.
WL-03344,SEC-3633,user0010,2026-09-14,0.74,Signe soin serrer arrivée.
WL-03345,SEC-940,user0001,2026-09-14,4.91,Rappeler titre éteindre docteur marche.
WL-03346,CRM-816,user0007,2026-09-14,6.02,Animer nez étonner rejeter hier pierre.
WL-03347,PORTAL-2802,user0026,2026-09-14,3.1,Glace monde tour fauteuil etc.
WL-03348,MOB-733,user0026,2026-09-14,5.83,Selon réduire droite loup gens.
WL-03349,DATA-3517,user0019,2026-09-14,2.47,Voisin subir respecter occasion pierre.
WL-03350,BI-3606,user0023,2026-09-14,6.0,Agir rire signifier nuit.
WL-03351,ERP-524,user0012,2026-09-14,2.8,Peine semblable travers continuer cacher six tôt.
WL-03352,ERP-2018,user0029,2026-09-14,4.35,Diriger horizon dessus conseil retrouver.
WL-03353,SEC-4529,user0049,2026-09-14,5.0,Moyen malgré reposer prononcer.
WL-03354,BI-3064,user0029,2026-09-14,1.41,Sac argent chacun causer détacher émotion.
WL-03355,DATA-4948,user0029,2026-09-14,6.97,Endormir essayer jaune dépasser circonstance.
WL-03356,CLOUD-4299,user0042,2026-09-14,3.48,Doucement place vivre enlever supposer amener sauver.
WL-03357,CRM-4853,user0011,2026-09-14,4.08,Dans douleur auquel haute conclure attirer réunir.
WL-03358,ECOM-4925,user0048,2026-09-14,0.73,Mourir présent montrer guère quitter souhaiter paysan pont.
WL-03359,BANK-351,user0026,2026-09-14,3.87,Entre moyen plaindre enfant répéter.
WL-03360,ERP-2211,user0031,2026-09-14,3.06,Fond éviter deux.
WL-03361,SEC-1150,user0027,2026-09-14,3.6,Corps en pied nature jaune auquel.
WL-03362,BI-705,user0012,2026-09-14,6.17,Genou mouvement représenter.
WL-03363,CLOUD-2301,user0050,2026-09-14,1.06,Déposer ouvert nuit.
WL-03364,CLOUD-1182,user0031,2026-09-14,4.29,Curiosité vivant devoir.
WL-03365,BI-1493,user0023,2026-09-14,6.88,Autorité corps aspect espace car marquer.
WL-03366,PORTAL-255,user0011,2026-09-14,0.83,Conduire lisser humain naître comment je connaître semblable.
WL-03367,BANK-869,user0042,2026-09-14,3.57,Dangereux chemise trente auprès masse souffrance souvenir.
WL-03368,ECOM-1032,user0012,2026-09-14,5.9,Sable amener choisir président.
WL-03369,MOB-3198,user0029,2026-09-14,3.98,Air souffler commander feu le compte porter.
WL-03370,MOB-1866,user0019,2026-09-14,7.94,Charger son attention note vraiment.
WL-03371,MOB-2658,user0049,2026-09-14,1.6,Enfoncer capable vert élément inviter attitude auprès.
WL-03372,BI-3663,user0001,2026-09-14,4.95,Cela attention chant imaginer composer présenter.
WL-03373,BI-3275,user0045,2026-09-14,7.29,Mort étude devoir.
WL-03374,MOB-1906,user0011,2026-09-14,2.16,Avant lettre plus fatigue lèvre inconnu court du.
WL-03375,ERP-2746,user0026,2026-09-14,6.07,Hasard hors presser accord trembler.
WL-03376,PORTAL-4209,user0019,2026-09-14,4.26,Spectacle sûr rapport chemise révolution.
WL-03377,BANK-331,user0027,2026-09-14,4.57,Arme traîner douter sien.
WL-03378,CLOUD-1320,user0023,2026-09-14,4.0,Geste prêter remercier cause.
WL-03379,DATA-4,user0023,2026-09-14,5.91,Bête forêt chant près être rose désirer.
WL-03380,DATA-3923,user0007,2026-09-14,2.32,Français avancer pauvre poète interroger feuille devant.
WL-03381,MOB-2484,user0002,2026-09-14,4.57,Également penser suffire dessus entretenir presser gris.
WL-03382,SEC-4257,user0011,2026-09-14,1.59,Vous creuser très colon bleu crier lire.
WL-03383,BI-1423,user0007,2026-09-14,0.7,Spectacle figurer tache seulement gouvernement.
WL-03384,ERP-2746,user0001,2026-09-14,1.53,Fixer tenir retirer réclamer égal.
WL-03385,BI-1663,user0005,2026-09-14,2.24,Expérience agir temps pauvre repas.
WL-03386,DATA-1922,user0026,2026-09-14,7.02,Heure étrange derrière longtemps haïr revoir mal.
WL-03387,MOB-4819,user0050,2026-09-14,5.58,Retirer ouvert enfermer nuage recueillir.
WL-03388,BI-4634,user0002,2026-09-14,3.03,Dehors tuer juger face.
WL-03389,SEC-2856,user0027,2026-09-14,4.3,Lorsque prévenir front face prison santé ancien miser.
WL-03390,PORTAL-2809,user0031,2026-09-14,2.26,Habitant reculer dimanche nouveau.
WL-03391,SEC-189,user0045,2026-09-14,7.23,L'Un naturel quartier.
WL-03392,MOB-2022,user0033,2026-09-14,6.79,Près cheveu agiter changer liberté.
WL-03393,SEC-3486,user0002,2026-09-14,1.65,Soumettre eaux dessus phrase ordre.
WL-03394,ERP-2120,user0018,2026-09-14,5.46,Apparence vide vingt discussion milieu agiter flamme.
WL-03395,CLOUD-2508,user0001,2026-09-14,4.79,Nom mériter rouge mettre dehors rouler.
WL-03396,PORTAL-782,user0045,2026-09-14,2.75,Goût beau là servir.
WL-03397,PORTAL-3815,user0033,2026-09-14,4.16,Extraordinaire supérieur armer faible neuf hiver.
WL-03398,BANK-4773,user0002,2026-09-14,2.82,Afin De mille veiller propos paquet payer.
WL-03399,BI-2816,user0050,2026-09-14,6.8,Passé camarade vers enfance abandonner possible.
WL-03400,ECOM-4071,user0048,2026-09-14,5.26,Montagne nerveux un.
WL-03401,ECOM-1747,user0037,2026-09-14,0.64,Reprendre entraîner complet.
WL-03402,BANK-4642,user0033,2026-09-14,6.1,Lendemain faute présent importer étrange public.
WL-03403,BI-527,user0033,2026-09-14,1.84,Inventer l'une bataille vrai classe.
WL-03404,PORTAL-1051,user0002,2026-09-14,3.75,Lui corps éloigner taille silencieux.
WL-03405,PORTAL-4334,user0002,2026-09-14,6.28,Soi projet passé autrefois lors.
WL-03406,BI-84,user0041,2026-09-14,3.71,Exprimer attirer animal doute répondre.
WL-03407,DATA-1999,user0023,2026-09-14,6.86,Éternel froid revenir quinze vieillard passer visage.
WL-03408,MOB-4917,user0033,2026-09-14,7.04,Inquiétude pauvre exposer jeunesse après.
WL-03409,PORTAL-2004,user0010,2026-09-14,3.49,Recherche honneur prétendre voir casser papa.
WL-03410,PORTAL-1227,user0002,2026-09-14,2.03,Chasse durer toute intéresser.
WL-03411,CRM-3798,user0029,2026-09-14,6.18,Tout appartement reposer.
WL-03412,SEC-1622,user0037,2026-09-14,2.58,Silence air personne douter taille emporter garçon.
WL-03413,BANK-4402,user0007,2026-09-14,6.6,Falloir empêcher justice premier vérité défendre avancer.
WL-03414,MOB-1352,user0027,2026-09-14,7.17,Notre foule beau sujet.
WL-03415,PORTAL-2333,user0017,2026-09-14,6.68,Image continuer membre.
WL-03416,ERP-164,user0020,2026-09-14,2.09,Savoir devoir pitié sol assurer couper plonger sens.
WL-03417,CLOUD-3331,user0012,2026-09-14,5.67,Pauvre supérieur engager camarade.
WL-03418,CLOUD-3099,user0020,2026-09-14,4.25,Social élever imaginer mouvement côté naître.
WL-03419,BANK-694,user0005,2026-09-14,2.62,Signifier crainte lutte naissance interroger naissance.
WL-03420,MOB-2212,user0012,2026-09-14,6.57,Sujet mon créer rouler vêtir.
WL-03421,DATA-711,user0017,2026-09-14,1.01,Âge hauteur devant.
WL-03422,BANK-318,user0020,2026-09-14,5.32,Dehors bruit parcourir appeler.
WL-03423,DATA-767,user0010,2026-09-14,4.47,Droit seul offrir monde.
WL-03424,PORTAL-4911,user0011,2026-09-14,1.56,Cheval fois condition conclure.
WL-03425,MOB-3085,user0017,2026-09-14,3.96,Interrompre bientôt cher.
WL-03426,PORTAL-1016,user0027,2026-09-14,2.81,Appel coin monsieur esprit un suite accomplir.
WL-03427,SEC-3723,user0031,2026-09-14,7.27,Ton intérieur ensemble envie.
WL-03428,DATA-3090,user0023,2026-09-14,1.93,Exiger encore bon blanc très air peser papier.
WL-03429,BANK-404,user0010,2026-09-14,7.12,Étoile choisir obtenir rire justice mer chance.
WL-03430,ERP-2519,user0049,2026-09-14,5.07,Courant long complètement face taire sourire.
WL-03431,DATA-3098,user0050,2026-09-14,7.63,Porte ailleurs réduire contenir.
WL-03432,DATA-3123,user0049,2026-09-14,6.76,Faible intérêt cri monsieur garder reprendre révolution.
WL-03433,ECOM-1436,user0029,2026-09-14,7.52,Banc préparer par.
WL-03434,DATA-1987,user0041,2026-09-14,2.31,Atteindre chose visite planche rôle inquiéter décider côte.
WL-03435,MOB-2983,user0033,2026-09-14,4.72,Long conseil pièce tranquille.
WL-03436,CLOUD-4239,user0027,2026-09-14,7.73,Race appartenir miser tout lentement général ce.
WL-03437,BANK-1312,user0026,2026-09-14,1.95,Considérer anglais retour protéger.
WL-03438,BANK-4392,user0001,2026-09-14,1.33,Million couleur cerveau un bout troisième affirmer.
WL-03439,DATA-853,user0015,2026-09-14,2.65,Content moment près douceur un aucun près lever.
WL-03440,MOB-149,user0050,2026-09-14,3.25,Famille surveiller éloigner détruire saluer quelque.
WL-03441,PORTAL-1017,user0018,2026-09-14,1.88,Présenter entraîner apprendre retourner tard respecter crainte.
WL-03442,CLOUD-2037,user0041,2026-09-14,3.13,Est principe faveur savoir façon rencontre déclarer plaindre.
WL-03443,CLOUD-2761,user0041,2026-09-14,1.64,Attitude chance étage exemple bruit chair.
WL-03444,BI-4743,user0048,2026-09-14,5.34,Folie user retourner branche.
WL-03445,DATA-1541,user0018,2026-09-14,3.63,Autrefois lutter dormir faux produire vieil.
WL-03446,MOB-223,user0017,2026-09-14,3.66,Espérer relation partout compagnie résistance contenter.
WL-03447,ECOM-4655,user0015,2026-09-14,2.17,Chaîne apercevoir mariage ombre intelligence prince.
WL-03448,BI-1203,user0037,2026-09-14,4.25,Étude moyen roman île.
WL-03449,CRM-1481,user0007,2026-09-14,1.99,Près confondre choix côté.
WL-03450,BI-2935,user0007,2026-09-14,0.98,Colline suite cas.
WL-03451,CRM-1231,user0041,2026-09-14,1.21,Course hors fortune puisque manier rocher gauche payer.
WL-03452,ERP-438,user0019,2026-09-14,4.68,Surprendre arriver inventer coûter tombe main au.
WL-03453,BI-3275,user0005,2026-09-14,7.46,Arrière rouge droite joue seuil bord.
WL-03454,PORTAL-1753,user0026,2026-09-14,3.1,Drame veiller prouver poitrine déchirer.
WL-03455,MOB-2136,user0033,2026-09-14,1.17,Trait vieux agent acte comment.
WL-03456,BI-3466,user0018,2026-09-14,3.92,Étrange beau sourire haine haut trait rapide.
WL-03457,ERP-4622,user0002,2026-09-14,4.19,Toute marche désirer aujourd'hui obéir intention.
WL-03458,MOB-4442,user0005,2026-09-14,0.85,Crise etc fatiguer fer volonté lieu.
WL-03459,BANK-1709,user0031,2026-09-14,3.26,Perdu rire ferme écraser.
WL-03460,PORTAL-4585,user0020,2026-09-14,6.79,Y race recherche vieil puis amour.
WL-03461,CRM-709,user0002,2026-09-14,7.13,Machine demain coeur demande.
WL-03462,BI-2935,user0048,2026-09-14,5.53,Désespoir écrire aspect habiller mentir.
WL-03463,CRM-2229,user0027,2026-09-14,2.54,François enfermer nourrir aspect.
WL-03464,ECOM-1591,user0050,2026-09-14,7.69,Tenter quartier condition il différent siège personne.
WL-03465,BANK-3862,user0033,2026-09-14,3.69,Écouter sous jamais sein étude retenir achever nez.
WL-03466,MOB-4774,user0041,2026-09-14,1.02,Demain réponse rencontrer élément troubler l'une chaise.
WL-03467,ERP-2015,user0012,2026-09-14,5.13,Parvenir cri abattre tu.
WL-03468,ECOM-4719,user0023,2026-09-14,2.37,Gens trou trembler erreur.
WL-03469,CRM-640,user0042,2026-09-14,6.6,Poursuivre emmener naître as chaîne.
WL-03470,ECOM-3309,user0017,2026-09-14,6.79,Paquet approcher tenter.
WL-03471,BI-2298,user0023,2026-09-14,1.63,Dur y épais haut coûter robe.
WL-03472,ECOM-595,user0027,2026-09-14,5.71,L'Une maintenir flot surprendre grave pendre hasard.
WL-03473,ECOM-2671,user0011,2026-09-14,1.67,Intéresser dame jambe sang car.
WL-03474,CRM-622,user0029,2026-09-14,6.83,Cause prétendre briser aucun suivant cheveu.
WL-03475,BI-741,user0049,2026-09-14,4.85,Menacer saint pousser officier devoir.
WL-03476,ECOM-1255,user0005,2026-09-14,7.47,Militaire grand sorte approcher mieux puisque.
WL-03477,CLOUD-2037,user0007,2026-09-14,5.29,Relation tout hier moment leur ah.
WL-03478,SEC-1325,user0023,2026-09-14,6.72,Troubler inspirer maître montrer curiosité printemps époque glace.
WL-03479,PORTAL-546,user0026,2026-09-14,1.15,Droite intention parfois soir monter arriver fermer.
WL-03480,CRM-2450,user0031,2026-09-14,5.5,Preuve genou réel poser.
WL-03481,BI-1934,user0033,2026-09-14,2.26,Proposer différent nous déjà camarade cesse rayon.
WL-03482,CLOUD-341,user0045,2026-09-14,1.19,Exprimer mois mien tomber billet.
WL-03483,DATA-3393,user0027,2026-09-14,5.29,Prétendre rêver plein lourd sortir impossible fatiguer.
WL-03484,MOB-3863,user0007,2026-09-14,0.68,Armer naissance l'un rond creuser vol.
WL-03485,MOB-308,user0042,2026-09-14,2.8,Violence soir disposer étudier.
WL-03486,DATA-610,user0012,2026-09-14,1.98,Soulever avec début beau projet type.
WL-03487,DATA-1280,user0037,2026-09-14,1.48,Faire guerre rouge mari intérêt choix bon.
WL-03488,ERP-1736,user0001,2026-09-14,4.28,Ennemi tendre distinguer meilleur.
WL-03489,CRM-2155,user0011,2026-09-14,1.65,Ce émotion arrivée rouge sourd jeunesse.
WL-03490,PORTAL-1134,user0045,2026-09-14,4.21,Mort fort peur rapporter devenir lourd éviter.
WL-03491,BANK-1323,user0031,2026-09-14,6.62,Paysan paquet suite couche briller histoire parmi portier.
WL-03492,SEC-3834,user0001,2026-09-14,4.74,Puis prison plein entre surveiller subir même horizon.
WL-03493,ERP-4622,user0007,2026-09-14,5.84,Lutter obéir ah route mouvement parcourir.
WL-03494,PORTAL-2273,user0002,2026-09-14,4.64,Eau horizon gros.
WL-03495,ECOM-2367,user0023,2026-09-14,6.31,Prochain violence clair repas coucher triste médecin.
WL-03496,BI-3671,user0015,2026-09-14,6.55,Immense lever cause goût endormir capable vue.
WL-03497,SEC-4737,user0026,2026-09-14,0.75,Importer peuple respirer musique mesure divers décider.
WL-03498,ERP-4571,user0001,2026-09-14,3.24,Trou situation joli science vision céder.
WL-03499,CRM-2875,user0050,2026-09-14,2.75,Étendue grave oh maître.
WL-03500,ERP-4513,user0045,2026-09-14,4.8,François coucher idée rayon île.
WL-03501,SEC-3347,user0012,2026-09-14,4.67,Faute reprendre aimer ou usage attitude.
WL-03502,MOB-360,user0020,2026-09-14,7.43,Juge vendre nombreux rejeter en.
WL-03503,MOB-1157,user0041,2026-09-14,0.51,Voisin lier quartier lequel ramener promettre certain.
WL-03504,BANK-2702,user0031,2026-09-14,1.78,Expression gris l'une soumettre connaître emporter contenter inutile.
WL-03505,CLOUD-3756,user0020,2026-09-14,6.93,Pouvoir crier prochain entier.
WL-03506,CLOUD-4714,user0049,2026-09-14,3.67,Cela fidèle jeter dangereux roi importance delà.
WL-03507,BANK-1310,user0045,2026-09-14,3.01,Moins raconter siège livrer.
WL-03508,PORTAL-3260,user0002,2026-09-14,6.42,Ainsi très durant présent direction poids.
WL-03509,MOB-4698,user0015,2026-09-14,1.76,Celui révéler mille tranquille.
WL-03510,CLOUD-4040,user0045,2026-09-14,7.2,François véritable souhaiter disposer naissance fauteuil nuage acheter.
WL-03511,ECOM-3576,user0020,2026-09-14,2.93,Plaine eh valeur page approcher.
WL-03512,CLOUD-3665,user0042,2026-09-14,7.65,Désigner rejoindre fumer voie rideau seuil juge jeter.
WL-03513,ERP-4879,user0010,2026-09-14,6.42,Mener rapidement pont agiter nature présent.
WL-03514,PORTAL-2915,user0041,2026-09-14,6.84,Fermer rien conclure guère hors descendre haine banc.
WL-03515,ECOM-2608,user0048,2026-09-14,5.24,Suffire claire depuis apparence clair veille sujet.
WL-03516,SEC-3039,user0002,2026-09-14,6.24,Briller devenir naissance action sourd inquiétude enfance.
WL-03517,CLOUD-4967,user0007,2026-09-14,2.6,Émotion retourner depuis chance oeuvre est sembler.
WL-03518,MOB-1024,user0019,2026-09-14,5.95,Entre vêtement attacher révéler même.
WL-03519,SEC-4386,user0031,2026-09-14,6.28,Public réserver mer rare tandis que.
WL-03520,PORTAL-4757,user0011,2026-09-14,2.07,Signe sur suite.
WL-03521,SEC-1080,user0029,2026-09-14,0.81,Sou ci énorme ça prévenir plante.
WL-03522,MOB-2409,user0037,2026-09-14,0.7,Recommencer nouveau briser réduire.
WL-03523,ECOM-3385,user0020,2026-09-14,0.95,Un précéder bleu.
WL-03524,CLOUD-3287,user0033,2026-09-14,0.51,Vivre somme âgé papa long glisser dix.
WL-03525,ERP-2293,user0045,2026-09-14,4.16,Tempête cerveau dieu beaucoup.
WL-03526,DATA-3661,user0007,2026-09-14,6.91,Nord porter chose chiffre y.
WL-03527,BANK-1903,user0001,2026-09-14,1.38,Secret passer acheter employer défendre égal fenêtre.
WL-03528,CRM-1177,user0020,2026-09-14,5.06,Chemise accepter reculer pain homme mourir huit raison.
WL-03529,ERP-32,user0019,2026-09-14,5.11,Arrière tôt vingt sourire gens.
WL-03530,CRM-2065,user0037,2026-09-14,4.63,Comment siècle drôle demi.
WL-03531,MOB-4024,user0019,2026-09-14,4.74,Après système moitié traverser claire devant lendemain.
WL-03532,ECOM-3385,user0002,2026-09-14,5.86,Espoir haut ruine chaud plutôt apercevoir passion.
WL-03533,CLOUD-73,user0012,2026-09-14,4.01,En entre étranger chanter long existence revoir année.
WL-03534,BI-3998,user0007,2026-09-14,5.36,Un arracher commencer.
WL-03535,PORTAL-976,user0049,2026-09-14,2.55,Seuil posséder juste bruit.
WL-03536,BANK-4147,user0031,2026-09-14,6.77,Prince queue jouer devoir liberté savoir.
WL-03537,SEC-4673,user0041,2026-09-14,3.18,Précéder imposer vêtir confier.
WL-03538,BANK-4341,user0041,2026-09-14,7.53,Prononcer plaine reprendre inquiéter.
WL-03539,CRM-596,user0026,2026-09-14,0.6,Respect plaine mouvement membre reste mieux parler.
WL-03540,ECOM-2024,user0050,2026-09-14,6.93,Fixer bureau extraordinaire attirer lèvre désir.
WL-03541,ERP-3839,user0007,2026-09-14,4.87,Nature suffire famille souvent.
WL-03542,ECOM-4715,user0049,2026-09-14,6.04,D'Autres accent science former justice rôle centre craindre.
WL-03543,ECOM-875,user0015,2026-09-14,7.35,Vrai croiser bois santé.
WL-03544,BANK-4586,user0027,2026-09-14,6.09,Idée empêcher parvenir mais commencer.
WL-03545,PORTAL-2715,user0019,2026-09-14,1.7,Ligne parcourir parole ligne.
WL-03546,DATA-1922,user0020,2026-09-14,3.29,Pas craindre pont.
WL-03547,ECOM-4677,user0042,2026-09-14,7.79,Chaîne voiture tombe ligne tâche.
WL-03548,SEC-3947,user0027,2026-09-14,7.87,Couvrir dernier à papier science.
WL-03549,MOB-1111,user0007,2026-09-14,1.91,Arrivée eaux glisser vraiment.
WL-03550,CLOUD-3165,user0041,2026-09-14,5.31,Arriver port calme long prêt.
WL-03551,BI-4960,user0029,2026-09-14,1.0,Prix mince lentement discussion.
WL-03552,CLOUD-3194,user0031,2026-09-14,2.54,Jouer comprendre tirer terrain.
WL-03553,CRM-1617,user0019,2026-09-14,1.05,Prochain vieil intérieur île désir.
WL-03554,DATA-194,user0017,2026-09-14,7.84,D'Autres rire sac ramasser chemise raconter.
WL-03555,MOB-4505,user0015,2026-09-14,0.73,Appeler devoir résoudre manquer montagne relation bleu sûr.
WL-03556,SEC-3907,user0012,2026-09-14,2.12,Tromper violence travail robe.
WL-03557,BI-4874,user0050,2026-09-14,6.83,On profond monsieur résultat retrouver prix.
WL-03558,PORTAL-4809,user0033,2026-09-14,4.28,Jeune genou perdre lendemain tel noir.
WL-03559,ECOM-3809,user0012,2026-09-14,7.85,Montagne entre fin savoir pays.
WL-03560,ECOM-3420,user0041,2026-09-14,1.97,Résoudre davantage mur tromper.
WL-03561,DATA-811,user0037,2026-09-14,5.66,Fumer naturel embrasser sourire accent puissant subir.
WL-03562,BI-2950,user0045,2026-09-14,2.25,Chasse préparer remercier étonner.
WL-03563,MOB-2055,user0001,2026-09-14,6.24,Ça dent pourtant envoyer malheur rêve.
WL-03564,MOB-683,user0017,2026-09-14,2.49,Secours machine âge.
WL-03565,MOB-1330,user0023,2026-09-14,1.0,Immense fauteuil vérité signe quand.
WL-03566,CLOUD-2508,user0020,2026-09-14,7.92,Note fer armée femme exemple public fond.
WL-03567,DATA-1299,user0023,2026-09-14,2.12,Cercle dessus fauteuil accent.
WL-03568,CLOUD-1762,user0049,2026-09-14,0.93,Lourd titre tracer armer or désigner être.
WL-03569,BANK-879,user0027,2026-09-14,4.24,Chute poitrine donner midi.
WL-03570,ECOM-4155,user0011,2026-09-14,2.94,Fort retourner conclure rêve continuer oeil.
WL-03571,PORTAL-2586,user0031,2026-09-14,7.38,Devoir nombreux prévenir qualité fou sortir observer.
WL-03572,MOB-2305,user0020,2026-09-14,1.7,Peau lui respect.
WL-03573,DATA-4678,user0050,2026-09-14,4.76,Quelqu'Un fortune bureau soumettre saint changement.
WL-03574,ERP-3876,user0026,2026-09-14,1.28,Dormir nouveau pauvre terre aventure demi place.
WL-03575,ECOM-3362,user0031,2026-09-14,2.58,L'Un remercier famille vision chasser côté.
WL-03576,CLOUD-1055,user0050,2026-09-14,2.69,Vivant oh nom serrer.
WL-03577,ERP-2870,user0005,2026-09-14,5.97,Muet pouvoir précipiter près tendre.
WL-03578,CRM-1861,user0011,2026-09-14,3.78,Justice chair partir dur action haine vous.
WL-03579,SEC-4352,user0001,2026-09-14,3.04,Fumée signe madame fonction quelque obtenir chercher.
WL-03580,PORTAL-660,user0042,2026-09-14,2.01,Traîner leur parmi là traiter assister toujours tapis.
WL-03581,ECOM-4453,user0026,2026-09-14,7.59,Vieil un beaux haute consentir.
WL-03582,ECOM-3664,user0041,2026-09-14,1.93,Exposer falloir sorte souhaiter paraître en céder profiter.
WL-03583,SEC-3118,user0007,2026-09-14,1.78,Oublier en admettre autre.
WL-03584,BANK-2648,user0002,2026-09-14,6.8,Course appartenir jusque vouloir sommet rendre gros.
WL-03585,DATA-4778,user0029,2026-09-14,3.67,Million après exposer fumée ennemi passé.
WL-03586,PORTAL-3827,user0002,2026-09-14,1.43,Train rang avouer comme.
WL-03587,PORTAL-2516,user0011,2026-09-14,4.47,Certain nécessaire d'autres secret.
WL-03588,BANK-2445,user0002,2026-09-14,6.49,Colon personne chemin.
WL-03589,ECOM-4396,user0027,2026-09-14,5.63,Enfermer haïr demain franc occuper frais.
WL-03590,DATA-1384,user0027,2026-09-14,1.71,Billet docteur existence avec.
WL-03591,ERP-235,user0010,2026-09-14,1.14,Même chemin fond direction car un terrible.
WL-03592,SEC-1282,user0010,2026-09-14,4.02,Inconnu papa joli voici magnifique éternel.
WL-03593,BI-2974,user0017,2026-09-14,1.63,Soudain faveur été gouvernement dire rapide.
WL-03594,ECOM-2238,user0005,2026-09-14,1.81,Répondre reste voisin devant.
WL-03595,PORTAL-4214,user0010,2026-09-14,3.7,Larme parmi intéresser bras tu dos attention.
WL-03596,MOB-1866,user0048,2026-09-14,2.34,Debout petit toute haut.
WL-03597,BANK-2628,user0001,2026-09-14,5.62,Plonger fortune vingt différent.
WL-03598,ERP-3340,user0007,2026-09-14,2.12,Devoir parfois étranger.
WL-03599,CRM-4750,user0042,2026-09-14,1.38,Venir vingt absence déchirer.
WL-03600,SEC-801,user0010,2026-09-14,5.71,Mensonge membre arracher.
WL-03601,ECOM-820,user0023,2026-09-14,1.22,Roche hauteur discuter capable plein conversation amener.
WL-03602,CRM-4272,user0018,2026-09-14,5.91,Faim sol compagnie.
WL-03603,CRM-2324,user0049,2026-09-14,5.09,Départ chambre secret moyen exprimer sourd.
WL-03604,ECOM-2867,user0049,2026-09-14,5.67,Assister après rue fermer de.
WL-03605,ECOM-2140,user0029,2026-09-14,1.19,Forêt arbre dehors tard.
WL-03606,PORTAL-900,user0026,2026-09-14,0.61,Vague loi deux mêler avec inutile.
WL-03607,MOB-2658,user0048,2026-09-14,2.99,Dehors prière obéir journée.
WL-03608,CRM-2454,user0037,2026-09-14,3.61,Mettre naître âgé pied appuyer delà mensonge naturellement.
WL-03609,BANK-1969,user0005,2026-09-14,7.3,Trente ça bout seuil prêter âge.
WL-03610,PORTAL-679,user0019,2026-09-14,2.68,Mensonge etc gris.
WL-03611,BANK-4156,user0010,2026-09-14,1.74,Attacher contraire tomber faire.
WL-03612,BANK-1808,user0033,2026-09-14,3.03,Digne justice commencement doux ferme depuis marché.
WL-03613,CRM-3428,user0007,2026-09-14,2.8,Rester hôtel plan disparaître.
WL-03614,BANK-318,user0050,2026-09-14,6.7,Phrase oui assister silence intérieur.
WL-03615,BANK-3932,user0011,2026-09-14,5.05,Loi nez quelque taire traiter soin hôtel.
WL-03616,BI-1348,user0010,2026-09-14,3.96,Patron siège nommer depuis hauteur.
WL-03617,SEC-195,user0020,2026-09-14,3.36,Vendre toit gens livre nul.
WL-03618,SEC-4896,user0027,2026-09-14,1.26,Amener sauver réalité prière silencieux printemps parvenir.
WL-03619,BI-1363,user0005,2026-09-14,5.15,Larme tour pierre profiter détail.
WL-03620,BANK-4207,user0041,2026-09-14,6.39,Paysage pain étoile assurer élément.
WL-03621,BI-1203,user0033,2026-09-14,7.14,Si yeux un sens paraître fleur étoile.
WL-03622,CRM-4727,user0045,2026-09-14,4.95,Retrouver à courant nul confier cuisine.
WL-03623,ERP-4472,user0005,2026-09-14,7.83,Blanc révéler absolu personne noire véritable même.
WL-03624,MOB-192,user0012,2026-09-14,5.24,Semblable éclairer chef lien beau avant saint.
WL-03625,MOB-3767,user0042,2026-09-14,0.92,Précis votre toucher parent neuf endormir aucun soudain.
WL-03626,BI-2147,user0029,2026-09-14,4.28,Anglais lequel tour.
WL-03627,BANK-2735,user0023,2026-09-14,2.57,Traiter avec passage poids rapidement jeune.
WL-03628,SEC-985,user0045,2026-09-14,6.33,Hésiter poids voie.
WL-03629,CRM-1100,user0011,2026-09-14,1.95,Colon repousser vif créer lever.
WL-03630,ERP-576,user0020,2026-09-14,5.12,Quand engager erreur lueur.
WL-03631,MOB-603,user0012,2026-09-14,5.86,Voiture auquel être noir noir prendre boire.
WL-03632,DATA-3878,user0023,2026-09-14,3.82,Auquel vaste autant gros acte tendre.
WL-03633,ECOM-828,user0029,2026-09-14,7.28,Succès connaître compagnie détruire douter début mériter.
WL-03634,ECOM-45,user0029,2026-09-14,1.04,Consulter mince anglais matin moment pendre bon distance.
WL-03635,CLOUD-604,user0018,2026-09-14,1.46,Accomplir toile habitude crainte.
WL-03636,BANK-1884,user0041,2026-09-14,6.89,Étendre nourrir règle précéder mon été permettre.
WL-03637,PORTAL-70,user0015,2026-09-14,0.85,Respect marche sou.
WL-03638,ECOM-4747,user0005,2026-09-14,2.89,Franc étroit goût conversation un gauche.
WL-03639,MOB-4212,user0017,2026-09-14,1.45,Erreur préférer fait.
WL-03640,MOB-4717,user0041,2026-09-14,5.59,Effet demain cabinet jour matin voir.
WL-03641,ERP-2425,user0041,2026-09-14,1.99,Remercier grand exécuter avoir petit.
WL-03642,ECOM-4547,user0018,2026-09-14,3.12,Près aider espoir terre puissance vrai moins nerveux.
WL-03643,CLOUD-3306,user0045,2026-09-14,2.01,Midi déchirer d'autres pur idée annoncer.
WL-03644,DATA-2680,user0049,2026-09-14,1.14,Marier vin mauvais titre tête on.
WL-03645,DATA-4795,user0001,2026-09-14,2.86,Sec renoncer main capable noir prouver.
WL-03646,ERP-1223,user0012,2026-09-14,4.59,Général etc garde étoile bien liberté.
WL-03647,BANK-4733,user0001,2026-09-14,1.27,Combat gagner engager soudain politique extraordinaire ancien.
WL-03648,DATA-4863,user0019,2026-09-14,5.89,Compter voyager théâtre vingt décrire particulier.
WL-03649,SEC-4339,user0007,2026-09-14,3.37,Âme même papa là un chambre dépasser tache.
WL-03650,PORTAL-2482,user0015,2026-09-14,2.83,Craindre banc résistance défaut ici camarade minute mine.
WL-03651,ERP-3777,user0042,2026-09-14,3.01,Faux horizon gauche ou point.
WL-03652,ERP-2751,user0019,2026-09-14,1.4,Étoile empire raconter enfin son garde début route.
WL-03653,MOB-670,user0012,2026-09-14,6.29,Tourner moitié titre.
WL-03654,ERP-4119,user0011,2026-09-14,6.54,Tenter rouler rendre mort groupe.
WL-03655,CRM-4768,user0037,2026-09-14,6.44,Interrompre désirer habitant.
WL-03656,SEC-4716,user0048,2026-09-14,3.66,Même poids sens paquet.
WL-03657,BANK-3160,user0011,2026-09-14,4.55,Serrer sept répondre général réserver celui côte.
WL-03658,DATA-4863,user0011,2026-09-14,1.38,Croire absolument qualité et.
WL-03659,BI-3663,user0019,2026-09-14,1.01,Intérieur île ainsi prêter curiosité.
WL-03660,MOB-4045,user0026,2026-09-14,0.66,Objet vrai observer sombre genre.
WL-03661,CLOUD-73,user0019,2026-09-14,0.54,Fatiguer voyager entrer comme craindre difficile paysan.
WL-03662,BANK-1799,user0017,2026-09-14,1.16,Tu voisin ci sept propos sur vouloir.
WL-03663,BI-2068,user0020,2026-09-14,0.53,Vide pouvoir armée gris chant absolument.
WL-03664,BANK-2096,user0011,2026-09-14,2.18,Autour affirmer danser drôle réfléchir entendre moins.
WL-03665,MOB-2074,user0042,2026-09-14,7.16,Très marchand condition forme.
WL-03666,ERP-4055,user0037,2026-09-14,3.04,Obtenir passer frais nez plan.
WL-03667,CLOUD-3331,user0018,2026-09-14,1.74,Lien inconnu société mince école sentiment.
WL-03668,SEC-1438,user0027,2026-09-14,2.95,Devant chaleur asseoir auteur égal passé pur.
WL-03669,CLOUD-1576,user0031,2026-09-14,1.55,Entier mettre accrocher fois seuil avenir.
WL-03670,CRM-1315,user0049,2026-09-14,7.79,Minute banc appuyer désormais.
WL-03671,MOB-4526,user0015,2026-09-14,6.03,Droite haute remettre à ville.
WL-03672,CLOUD-3889,user0045,2026-09-14,6.57,Calme autre entre justice battre face.
WL-03673,ERP-2714,user0048,2026-09-14,2.66,Source aide semblable appel parce que inconnu troisième.
WL-03674,ECOM-447,user0048,2026-09-14,1.62,Dominer personne tel personnage nommer lutter.
WL-03675,DATA-2750,user0042,2026-09-14,0.75,Président il éloigner.
WL-03676,PORTAL-727,user0048,2026-09-14,1.1,Ce désigner parfaitement naturellement oui cou douze.
WL-03677,BI-2393,user0015,2026-09-14,1.41,Main haut rêver pendant.
WL-03678,CLOUD-910,user0017,2026-09-14,1.65,Silencieux présent lourd dépasser jeune tomber nouveau.
WL-03679,DATA-4533,user0002,2026-09-14,3.37,Devant regard signifier sentiment cela groupe autrefois.
WL-03680,CRM-1791,user0015,2026-09-14,6.31,Arbre contenir rond aspect décrire.
WL-03681,CRM-650,user0002,2026-09-14,2.23,Social chair apporter celui joindre feu.
WL-03682,DATA-1302,user0005,2026-09-14,2.93,Voix flamme lisser non.
WL-03683,MOB-3394,user0041,2026-09-14,2.97,Faux expression créer.
WL-03684,MOB-3270,user0023,2026-09-14,6.72,Nez contre oui pièce depuis.
WL-03685,SEC-3739,user0042,2026-09-14,2.3,Siècle avis accepter apparence bientôt près ensemble.
WL-03686,DATA-1328,user0033,2026-09-14,2.62,Rue tôt son remarquer empêcher devoir épais.
WL-03687,BI-1203,user0020,2026-09-14,4.18,Combat gens rayon gloire boire cent argent.
WL-03688,MOB-1267,user0002,2026-09-14,7.03,Promettre habiter village intéresser sortir jour prince éloigner.
WL-03689,ERP-1035,user0048,2026-09-14,2.85,Chaque attacher conduire marier père.
WL-03690,SEC-1578,user0031,2026-09-14,7.99,Soir dominer cher.
WL-03691,ECOM-292,user0041,2026-09-14,6.04,Tracer après vue fonction parce que rayon.
WL-03692,ECOM-1314,user0015,2026-09-14,6.11,Service feu milieu ce.
WL-03693,DATA-4533,user0005,2026-09-14,3.74,Côté doute juste moins céder trente là.
WL-03694,CLOUD-4108,user0019,2026-09-14,0.64,Pauvre fort double nuage rapport passion franc.
WL-03695,SEC-4302,user0018,2026-09-14,7.67,Professeur entraîner agiter trace.
WL-03696,BANK-863,user0020,2026-09-14,7.32,Raconter double déjà souhaiter marcher bouche rose.
WL-03697,ERP-1289,user0005,2026-09-14,3.35,Debout besoin doucement.
WL-03698,SEC-2428,user0023,2026-09-14,2.59,Malheur quartier personne vague paquet.
WL-03699,MOB-917,user0027,2026-09-14,2.09,Souffrance an volonté courir clair travailler combien.
WL-03700,BANK-318,user0017,2026-09-14,6.06,Avec étude désespoir expression.
WL-03701,ERP-2397,user0010,2026-09-14,5.54,Quelque odeur anglais froid inspirer profond.
WL-03702,ECOM-3338,user0018,2026-09-14,5.03,Descendre armer prince certes pluie.
WL-03703,ERP-4094,user0048,2026-09-14,6.58,Craindre ventre mentir indiquer main forêt.
WL-03704,ECOM-4891,user0033,2026-09-14,4.38,Moitié entier ouvrage mort.
WL-03705,SEC-4412,user0045,2026-09-14,6.02,Ce ciel coup partie général remercier nom.
WL-03706,PORTAL-4903,user0011,2026-09-14,7.04,Meilleur pourtant bas erreur difficile toit.
WL-03707,ECOM-2166,user0020,2026-09-14,0.6,Oreille plaindre passer imaginer.
WL-03708,ECOM-401,user0001,2026-09-14,5.73,Baisser mener examiner.
WL-03709,SEC-1757,user0001,2026-09-14,2.76,Imposer confondre chaîne entrer.
WL-03710,ECOM-2987,user0012,2026-09-14,3.57,Compter figurer rang fer donner devant.
WL-03711,BI-2393,user0027,2026-09-14,1.09,Distinguer recherche hier emmener.
WL-03712,PORTAL-2297,user0017,2026-09-14,3.04,Répéter grain lier général vie prouver.
WL-03713,ECOM-3047,user0042,2026-09-14,6.62,Précipiter feuille élément croire.
WL-03714,PORTAL-415,user0031,2026-09-14,5.22,Entrer tapis complètement poche.
WL-03715,DATA-2805,user0023,2026-09-14,2.21,Charger cesser lui haïr voir fou sein.
WL-03716,ERP-480,user0002,2026-09-14,3.7,Dix juge remplacer signifier roi marier.
WL-03717,BI-3386,user0029,2026-09-14,1.23,Amuser reprendre mener grand exprimer froid.
WL-03718,BI-2063,user0001,2026-09-14,2.55,Devant cela train delà.
WL-03719,DATA-1541,user0005,2026-09-14,3.63,Race bureau époque différent avant tenter.
WL-03720,DATA-4678,user0010,2026-09-14,3.47,Madame haut machine.
WL-03721,ERP-3437,user0010,2026-09-14,7.3,Résoudre pont soumettre.
WL-03722,DATA-2075,user0011,2026-09-14,5.85,Empire vérité comme rapporter peu condition obéir nombre.
WL-03723,PORTAL-4911,user0019,2026-09-14,1.91,Roche paquet geste tourner.
WL-03724,CRM-4811,user0041,2026-09-14,4.36,Coeur salut aujourd'hui curiosité prière.
WL-03725,BI-1026,user0005,2026-09-14,5.55,Éternel disparaître courir courage avec jouer.
WL-03726,ECOM-3027,user0020,2026-09-14,0.56,Fortune nature mauvais rire changement.
WL-03727,ERP-1875,user0002,2026-09-14,4.02,Près quart geste deux regard risquer.
WL-03728,ECOM-4852,user0042,2026-09-14,4.04,Ombre effort céder plaindre léger ennemi menacer.
WL-03729,BANK-4147,user0048,2026-09-14,5.97,Coucher consentir existence cas un.
WL-03730,BI-3012,user0023,2026-09-14,2.1,Horizon armée ramasser.
WL-03731,PORTAL-4905,user0011,2026-09-14,0.7,Chaud aussi savoir prouver valoir.
WL-03732,BANK-102,user0011,2026-09-14,3.35,Être présenter problème fruit.
WL-03733,SEC-4751,user0031,2026-09-14,3.12,Traverser musique soin âme recommencer exposer.
WL-03734,CLOUD-2728,user0027,2026-09-14,2.27,Prétendre coeur seulement maintenant erreur certainement.
WL-03735,ERP-3875,user0019,2026-09-14,7.81,Neuf phrase profondément été mariage échapper.
WL-03736,MOB-113,user0023,2026-09-14,4.34,Apparaître voiture ton tu diriger chef souvenir vie.
WL-03737,PORTAL-3993,user0017,2026-09-14,3.57,Dent finir étonner réclamer écrire.
WL-03738,CLOUD-2052,user0023,2026-09-14,1.52,Animer briser désigner compter interrompre.
WL-03739,CRM-4491,user0005,2026-09-14,5.85,Avant envelopper agent véritable éclairer.
WL-03740,CLOUD-227,user0005,2026-09-14,4.41,Repousser oreille arbre croix bon avancer causer.
WL-03741,CLOUD-3427,user0002,2026-09-14,1.59,Demande ajouter appuyer rester.
WL-03742,SEC-1935,user0001,2026-09-14,2.86,Tomber voisin an.
WL-03743,ECOM-2526,user0045,2026-09-14,1.08,Tendre céder attitude sembler assurer.
WL-03744,BI-600,user0011,2026-09-14,5.6,Grâce mort obéir leur gauche gros.
WL-03745,PORTAL-4983,user0015,2026-09-14,6.67,Est donner tempête froid quel vert jambe coup.
WL-03746,CRM-3711,user0027,2026-09-14,6.18,Table chemise mort avoir désirer fine arrêter.
WL-03747,BI-1026,user0041,2026-09-14,3.28,Inquiéter un tel.
WL-03748,CLOUD-968,user0012,2026-09-14,1.44,Vieil printemps haut aile aucun.
WL-03749,MOB-499,user0007,2026-09-14,4.79,Révolution conclure avenir détruire mince achever main.
WL-03750,BANK-4499,user0050,2026-09-14,7.74,Naissance honte froid causer.
WL-03751,BANK-2366,user0023,2026-09-14,3.59,Content brusquement ce propos parole.
WL-03752,CRM-3005,user0002,2026-09-14,7.23,Pas lui personne vaincre respect oeuvre oeuvre marier.
WL-03753,BI-848,user0010,2026-09-14,6.11,Plein répandre apporter décider.
WL-03754,ERP-2510,user0031,2026-09-14,5.82,Droite envie soldat.
WL-03755,ECOM-3860,user0029,2026-09-14,4.85,Court couche couche fatiguer.
WL-03756,MOB-670,user0001,2026-09-14,1.59,Santé certain vague masse auquel ressembler maison empêcher.
WL-03757,SEC-867,user0007,2026-09-14,2.45,Tu parvenir sourire occasion hors verre tomber.
WL-03758,CLOUD-2876,user0041,2026-09-14,7.1,Prier changer vague partir.
WL-03759,BANK-691,user0007,2026-09-14,5.78,Lire visite souffler défaut combien etc.
WL-03760,CLOUD-3483,user0029,2026-09-14,3.18,Chez vaincre étendue oeuvre céder.
WL-03761,BANK-2553,user0048,2026-09-14,3.41,Marché ombre blond entrée saint toujours partout.
WL-03762,CLOUD-1417,user0020,2026-09-14,4.05,Pourquoi se tout non soin suivre.
WL-03763,CRM-2137,user0001,2026-09-14,1.44,Pourquoi vêtement signe mer.
WL-03764,ECOM-1733,user0005,2026-09-14,3.48,Genou ligne sous mourir supérieur épais.
WL-03765,BANK-4156,user0033,2026-09-14,2.16,Étouffer terrible apprendre secret pur tard.
WL-03766,CLOUD-2228,user0011,2026-09-14,5.17,Fixe espace faute dent foule grave.
WL-03767,ERP-574,user0045,2026-09-14,2.21,Caresser agiter carte fil partout l'une rappeler.
WL-03768,SEC-322,user0048,2026-09-14,1.81,Faute courir flamme davantage cerveau tout.
WL-03769,BANK-2506,user0015,2026-09-14,3.03,Juste derrière image arme mesure.
WL-03770,BANK-397,user0033,2026-09-14,5.62,Derrière habiller répéter baisser port.
WL-03771,BANK-3698,user0020,2026-09-14,1.52,Seuil différent histoire un dessus calme.
WL-03772,BANK-1707,user0050,2026-09-14,0.86,Beau diriger cinq froid lisser tomber.
WL-03773,MOB-3139,user0033,2026-09-14,5.47,Offrir puisque dix de tard saison.
WL-03774,PORTAL-3815,user0005,2026-09-14,4.95,Famille puis souvenir feuille maison rapport inquiétude.
WL-03775,CLOUD-2037,user0041,2026-09-14,4.07,Qui doux paupière exposer plein.
WL-03776,ERP-4157,user0019,2026-09-14,0.67,Village calme tache compte lentement reconnaître fusil.
WL-03777,BI-3077,user0050,2026-09-14,2.89,Danger descendre préférer escalier même être.
WL-03778,MOB-4717,user0050,2026-09-14,0.64,Charge quant à couleur naître rouler petit aujourd'hui le.
WL-03779,ERP-2106,user0020,2026-09-14,5.03,Paysage aujourd'hui charge affaire soir.
WL-03780,CRM-4061,user0041,2026-09-14,4.13,Passé salut appartenir trois intérêt te vêtir.
WL-03781,MOB-1859,user0015,2026-09-14,3.25,Tandis Que bois aucun ouvrir approcher rouge chaîne observer.
WL-03782,DATA-1718,user0033,2026-09-14,4.41,Petit témoin forme aussitôt leur.
WL-03783,DATA-4003,user0045,2026-09-14,1.54,Glace cacher chose recevoir oeuvre ensuite.
WL-03784,PORTAL-3654,user0017,2026-09-14,5.3,Courage presser absence éclairer considérer.
WL-03785,BI-2395,user0042,2026-09-14,1.31,Parce Que ancien renverser.
WL-03786,BANK-873,user0029,2026-09-14,6.09,Donc précieux mal.
WL-03787,CRM-3958,user0037,2026-09-14,5.31,Second quelque tracer monter.
WL-03788,MOB-3672,user0031,2026-09-14,5.66,Frapper soleil enlever prison tandis que année.
WL-03789,BANK-2371,user0015,2026-09-14,5.95,Autrement verser crainte il couper réclamer.
WL-03790,CLOUD-1008,user0041,2026-09-14,2.52,Soulever relever voile blanc mensonge chant joindre pouvoir.
WL-03791,MOB-2459,user0019,2026-09-14,2.2,Déchirer nord tu étage lieu.
WL-03792,DATA-3666,user0027,2026-09-14,1.86,Conduire existence troubler figurer imposer figure.
WL-03793,DATA-1101,user0019,2026-09-14,3.87,L'Une si ventre seulement écraser.
WL-03794,CRM-2602,user0018,2026-09-14,7.34,Affirmer défaut admettre ami solitude aujourd'hui.
WL-03795,DATA-244,user0012,2026-09-14,3.43,Course chacun reposer enfermer homme ancien.
WL-03796,BI-2350,user0020,2026-09-14,6.52,Défaut cas dessiner place trouver maintenir.
WL-03797,BANK-2504,user0048,2026-09-14,6.55,Descendre autorité recevoir circonstance bois jouer ignorer.
WL-03798,ERP-3076,user0031,2026-09-14,7.06,Calme charge lever condamner chute.
WL-03799,BANK-3560,user0001,2026-09-14,3.16,Voler trouver siège papa rapidement jambe briller.
WL-03800,CRM-1926,user0011,2026-09-14,0.77,Ignorer branche accepter lumière apporter.
WL-03801,CLOUD-2385,user0045,2026-09-14,7.45,Tout cent nerveux pendant rocher général.
WL-03802,BI-2188,user0017,2026-09-14,6.03,Former certain hiver violent retourner forme.
WL-03803,DATA-3548,user0007,2026-09-14,6.59,Ouvrir compagnie couvrir veille poète exemple aller apprendre.
WL-03804,BANK-385,user0027,2026-09-14,7.82,Français hauteur quartier étude jeunesse.
WL-03805,ERP-4596,user0050,2026-09-14,4.24,Haute maître certain guerre durant remonter.
WL-03806,ERP-2998,user0027,2026-09-14,3.64,Odeur premier tête jambe titre.
WL-03807,BANK-3214,user0001,2026-09-14,7.75,Respecter ramasser doute certain tromper enfoncer camarade expliquer.
WL-03808,SEC-2163,user0005,2026-09-14,5.4,Entretenir âgé sommeil représenter jardin certain recommencer.
WL-03809,CLOUD-4101,user0031,2026-09-14,3.25,Sonner asseoir condition enfermer réunir compagnon branche.
WL-03810,CRM-63,user0033,2026-09-14,1.01,Village voiture pain diriger.
WL-03811,PORTAL-1110,user0049,2026-09-14,6.44,Religion scène dire condamner souffrir léger.
WL-03812,BANK-2688,user0023,2026-09-14,5.27,Le songer point dépasser verser éternel.
WL-03813,PORTAL-3690,user0041,2026-09-14,2.81,Beau âge nuage fonction.
WL-03814,PORTAL-4742,user0010,2026-09-14,6.0,Goût auprès effort reprendre comme faveur vingt.
WL-03815,BI-435,user0049,2026-09-14,3.35,Argent étonner pièce geste annoncer arracher commander.
WL-03816,BANK-2539,user0005,2026-09-14,2.57,Le prévoir quitter rapidement jamais coûter.
WL-03817,MOB-121,user0015,2026-09-14,6.66,Espoir combien vous intérieur accomplir quart.
WL-03818,CLOUD-437,user0048,2026-09-14,4.04,Riche pleurer même si.
WL-03819,ERP-4621,user0001,2026-09-14,7.54,Feu imaginer depuis terme.
WL-03820,CLOUD-2508,user0007,2026-09-14,7.62,Anglais précéder commun dominer souvenir.
WL-03821,BANK-3755,user0020,2026-09-14,3.39,Occuper voie entier profond impossible certes pourquoi.
WL-03822,BI-2540,user0042,2026-09-14,3.26,Souffler queue toujours preuve ensemble.
WL-03823,ERP-2337,user0019,2026-09-14,5.19,Étendre chair chaise cri après.
WL-03824,DATA-4575,user0012,2026-09-14,5.56,Nuit jaune réflexion.
WL-03825,BI-4053,user0029,2026-09-14,3.59,Science dresser chasse fort supporter abri attaquer.
WL-03826,MOB-286,user0023,2026-09-14,4.2,Face suffire nécessaire coeur inquiéter tenter comment.
WL-03827,CRM-4592,user0005,2026-09-14,6.12,Mourir monde plus bataille dans.
WL-03828,CRM-4641,user0031,2026-09-14,7.39,Enlever rapide permettre chair chez.
WL-03829,MOB-1656,user0007,2026-09-14,3.01,Rouler source joie cent difficile nommer fer.
WL-03830,DATA-3234,user0031,2026-09-14,1.13,Droite très bois rompre minute disposer.
WL-03831,CRM-98,user0048,2026-09-14,3.19,Fête tempête dernier dresser surtout dame.
WL-03832,MOB-937,user0010,2026-09-14,3.62,Sol obliger plutôt fier odeur.
WL-03833,DATA-2803,user0023,2026-09-14,2.84,Usage pont sourire droite salle.
WL-03834,SEC-1728,user0041,2026-09-14,0.76,Mince chanter fille expliquer douceur remercier franchir jaune.
WL-03835,CLOUD-4250,user0015,2026-09-14,6.43,Presque allumer nous leur semaine.
WL-03836,DATA-711,user0041,2026-09-14,1.34,Drame étendre justice avance village.
WL-03837,BANK-4107,user0027,2026-09-14,5.18,Reprendre membre rencontre reprendre.
WL-03838,DATA-2744,user0018,2026-09-14,2.45,Parmi accent an surveiller.
WL-03839,DATA-4100,user0027,2026-09-14,5.13,Grand secrétaire nouveau service pied y crainte.
WL-03840,SEC-1244,user0020,2026-09-14,5.71,Morceau attendre violent sein seuil inquiéter.
WL-03841,CLOUD-1748,user0026,2026-09-14,7.83,Le certes goût dernier dépasser si.
WL-03842,ECOM-905,user0005,2026-09-14,2.78,Après droite promettre.
WL-03843,PORTAL-2920,user0029,2026-09-14,7.42,Étoile aujourd'hui fonction emmener soir car après.
WL-03844,CRM-919,user0027,2026-09-14,4.55,Voilà avoir aimer quand apparaître trésor bord.
WL-03845,ECOM-4871,user0005,2026-09-14,5.44,Prix souvent expérience bientôt proposer vieux.
WL-03846,ERP-3277,user0026,2026-09-14,6.29,Approcher partir mort trembler courage prince.
WL-03847,BI-1858,user0037,2026-09-14,5.4,Calme pouvoir éclat droit parmi entrer.
WL-03848,ECOM-3083,user0010,2026-09-14,2.37,Feuille poser étranger vision surprendre chemise.
WL-03849,PORTAL-4116,user0001,2026-09-14,7.46,Prière vouloir croix forêt résultat nommer.
WL-03850,ECOM-3362,user0020,2026-09-14,1.75,Accrocher paraître titre charger.
WL-03851,ERP-1924,user0029,2026-09-14,4.72,Soir erreur chien médecin salle honte.
WL-03852,ECOM-539,user0020,2026-09-14,5.26,Observer tracer distinguer réserver briser visage.
WL-03853,ECOM-1686,user0012,2026-09-14,7.49,Mentir hasard pont essuyer.
WL-03854,CLOUD-4408,user0010,2026-09-14,1.55,Lune mériter toile inquiétude battre.
WL-03855,SEC-111,user0027,2026-09-14,5.29,Visage subir vous expérience garde morceau.
WL-03856,CRM-1382,user0029,2026-09-14,6.5,Art prier notre hors.
WL-03857,SEC-159,user0049,2026-09-14,2.65,Approcher dame dehors maintenir armer offrir du.
WL-03858,DATA-4467,user0031,2026-09-14,5.45,Voyage jour sauter puisque confier achever.
WL-03859,CRM-4197,user0005,2026-09-14,5.59,Matin île étroit.
WL-03860,BANK-299,user0020,2026-09-14,4.2,Dormir étouffer non.
WL-03861,MOB-3997,user0002,2026-09-14,6.69,Sourd tôt fond naturellement papa briller donc.
WL-03862,SEC-978,user0023,2026-09-14,7.01,Chien six goutte tellement seul surprendre sueur.
WL-03863,DATA-777,user0033,2026-09-14,0.66,Roi curieux rapport pont un manger lettre extraordinaire.
WL-03864,DATA-1021,user0045,2026-09-14,1.28,Travail expression devoir cas autant cabinet raconter.
WL-03865,SEC-80,user0018,2026-09-14,5.46,Après bas seul lui au d'abord.
WL-03866,BANK-1815,user0026,2026-09-14,2.06,Habitude oncle accord danger.
WL-03867,CLOUD-2686,user0027,2026-09-14,4.44,Reprendre souffler souffrir demeurer.
WL-03868,CLOUD-3756,user0012,2026-09-14,5.01,Lier traîner en maître désormais sous.
WL-03869,DATA-2178,user0033,2026-09-14,5.2,Servir titre adresser mensonge neuf.
WL-03870,DATA-907,user0023,2026-09-14,3.98,Ville bois ciel dégager dont.
WL-03871,ECOM-3860,user0037,2026-09-14,1.5,Embrasser retomber oiseau payer est égal.
WL-03872,CRM-1624,user0017,2026-09-14,6.14,Pain voisin plaisir possible soir.
WL-03873,CLOUD-2251,user0007,2026-09-14,5.06,Ferme sonner mauvais trente carte.
WL-03874,SEC-4440,user0026,2026-09-14,4.49,Entier lettre ensemble.
WL-03875,SEC-2234,user0048,2026-09-14,1.65,Lire craindre violence violent poitrine grand.
WL-03876,ERP-1832,user0010,2026-09-14,2.29,Ainsi placer ramasser remplir vingt.
WL-03877,SEC-858,user0050,2026-09-14,1.07,Nerveux rappeler endroit serrer oui hasard cerveau religion.
WL-03878,DATA-805,user0011,2026-09-14,1.78,Foi autrement clef quartier taire.
WL-03879,MOB-1362,user0019,2026-09-14,3.55,Terrible hier reculer fonction cinquante au.
WL-03880,DATA-386,user0002,2026-09-14,5.16,Repas an maladie lumière seulement.
WL-03881,BANK-245,user0020,2026-09-14,5.48,Souhaiter lumière sauvage.
WL-03882,PORTAL-2847,user0020,2026-09-14,4.98,Quinze état nouveau bouche mourir veille.
WL-03883,PORTAL-825,user0029,2026-09-14,4.95,Frapper compter ne chef parfois très élever.
WL-03884,CLOUD-2370,user0023,2026-09-14,6.53,Fonder neuf conversation maison.
WL-03885,DATA-4520,user0031,2026-09-14,6.09,Suivant autorité compagnie fort court étude y.
WL-03886,MOB-2253,user0049,2026-09-14,3.52,Compagnie curiosité apporter placer absence annoncer argent.
WL-03887,BI-3409,user0005,2026-09-14,3.84,Fort cours dangereux soulever sur.
WL-03888,MOB-1157,user0012,2026-09-14,6.89,Juge seul user jusque crainte.
WL-03889,BI-1931,user0037,2026-09-14,1.2,Loin debout table que dimanche.
WL-03890,CLOUD-1827,user0037,2026-09-14,4.36,Hier fait agent tôt garde.
WL-03891,PORTAL-1012,user0049,2026-09-14,1.97,Sous chaud monter relation escalier placer.
WL-03892,ERP-3939,user0011,2026-09-14,2.77,Fleur couler tenter joie âge échapper.
WL-03893,CRM-1714,user0042,2026-09-14,7.04,Curieux mais lèvre apparence apparaître roman peur million.
WL-03894,SEC-3002,user0048,2026-09-14,7.69,Pleurer pur déchirer etc relation.
WL-03895,PORTAL-1928,user0010,2026-09-14,2.17,Gauche inquiéter acheter sombre porte gris.
WL-03896,BI-2781,user0050,2026-09-14,4.65,Bande étranger aspect supérieur accrocher repousser.
WL-03897,BANK-1522,user0012,2026-09-14,1.02,Lequel hôtel enfoncer immobile vers eau classe.
WL-03898,ECOM-2006,user0031,2026-09-14,4.29,Droite remonter conversation comment.
WL-03899,BI-3659,user0045,2026-09-14,5.96,Pourquoi nommer rapide.
WL-03900,BI-3458,user0037,2026-09-14,6.63,Mien couler passage éclater exposer crier soulever roi.
WL-03901,BANK-1767,user0031,2026-09-14,2.34,Lèvre commencement course si service arrière très noire.
WL-03902,MOB-912,user0010,2026-09-14,0.59,Épaule court pourquoi troubler détruire répondre chair.
WL-03903,ECOM-3580,user0017,2026-09-14,7.06,Agiter afin de égal demander compagnie.
WL-03904,ECOM-6,user0002,2026-09-14,4.37,Parfaitement empire pierre entourer.
WL-03905,BANK-2891,user0012,2026-09-14,6.89,Céder présent étonner reste pénétrer.
WL-03906,BANK-2822,user0018,2026-09-14,4.15,Triste poitrine six signer plaindre pourquoi compagnie.
WL-03907,CRM-1621,user0017,2026-09-14,4.49,Mettre accomplir cinquante mieux charge savoir.
WL-03908,BI-1563,user0033,2026-09-14,5.07,Soir quoi au.
WL-03909,BI-3462,user0026,2026-09-14,4.65,Preuve couleur que sommeil corde céder étonner.
WL-03910,BI-1806,user0041,2026-09-14,7.42,Supérieur pleurer résoudre preuve conduire campagne étranger recevoir.
WL-03911,BI-3606,user0011,2026-09-14,4.8,Beau cela extraordinaire étendue.
WL-03912,ECOM-2624,user0010,2026-09-14,3.42,Terminer sommet marquer école connaissance rester.
WL-03913,CLOUD-1452,user0029,2026-09-14,1.4,Dehors réunir parti.
WL-03914,ERP-3028,user0012,2026-09-14,6.71,Droit fait témoin quartier.
WL-03915,CLOUD-4286,user0049,2026-09-14,2.46,Mieux beau crainte connaître si musique.
WL-03916,SEC-1572,user0031,2026-09-14,4.66,Seigneur côte avant vivre surprendre.
WL-03917,BANK-4773,user0049,2026-09-14,2.82,Champ chasse lune secrétaire poursuivre.
WL-03918,CLOUD-3787,user0031,2026-09-14,5.82,Rose énergie convenir renverser plan.
WL-03919,ERP-573,user0018,2026-09-14,2.56,Delà nourrir violence terreur salut pauvre.
WL-03920,PORTAL-2076,user0012,2026-09-14,2.48,Devoir suite promener sein durant essuyer mode.
WL-03921,CRM-4928,user0011,2026-09-14,7.98,Passer plaisir parmi et moment fumée continuer.
WL-03922,MOB-356,user0049,2026-09-14,2.11,Hier monsieur couleur fille trésor chance.
WL-03923,DATA-983,user0037,2026-09-14,2.01,Somme noir marché fait fauteuil comprendre interrompre.
WL-03924,CRM-3895,user0029,2026-09-14,0.96,Éloigner armer tour couper malheur cheveu tombe.
WL-03925,BI-3795,user0001,2026-09-14,1.96,Tracer ci cinquante petit roche couvrir chemin seconde.
WL-03926,MOB-2376,user0037,2026-09-14,0.66,Sauter public oublier entretenir palais riche grâce.
WL-03927,DATA-847,user0048,2026-09-14,1.77,Quartier soirée mur prononcer envoyer rencontre.
WL-03928,BI-3035,user0002,2026-09-14,2.97,Malade conscience voie dépasser but dire poser bon.
WL-03929,CLOUD-986,user0020,2026-09-14,4.02,Vague crise offrir dire surveiller.
WL-03930,CLOUD-1405,user0019,2026-09-14,1.13,Éclater brûler frais ciel frapper.
WL-03931,PORTAL-158,user0026,2026-09-14,4.26,Ceci muet foi changement masse social intérieur calme.
WL-03932,ERP-1068,user0017,2026-09-14,6.27,Voisin entre vérité nécessaire plante larme.
WL-03933,SEC-1745,user0045,2026-09-14,2.37,Étudier ami pénétrer depuis grâce six prouver secret.
WL-03934,DATA-2853,user0017,2026-09-14,7.1,Tout gris beaucoup dangereux ennemi fuir fleur.
WL-03935,PORTAL-2961,user0033,2026-09-14,7.1,Suite renoncer possible.
WL-03936,PORTAL-1673,user0050,2026-09-14,3.11,Jeter vers tandis que.
WL-03937,MOB-3395,user0050,2026-09-14,5.63,Décider leur de obtenir sec étranger loup.
WL-03938,BI-563,user0026,2026-09-14,2.91,Soulever envoyer certes repousser genre gagner troisième rose.
WL-03939,PORTAL-1531,user0015,2026-09-14,1.8,Courage presque ramener si docteur or remplacer.
WL-03940,CRM-1398,user0001,2026-09-14,2.13,Répondre besoin briller doute.
WL-03941,CLOUD-4830,user0018,2026-09-14,7.2,Dresser vivant taire rencontrer.
WL-03942,CLOUD-3731,user0020,2026-09-14,1.58,Sou valoir parti maladie blanc.
WL-03943,SEC-2327,user0002,2026-09-14,5.65,Taille double dernier oiseau si poche.
WL-03944,PORTAL-94,user0042,2026-09-14,6.65,Joli fleur perte environ nécessaire appartement.
WL-03945,BANK-1881,user0050,2026-09-14,2.59,Justice seulement observer ventre.
WL-03946,DATA-2178,user0037,2026-09-14,6.32,Tard sueur vision sac tuer remplir an.
WL-03947,DATA-363,user0033,2026-09-14,1.1,Professeur comme bruit.
WL-03948,BI-2789,user0031,2026-09-14,6.2,Lier dame mieux difficile ramener.
WL-03949,CRM-4641,user0041,2026-09-14,6.29,Espérer membre dormir naturel voix plusieurs parent.
WL-03950,BANK-682,user0037,2026-09-14,1.55,Changer coucher vers partout.
WL-03951,BI-586,user0002,2026-09-14,7.87,Tromper commun apprendre minute naissance.
WL-03952,ERP-235,user0011,2026-09-14,7.93,Admettre d'autres chef satisfaire présent simplement soit.
WL-03953,BI-129,user0049,2026-09-14,5.89,Demain combat quart établir.
WL-03954,DATA-4075,user0005,2026-09-14,3.8,Vers renoncer divers.
WL-03955,MOB-1876,user0018,2026-09-14,2.41,Froid nuit dix plaisir.
WL-03956,MOB-917,user0010,2026-09-14,2.28,Douter partir contre appartenir voyage.
WL-03957,BANK-4954,user0045,2026-09-14,6.0,Exister fortune coucher clef réunir chaque vaincre particulier.
WL-03958,BI-2277,user0020,2026-09-14,6.71,Chose bien très petit tache.
WL-03959,BI-4729,user0042,2026-09-14,5.17,Prison cesser en gouvernement sommet derrière servir.
WL-03960,DATA-3700,user0027,2026-09-14,4.8,Rappeler accompagner cou groupe voilà ne saint petit.
WL-03961,PORTAL-1412,user0023,2026-09-14,0.77,Étroit fumer faire éloigner français lit réflexion.
WL-03962,BI-960,user0020,2026-09-14,7.33,Justice champ danger surprendre verre air carte bas.
WL-03963,SEC-1578,user0012,2026-09-14,0.93,Figurer jeter poursuivre on jour.
WL-03964,CLOUD-4497,user0001,2026-09-14,3.22,Imaginer queue chemise armée parti respect sec.
WL-03965,BANK-3864,user0045,2026-09-14,3.5,Comprendre précis principe peser bureau se moyen.
WL-03966,ERP-2843,user0045,2026-09-14,0.92,Rôle travail blond événement présence.
WL-03967,CRM-2898,user0012,2026-09-14,4.46,Maladie système à âme emporter se.
WL-03968,ERP-2216,user0048,2026-09-14,6.19,Prétendre maison en carte midi.
WL-03969,DATA-4179,user0045,2026-09-14,0.74,Trou étendre vite calme mal cent soit.
WL-03970,MOB-835,user0037,2026-09-14,1.5,Expression raison famille rouler valoir blond aussi âgé.
WL-03971,ERP-3886,user0037,2026-09-14,6.84,Chose fortune doux qui.
WL-03972,SEC-3450,user0005,2026-09-14,0.51,Preuve important puis calmer capable couler réfléchir.
WL-03973,SEC-3135,user0019,2026-09-14,4.87,Signer envoyer neuf fixe sourd dégager dehors dans.
WL-03974,PORTAL-2249,user0026,2026-09-14,5.65,Dès roche médecin fruit salle peu.
WL-03975,BI-3426,user0050,2026-09-14,6.17,Instinct marcher roche terre faute.
WL-03976,PORTAL-1017,user0027,2026-09-14,4.52,Éclairer loin trace passion.
WL-03977,SEC-3501,user0002,2026-09-14,3.75,Cher silence port appartement calme instant.
WL-03978,DATA-619,user0019,2026-09-14,7.05,Rapport cercle du étaler élever.
WL-03979,ECOM-2391,user0037,2026-09-14,1.17,Dimanche moyen musique erreur lourd.
WL-03980,BI-85,user0027,2026-09-14,5.73,Père conversation distance considérer dire.
WL-03981,ERP-2700,user0012,2026-09-14,2.48,Garde essuyer nu rond.
WL-03982,CRM-425,user0010,2026-09-14,6.52,Entendre dominer partager près franc.
WL-03983,BANK-4744,user0012,2026-09-14,4.1,Nécessaire sourire suite remonter.
WL-03984,PORTAL-4510,user0050,2026-09-14,0.78,Travers renverser absence second reposer obéir etc.
WL-03985,ECOM-2166,user0010,2026-09-14,4.8,Réunir traîner sentiment auprès lèvre prière sauver.
WL-03986,MOB-3493,user0005,2026-09-14,4.07,Réduire militaire affaire vérité.
WL-03987,ECOM-1419,user0001,2026-09-14,5.85,Aile passer plaire poète chasse cours.
WL-03988,CRM-4272,user0045,2026-09-14,3.58,Le approcher fatiguer inquiéter pouvoir.
WL-03989,MOB-1175,user0048,2026-09-14,7.63,Dix tant derrière événement course glisser source.
WL-03990,DATA-1649,user0020,2026-09-14,4.8,Chaleur sombre chasser robe.
WL-03991,DATA-3890,user0029,2026-09-14,3.99,Humide foi sou cour inviter.
WL-03992,DATA-1236,user0018,2026-09-14,4.45,Tromper condition frère noir maladie lien dent.
WL-03993,CRM-3490,user0015,2026-09-14,7.31,Étaler attendre veiller mal.
WL-03994,MOB-1175,user0007,2026-09-14,3.23,Chair métier créer.
WL-03995,CRM-3619,user0026,2026-09-14,1.93,Fort réfléchir tranquille fixer masse.
WL-03996,CRM-1332,user0048,2026-09-14,2.37,Jamais lui fonction chose île.
WL-03997,CRM-4590,user0027,2026-09-14,2.33,Doigt garçon peser.
WL-03998,BI-224,user0041,2026-09-14,1.0,Caractère pas mois même désigner famille immense.
WL-03999,CLOUD-3331,user0049,2026-09-14,6.96,Taire étude boire doigt million palais.
WL-04000,CLOUD-4771,user0026,2026-09-14,1.62,Mort énergie rapport forêt.
WL-04001,ERP-4157,user0042,2026-09-14,6.82,Éprouver présence partout fatigue lune.
WL-04002,DATA-3732,user0002,2026-09-14,4.12,Lourd article avoir regard.
WL-04003,ERP-2015,user0011,2026-09-14,3.32,Monsieur appuyer lutte projet.
WL-04004,SEC-659,user0012,2026-09-14,6.89,Chaleur retirer venir recueillir achever grandir.
WL-04005,BANK-2899,user0007,2026-09-14,7.76,Empêcher obéir il aider profond très minute.
WL-04006,PORTAL-3827,user0042,2026-09-14,3.67,Oeil paix ah situation appartenir durant bout.
WL-04007,ECOM-317,user0007,2026-09-14,5.42,Particulier police quitter école honte avec jaune.
WL-04008,BANK-3069,user0049,2026-09-14,2.83,Jour reposer poète si autant.
WL-04009,BANK-2720,user0017,2026-09-14,5.5,Drôle étonner danser relation maison exister.
WL-04010,CLOUD-2190,user0045,2026-09-14,6.31,Rue mal étude remplacer calme quoi.
WL-04011,CLOUD-382,user0049,2026-09-14,7.71,Diriger caractère classe premier juger argent.
WL-04012,ECOM-4956,user0045,2026-09-14,3.13,Pas marché chasse contenir.
WL-04013,BANK-3765,user0010,2026-09-14,7.35,Violent preuve mal énorme complètement de hôtel.
WL-04014,SEC-1731,user0042,2026-09-14,6.31,Cas payer changer rêve charge avant.
WL-04015,SEC-4419,user0042,2026-09-14,6.08,Rejoindre séparer empêcher.
WL-04016,SEC-2814,user0027,2026-09-14,6.67,Jeune intérieur papier maintenant.
WL-04017,CLOUD-1049,user0026,2026-09-14,7.18,Droite elle erreur mauvais surprendre.
WL-04018,ECOM-1869,user0023,2026-09-14,4.66,Après fête vol second.
WL-04019,DATA-4,user0007,2026-09-14,4.7,Puissance nul gros haut demande.
WL-04020,MOB-4505,user0029,2026-09-14,1.39,Rire entretenir pousser or.
WL-04021,MOB-1754,user0020,2026-09-14,6.53,Serrer semaine trembler moitié fait.
WL-04022,ERP-2425,user0023,2026-09-14,6.7,Le soin digne.
WL-04023,ERP-3277,user0020,2026-09-14,6.52,Selon religion printemps masse.
WL-04024,PORTAL-4116,user0026,2026-09-14,3.11,Marché relever échapper race glisser.
WL-04025,ECOM-1747,user0018,2026-09-14,6.56,Mouvement saisir curieux marchand aussi place.
WL-04026,BI-2048,user0017,2026-09-14,2.47,Voici ordre glace ton.
WL-04027,SEC-764,user0002,2026-09-14,4.87,Échapper retourner rang moins.
WL-04028,ERP-1258,user0012,2026-09-14,0.58,Depuis action chair danger demain pays puissance question.
WL-04029,BANK-452,user0007,2026-09-14,6.31,Livre hésiter fond.
WL-04030,SEC-1963,user0011,2026-09-14,5.78,Surprendre personnage terre cela.
WL-04031,ECOM-1090,user0048,2026-09-14,4.17,Perdre droite jeune planche marchand passé épaule.
WL-04032,DATA-2744,user0001,2026-09-14,4.26,Dont votre tour caractère peau.
WL-04033,BANK-530,user0037,2026-09-14,5.91,Mensonge tâche signe usage tête long voile.
WL-04034,ERP-1763,user0012,2026-09-14,0.77,Refuser rapide quitter chez enlever jeunesse.
WL-04035,DATA-4003,user0049,2026-09-14,0.84,Habitant entrée rejoindre.
WL-04036,ECOM-665,user0005,2026-09-14,2.67,Meilleur peau aussi absence voisin armée.
WL-04037,BI-4291,user0018,2026-09-14,2.79,Demain vif finir moment arracher.
WL-04038,SEC-1117,user0045,2026-09-14,3.93,Manquer debout dos debout notre.
WL-04039,BANK-530,user0023,2026-09-14,1.23,Haute oncle traiter tôt.
WL-04040,MOB-1946,user0027,2026-09-14,0.66,Consentir chair puis rien.
WL-04041,PORTAL-1126,user0017,2026-09-14,2.9,Envoyer parti mériter compter oiseau.
WL-04042,PORTAL-997,user0026,2026-09-14,3.28,Contenir musique grand service admettre.
WL-04043,MOB-2583,user0042,2026-09-14,6.06,Raconter départ fait île franchir tirer.
WL-04044,BI-1585,user0017,2026-09-14,5.24,Chemise subir étendue jeune.
WL-04045,CLOUD-1526,user0023,2026-09-14,0.9,Ailleurs entrer as.
WL-04046,BI-2303,user0023,2026-09-14,0.71,Renverser distance françois âgé mot.
WL-04047,ECOM-48,user0050,2026-09-14,6.95,Presque prier distinguer sien.
WL-04048,SEC-2433,user0012,2026-09-14,0.56,Tant mot croiser.
WL-04049,SEC-1819,user0031,2026-09-14,7.47,Été respirer vouloir fête côte.
WL-04050,PORTAL-3553,user0005,2026-09-14,7.44,Achever violence briser époque pourtant gloire connaissance.
WL-04051,ERP-2489,user0012,2026-09-14,2.03,Manquer note yeux nombre pourquoi.
WL-04052,PORTAL-3850,user0029,2026-09-14,0.53,Ventre tête céder aucun haut prince moyen.
WL-04053,BI-2974,user0018,2026-09-14,7.2,Tempête droit pouvoir avant creuser ruine garder d'autres.
WL-04054,BANK-1653,user0017,2026-09-14,7.51,Toute avec haïr unique.
WL-04055,DATA-429,user0050,2026-09-14,2.32,Ne troubler réflexion pourquoi est.
WL-04056,ECOM-3027,user0018,2026-09-14,4.76,Y soldat découvrir enlever faible.
WL-04057,MOB-4160,user0031,2026-09-14,4.66,Nature demi cacher couvrir camarade.
WL-04058,SEC-1757,user0017,2026-09-14,5.94,Joue ombre résultat sien également vendre croix.
WL-04059,MOB-4450,user0017,2026-09-14,6.35,Long mettre engager demander chair parent passé.
WL-04060,SEC-876,user0017,2026-09-14,6.66,Portier sauter essayer place construire.
WL-04061,ECOM-3891,user0011,2026-09-14,3.76,Hiver engager saisir puissant.
WL-04062,CLOUD-1404,user0027,2026-09-14,1.33,Conclure pour dos service dès croire reprendre.
WL-04063,MOB-1238,user0015,2026-09-14,1.84,Léger vêtement souhaiter.
WL-04064,MOB-357,user0002,2026-09-14,4.44,Mois avenir étonner terme dernier produire.
WL-04065,SEC-4082,user0049,2026-09-14,4.6,Fruit comment empêcher hauteur.
WL-04066,BANK-4207,user0017,2026-09-14,1.39,Affirmer répandre rideau chaque intéresser pont veille.
WL-04067,MOB-2336,user0020,2026-09-14,4.08,Moment île chanter accent entretenir recueillir partager.
WL-04068,SEC-4086,user0049,2026-09-14,7.93,Silence livrer ramasser importance.
WL-04069,BI-3279,user0015,2026-09-14,2.8,Ton oeuvre énergie un.
WL-04070,PORTAL-4290,user0018,2026-09-14,1.17,Étranger colline désir sans savoir complet.
WL-04071,BI-2375,user0002,2026-09-14,6.38,Autorité importer étroit arrivée pourquoi lire.
WL-04072,ECOM-2987,user0020,2026-09-14,4.62,Type noire vêtir demander bas rare.
WL-04073,SEC-4840,user0033,2026-09-14,8.0,Dos voyage prison.
WL-04074,PORTAL-4713,user0011,2026-09-14,6.97,Choisir terminer sec signe.
WL-04075,ECOM-845,user0033,2026-09-14,6.39,Quitter ignorer avenir diriger préférer.
WL-04076,DATA-1690,user0010,2026-09-14,2.44,Arriver oser peau payer jouer produire pleurer prince.
WL-04077,PORTAL-2176,user0001,2026-09-14,6.69,Rentrer lieu devenir quand voisin.
WL-04078,ECOM-1752,user0045,2026-09-14,7.19,Avec au soudain plan peu rond cuisine.
WL-04079,CRM-1890,user0023,2026-09-14,5.46,Crise effort ah franc.
WL-04080,BANK-2958,user0029,2026-09-14,6.73,Douleur naturellement chaud.
WL-04081,BI-1189,user0033,2026-09-14,7.62,Tour tuer second est sens compagnon visible.
WL-04082,BANK-1636,user0045,2026-09-14,0.7,Effet année enfin paraître désormais.
WL-04083,BANK-903,user0015,2026-09-14,4.56,Étroit troisième or.
WL-04084,ERP-1367,user0005,2026-09-14,5.58,Doucement courant autorité passé prévenir huit prendre chute.
WL-04085,BI-2187,user0011,2026-09-14,3.75,Tendre tracer autre répandre.
WL-04086,MOB-499,user0001,2026-09-14,6.12,Danger retourner droite.
WL-04087,ECOM-2503,user0049,2026-09-14,4.29,Prier conclure militaire trou etc quelque content.
WL-04088,SEC-2114,user0017,2026-09-14,7.72,Endroit conseil elle discussion curiosité créer.
WL-04089,DATA-761,user0018,2026-09-14,0.94,Agiter cent spectacle écouter ouvert unique engager.
WL-04090,CLOUD-3091,user0012,2026-09-14,1.71,Promener croix comment oreille beaucoup.
WL-04091,CRM-4651,user0020,2026-09-14,1.02,Rôle également mourir agir mauvais membre.
WL-04092,BANK-914,user0020,2026-09-14,5.38,Compagnie plaine toute fin maintenant votre.
WL-04093,PORTAL-693,user0001,2026-09-14,1.51,Faim nerveux carte école ciel mettre profondément.
WL-04094,SEC-4010,user0041,2026-09-14,0.73,Gagner jeu fine voyager attacher camarade crise.
WL-04095,ECOM-1523,user0020,2026-09-14,2.62,Flamme amener vouloir satisfaire je discussion faveur.
WL-04096,CLOUD-3261,user0017,2026-09-14,2.28,Révolution muet sol l'un oui.
WL-04097,ERP-1525,user0001,2026-09-14,3.93,Sérieux ainsi ainsi protéger dernier digne accent.
WL-04098,CLOUD-1695,user0007,2026-09-14,2.47,Compte parler large d'autres peser désespoir autrement.
WL-04099,SEC-3852,user0007,2026-09-14,1.48,Comment lumière fidèle terme placer renoncer papa habiller.
WL-04100,DATA-1013,user0027,2026-09-14,4.29,Est cheval masse dix leur arracher.
WL-04101,CRM-1471,user0049,2026-09-14,7.59,Produire apparence remplir observer rapport ligne.
WL-04102,ECOM-1090,user0029,2026-09-14,1.71,Présence gouvernement propre fond.
WL-04103,BANK-974,user0007,2026-09-14,0.76,Tant esprit nouveau casser figurer.
WL-04104,ERP-233,user0002,2026-09-14,6.32,Marier champ demain.
WL-04105,CRM-2329,user0011,2026-09-14,0.52,Exiger si ombre blond lui surtout patron.
WL-04106,CLOUD-4854,user0011,2026-09-14,4.08,Paysan comment sept soit avouer service cacher.
WL-04107,ERP-2106,user0002,2026-09-14,7.87,Manquer premier toujours regard.
WL-04108,ERP-2281,user0015,2026-09-14,2.39,Impression épaule défaut intérieur combat.
WL-04109,MOB-4924,user0017,2026-09-14,2.33,Naître fumer ton être liberté.
WL-04110,DATA-3133,user0050,2026-09-14,1.62,Respecter certain rapporter pauvre veiller.
WL-04111,DATA-4999,user0037,2026-09-14,0.82,Traverser beaux remplir terre manier.
WL-04112,BI-2547,user0012,2026-09-14,6.06,Éteindre barbe prévenir accord présent.
WL-04113,ECOM-4547,user0018,2026-09-14,4.56,Autre énorme seul présent dormir.
WL-04114,PORTAL-1821,user0007,2026-09-14,5.44,Saint lutter ignorer beau paraître quatre.
WL-04115,BI-3924,user0011,2026-09-14,7.97,Particulier geste fidèle public bouche personne lentement.
WL-04116,CLOUD-3217,user0029,2026-09-14,6.86,Jour durer tombe nombreux.
WL-04117,SEC-978,user0017,2026-09-14,0.56,Crier nécessaire intérieur valoir.
WL-04118,DATA-2718,user0027,2026-09-14,1.47,Agir ensemble usage poche distinguer.
WL-04119,SEC-1281,user0002,2026-09-14,5.39,Oeil transformer devant cheval d'autres salle présenter.
WL-04120,BANK-2427,user0007,2026-09-14,7.85,Partir endormir étranger mal si pièce.
WL-04121,CLOUD-3328,user0033,2026-09-14,3.26,Falloir matière mine bas contre air président.
WL-04122,BANK-1297,user0012,2026-09-14,6.87,Construire rapidement frère remettre.
WL-04123,MOB-4006,user0045,2026-09-14,2.88,Marier retenir tel pluie mieux.
WL-04124,MOB-97,user0005,2026-09-14,4.75,Se troubler précis appel.
WL-04125,DATA-1425,user0018,2026-09-14,3.56,Fruit noir surveiller en.
WL-04126,CRM-1717,user0033,2026-09-14,6.14,Aussi combat nous.
WL-04127,SEC-3643,user0033,2026-09-14,6.48,Non alors répandre.
WL-04128,ERP-4970,user0012,2026-09-14,7.0,Enfin répandre plaindre.
WL-04129,DATA-4476,user0007,2026-09-14,0.56,Asseoir moitié fuir fine prison triste.
WL-04130,BANK-2170,user0031,2026-09-14,2.18,Faux prison musique sein voisin près.
WL-04131,PORTAL-2586,user0031,2026-09-14,7.76,Beau indiquer sérieux il solitude.
WL-04132,MOB-2226,user0033,2026-09-14,4.99,Voilà transformer vaste.
WL-04133,DATA-1070,user0037,2026-09-14,0.91,Caresser lune leur tenter.
WL-04134,CRM-2082,user0015,2026-09-14,3.57,Séparer particulier enfermer sauver aujourd'hui.
WL-04135,BI-3466,user0042,2026-09-14,7.57,Chiffre avenir peine carte moment fait grain chaise.
WL-04136,ERP-1590,user0001,2026-09-14,7.96,Jeunesse marier sourd renverser cacher.
WL-04137,BANK-3658,user0050,2026-09-14,5.64,Visage exister alors.
WL-04138,DATA-4466,user0026,2026-09-14,6.36,Même lutter pas état chair glace.
WL-04139,BI-1165,user0005,2026-09-14,3.72,Décrire hiver conseil simple recherche exiger voilà voix.
WL-04140,SEC-3634,user0010,2026-09-14,2.23,Prêter ramener lune résoudre savoir remonter jeu.
WL-04141,CRM-3833,user0019,2026-09-14,4.83,Sein absence position siège brûler.
WL-04142,ERP-2960,user0026,2026-09-14,6.49,Douleur humain train heureux force attitude.
WL-04143,BANK-2958,user0023,2026-09-14,1.67,Article sujet revenir professeur.
WL-04144,BI-884,user0012,2026-09-14,4.78,Robe branche verser profiter trace bras.
WL-04145,BANK-4666,user0041,2026-09-14,7.66,Espoir ministre éprouver employer art.
WL-04146,CLOUD-1082,user0042,2026-09-14,4.62,Enfermer regretter mari conseil unique mal aventure.
WL-04147,CLOUD-2085,user0017,2026-09-14,7.07,Grave entendre pourtant angoisse froid ordre partir.
WL-04148,CLOUD-1442,user0042,2026-09-14,7.52,Court spectacle arbre.
WL-04149,SEC-3337,user0001,2026-09-14,1.47,Soutenir dès ainsi juger demander.
WL-04150,BI-4449,user0048,2026-09-14,7.06,Prêt pénétrer compagnon droit coeur.
WL-04151,CLOUD-4169,user0050,2026-09-14,6.37,Dangereux aujourd'hui agiter.
WL-04152,ERP-4580,user0031,2026-09-14,6.92,Solitude mille révéler jouer.
WL-04153,BANK-2470,user0042,2026-09-14,1.82,Passé crainte troisième extraordinaire.
WL-04154,ECOM-4483,user0018,2026-09-14,2.86,Engager divers faim baisser également.
WL-04155,CRM-3380,user0026,2026-09-14,6.78,Malade politique soi fermer.
WL-04156,DATA-1088,user0018,2026-09-14,3.95,Guère été distance.
WL-04157,CLOUD-3239,user0041,2026-09-14,7.03,Crier de fait.
WL-04158,MOB-3917,user0049,2026-09-14,4.11,Riche amener trembler effort remplacer.
WL-04159,BI-3840,user0027,2026-09-14,7.19,Autre résistance permettre respirer.
WL-04160,ERP-3368,user0031,2026-09-14,5.79,Douter apparence bout celui.
WL-04161,CLOUD-320,user0011,2026-09-14,6.34,Hiver gens coeur ancien rassurer manger avance.
WL-04162,ERP-2757,user0027,2026-09-14,6.54,Comme perte allumer cela ni rêver armer.
WL-04163,DATA-3700,user0017,2026-09-14,1.06,Sentiment jeu pencher travailler instinct bataille.
WL-04164,MOB-3870,user0037,2026-09-14,4.44,Police cou blanc faux.
WL-04165,DATA-3430,user0048,2026-09-14,3.92,Poussière donc pousser permettre habitude couche dans trait.
WL-04166,DATA-685,user0023,2026-09-14,1.58,Tout alors poitrine triste.
WL-04167,MOB-1322,user0010,2026-09-14,7.28,Facile tout révéler meilleur parfois joue joue.
WL-04168,ERP-1590,user0019,2026-09-14,3.77,Douceur ce nourrir fumée attitude tenir.
WL-04169,CLOUD-3483,user0015,2026-09-14,2.79,Oui lisser aimer.
WL-04170,BANK-4522,user0005,2026-09-14,2.53,Loi raison vaste.
WL-04171,BANK-4499,user0023,2026-09-14,4.08,Fort drôle recommencer.
WL-04172,MOB-1466,user0018,2026-09-14,5.8,Place froid miser rose endroit.
WL-04173,MOB-835,user0045,2026-09-14,3.79,Saluer bonheur chaise avance.
WL-04174,DATA-4681,user0050,2026-09-14,1.05,Mien nombreux roche projet air maintenant importance dessus.
WL-04175,SEC-2574,user0001,2026-09-14,2.85,Neuf faire été qualité attitude.
WL-04176,ECOM-1001,user0027,2026-09-14,2.3,Baisser dernier connaître maladie établir dont gauche.
WL-04177,DATA-2813,user0049,2026-09-14,7.58,Vague désigner commencement conduire.
WL-04178,DATA-4635,user0031,2026-09-14,5.31,Tantôt faute preuve mieux figure.
WL-04179,CRM-1162,user0020,2026-09-14,4.61,Nez dangereux général détruire facile.
WL-04180,ECOM-4089,user0017,2026-09-14,6.46,Personnage bruit trois lors.
WL-04181,SEC-1572,user0002,2026-09-14,2.86,Prétendre absence tu salle.
WL-04182,MOB-1362,user0045,2026-09-14,7.66,Apparence fier parler crainte court ni défendre.
WL-04183,CLOUD-3280,user0031,2026-09-14,7.64,Bout tête port fusil.
WL-04184,ERP-2027,user0005,2026-09-14,4.38,Réel fonction réveiller vaste poche toile retomber.
WL-04185,ERP-3502,user0012,2026-09-14,4.29,Disparaître soin réveiller commencer retirer.
WL-04186,CLOUD-4205,user0020,2026-09-14,2.61,Plusieurs ferme convenir déposer descendre leur glace lever.
WL-04187,BI-4088,user0023,2026-09-14,6.97,Cinquante est volonté oh comment beaux.
WL-04188,ERP-4622,user0037,2026-09-14,4.1,Secrétaire vivant sortir avancer clef français.
WL-04189,PORTAL-1268,user0007,2026-09-14,0.54,Sec avant nu delà.
WL-04190,BANK-4444,user0020,2026-09-14,3.4,Clair espérer gris faveur leur dépasser âge arbre.
WL-04191,BI-3912,user0023,2026-09-14,5.09,Spectacle humide vaste consulter.
WL-04192,DATA-1071,user0010,2026-09-14,3.41,Faveur lieu horizon vague.
WL-04193,SEC-724,user0033,2026-09-14,6.78,Dont heureux court alors long silencieux bien.
WL-04194,PORTAL-2904,user0010,2026-09-14,0.7,Montrer dernier table se ah.
WL-04195,PORTAL-373,user0010,2026-09-14,1.82,Livrer dire intérieur transformer former.
WL-04196,ERP-4152,user0042,2026-09-14,1.17,Gagner remplacer toile ruine.
WL-04197,CRM-378,user0026,2026-09-14,0.92,Changer étendue paix former rapide exiger.
WL-04198,PORTAL-4090,user0029,2026-09-14,5.51,Sourire armée attirer risquer.
WL-04199,SEC-4026,user0027,2026-09-14,5.09,Essuyer courage carte monde.
WL-04200,BI-416,user0011,2026-09-14,4.09,Depuis midi en ailleurs donner fatiguer.
WL-04201,SEC-1882,user0010,2026-09-14,2.24,Étaler obéir besoin mais trente.
WL-04202,CLOUD-2411,user0042,2026-09-14,1.5,Fuir cour gris terminer terrible maître oeuvre emporter.
WL-04203,DATA-1992,user0019,2026-09-14,1.97,Refuser six est étendre vers vie.
WL-04204,BANK-3289,user0012,2026-09-14,6.34,Aspect sembler pourtant souffler.
WL-04205,SEC-4514,user0048,2026-09-14,1.7,Preuve revenir sonner établir ci ami.
WL-04206,CRM-843,user0049,2026-09-14,0.68,Offrir partir or profondément rire système étouffer.
WL-04207,BI-4228,user0027,2026-09-14,7.42,Nord charger répondre joue occasion rêver.
WL-04208,SEC-1702,user0015,2026-09-14,5.08,Fois livre honneur paupière situation escalier oiseau.
WL-04209,DATA-1101,user0017,2026-09-14,3.3,Libre franc somme parti instant.
WL-04210,PORTAL-2249,user0010,2026-09-14,6.6,Rappeler sept expérience quand auteur trembler combien.
WL-04211,BI-2643,user0011,2026-09-14,3.41,Chemin venir charge épais.
WL-04212,CRM-1804,user0007,2026-09-14,7.78,Certes calme pointe sang.
WL-04213,CRM-846,user0026,2026-09-14,4.05,Envoyer maintenir voisin point vêtement annoncer représenter sonner.
WL-04214,BI-392,user0023,2026-09-14,4.21,Créer dernier auteur honneur.
WL-04215,BI-2395,user0011,2026-09-14,4.18,Hôtel sou mort ligne notre.
WL-04216,DATA-4575,user0020,2026-09-14,4.77,Rouler compter arracher volonté.
WL-04217,ERP-1378,user0031,2026-09-14,2.63,Courir calme un plonger.
WL-04218,ERP-1176,user0033,2026-09-14,3.35,Parti tantôt cause hauteur regard vide tapis.
WL-04219,CLOUD-206,user0005,2026-09-14,4.25,Aimer voile confiance pauvre aussitôt contraire rencontre.
WL-04220,DATA-860,user0020,2026-09-14,5.42,Meilleur sol nécessaire coûter ici soir.
WL-04221,ECOM-4707,user0048,2026-09-14,6.68,Résoudre auprès leur avant visage son.
WL-04222,ECOM-4738,user0026,2026-09-14,1.63,Regarder conclure spectacle vivre ramasser lourd.
WL-04223,PORTAL-676,user0049,2026-09-14,1.43,Visible élément crainte réunir lier barbe élément.
WL-04224,CLOUD-3988,user0027,2026-09-14,1.03,Celui tourner dehors bord aimer chant.
WL-04225,ECOM-4593,user0026,2026-09-14,4.23,Mensonge rapporter papa théâtre risquer.
WL-04226,ECOM-401,user0042,2026-09-14,7.03,Ministre demander trembler femme intérieur gros mourir.
WL-04227,BI-3671,user0033,2026-09-14,4.56,Prévoir inconnu présent surprendre boire instinct mot brusquement.
WL-04228,PORTAL-3019,user0019,2026-09-14,0.72,Sombre parent fou assez charger calme vent.
WL-04229,SEC-1438,user0031,2026-09-14,1.99,Siège ville secret marche gloire semblable sombre loup.
WL-04230,MOB-2212,user0033,2026-09-14,5.01,Naturel projet parfois certain chercher mouvement chose branche.
WL-04231,MOB-1432,user0007,2026-09-14,2.57,Parole recherche naturel commencer content honte debout satisfaire.
WL-04232,SEC-1757,user0011,2026-09-14,1.23,Type branche président court réduire aider et.
WL-04233,BI-2630,user0031,2026-09-14,7.75,Fixer meilleur ou faible.
WL-04234,BI-898,user0018,2026-09-14,7.22,Oeuvre lier aujourd'hui fois fine.
WL-04235,CLOUD-1773,user0007,2026-09-14,4.09,Fou lourd oh non terrain accepter.
WL-04236,ECOM-3015,user0020,2026-09-14,4.24,Profiter pied bruit lettre empêcher endormir voisin chose.
WL-04237,ECOM-2032,user0031,2026-09-14,1.17,Rang devoir certain après nous est peine madame.
WL-04238,ERP-766,user0007,2026-09-14,4.63,Prouver rôle pierre contraire réveiller morceau tellement.
WL-04239,PORTAL-94,user0015,2026-09-14,3.72,Manquer travail connaître dessus malheur expression abri.
WL-04240,SEC-4794,user0041,2026-09-14,5.45,Mieux affirmer précéder suivant.
WL-04241,ECOM-1446,user0001,2026-09-14,3.94,Droite signe je embrasser jouer entrer certainement.
WL-04242,BANK-455,user0026,2026-09-14,5.32,Humide plusieurs sentir mouvement si trembler jeunesse.
WL-04243,BANK-81,user0041,2026-09-14,1.99,Franc jeune port envelopper été peau droit.
WL-04244,DATA-765,user0026,2026-09-14,7.78,Premier révéler devoir derrière figurer fort précipiter.
WL-04245,BANK-2648,user0050,2026-09-14,3.95,Ruine toit entrer hauteur ah.
WL-04246,ERP-2606,user0012,2026-09-14,1.6,Un noir neuf forêt exiger patron.
WL-04247,BANK-4980,user0042,2026-09-14,4.03,Fauteuil faible mille avec dehors moindre.
WL-04248,BANK-1593,user0018,2026-09-14,3.18,Voler étouffer souffler vite.
WL-04249,CLOUD-365,user0048,2026-09-14,2.08,Victime départ billet apparaître également machine.
WL-04250,MOB-2192,user0005,2026-09-14,4.55,Exister ombre mal projet condition.
WL-04251,ERP-1525,user0045,2026-09-14,6.63,Théâtre notre fin tâche même chasse.
WL-04252,SEC-1475,user0027,2026-09-14,2.24,Usage attaquer pénétrer.
WL-04253,DATA-2759,user0019,2026-09-14,1.04,Joie vous résoudre.
WL-04254,PORTAL-1395,user0019,2026-09-14,7.22,Soldat chemise changement poète maladie dix.
WL-04255,ERP-2757,user0026,2026-09-14,7.19,Traîner vieux époque matière étendue.
WL-04256,ECOM-4011,user0026,2026-09-14,5.51,Ton sang or figure.
WL-04257,CRM-809,user0027,2026-09-14,6.36,Fusil blanc bas sein chef non après.
WL-04258,MOB-1637,user0017,2026-09-14,7.42,Lequel connaissance chaud propre or monsieur soulever.
WL-04259,BI-3403,user0042,2026-09-14,5.08,Valeur assister fruit dégager art.
WL-04260,BANK-3160,user0015,2026-09-14,5.77,Tomber sommeil son saint d'autres fort maintenant.
WL-04261,MOB-366,user0029,2026-09-14,4.75,Confondre dominer hauteur six le rappeler.
WL-04262,ECOM-590,user0005,2026-09-14,4.38,Car nécessaire soi retirer.
WL-04263,BANK-4073,user0018,2026-09-14,2.77,Rideau lettre branche exister connaître maintenir.
WL-04264,CLOUD-2561,user0041,2026-09-14,4.21,Mine mentir on chaise marchand.
WL-04265,PORTAL-2359,user0027,2026-09-14,0.69,Rentrer promettre réveiller nu savoir.
WL-04266,BI-3511,user0050,2026-09-14,3.03,Écrire sauter supposer genre déjà.
WL-04267,PORTAL-2802,user0048,2026-09-14,2.57,Pourquoi approcher fruit prévoir certainement courant consentir.
WL-04268,MOB-4857,user0011,2026-09-14,1.42,Tapis trait seul.
WL-04269,BI-2691,user0019,2026-09-14,7.45,Vivant terme tombe éprouver.
WL-04270,ECOM-2011,user0018,2026-09-14,5.64,Sombre atteindre trois occasion action durant commencer.
WL-04271,BANK-351,user0037,2026-09-14,7.89,Salle fortune succès.
WL-04272,SEC-858,user0029,2026-09-14,6.35,Chemise vif pas trouver.
WL-04273,CLOUD-1305,user0020,2026-09-14,4.73,Angoisse seuil tendre secours travail amour perdre retenir.
WL-04274,CRM-3142,user0037,2026-09-14,6.67,Brusquement rare jardin transformer apparence exécuter comment.
WL-04275,MOB-1872,user0020,2026-09-14,1.98,Sueur petit cerveau décrire réflexion matin demi visible.
WL-04276,ERP-4372,user0018,2026-09-14,4.72,Jardin tomber ne.
WL-04277,MOB-501,user0026,2026-09-14,6.19,Servir politique faim.
WL-04278,ECOM-2486,user0011,2026-09-14,6.27,Machine chercher rejeter condamner.
WL-04279,ERP-3222,user0048,2026-09-14,6.06,Tandis Que installer reprendre science parce que papier encore mettre.
WL-04280,PORTAL-1030,user0019,2026-09-14,2.96,Manier poser porter ferme violence dominer plein effet.
WL-04281,DATA-1649,user0045,2026-09-14,5.05,Volonté tombe peine songer droit leur.
WL-04282,SEC-4142,user0011,2026-09-14,1.9,Pousser papa compter art.
WL-04283,PORTAL-4178,user0048,2026-09-14,2.76,Campagne cas choisir troubler vraiment.
WL-04284,ERP-1678,user0012,2026-09-14,5.31,Bien franchir mener consentir tandis que souffrance folie rang.
WL-04285,BANK-4687,user0050,2026-09-14,5.8,Terreur cours engager madame.
WL-04286,BANK-2597,user0033,2026-09-14,4.02,Décider joli ceci père voici désormais.
WL-04287,PORTAL-3553,user0033,2026-09-14,5.71,Autour promettre sol six trente rang rideau.
WL-04288,PORTAL-4510,user0007,2026-09-14,7.45,Révolution jaune mince vie jaune sérieux prévenir.
WL-04289,BI-3397,user0026,2026-09-14,1.47,Social marcher monsieur détail jusque cercle.
WL-04290,MOB-1111,user0042,2026-09-14,6.99,Ferme seul y masse.
WL-04291,BI-4242,user0033,2026-09-14,5.36,L'Un plonger par.
WL-04292,ECOM-4728,user0042,2026-09-14,6.23,Rompre réveiller manger tombe mal respect durer solitude.
WL-04293,MOB-3808,user0037,2026-09-14,1.28,Bruit animer vieux roman.
WL-04294,SEC-1760,user0020,2026-09-14,0.93,École offrir miser beauté recommencer simple découvrir.
WL-04295,ERP-484,user0015,2026-09-14,1.67,Poitrine pluie important part réponse lune surtout.
WL-04296,MOB-3751,user0042,2026-09-14,2.0,Cou soumettre paysan mauvais forêt un importer français.
WL-04297,MOB-785,user0010,2026-09-14,2.21,Prêter rocher mince chasse près.
WL-04298,CLOUD-1200,user0019,2026-09-14,4.94,Muet sommet droit quelqu'un.
WL-04299,MOB-4045,user0049,2026-09-14,3.58,Parce Que rose empêcher je marche habiter puisque.
WL-04300,DATA-832,user0023,2026-09-14,5.45,Interrompre nul installer nourrir.
WL-04301,BANK-1484,user0007,2026-09-14,0.91,Côté puissant chercher oeil.
WL-04302,MOB-4188,user0018,2026-09-14,3.37,Inutile relation durant inviter centre prêt général.
WL-04303,MOB-4375,user0050,2026-09-14,2.39,Céder user principe.
WL-04304,CRM-837,user0041,2026-09-14,6.4,Fatiguer approcher danger.
WL-04305,BI-3226,user0050,2026-09-14,1.54,Sûr souvent ouvrir.
WL-04306,MOB-4663,user0026,2026-09-14,1.41,Coin sembler paysage.
WL-04307,BI-982,user0005,2026-09-14,7.91,Cas rouge contenir réunir dangereux humain.
WL-04308,MOB-2090,user0017,2026-09-14,7.63,Exécuter secret ramasser champ peau.
WL-04309,CLOUD-2967,user0045,2026-09-14,5.7,Lutter si différent triste produire.
WL-04310,CRM-1488,user0023,2026-09-14,2.92,Étouffer gens sembler prison.
WL-04311,MOB-4920,user0033,2026-09-14,1.84,Page recueillir existence gens chacun mot.
WL-04312,MOB-2432,user0045,2026-09-14,2.86,Bord distinguer porte falloir droite.
WL-04313,MOB-2548,user0033,2026-09-14,7.12,Posséder près travers souffler.
WL-04314,DATA-819,user0029,2026-09-14,4.1,Argent passé fuir dur voyage magnifique.
WL-04315,CRM-2620,user0019,2026-09-14,0.55,Aussi propre bande vérité vivant.
WL-04316,PORTAL-2252,user0007,2026-09-14,4.36,Rappeler perdu mesure tant arrière.
WL-04317,SEC-2243,user0045,2026-09-14,0.62,Songer côté paix nul.
WL-04318,DATA-841,user0020,2026-09-14,3.06,Roi certain sang précis apparaître ou regard.
WL-04319,MOB-1876,user0048,2026-09-14,0.8,Plaisir complet partir particulier poussière voici.
WL-04320,BI-4288,user0018,2026-09-14,6.18,Combien roi âme justice mémoire.
WL-04321,ECOM-1530,user0015,2026-09-14,1.73,Rapporter prêter reconnaître volonté mince pitié contenter.
WL-04322,PORTAL-2076,user0018,2026-09-14,2.54,Rester mot calme briller.
WL-04323,CLOUD-3091,user0037,2026-09-14,3.99,Voyager mentir certain ni brûler action.
WL-04324,MOB-2214,user0011,2026-09-14,4.18,Ciel prétendre frère derrière mariage affaire naturellement.
WL-04325,BI-3329,user0020,2026-09-14,5.33,Élever énorme petit calme forme rire.
WL-04326,PORTAL-5,user0020,2026-09-14,2.94,Fête engager immense.
WL-04327,SEC-4518,user0027,2026-09-14,6.65,Reculer joindre nouveau risquer.
WL-04328,BANK-1038,user0048,2026-09-14,0.96,Spectacle aucun position produire.
WL-04329,CLOUD-4638,user0002,2026-09-14,4.9,Intérêt école milieu jour couper envelopper.
WL-04330,ERP-105,user0048,2026-09-14,5.33,Présent que simplement devant continuer.
WL-04331,ERP-4119,user0005,2026-09-14,4.12,Fatigue souffrir verser sans amener chiffre partager.
WL-04332,SEC-4847,user0033,2026-09-14,6.58,Monter queue phrase trois éteindre.
WL-04333,BI-1786,user0049,2026-09-14,2.57,Camarade souffler question connaître or davantage.
WL-04334,BANK-953,user0026,2026-09-14,0.73,Ressembler le amener escalier défaut.
WL-04335,CLOUD-2531,user0018,2026-09-14,7.74,Abri parmi rêver discuter baisser.
WL-04336,DATA-2040,user0020,2026-09-14,3.47,Naître enfermer action silencieux.
WL-04337,MOB-835,user0020,2026-09-14,4.67,Toucher accomplir avancer masse sueur intelligence queue.
WL-04338,ERP-1228,user0042,2026-09-14,4.86,Accuser choix descendre pouvoir briser plus.
WL-04339,CRM-2064,user0018,2026-09-14,7.2,Social penser avec quarante rien.
WL-04340,SEC-3973,user0012,2026-09-14,5.63,Secret beauté lendemain tenir.
WL-04341,PORTAL-3654,user0005,2026-09-14,2.01,Transformer faible trouver plusieurs force révolution.
WL-04342,CRM-745,user0041,2026-09-14,6.89,Livrer compter mais colère réveiller.
WL-04343,BANK-4797,user0037,2026-09-14,0.81,Toile hiver or anglais souffler repousser maladie.
WL-04344,ECOM-1326,user0045,2026-09-14,3.02,Chose après police jour depuis abri.
WL-04345,CLOUD-2925,user0048,2026-09-14,5.95,Prononcer fauteuil pendre traîner courir fin vague.
WL-04346,ECOM-3187,user0005,2026-09-14,7.22,Roman sou sauvage accent marche tandis que.
WL-04347,ECOM-793,user0050,2026-09-14,1.93,Chanter général maladie même ne importance jambe.
WL-04348,CLOUD-589,user0018,2026-09-14,1.36,Rappeler visite conduire retirer absence agent.
WL-04349,PORTAL-4757,user0048,2026-09-14,1.48,Rappeler asseoir proposer.
WL-04350,CLOUD-3443,user0017,2026-09-14,3.67,Visible hasard beau.
WL-04351,BI-259,user0001,2026-09-14,3.34,Content garçon plusieurs chaud.
WL-04352,ERP-2678,user0018,2026-09-14,7.88,Table mais chambre cependant.
WL-04353,BI-1701,user0031,2026-09-14,6.63,Inquiéter droit je je.
WL-04354,CLOUD-354,user0042,2026-09-14,5.27,Atteindre moindre étude année joindre somme.
WL-04355,MOB-1158,user0002,2026-09-14,5.37,Partie argent pourtant ciel victime.
WL-04356,CLOUD-4245,user0005,2026-09-14,5.06,Arme vert minute dimanche.
WL-04357,DATA-2718,user0049,2026-09-14,1.55,Déchirer peser enfermer jouer lutter recevoir ah asseoir.
WL-04358,PORTAL-56,user0005,2026-09-14,1.25,Vent verre âme.
WL-04359,CLOUD-3060,user0001,2026-09-14,1.56,Élever quant à avec fort offrir problème.
WL-04360,BI-1054,user0017,2026-09-14,6.7,Haïr falloir morceau bientôt arrivée sien vieil calmer.
WL-04361,ECOM-2310,user0005,2026-09-14,1.92,Haïr fait soleil robe inconnu.
WL-04362,CRM-1361,user0023,2026-09-14,5.79,Chaleur couleur objet impossible.
WL-04363,BI-848,user0026,2026-09-14,4.01,Supposer même mer accorder quitter votre causer.
WL-04364,MOB-4532,user0026,2026-09-14,4.43,Lire aventure leur cheval semblable préférer.
WL-04365,CLOUD-3884,user0029,2026-09-14,4.03,Haut exécuter rappeler article.
WL-04366,MOB-1546,user0011,2026-09-14,7.02,Rapport soleil faux réclamer.
WL-04367,BI-600,user0050,2026-09-14,5.43,Politique sec voix manger.
WL-04368,CLOUD-4973,user0048,2026-09-14,6.05,Décider autrefois joue quand yeux.
WL-04369,MOB-4375,user0015,2026-09-14,5.24,Confier justice durer présent poser faux bleu.
WL-04370,BANK-1883,user0018,2026-09-14,7.34,Chaise habitude poche tant devant.
WL-04371,MOB-1937,user0012,2026-09-14,3.16,Très prêter on violent prison.
WL-04372,DATA-819,user0007,2026-09-14,1.25,Ministre accompagner ligne accompagner que solitude aider.
WL-04373,BI-1858,user0023,2026-09-14,5.93,Ressembler envoyer moins soleil ouvrir santé fil.
WL-04374,BANK-387,user0042,2026-09-14,1.41,Brûler peser promener hors nécessaire.
WL-04375,DATA-4431,user0015,2026-09-14,2.25,Intérêt bois terme cabinet rentrer voiture.
WL-04376,SEC-2267,user0031,2026-09-14,4.01,Trop prévoir passé sourire gens terreur étendue.
WL-04377,ERP-981,user0048,2026-09-14,1.18,Cesse tendre couper côte vêtement nuit briser.
WL-04378,BI-1388,user0007,2026-09-14,4.37,Habitude arracher travers ça.
WL-04379,ERP-4098,user0050,2026-09-14,2.3,Maison ferme votre lendemain contre fort.
WL-04380,ECOM-2885,user0027,2026-09-14,4.63,Guère général aile pensée force former.
WL-04381,BANK-3046,user0012,2026-09-14,1.78,Cher tendre portier souvent étude connaître lever.
WL-04382,PORTAL-1627,user0031,2026-09-14,4.06,Tout départ ministre regarder élément.
WL-04383,DATA-1104,user0026,2026-09-14,6.52,Immense importance public saint personne.
WL-04384,CRM-1803,user0027,2026-09-14,3.99,Ruine mieux près toujours.
WL-04385,ECOM-3224,user0002,2026-09-14,3.49,Sombre suffire troisième bataille revenir.
WL-04386,CLOUD-2842,user0049,2026-09-14,1.96,Plan aspect portier gauche naître.
WL-04387,ECOM-3858,user0048,2026-09-14,1.39,Sou prière magnifique aussitôt aujourd'hui leur devoir.
WL-04388,BI-371,user0037,2026-09-14,1.49,Auteur tout exprimer ruine roman million.
WL-04389,CRM-1083,user0026,2026-09-14,0.56,Tromper salut cela genre.
WL-04390,BI-1858,user0045,2026-09-14,7.28,Enfoncer chat marquer guère nation possible.
WL-04391,CRM-3943,user0027,2026-09-14,4.0,Fixe ouvrage cause fer demain anglais craindre.
WL-04392,ERP-4437,user0015,2026-09-14,7.34,Annoncer chaud ancien instant sentiment poitrine traiter.
WL-04393,ECOM-1959,user0029,2026-09-14,7.73,Certes haut distance toile.
WL-04394,ERP-2712,user0020,2026-09-14,1.85,Mille essayer visage intention hésiter sujet lieu.
WL-04395,DATA-1084,user0042,2026-09-14,5.96,Même consentir douleur escalier.
WL-04396,ECOM-4036,user0010,2026-09-14,6.29,Sujet étaler ah surtout divers.
WL-04397,BI-333,user0037,2026-09-14,3.09,Confiance but perdu étage prince police guerre.
WL-04398,BANK-1492,user0041,2026-09-14,7.35,Aide vous recommencer sérieux mot.
WL-04399,CLOUD-1909,user0018,2026-09-14,6.78,Expression entendre emmener machine exiger complètement ami ancien.
WL-04400,CRM-4151,user0041,2026-09-14,5.73,Mince dimanche ton enfoncer marchand.
WL-04401,PORTAL-3156,user0001,2026-09-14,2.98,Répéter ensuite chercher.
WL-04402,CLOUD-4849,user0002,2026-09-14,4.76,Dès raison pendre femme aide désirer dans retour.
WL-04403,BI-703,user0042,2026-09-14,4.02,Suffire oublier tout somme.
WL-04404,SEC-2948,user0042,2026-09-14,3.96,Route échapper million.
WL-04405,ECOM-3278,user0050,2026-09-14,7.2,Ceci garder moi usage.
WL-04406,ERP-1678,user0005,2026-09-14,7.11,Petit traiter renverser consulter.
WL-04407,MOB-2629,user0041,2026-09-14,6.23,Sous prière rire entraîner grâce ami large claire.
WL-04408,ERP-3054,user0050,2026-09-14,5.21,Plante voix abattre briller.
WL-04409,BI-1547,user0049,2026-09-14,4.45,Enfant fer bras importer présent circonstance ton lit.
WL-04410,ERP-291,user0012,2026-09-14,6.78,Pleurer confiance mais haine.
WL-04411,PORTAL-3425,user0017,2026-09-14,3.18,Intelligence désir juste personne avec rassurer voler.
WL-04412,ERP-3876,user0017,2026-09-14,6.77,Court sourire trouver métier précipiter veille.
WL-04413,BANK-4379,user0017,2026-09-14,3.55,Examiner sorte inutile dessus peu terreur.
WL-04414,CLOUD-4173,user0048,2026-09-14,4.15,Parler battre aussitôt d'abord gros prier gens.
WL-04415,SEC-1387,user0010,2026-09-14,1.19,Forcer désir voilà.
WL-04416,SEC-1745,user0031,2026-09-14,1.86,Inspirer lui douze mourir chasser pièce lien.
WL-04417,DATA-1710,user0007,2026-09-14,4.92,Conscience très frapper goût rouge.
WL-04418,ECOM-3978,user0018,2026-09-14,2.11,L'Une sujet pauvre titre cri.
WL-04419,ECOM-3187,user0045,2026-09-14,4.6,Souvenir muet blond déposer conduire cacher auprès.
WL-04420,ECOM-3362,user0001,2026-09-14,1.81,Calmer eh chien partager dos.
WL-04421,CRM-2155,user0033,2026-09-14,5.12,Venir décrire beauté.
WL-04422,ECOM-520,user0026,2026-09-14,4.12,L'Un absolument sable accepter.
WL-04423,SEC-4752,user0007,2026-09-14,6.64,Puissance fier de mensonge.
WL-04424,CLOUD-2302,user0007,2026-09-14,6.29,Élément fort remplir machine traîner descendre cuisine.
WL-04425,BANK-3014,user0037,2026-09-14,6.22,Personne diriger voisin livrer frère barbe.
WL-04426,BANK-1749,user0026,2026-09-14,0.87,Devenir parce que événement endroit étranger.
WL-04427,ERP-4287,user0037,2026-09-14,1.37,Dresser mari vin déclarer rue choix lors.
WL-04428,CLOUD-4040,user0010,2026-09-14,3.41,Partie fil maître vouloir.
WL-04429,ERP-3839,user0037,2026-09-14,3.78,Haine d'abord émotion milieu monter vers résister.
WL-04430,DATA-93,user0019,2026-09-14,2.31,Ville sien mesure temps nouveau pain mon.
WL-04431,PORTAL-702,user0049,2026-09-14,6.73,Votre cheveu relation quoi docteur direction.
WL-04432,MOB-4128,user0019,2026-09-14,2.13,Plan cas imaginer douceur.
WL-04433,MOB-4698,user0011,2026-09-14,7.67,Maison lier vague révéler chasse salle.
WL-04434,PORTAL-2249,user0001,2026-09-14,5.96,Éprouver fer chemin lendemain intérêt ramasser renoncer travail.
WL-04435,BANK-247,user0026,2026-09-14,6.69,Garde français nourrir sentier briser croire voix.
WL-04436,ERP-3855,user0031,2026-09-14,1.78,Composer verser papier vrai blond.
WL-04437,ERP-3839,user0005,2026-09-14,5.93,Passion soutenir maintenir étranger âgé imaginer.
WL-04438,CLOUD-442,user0048,2026-09-14,2.28,Retirer froid semaine tôt bon espoir voisin.
WL-04439,ECOM-441,user0026,2026-09-14,4.11,Important caractère comment grave jeune.
WL-04440,SEC-3621,user0037,2026-09-14,3.23,Grâce compagnie perte conclure vous bas résister.
WL-04441,CLOUD-877,user0007,2026-09-14,4.93,Garde carte angoisse le point proposer.
WL-04442,ECOM-1823,user0041,2026-09-14,7.84,Respirer enfant voyage fruit celui toi hésiter vers.
WL-04443,CLOUD-4002,user0037,2026-09-14,6.65,Endormir quinze disposer autant aspect règle.
WL-04444,ERP-4818,user0041,2026-09-14,3.65,Chasser plaire cheveu décrire vie.
WL-04445,PORTAL-3448,user0018,2026-09-14,5.29,Le chat toit assez sortir supposer fond noir.
WL-04446,BI-4455,user0007,2026-09-14,6.35,Histoire sauvage coup représenter enfoncer fleur satisfaire.
WL-04447,ERP-3368,user0007,2026-09-14,5.26,Accuser résistance demande droit apparaître masse reculer.
WL-04448,PORTAL-1735,user0019,2026-09-14,5.02,Être tellement tapis importance cinquante esprit bouche ordre.
WL-04449,ECOM-3891,user0029,2026-09-14,4.23,Déchirer prêt joli papier.
WL-04450,ERP-4439,user0031,2026-09-14,1.11,État trésor grandir long.
WL-04451,SEC-626,user0049,2026-09-14,2.39,Neuf situation chasse poète.
WL-04452,ERP-3245,user0020,2026-09-14,6.14,Clair suffire couvrir rejeter milieu oh calme soi.
WL-04453,ERP-813,user0033,2026-09-14,5.13,Geste immense environ.
WL-04454,BANK-1224,user0050,2026-09-14,2.07,Auteur attacher environ si apporter cabinet.
WL-04455,ECOM-3686,user0020,2026-09-14,6.57,Ensemble autorité présent gauche.
WL-04456,PORTAL-3794,user0027,2026-09-14,0.65,Comment désespoir obéir former sauvage usage fou.
WL-04457,CRM-3106,user0001,2026-09-14,4.12,Dix jusque cri second avant fatigue enfant.
WL-04458,ECOM-3115,user0031,2026-09-14,1.8,Recevoir presque trait entier l'un mois penser.
WL-04459,PORTAL-4926,user0007,2026-09-14,4.92,Précieux race connaissance personne avant reprendre.
WL-04460,ECOM-2369,user0029,2026-09-14,2.99,Même présent confiance loin votre.
WL-04461,BANK-1903,user0037,2026-09-14,1.48,Faveur pousser signe tard établir seconde.
WL-04462,MOB-31,user0012,2026-09-14,5.97,Demeurer branche chat.
WL-04463,ECOM-1783,user0017,2026-09-14,3.6,Minute rire fixe vêtir.
WL-04464,PORTAL-347,user0049,2026-09-14,7.16,Existence sou crainte.
WL-04465,BANK-1153,user0031,2026-09-14,3.73,Doute rouge troisième lettre fin sien.
WL-04466,MOB-2073,user0037,2026-09-14,2.35,Accuser par troisième parole.
WL-04467,DATA-3972,user0011,2026-09-14,6.77,Disparaître plaisir oeuvre paquet.
WL-04468,CRM-1093,user0033,2026-09-14,3.85,Céder bord chaise intérêt.
WL-04469,DATA-922,user0001,2026-09-14,5.87,Si enfoncer malgré.
WL-04470,BI-2907,user0029,2026-09-14,6.03,Tard bois dur tour.
WL-04471,CLOUD-2385,user0002,2026-09-14,6.26,Tuer impossible aide objet patron.
WL-04472,ECOM-1777,user0031,2026-09-14,4.51,Nerveux chef certain durer condition noir recherche.
WL-04473,DATA-4180,user0005,2026-09-14,5.52,Réponse cent impression cheval.
WL-04474,SEC-4473,user0018,2026-09-14,3.98,Huit long genou paysage famille mais.
WL-04475,ERP-4181,user0031,2026-09-14,2.67,Peuple loup magnifique.
WL-04476,PORTAL-4460,user0012,2026-09-14,6.69,Hôtel attirer exposer avenir aujourd'hui terminer détacher.
WL-04477,CLOUD-2730,user0007,2026-09-14,5.4,Rencontre fusil accrocher vieux.
WL-04478,BI-3729,user0050,2026-09-14,3.48,Souffrance sonner présent fonction allumer présent sens.
WL-04479,MOB-1045,user0018,2026-09-14,4.11,Mot parce que patron devant bonheur volonté.
WL-04480,MOB-859,user0015,2026-09-14,4.68,Acte dame satisfaire confier avouer.
WL-04481,BI-4468,user0045,2026-09-14,6.64,Sous déposer vide existence robe tout lorsque.
WL-04482,ERP-3839,user0026,2026-09-14,7.67,Crise leur tu ennemi malheur certes siècle.
WL-04483,PORTAL-4510,user0031,2026-09-14,4.35,Plaine simple durant rond compte toi retenir.
WL-04484,BANK-3862,user0033,2026-09-14,1.28,Toile affaire sombre horizon.
WL-04485,BANK-906,user0026,2026-09-14,6.1,Pas commander cacher transformer.
WL-04486,CRM-4301,user0005,2026-09-14,4.4,Haute attirer tempête camarade repas.
WL-04487,DATA-4033,user0045,2026-09-14,0.53,Quelque dehors seulement vêtement terme comme.
WL-04488,DATA-3162,user0037,2026-09-14,0.78,Difficile enfin somme.
WL-04489,MOB-492,user0002,2026-09-14,3.81,Aile figurer science quatre pourquoi.
WL-04490,CLOUD-3950,user0018,2026-09-14,4.39,Repas ligne vérité droite ressembler.
WL-04491,MOB-4230,user0007,2026-09-14,6.59,Combat oh transformer reprendre vert inspirer fait.
WL-04492,CRM-4590,user0002,2026-09-14,1.07,Résistance descendre sens assister.
WL-04493,BANK-1635,user0045,2026-09-14,7.25,Système départ un carte politique trace exemple.
WL-04494,CRM-1699,user0007,2026-09-14,7.99,Révéler éclat école jeu beau dos.
WL-04495,ERP-3649,user0027,2026-09-14,3.38,Fortune observer détacher libre étranger.
WL-04496,SEC-3600,user0045,2026-09-14,4.61,Mensonge enfermer noir répondre branche montagne roman.
WL-04497,MOB-4981,user0018,2026-09-14,6.27,Rencontre cent voie mot demain.
WL-04498,CRM-2577,user0023,2026-09-14,7.52,Corps menacer demain asseoir présent livre nom.
WL-04499,SEC-3315,user0049,2026-09-14,6.6,Reste satisfaire vol rêve école suffire forcer.
WL-04500,DATA-3415,user0048,2026-09-14,0.52,Conversation fleur lourd donner occuper trente cher.
WL-04501,MOB-1842,user0020,2026-09-14,4.8,Source sac soumettre.
WL-04502,SEC-4700,user0005,2026-09-14,0.9,Long or point mauvais offrir animer.
WL-04503,ECOM-1329,user0017,2026-09-14,7.67,Combat pierre pendre paupière humide siège.
WL-04504,PORTAL-2596,user0005,2026-09-14,2.91,Plaisir désirer eaux briller avenir flot bruit.
WL-04505,CRM-762,user0001,2026-09-14,6.95,Depuis part étaler silencieux entrer forcer.
WL-04506,DATA-1992,user0031,2026-09-14,4.28,Branche plusieurs tenter souvenir.
WL-04507,CLOUD-2918,user0037,2026-09-14,7.52,Position intelligence reculer rocher accent penser peur.
WL-04508,CLOUD-3623,user0026,2026-09-14,2.97,Cependant corps coup inventer.
WL-04509,CRM-295,user0007,2026-09-14,7.42,Attitude habitude poitrine pain tel herbe dessus.
WL-04510,CLOUD-349,user0010,2026-09-14,1.08,Prière travailler admettre droite histoire tenir.
WL-04511,BI-68,user0001,2026-09-14,2.46,Conduire ensemble monde maintenir représenter effacer cinquante voix.
WL-04512,CLOUD-92,user0050,2026-09-14,2.64,Essuyer table fatigue grâce transformer.
WL-04513,ERP-1050,user0002,2026-09-14,2.63,Étude hauteur attirer attendre forêt dehors dégager animal.
WL-04514,CLOUD-1022,user0033,2026-09-14,7.66,Yeux auquel étonner.
WL-04515,DATA-4890,user0027,2026-09-14,7.5,Valoir celui briller naître.
WL-04516,CRM-3490,user0023,2026-09-14,4.96,Loup arrière souvenir raison discussion quelque poids.
WL-04517,CLOUD-479,user0007,2026-09-14,6.36,Couleur médecin nuage courage riche jeu.
WL-04518,BANK-2311,user0042,2026-09-14,2.91,Faux regard nature terrain.
WL-04519,PORTAL-2586,user0041,2026-09-14,1.0,Troisième fumée pleurer mari froid envelopper.
WL-04520,ECOM-3463,user0015,2026-09-14,7.24,Île faim but complètement épais.
WL-04521,CLOUD-1014,user0026,2026-09-14,4.02,Plaisir carte supposer vue contraire mériter oh.
WL-04522,ECOM-2807,user0010,2026-09-14,4.24,Bureau scène produire voisin effacer scène.
WL-04523,ERP-2142,user0002,2026-09-14,2.94,Blanc d'abord intéresser.
WL-04524,DATA-4496,user0031,2026-09-14,6.01,Près étoile chiffre passé.
WL-04525,CLOUD-3060,user0020,2026-09-14,3.06,Lire feu élément naissance briser bien rose.
WL-04526,CRM-4592,user0048,2026-09-14,6.53,Chaleur regard fatiguer gloire malheur milieu important.
WL-04527,BANK-2693,user0001,2026-09-14,2.95,Signifier armer coucher gauche anglais.
WL-04528,PORTAL-4531,user0033,2026-09-14,2.13,Exister d'autres coeur parfois.
WL-04529,CLOUD-644,user0050,2026-09-14,7.0,Résultat entourer fonction simple encore jeter fleur.
WL-04530,ECOM-4707,user0023,2026-09-14,7.36,Immobile dehors en lieu essuyer.
WL-04531,CRM-1293,user0048,2026-09-14,5.59,Rouge inspirer ouvrir fruit.
WL-04532,ECOM-1752,user0026,2026-09-14,6.17,Particulier y trace me fonction siège.
WL-04533,DATA-1651,user0029,2026-09-14,6.31,Autrement expérience naître obliger violence parti.
WL-04534,MOB-2825,user0017,2026-09-14,0.95,Mal abandonner juger.
WL-04535,PORTAL-3871,user0041,2026-09-14,0.51,Queue transformer ventre moitié grandir moindre manquer immense.
WL-04536,MOB-436,user0042,2026-09-14,5.67,De savoir observer digne tel tel.
WL-04537,BI-22,user0017,2026-09-14,0.6,Histoire promettre possible second robe.
WL-04538,CLOUD-601,user0033,2026-09-14,6.58,Absolument étouffer couche.
WL-04539,CRM-843,user0012,2026-09-14,6.01,Vieux dame matière interroger.
WL-04540,SEC-2785,user0023,2026-09-14,4.89,Embrasser mensonge mon.
WL-04541,SEC-1281,user0010,2026-09-14,1.06,Bon deviner rapport.
WL-04542,BANK-2726,user0045,2026-09-14,1.53,Pourquoi moyen rapporter mourir surveiller céder.
WL-04543,MOB-3682,user0002,2026-09-14,6.94,Glace répandre près vêtement seulement horizon discuter souvent.
WL-04544,DATA-4533,user0023,2026-09-14,6.48,Fête discuter bon propos.
WL-04545,BI-3349,user0018,2026-09-14,5.53,Cuisine haut public ciel ennemi continuer simplement.
WL-04546,BI-129,user0026,2026-09-14,1.55,Prétendre peu assurer inspirer.
WL-04547,CLOUD-3043,user0001,2026-09-14,1.95,Circonstance fils bas garçon demain.
WL-04548,SEC-2753,user0023,2026-09-14,4.54,Léger fenêtre jusque expliquer courir honte figurer.
WL-04549,BI-4264,user0018,2026-09-14,2.22,Danser appartement composer bleu.
WL-04550,ERP-1830,user0031,2026-09-14,7.43,Bien chercher théâtre plan.
WL-04551,ECOM-3257,user0045,2026-09-14,6.87,Entourer éclat traîner bureau sable.
WL-04552,PORTAL-4323,user0019,2026-09-14,2.39,Y sûr ceci amener demeurer avoir.
WL-04553,BI-1663,user0027,2026-09-14,5.92,Ce jusque dernier former.
WL-04554,PORTAL-1453,user0042,2026-09-14,7.83,Frais confier ombre toujours effacer sorte distance.
WL-04555,BANK-4335,user0050,2026-09-14,0.74,Juste lisser au devant.
WL-04556,ECOM-2575,user0031,2026-09-14,0.73,Secours problème menacer enfin sable fumée fonder bon.
WL-04557,CLOUD-278,user0027,2026-09-14,6.84,Dès et tendre vraiment dessus.
WL-04558,ERP-4611,user0015,2026-09-14,2.95,Jouer camarade taille trace devenir cesse avance midi.
WL-04559,ECOM-1061,user0031,2026-09-14,2.46,Fort faute fer mauvais article soutenir appuyer.
WL-04560,DATA-2259,user0020,2026-09-14,2.49,Geste fait rapidement midi.
WL-04561,CRM-2378,user0007,2026-09-14,1.45,Courant quel difficile.
WL-04562,ECOM-4198,user0023,2026-09-14,1.21,Brusquement pauvre pourtant arriver traiter calme droite.
WL-04563,CLOUD-185,user0019,2026-09-14,3.94,Tant achever chemise type longtemps.
WL-04564,BI-3817,user0037,2026-09-14,4.5,Monde fermer attacher jeunesse partout personne profiter.
WL-04565,CLOUD-3941,user0029,2026-09-14,1.49,Joli désirer tandis que.
WL-04566,CRM-4258,user0001,2026-09-14,4.45,Dehors exposer inspirer cri or.
WL-04567,DATA-3286,user0011,2026-09-14,4.91,Jusque oser apparence but ligne parent.
WL-04568,MOB-4819,user0012,2026-09-14,1.4,Creuser comment oiseau assister sorte plein combien.
WL-04569,CRM-3256,user0033,2026-09-14,4.52,Plus camarade matin million annoncer minute nuage mal.
WL-04570,CLOUD-1773,user0012,2026-09-14,3.2,Quelque couche le reprendre un.
WL-04571,SEC-303,user0050,2026-09-14,6.23,Bruit bras plaine comment.
WL-04572,BI-943,user0033,2026-09-14,5.39,Quoi geste roman capable ancien glace tout.
WL-04573,PORTAL-4926,user0007,2026-09-14,0.65,Mur gros devoir façon victime faute.
WL-04574,BI-831,user0045,2026-09-14,6.56,Jamais lumière souffler drôle égal bien aide.
WL-04575,DATA-2262,user0050,2026-09-14,4.76,Ministre étranger unique conscience sou.
WL-04576,CLOUD-2449,user0037,2026-09-14,4.52,Valoir prix pencher mériter militaire pendre empire.
WL-04577,PORTAL-469,user0001,2026-09-14,5.86,Rouler vaincre achever court.
WL-04578,MOB-4717,user0011,2026-09-14,6.39,Madame grand agir.
WL-04579,PORTAL-3243,user0020,2026-09-14,7.16,Trace afin de vaincre noire jeune matin troisième céder.
WL-04580,MOB-1296,user0011,2026-09-14,4.28,Aventure creuser étudier.
WL-04581,SEC-514,user0050,2026-09-14,6.08,Guère détail appuyer beau.
WL-04582,ERP-2102,user0042,2026-09-14,5.62,Ensemble contenter idée vêtement mot bruit corde.
WL-04583,MOB-1270,user0017,2026-09-14,2.42,Nez agent changer serrer étonner ensemble endroit agir.
WL-04584,CRM-2645,user0041,2026-09-14,6.51,Cheval second servir reposer entre trait.
WL-04585,ERP-2566,user0018,2026-09-14,7.11,Acheter cercle battre ventre.
WL-04586,BI-2768,user0050,2026-09-14,3.54,Vaste est discussion tour.
WL-04587,MOB-2548,user0045,2026-09-14,5.32,Déjà travailler tombe.
WL-04588,CLOUD-1014,user0042,2026-09-14,1.17,Ligne guerre arbre rose résoudre leur.
WL-04589,BI-3511,user0018,2026-09-14,1.87,Inspirer soit silencieux.
WL-04590,MOB-2769,user0031,2026-09-14,2.99,Chat appartement repas.
WL-04591,ERP-1069,user0041,2026-09-14,7.16,Bataille présenter bonheur.
WL-04592,CLOUD-3120,user0015,2026-09-14,2.77,Éclairer beau marché entourer.
WL-04593,MOB-3767,user0002,2026-09-14,4.82,On inspirer et sourire fumée.
WL-04594,CLOUD-2228,user0020,2026-09-14,1.19,Demi rouge façon briller.
WL-04595,BI-2187,user0010,2026-09-14,2.42,Tout voisin quinze impossible enfermer bête encore.
WL-04596,CLOUD-4740,user0042,2026-09-14,6.81,Vêtir problème oublier avec anglais tranquille.
WL-04597,CLOUD-203,user0050,2026-09-14,5.05,Entretenir projet auquel complètement aussitôt geste ouvert sortir.
WL-04598,SEC-1850,user0011,2026-09-14,6.66,Accent exiger camarade relation pas.
WL-04599,BANK-4646,user0019,2026-09-14,0.8,Terre espoir autorité point rapporter cuisine sang tromper.
WL-04600,BI-1347,user0010,2026-09-14,0.85,Faire considérer vieillard million.
WL-04601,BANK-280,user0002,2026-09-14,7.62,Quitter courir paix tête poche réunir peu.
WL-04602,SEC-844,user0041,2026-09-14,3.13,Naturel grâce renoncer besoin.
WL-04603,MOB-31,user0010,2026-09-14,4.55,Penser branche avant apporter secret.
WL-04604,MOB-3660,user0019,2026-09-14,8.0,Intelligence monter observer est oui souffrance nation attirer.
WL-04605,BI-2721,user0049,2026-09-14,5.69,Sourire simplement commencement folie cruel.
WL-04606,ERP-4756,user0018,2026-09-14,3.94,Pur voie camarade aucun.
WL-04607,ERP-3746,user0020,2026-09-14,1.75,Faim fin appel poser de autorité.
WL-04608,ECOM-3892,user0023,2026-09-14,2.33,Presser étouffer nommer demander.
WL-04609,DATA-4534,user0023,2026-09-14,3.35,Écouter depuis guerre fou recevoir.
WL-04610,CRM-4189,user0031,2026-09-14,6.63,Disparaître or nouveau auquel dix.
WL-04611,BI-3264,user0001,2026-09-14,4.89,Supposer triste qui son.
WL-04612,SEC-4703,user0037,2026-09-14,0.58,Descendre appartenir avoir reprendre fatiguer endroit.
WL-04613,DATA-4945,user0020,2026-09-14,0.81,Approcher posséder rejoindre précipiter.
WL-04614,CRM-3421,user0012,2026-09-14,6.59,Avec entier projet seul manger sommeil pluie.
WL-04615,DATA-3200,user0041,2026-09-14,7.63,Secours éloigner égal avoir couvrir.
WL-04616,BI-3271,user0029,2026-09-14,1.85,Cruel complètement sauver sentiment noir simple.
WL-04617,BANK-953,user0002,2026-09-14,3.97,Important surveiller d'autres page.
WL-04618,ECOM-4578,user0037,2026-09-14,3.24,Lui mais demi d'abord pas.
WL-04619,CLOUD-3190,user0012,2026-09-14,6.55,Dire occasion construire énorme.
WL-04620,BANK-873,user0023,2026-09-14,4.57,Monsieur repas relation transformer.
WL-04621,CLOUD-3440,user0041,2026-09-14,1.63,Papier but glace musique quelque marcher.
WL-04622,BANK-3289,user0011,2026-09-14,4.46,Loin dès discours.
WL-04623,DATA-3166,user0045,2026-09-14,4.3,Comment révolution aucun éclairer aide appuyer.
WL-04624,ERP-941,user0031,2026-09-14,1.94,Mériter protéger haute beaux entretenir.
WL-04625,CLOUD-3623,user0011,2026-09-14,6.81,Cabinet règle joue vérité y.
WL-04626,CLOUD-4600,user0037,2026-09-14,4.1,Scène étonner remarquer politique.
WL-04627,SEC-67,user0015,2026-09-14,6.39,Manquer ville dégager y secrétaire.
WL-04628,CRM-427,user0027,2026-09-14,3.18,Parler fille lui bas résister défendre plonger.
WL-04629,BI-3125,user0031,2026-09-14,4.43,Compter revenir aventure rapide pas suffire.
WL-04630,ECOM-2310,user0012,2026-09-14,7.64,Libre hauteur religion.
WL-04631,SEC-801,user0011,2026-09-14,6.63,Fait idée enfoncer dame répondre ferme désormais.
WL-04632,CLOUD-4830,user0045,2026-09-14,7.43,Ton exister venir obtenir blanc.
WL-04633,BI-4537,user0041,2026-09-14,0.72,Forme double comme huit travailler mot contraire.
WL-04634,BANK-4319,user0029,2026-09-14,3.63,Larme colère ville seulement.
WL-04635,PORTAL-1667,user0041,2026-09-14,6.2,Marcher entraîner bras lisser muet.
WL-04636,ERP-4783,user0020,2026-09-14,2.88,Personne entendre fait salle écrire quartier recueillir.
WL-04637,ERP-29,user0037,2026-09-14,0.93,Trait inutile lèvre sourd ferme.
WL-04638,CLOUD-532,user0037,2026-09-14,3.15,Parvenir forcer suite somme.
WL-04639,DATA-1856,user0037,2026-09-14,5.81,Tendre témoin guère besoin.
WL-04640,ERP-205,user0018,2026-09-14,5.32,Matin école vingt pluie énergie.
WL-04641,ECOM-928,user0029,2026-09-14,0.56,Bien manier conscience seigneur cause.
WL-04642,ECOM-3161,user0029,2026-09-14,7.39,Passé présent roi nouveau quart mal aimer.
WL-04643,MOB-1422,user0048,2026-09-14,2.16,Parvenir parce que dessiner.
WL-04644,ERP-258,user0018,2026-09-14,0.51,Croiser reprendre durant année taire bientôt tu.
WL-04645,SEC-5000,user0010,2026-09-14,5.64,Minute pourtant retrouver franc compagnie veiller.
WL-04646,PORTAL-1167,user0037,2026-09-14,6.42,Boire énergie trois.
WL-04647,PORTAL-997,user0005,2026-09-14,4.86,Train pont humide sang partie point retrouver.
WL-04648,DATA-3200,user0018,2026-09-14,7.48,Avant midi finir politique penser cabinet.
WL-04649,CLOUD-3959,user0033,2026-09-14,6.55,Voisin satisfaire libre dormir dessiner.
WL-04650,PORTAL-4078,user0011,2026-09-14,5.19,Dieu accent cabinet installer.
WL-04651,BANK-3784,user0001,2026-09-14,5.33,Bois lueur bouche véritable.
WL-04652,BANK-669,user0011,2026-09-14,5.32,Île défaut expliquer réserver.
WL-04653,BANK-4058,user0048,2026-09-14,0.75,Question sûr métier rêver avant bête.
WL-04654,BI-3498,user0026,2026-09-14,6.36,Exemple âgé demain mari papa monter cas croix.
WL-04655,BI-2151,user0033,2026-09-14,0.76,Serrer poursuivre trente mentir.
WL-04656,DATA-921,user0023,2026-09-14,6.29,Moyen porte large etc.
WL-04657,BANK-2748,user0012,2026-09-14,3.43,Brûler ne retenir souhaiter vague an profiter.
WL-04658,BI-3271,user0026,2026-09-14,1.68,L'Une mémoire dessiner sans robe puissance.
WL-04659,SEC-1702,user0042,2026-09-14,1.41,Geste blanc veiller regard inconnu genou doux.
WL-04660,MOB-3734,user0048,2026-09-14,7.66,Croix serrer celui.
WL-04661,CLOUD-857,user0015,2026-09-14,0.8,Énergie instant tout.
WL-04662,BANK-1817,user0005,2026-09-14,6.11,Repas éloigner refuser moi fête.
WL-04663,CLOUD-1320,user0041,2026-09-14,3.17,Complètement prêt réfléchir distinguer retenir commun prix simple.
WL-04664,SEC-1058,user0005,2026-09-14,3.15,Conduire flamme aide erreur saison mine venir.
WL-04665,ECOM-3978,user0045,2026-09-14,0.69,Remonter personne grâce couler hésiter terrain.
WL-04666,SEC-2131,user0020,2026-09-14,3.36,Debout baisser accorder absolument.
WL-04667,MOB-99,user0033,2026-09-14,4.03,Officier descendre pourtant.
WL-04668,CLOUD-740,user0019,2026-09-14,5.49,Entretenir remonter façon année grand joli là.
WL-04669,ECOM-3857,user0026,2026-09-14,4.73,Route continuer calme rose oiseau.
WL-04670,ECOM-1397,user0002,2026-09-14,4.75,Entourer souhaiter reprendre amour essuyer trésor robe.
WL-04671,CLOUD-2302,user0002,2026-09-14,1.02,Manger où volonté rien.
WL-04672,DATA-4574,user0031,2026-09-14,5.14,École disparaître habiller.
WL-04673,SEC-1262,user0042,2026-09-14,4.16,Prétendre résoudre rocher abandonner retrouver menacer.
WL-04674,CLOUD-2446,user0020,2026-09-14,2.72,Lune exiger cri disparaître apporter immobile.
WL-04675,PORTAL-3641,user0017,2026-09-14,1.13,Jeune fidèle terrain tenter souffler.
WL-04676,SEC-2131,user0037,2026-09-14,4.79,Garçon hôtel bouche vaste réflexion chant anglais.
WL-04677,ECOM-2109,user0050,2026-09-14,4.18,Malade tard enfin manquer être.
WL-04678,MOB-4712,user0026,2026-09-14,7.27,Observer doigt entier.
WL-04679,ERP-581,user0048,2026-09-14,7.03,Chant clef jambe pour importer âge seconde.
WL-04680,ECOM-2083,user0031,2026-09-14,7.4,Armée mari malheur sentir brusquement complètement.
WL-04681,CRM-1473,user0027,2026-09-14,4.91,Carte cruel décrire anglais présent révéler magnifique.
WL-04682,ERP-1870,user0012,2026-09-14,1.87,Après vivre tant image famille afin de vieux.
WL-04683,PORTAL-568,user0020,2026-09-14,3.54,De conscience donner début vers.
WL-04684,CRM-531,user0037,2026-09-14,6.97,Poche diriger apercevoir vêtement temps arriver.
WL-04685,DATA-1187,user0049,2026-09-14,6.17,Unique devoir contre signer.
WL-04686,DATA-1328,user0027,2026-09-14,1.29,Geste couler plaire peur.
WL-04687,CRM-674,user0029,2026-09-14,1.63,Revoir émotion dépasser masse saint mur possible.
WL-04688,BI-2480,user0026,2026-09-14,2.39,Delà monsieur cas ramasser devoir.
WL-04689,SEC-3143,user0023,2026-09-14,7.58,Être soulever manquer fond d'autres inutile pourquoi.
WL-04690,ERP-1403,user0041,2026-09-14,1.75,Nom soir beau monsieur.
WL-04691,BANK-3308,user0007,2026-09-14,7.99,Lui souvenir loin demeurer douleur.
WL-04692,SEC-3201,user0010,2026-09-14,1.12,Acheter autre double exposer avant précéder.
WL-04693,MOB-4171,user0023,2026-09-14,7.91,Part aimer action de rang.
WL-04694,PORTAL-2242,user0018,2026-09-14,2.04,Soutenir double parfaitement goût machine nord.
WL-04695,BI-259,user0041,2026-09-14,7.32,Énergie composer malheur pont éclat.
WL-04696,BI-540,user0050,2026-09-14,6.25,Aventure peau oser mort étrange.
WL-04697,BI-161,user0010,2026-09-14,3.78,Quant À vingt cinq promettre crier côte imposer.
WL-04698,DATA-1302,user0017,2026-09-14,3.58,Souvenir porter entretenir paix été autorité.
WL-04699,MOB-1118,user0031,2026-09-14,4.17,Santé celui fixe sens beau avance corde.
WL-04700,MOB-937,user0010,2026-09-14,3.94,Flamme aucun quart recueillir que prévoir.
WL-04701,PORTAL-3903,user0031,2026-09-14,3.84,Mieux sou réussir souhaiter.
WL-04702,CRM-4937,user0019,2026-09-14,6.7,Dominer même pur froid dessus casser lequel.
WL-04703,CRM-3798,user0033,2026-09-14,5.6,Peur soit envoyer souvent mien parfois voilà.
WL-04704,MOB-552,user0020,2026-09-14,5.74,Coucher frapper profond habiter loi apprendre.
WL-04705,ECOM-4555,user0011,2026-09-14,2.07,Doux situation pouvoir nécessaire vie.
WL-04706,ECOM-4619,user0023,2026-09-14,7.55,Révéler action fuir faux.
WL-04707,CLOUD-1737,user0002,2026-09-14,7.43,Fumée engager discours long existence devant.
WL-04708,ERP-1403,user0026,2026-09-14,1.48,Réponse siège seuil éclat entrer.
WL-04709,ERP-1076,user0027,2026-09-14,3.9,Plante quel genou mêler forcer fille.
WL-04710,DATA-3517,user0042,2026-09-14,6.77,Visage parler dormir recherche offrir public gens siècle.
WL-04711,SEC-3907,user0041,2026-09-14,1.86,Y français cour dépasser douleur haut homme.
WL-04712,BI-3588,user0012,2026-09-14,4.72,Lorsque ramener compagnie rond.
WL-04713,CRM-3736,user0007,2026-09-14,1.65,Appartement suffire étage santé tôt fort quant à.
WL-04714,ERP-3310,user0033,2026-09-14,7.03,Troisième voyager pendre haut ignorer.
WL-04715,CRM-990,user0023,2026-09-14,1.54,Mêler déjà placer écouter bouche menacer.
WL-04716,BI-2056,user0007,2026-09-14,5.99,Jambe naissance en instinct venir printemps.
WL-04717,BANK-4073,user0023,2026-09-14,3.3,Servir façon obliger seul.
WL-04718,ECOM-4547,user0026,2026-09-14,6.79,Envie commun chose condamner saluer.
WL-04719,ECOM-3416,user0020,2026-09-14,0.92,Différent secret instinct éprouver crainte éteindre bleu.
WL-04720,BI-3068,user0010,2026-09-14,6.68,Lien abandonner séparer cause et art cours.
WL-04721,BANK-4193,user0029,2026-09-14,4.73,Parvenir prix brûler trouver.
WL-04722,SEC-3298,user0042,2026-09-14,5.39,Cinq charge notre plaire considérer calmer.
WL-04723,MOB-1276,user0037,2026-09-14,6.41,Compte jambe divers.
WL-04724,DATA-761,user0027,2026-09-14,4.75,Quelque voix silencieux inconnu imposer vers pénétrer.
WL-04725,DATA-1074,user0050,2026-09-14,3.39,Avenir paupière pourquoi.
WL-04726,ERP-3893,user0017,2026-09-14,7.91,Gouvernement pauvre encore vrai supporter réduire anglais.
WL-04727,CRM-1124,user0023,2026-09-14,5.01,Agir ancien intelligence rester jeter.
WL-04728,CRM-393,user0033,2026-09-14,4.13,Raconter contraire payer continuer entrée fenêtre noir honneur.
WL-04729,PORTAL-1756,user0007,2026-09-14,1.16,Bord champ demain couler billet quarante.
WL-04730,MOB-3395,user0019,2026-09-14,3.5,Blanc absence empire revoir trois.
WL-04731,MOB-501,user0027,2026-09-14,2.27,Coup entrée verre.
WL-04732,BI-359,user0033,2026-09-14,3.32,Pendre bureau danser drôle enfoncer.
WL-04733,CRM-1921,user0027,2026-09-14,4.13,Entourer côte semblable fixer.
WL-04734,MOB-1107,user0012,2026-09-14,3.12,Oublier muet appel pas.
WL-04735,PORTAL-3260,user0027,2026-09-14,3.76,Dernier abattre bataille sens.
WL-04736,ECOM-142,user0041,2026-09-14,2.16,Chambre enfant santé noir seuil.
WL-04737,PORTAL-3850,user0045,2026-09-14,5.25,Agiter fait d'abord consulter lutte espace.
WL-04738,CLOUD-1576,user0010,2026-09-14,1.1,Lier pareil remarquer carte satisfaire.
WL-04739,CRM-2304,user0031,2026-09-14,2.2,Produire parcourir avant refuser.
WL-04740,DATA-2525,user0041,2026-09-14,7.91,Convenir droite pourtant inspirer.
WL-04741,CRM-316,user0010,2026-09-14,6.05,Détacher éclairer mon tranquille semblable finir.
WL-04742,PORTAL-3920,user0037,2026-09-14,1.07,Âgé mode élever sortir quartier signer disposer.
WL-04743,ERP-4322,user0045,2026-09-14,1.29,Défaut chaque fer désigner seuil.
WL-04744,MOB-503,user0005,2026-09-14,5.75,Abandonner ordre chambre.
WL-04745,BI-549,user0023,2026-09-14,3.62,Trace songer entrée.
WL-04746,DATA-555,user0005,2026-09-14,4.37,Fine peine aucun compagnie folie éternel ni lettre.
WL-04747,BANK-4519,user0015,2026-09-14,5.07,Endroit pensée davantage inspirer heureux.
WL-04748,BANK-4940,user0017,2026-09-14,3.15,Songer dominer joue devant mien essayer.
WL-04749,MOB-958,user0023,2026-09-14,2.74,Livrer élément rien.
WL-04750,BANK-1707,user0037,2026-09-14,1.75,Autour fermer celui discussion visible hors toujours recommencer.
WL-04751,BI-2303,user0042,2026-09-14,5.22,Bête taille rôle preuve le l'un précis.
WL-04752,MOB-1479,user0011,2026-09-14,5.05,Rouge rester son tête champ.
WL-04753,ECOM-4883,user0002,2026-09-14,7.01,Quitter type signer grain plein.
WL-04754,BANK-2368,user0023,2026-09-14,3.83,Chose immobile quant à remercier printemps.
WL-04755,PORTAL-148,user0050,2026-09-14,6.4,Ouvrage rideau dieu cri renoncer employer.
WL-04756,ERP-3693,user0033,2026-09-14,3.26,Vouloir entretenir perte salut acheter neuf chercher.
WL-04757,BI-3275,user0012,2026-09-14,3.2,Hiver preuve arme passé lèvre gris marchand.
WL-04758,PORTAL-2421,user0041,2026-09-14,5.4,Ressembler loup révéler beau obéir.
WL-04759,MOB-3981,user0018,2026-09-14,0.76,Parti tant droit vaincre circonstance ainsi.
WL-04760,ECOM-3722,user0015,2026-09-14,4.72,Entourer signifier éloigner blanc conseil chef bientôt.
WL-04761,MOB-2796,user0033,2026-09-14,5.42,Théâtre bête poids.
WL-04762,BI-179,user0048,2026-09-14,3.71,Sein aspect inviter sourire.
WL-04763,ERP-4986,user0019,2026-09-14,3.19,Centre poursuivre craindre te.
WL-04764,CLOUD-631,user0007,2026-09-14,6.99,Bien souvenir mauvais nous tempête.
WL-04765,PORTAL-4479,user0023,2026-09-14,1.22,Chambre recommencer papier cinq note ou.
WL-04766,SEC-2182,user0026,2026-09-14,2.28,Route toit jeter robe million.
WL-04767,MOB-1370,user0037,2026-09-14,7.95,Remettre lieu paquet table pièce lendemain source entendre.
WL-04768,BI-3773,user0045,2026-09-14,2.52,Train habitude chose haut respirer appartenir silence.
WL-04769,BANK-3531,user0050,2026-09-14,2.81,Prévoir selon tombe fer tendre accord certain fer.
WL-04770,DATA-922,user0015,2026-09-14,5.38,Effacer distance vent unique recueillir éviter.
WL-04771,SEC-4990,user0011,2026-09-14,2.66,Accompagner plein plaire comprendre poésie tendre nécessaire.
WL-04772,ECOM-1020,user0041,2026-09-14,7.35,Assister enfin mariage science.
WL-04773,DATA-1764,user0027,2026-09-14,5.7,Parole course recueillir vraiment.
WL-04774,ECOM-275,user0050,2026-09-14,3.68,Quitter roman élever ennemi précieux en rayon enfermer.
WL-04775,DATA-9,user0011,2026-09-14,5.33,Offrir inquiéter million dame puissant chasser.
WL-04776,ECOM-2546,user0048,2026-09-14,5.49,Dire barbe croire instant retourner haine plaire.
WL-04777,PORTAL-575,user0010,2026-09-14,1.72,Avance armer combat recommencer.
WL-04778,PORTAL-2563,user0019,2026-09-14,2.09,Préparer garçon imaginer.
WL-04779,BANK-1458,user0048,2026-09-14,5.49,Y empêcher secours asseoir.
WL-04780,BI-4841,user0026,2026-09-14,5.8,Terreur inquiéter sol ailleurs disparaître vin vieil.
WL-04781,DATA-1497,user0023,2026-09-14,7.01,Droit façon anglais début maître aile angoisse.
WL-04782,BANK-894,user0011,2026-09-14,0.74,Propre palais siècle.
WL-04783,CLOUD-1418,user0019,2026-09-14,3.76,Surprendre absolument révolution tenir dépasser marier.
WL-04784,SEC-514,user0002,2026-09-14,5.99,Puisque où mouvement cinq croiser escalier accrocher.
WL-04785,ERP-2512,user0027,2026-09-14,3.48,Endormir maison chute salut retourner.
WL-04786,DATA-3332,user0027,2026-09-14,3.41,Soirée sortir vif rester ceci siècle.
WL-04787,BI-478,user0045,2026-09-14,7.69,Plaire poète cuisine rouge chair trente effort.
WL-04788,SEC-4994,user0010,2026-09-14,7.05,Animal malheur muet travailler d'abord repas.
WL-04789,DATA-3818,user0011,2026-09-14,2.79,Gros passer condamner.
WL-04790,CRM-1382,user0018,2026-09-14,4.41,Rassurer marchand fils poète paraître.
WL-04791,BANK-4063,user0023,2026-09-14,3.69,Minute suivant maintenant nouveau joue plusieurs rideau.
WL-04792,BANK-1614,user0001,2026-09-14,4.55,Très prétendre moment déclarer souvent désormais.
WL-04793,BANK-4968,user0031,2026-09-14,2.18,Rejoindre saluer quarante classe.
WL-04794,CLOUD-3244,user0045,2026-09-14,5.73,Bête animal femme oreille haine forêt titre.
WL-04795,BANK-2366,user0012,2026-09-14,1.6,Tard moitié user couper habitant guère résister.
WL-04796,DATA-4100,user0017,2026-09-14,1.6,École vrai plaine midi passer chaise.
WL-04797,MOB-4552,user0012,2026-09-14,2.27,Supporter coûter accrocher habitant prévenir répéter quoi.
WL-04798,PORTAL-3020,user0019,2026-09-14,5.53,Papier un préparer ce.
WL-04799,BI-296,user0015,2026-09-14,5.73,Vert profiter maison serrer demeurer prêter refuser.
WL-04800,DATA-3228,user0020,2026-09-14,0.6,Sauver fou deviner.
WL-04801,CRM-3975,user0048,2026-09-14,7.92,Court oser cheval venir.
WL-04802,CLOUD-1526,user0041,2026-09-14,0.51,Diriger charger vendre si.
WL-04803,SEC-4501,user0010,2026-09-14,2.49,Boire nommer douleur existence supérieur beauté ou.
WL-04804,MOB-3184,user0017,2026-09-14,1.22,Abandonner marché verre arriver tâche saint.
WL-04805,CLOUD-4758,user0015,2026-09-14,2.22,Pluie douleur gloire public.
WL-04806,PORTAL-3473,user0042,2026-09-14,1.85,Jeune promettre professeur jeu.
WL-04807,ECOM-3847,user0050,2026-09-14,7.98,Coin coup céder reconnaître séparer fer car époque.
WL-04808,BANK-1991,user0048,2026-09-14,2.96,Bande circonstance entrée après.
WL-04809,ERP-438,user0029,2026-09-14,7.89,Matin chacun eaux erreur fier demi.
WL-04810,MOB-3300,user0012,2026-09-14,2.09,Avance conversation poésie type ressembler déposer.
WL-04811,BI-1858,user0029,2026-09-14,4.94,Conduire neuf beauté répondre saint visite relever.
WL-04812,CLOUD-1554,user0029,2026-09-14,0.53,Raison éteindre compagnon demander précipiter comment.
WL-04813,BANK-1883,user0023,2026-09-14,1.98,Dix lune marchand rare.
WL-04814,PORTAL-3370,user0049,2026-09-14,1.56,Éclat gros tu venir cours planche bien.
WL-04815,ERP-1039,user0033,2026-09-14,4.59,Geste contenir brûler inconnu folie sujet fatigue.
WL-04816,ECOM-3015,user0020,2026-09-14,7.55,Sur entrée papier unique dépasser ouvrage contre.
WL-04817,BI-2098,user0018,2026-09-14,5.35,Seul malheur penser apercevoir moment doux regard.
WL-04818,SEC-3600,user0023,2026-09-14,6.74,Soir parole d'autres conseil oh avancer terre.
WL-04819,MOB-2201,user0049,2026-09-14,1.83,Valoir humide de.
WL-04820,SEC-2021,user0005,2026-09-14,1.21,Fort mêler désir sur accomplir sec.
WL-04821,DATA-996,user0011,2026-09-14,0.51,Chambre pleurer exécuter bleu remercier.
WL-04822,BANK-4037,user0007,2026-09-14,7.77,Magnifique oeil réalité chercher cinquante consulter.
WL-04823,SEC-2493,user0017,2026-09-14,1.65,Saisir poids chaque croiser.
WL-04824,ERP-2025,user0037,2026-09-14,6.16,Sac beauté ciel somme étude.
WL-04825,DATA-2377,user0001,2026-09-14,0.61,Pays cheval rouge creuser rue.
WL-04826,MOB-2869,user0005,2026-09-14,6.5,Le force diriger visage prêter loi veiller nul.
WL-04827,DATA-805,user0048,2026-09-14,3.72,Trait adresser saluer grandir plaisir fruit.
WL-04828,CRM-82,user0018,2026-09-14,6.98,Enfin appartenir figure papa dix amour raconter.
WL-04829,SEC-76,user0033,2026-09-14,7.63,Service plutôt toi mauvais réserver.
WL-04830,BI-2060,user0015,2026-09-14,3.81,Exécuter commun soir commander corps content.
WL-04831,CRM-3568,user0019,2026-09-14,3.72,Couche fixer hier livrer premier selon paysan soir.
WL-04832,CRM-1791,user0005,2026-09-14,3.64,Raison composer rêve.
WL-04833,CLOUD-442,user0033,2026-09-14,6.14,Réclamer sueur quant à.
WL-04834,CLOUD-1014,user0018,2026-09-14,7.49,Lieu ligne occuper dent presque commencement plein.
WL-04835,ERP-4148,user0012,2026-09-14,5.87,Avec secret vague tandis que coeur.
WL-04836,SEC-2005,user0027,2026-09-14,5.4,Satisfaire cruel manquer marier ensuite.
WL-04837,ERP-3584,user0017,2026-09-14,6.2,Se matière asseoir aucun difficile nord homme.
WL-04838,BANK-3962,user0017,2026-09-14,0.54,Sérieux pousser gros annoncer.
WL-04839,CLOUD-3230,user0007,2026-09-14,5.82,Vie accrocher porter couche.
WL-04840,PORTAL-2820,user0002,2026-09-14,3.29,Avis rester grain poursuivre.
WL-04841,CRM-1624,user0045,2026-09-14,1.51,Terminer blanc moitié diriger.
WL-04842,ECOM-494,user0019,2026-09-14,2.47,Boire mauvais désespoir accepter envelopper inquiéter fruit.
WL-04843,DATA-1718,user0010,2026-09-14,3.45,Changer possible rue chute.
WL-04844,ERP-4793,user0020,2026-09-14,6.86,Partout surprendre arbre partie saison manger chat.
WL-04845,SEC-4005,user0002,2026-09-14,7.1,Noir double succès serrer école sou mériter troubler.
WL-04846,SEC-4567,user0041,2026-09-14,1.8,Vent époque plan.
WL-04847,MOB-2548,user0012,2026-09-14,3.52,Fortune roche payer cacher.
WL-04848,BI-1249,user0002,2026-09-14,6.79,Pouvoir disparaître fou.
WL-04849,BI-3620,user0023,2026-09-14,4.61,Angoisse journal propre complet parce que.
WL-04850,SEC-4816,user0002,2026-09-14,6.46,Source installer puisque personne gagner.
WL-04851,DATA-4945,user0029,2026-09-14,6.8,Pourquoi chute manquer leur plan seuil.
WL-04852,DATA-4331,user0050,2026-09-14,3.38,Chef défaut force vérité plonger aspect effet.
WL-04853,CRM-4827,user0001,2026-09-14,6.23,Billet acte égal rien confiance habitude permettre.
WL-04854,CLOUD-3004,user0015,2026-09-14,1.83,Personnage détacher aussitôt craindre.
WL-04855,CRM-1624,user0007,2026-09-14,4.43,Sauter descendre cerveau avant.
WL-04856,CLOUD-2986,user0017,2026-09-14,2.09,Rien bête général prévenir roman autant d'autres.
WL-04857,DATA-3196,user0049,2026-09-14,2.32,Où supérieur considérer.
WL-04858,ERP-1830,user0027,2026-09-14,3.09,Risquer ici an entretenir répandre près profond.
WL-04859,ERP-2745,user0001,2026-09-14,5.63,Plan saisir en celui troisième troisième.
WL-04860,ERP-3507,user0042,2026-09-14,0.81,Six durant étroit valeur compter changer.
WL-04861,CRM-426,user0026,2026-09-14,0.62,Répandre toute souffler plante paquet agent.
WL-04862,BANK-2416,user0018,2026-09-14,7.77,Circonstance former franchir envelopper exprimer en.
WL-04863,DATA-337,user0041,2026-09-14,3.96,Étranger accepter paupière haut lune passé certain.
WL-04864,DATA-3772,user0001,2026-09-14,7.74,Humide devoir terrain premier proposer voyage reprendre.
WL-04865,DATA-4406,user0017,2026-09-14,3.67,Rose poche arrêter cri impossible agiter.
WL-04866,ECOM-4619,user0045,2026-09-14,1.05,Commencer disparaître notre puisque résoudre quant à.
WL-04867,DATA-1497,user0015,2026-09-14,4.57,Lourd demain importer.
WL-04868,ECOM-1758,user0012,2026-09-14,5.88,Appeler maladie ancien signer déposer ci tour.
WL-04869,PORTAL-1198,user0020,2026-09-14,7.31,Grand sourire sentir politique cabinet dangereux lueur.
WL-04870,CLOUD-2009,user0042,2026-09-14,3.64,Quarante curieux ouvrage intérieur arbre agent attirer.
WL-04871,BANK-696,user0012,2026-09-14,1.22,Condamner noire préparer prendre hier.
WL-04872,SEC-151,user0020,2026-09-14,2.87,Oh discuter remonter phrase passer facile.
WL-04873,BI-1655,user0042,2026-09-14,5.09,Acheter cinquante bord fois pleurer quitter verser.
WL-04874,BI-133,user0012,2026-09-14,0.7,Terre or d'abord famille importer politique.
WL-04875,ECOM-3724,user0005,2026-09-14,6.35,Aller jeune dame voix affaire demander.
WL-04876,ECOM-4089,user0023,2026-09-14,1.18,Haut lendemain crainte contraire chemin.
WL-04877,ERP-3856,user0001,2026-09-14,6.61,Mince sourd froid tôt.
WL-04878,CLOUD-1513,user0042,2026-09-14,7.63,Que ce seconde enfin pendre.
WL-04879,DATA-767,user0050,2026-09-14,7.46,Effacer céder coûter comprendre ce inquiétude.
WL-04880,ECOM-4427,user0027,2026-09-14,1.85,Seigneur guerre fête époque nord beaucoup.
WL-04881,CRM-2557,user0002,2026-09-14,5.1,Départ projet échapper instant.
WL-04882,DATA-4,user0019,2026-09-14,0.87,Frapper barbe confondre calmer ton.
WL-04883,BANK-818,user0017,2026-09-14,6.5,Parole maintenant billet rester seuil heureux.
WL-04884,BI-861,user0033,2026-09-14,6.16,Dehors trésor car.
WL-04885,BI-4104,user0027,2026-09-14,1.02,Bientôt delà enfance auquel.
WL-04886,ECOM-3892,user0045,2026-09-14,1.6,Parler traiter changement peu souffrir.
WL-04887,BI-831,user0002,2026-09-14,5.8,Mariage dix écraser être fenêtre perdu.
WL-04888,SEC-4518,user0023,2026-09-14,2.27,Mais parent demain temps grand ajouter.
WL-04889,BI-971,user0017,2026-09-14,5.31,Lèvre sentir achever satisfaire.
WL-04890,ERP-4244,user0037,2026-09-14,1.01,Découvrir partager ramener cher rappeler alors robe durer.
WL-04891,BI-474,user0015,2026-09-14,4.84,Voix fleur rare auteur engager barbe.
WL-04892,CLOUD-2911,user0010,2026-09-14,3.0,Angoisse sac suite entier paupière près.
WL-04893,CRM-4481,user0029,2026-09-14,4.22,Retomber nature haut guère rompre.
WL-04894,BI-908,user0020,2026-09-14,6.78,Saint mort employer immobile.
WL-04895,BANK-3555,user0012,2026-09-14,4.4,Maître beau mille tandis que désigner.
WL-04896,MOB-3821,user0042,2026-09-14,5.88,Pousser politique chaud corps lequel sauvage.
WL-04897,ERP-4208,user0045,2026-09-14,6.95,Midi autrement saisir difficile falloir car autrefois.
WL-04898,SEC-1379,user0018,2026-09-14,2.65,Arrivée rendre comprendre fermer agiter résultat.
WL-04899,CLOUD-4380,user0011,2026-09-14,5.19,Porte petit gauche visible autrement.
WL-04900,MOB-1625,user0015,2026-09-14,2.38,Craindre silence quelque peine éprouver.
WL-04901,CRM-4637,user0019,2026-09-14,2.46,Espoir verser curiosité chaleur tête signer.
WL-04902,PORTAL-2573,user0026,2026-09-14,1.73,Puis herbe dégager présent.
WL-04903,ECOM-2391,user0050,2026-09-14,3.62,Cesser social tout tu fonction un.
WL-04904,ERP-1723,user0050,2026-09-14,7.36,Reste acheter jeune mince éviter système.
WL-04905,MOB-3682,user0026,2026-09-14,7.73,Effet leur cheval crier.
WL-04906,PORTAL-3367,user0029,2026-09-14,2.87,Mille tour feuille fille air naissance printemps.
WL-04907,PORTAL-4009,user0001,2026-09-14,1.18,Tout pluie obliger vivre paraître.
WL-04908,CRM-4937,user0011,2026-09-14,0.83,Tout revenir race paquet.
WL-04909,PORTAL-1172,user0018,2026-09-14,2.64,Adresser rare pont danser oublier.
WL-04910,PORTAL-3538,user0015,2026-09-14,0.86,Neuf dieu amuser.
WL-04911,CRM-597,user0001,2026-09-14,2.92,Précéder militaire noir vous connaître retirer.
WL-04912,CLOUD-4870,user0020,2026-09-14,5.02,Impossible six lutter courir quarante autrefois appartement.
WL-04913,ECOM-142,user0010,2026-09-14,7.22,De haute cacher avis.
WL-04914,PORTAL-3260,user0018,2026-09-14,1.29,Puissant puis achever exécuter sens question.
WL-04915,SEC-2442,user0026,2026-09-14,4.03,Hôtel vrai amener.
WL-04916,ECOM-338,user0049,2026-09-14,4.85,François toute amener page bas travers sourire.
WL-04917,CLOUD-2205,user0015,2026-09-14,1.94,Facile contre acte événement moins.
WL-04918,ERP-507,user0002,2026-09-14,7.8,Cela songer cinquante sauver affirmer personnage accrocher.
WL-04919,DATA-4551,user0007,2026-09-14,5.21,Discours côté tromper jeune condition expression.
WL-04920,DATA-4255,user0050,2026-09-14,0.62,Semaine jeu discussion le montrer hors poussière.
WL-04921,SEC-279,user0023,2026-09-14,5.32,Tromper cinquante pensée éloigner fleur habitant tromper.
WL-04922,BI-1828,user0010,2026-09-14,6.7,Pénétrer battre empire contraire raison.
WL-04923,PORTAL-168,user0010,2026-09-14,0.99,Former arriver grain souffrance haut dehors sens signe.
WL-04924,DATA-931,user0015,2026-09-14,1.72,Fonder enlever magnifique sous garçon fixe résister.
WL-04925,ERP-1648,user0001,2026-09-14,2.63,Son malheur français frais inquiéter.
WL-04926,CRM-3552,user0011,2026-09-14,2.8,Circonstance frère entre porter plante frais tendre.
WL-04927,ERP-2293,user0049,2026-09-14,1.03,Nécessaire bon sol bon faim idée.
WL-04928,MOB-430,user0037,2026-09-14,1.27,Soit visite rencontre ceci moyen toujours grand douceur.
WL-04929,CRM-250,user0007,2026-09-14,4.22,Marchand plaindre obliger nom côte supérieur.
WL-04930,PORTAL-2482,user0011,2026-09-14,5.24,Humide terme importance muet appartement étroit.
WL-04931,CLOUD-594,user0015,2026-09-14,5.38,Entraîner convenir meilleur celui inspirer.
WL-04932,SEC-65,user0048,2026-09-14,2.2,Oeil reste te beau offrir or complet.
WL-04933,DATA-2431,user0037,2026-09-14,1.49,Droite françois perte satisfaire esprit.
WL-04934,MOB-492,user0020,2026-09-14,2.01,Confondre rapporter désormais soutenir cuisine dès intérieur.
WL-04935,ECOM-2239,user0050,2026-09-14,4.62,Dent moi présence reste retourner.
WL-04936,CRM-379,user0023,2026-09-14,7.59,Doigt veiller tirer rond vieil recommencer.
WL-04937,ERP-4875,user0037,2026-09-14,6.26,Qui combat contenter lors.
WL-04938,ERP-2510,user0001,2026-09-14,6.44,Dent saisir rouge sol.
WL-04939,BANK-4954,user0026,2026-09-14,3.2,Clef dessiner seul face.
WL-04940,PORTAL-23,user0017,2026-09-14,1.36,Manquer peuple établir noir.
WL-04941,PORTAL-1813,user0002,2026-09-14,7.36,Plus professeur franc envoyer remonter voyage peine espace.
WL-04942,BI-179,user0020,2026-09-14,1.48,Inutile dernier bien regarder pleurer.
WL-04943,ERP-507,user0041,2026-09-14,1.12,Compte bout fille nourrir.
WL-04944,CRM-2092,user0045,2026-09-14,6.72,Remplacer travailler enlever expliquer en autrefois.
WL-04945,CRM-3373,user0042,2026-09-14,3.73,Tranquille beaucoup vent finir allumer tout savoir.
WL-04946,CLOUD-2968,user0050,2026-09-14,1.6,État soumettre entourer étendre.
WL-04947,CLOUD-1886,user0007,2026-09-14,6.61,Groupe fixer durer situation.
WL-04948,PORTAL-1443,user0029,2026-09-14,1.15,Vêtir étranger hôtel petit veille.
WL-04949,CLOUD-89,user0015,2026-09-14,1.55,Fonder chaque ciel an.
WL-04950,SEC-4411,user0011,2026-09-14,5.79,Monsieur nuage île.
WL-04951,MOB-436,user0012,2026-09-14,5.88,Ça consulter ensemble voir.
WL-04952,BANK-4432,user0026,2026-09-14,4.27,Dégager charger soleil prendre protéger tantôt circonstance.
WL-04953,BANK-4935,user0031,2026-09-14,3.25,Vent seuil armée animer forcer content descendre.
WL-04954,ECOM-2441,user0045,2026-09-14,1.41,Offrir pleurer morceau départ garde.
WL-04955,ERP-1684,user0012,2026-09-14,1.61,Payer sérieux premier terrible commun.
WL-04956,CLOUD-1125,user0007,2026-09-14,3.25,Tâche jeune bête livrer mauvais objet suivant.
WL-04957,DATA-881,user0045,2026-09-14,5.16,Davantage père nommer.
WL-04958,ERP-2714,user0029,2026-09-14,3.56,Produire classe dégager dont boire.
WL-04959,CRM-2719,user0019,2026-09-14,1.36,Poids saisir autant.
WL-04960,BI-509,user0050,2026-09-14,0.8,Résister sept muet inquiétude.
WL-04961,CLOUD-4173,user0020,2026-09-14,0.71,Différent lendemain relation revenir fin.
WL-04962,DATA-952,user0031,2026-09-14,6.16,Terminer impossible terrible école apercevoir terreur fil.
WL-04963,DATA-4789,user0023,2026-09-14,4.83,Taille secrétaire chemise phrase sueur.
WL-04964,CRM-2152,user0018,2026-09-14,2.73,Sortir lieu rentrer charger entraîner terrain.
WL-04965,CLOUD-2561,user0010,2026-09-14,3.28,Personnage conscience forêt chez eaux plante bas.
WL-04966,CLOUD-4617,user0019,2026-09-14,1.94,Respect inquiéter supporter réalité volonté arrêter.
WL-04967,BANK-4642,user0048,2026-09-14,0.74,Crier science répondre vie assister raison dont lequel.
WL-04968,DATA-1169,user0031,2026-09-14,2.6,Visage femme précieux tu être cours ensemble page.
WL-04969,MOB-603,user0012,2026-09-14,5.49,Embrasser abattre simplement double te reposer social accorder.
WL-04970,ERP-3855,user0019,2026-09-14,2.51,Entre vaste sec expliquer ferme toi chemin terminer.
WL-04971,BANK-593,user0037,2026-09-14,3.81,Descendre haute clef chiffre briser tôt vous espérer.
WL-04972,BI-1862,user0015,2026-09-14,2.63,On baisser détacher continuer que état aider.
WL-04973,CRM-3372,user0005,2026-09-14,3.95,Oreille membre liberté contraire ministre propos morceau supérieur.
WL-04974,ERP-2460,user0033,2026-09-14,4.3,Vue mine habiter fatigue.
WL-04975,BI-4841,user0042,2026-09-14,0.61,Immense raconter lui bras.
WL-04976,CLOUD-1558,user0029,2026-09-14,1.03,Calme neuf rôle santé témoin.
WL-04977,SEC-4912,user0049,2026-09-14,5.07,Malgré déchirer trouver commencement île ignorer.
WL-04978,PORTAL-1115,user0011,2026-09-14,1.02,Classe descendre loi bruit rire.
WL-04979,BANK-2488,user0027,2026-09-14,1.27,Interroger énergie depuis attendre.
WL-04980,PORTAL-3578,user0041,2026-09-14,1.07,Garder bas ligne chaque tenir.
WL-04981,MOB-747,user0049,2026-09-14,7.35,Fête devoir preuve partie.
WL-04982,DATA-4859,user0010,2026-09-14,5.89,Eau devenir recherche sol.
WL-04983,MOB-69,user0033,2026-09-14,3.61,Porte savoir enfin peu.
WL-04984,DATA-1661,user0002,2026-09-14,7.66,Serrer mine bord patron.
WL-04985,SEC-201,user0017,2026-09-14,1.66,Fil autant désirer paysage.
WL-04986,MOB-4660,user0002,2026-09-14,7.21,Naturel dessus prouver lors papier exposer.
WL-04987,ERP-4907,user0049,2026-09-14,4.78,Où prier voile briser recommencer relever.
WL-04988,CLOUD-3478,user0001,2026-09-14,3.62,Lentement aventure pensée fatigue idée danser mort larme.
WL-04989,BI-3679,user0050,2026-09-14,6.28,Honneur attaquer toit million rideau front.
WL-04990,MOB-2253,user0019,2026-09-14,6.11,Chaîne contenir grand devenir immobile envelopper.
WL-04991,MOB-3485,user0018,2026-09-14,4.21,Plaine vite nous tendre.
WL-04992,PORTAL-4713,user0015,2026-09-14,4.97,Escalier sentier dimanche peu enfance saint bord surtout.
WL-04993,BI-1908,user0002,2026-09-14,3.35,Plaisir terreur claire tâche être profond soirée.
WL-04994,DATA-2288,user0026,2026-09-14,2.76,Tout demi permettre foule mien voilà.
WL-04995,ECOM-2300,user0007,2026-09-14,6.82,Sol attention objet dernier.
WL-04996,ERP-605,user0031,2026-09-14,4.88,Combat repas long mort million comment.
WL-04997,CRM-4494,user0049,2026-09-14,3.93,Non précieux as mener bas bureau.
WL-04998,ECOM-4269,user0015,2026-09-14,1.27,Passer bataille fumer mince.
WL-04999,PORTAL-2644,user0029,2026-09-14,3.91,Engager ceci prison autant rue monsieur.
WL-05000,PORTAL-1584,user0042,2026-09-14,1.69,Soleil eaux leur joindre terrible.
WL-05001,BANK-3531,user0033,2026-09-14,3.19,Médecin mari rire vouloir interroger camarade me gauche.
WL-05002,BANK-2296,user0010,2026-09-14,6.15,Étendre capable seuil premier conseil immense vaincre.
WL-05003,BI-1192,user0012,2026-09-14,1.82,Public roi attention lisser dont manier.
WL-05004,ERP-2510,user0005,2026-09-14,0.78,Accrocher essuyer plus dent caresser imposer.
WL-05005,SEC-1214,user0023,2026-09-14,7.45,Être famille heureux dès fonder essuyer humide.
WL-05006,SEC-4803,user0041,2026-09-14,4.96,Moitié froid français rouge.
WL-05007,CLOUD-4566,user0029,2026-09-14,3.0,Compagnon etc fort.
WL-05008,CLOUD-4714,user0015,2026-09-14,6.01,Surtout retenir donner perte.
WL-05009,BI-2048,user0027,2026-09-14,4.03,Lier celui vingt adresser.
WL-05010,BANK-1205,user0029,2026-09-14,3.1,Faux accomplir boire envoyer abattre.
WL-05011,MOB-1839,user0012,2026-09-14,0.93,Tantôt hauteur position d'autres poésie tenir pendre.
WL-05012,ECOM-2824,user0037,2026-09-14,3.4,Oser humain vague garçon société habitant jambe.
WL-05013,DATA-2744,user0010,2026-09-14,7.33,Autant cependant rester brûler large essayer pousser île.
WL-05014,MOB-4517,user0048,2026-09-14,6.15,Repousser violence cours hier genou printemps.
WL-05015,ECOM-4855,user0001,2026-09-14,7.09,Calmer souffler servir offrir résoudre.
WL-05016,CRM-2155,user0029,2026-09-14,7.47,Blanc tombe couper science.
WL-05017,SEC-1230,user0007,2026-09-14,3.72,Chat respecter muet contenir.
WL-05018,ERP-4471,user0045,2026-09-14,6.83,Après abandonner placer notre devenir cheveu.
WL-05019,DATA-792,user0029,2026-09-14,7.2,Employer quitter soirée.
WL-05020,CRM-3428,user0026,2026-09-14,5.92,Robe fer servir.
WL-05021,ERP-1590,user0015,2026-09-14,7.81,Imaginer parfaitement machine couche robe franchir.
WL-05022,SEC-4764,user0010,2026-09-14,6.31,Plaine fatiguer noir oui déchirer cou changer.
WL-05023,CLOUD-2968,user0018,2026-09-14,4.57,Vaste compte somme naissance ancien vers.
WL-05024,PORTAL-2666,user0029,2026-09-14,1.48,Paupière droite raison poursuivre rencontre souvenir plutôt acheter.
WL-05025,BANK-454,user0002,2026-09-14,3.0,Curieux perte écraser.
WL-05026,CLOUD-2967,user0023,2026-09-14,4.55,Selon mémoire comment dernier.
WL-05027,CLOUD-1615,user0002,2026-09-14,4.26,Lumière sommeil en verre flamme intention.
WL-05028,BI-2844,user0023,2026-09-14,5.81,Couler veiller certainement.
WL-05029,BANK-4680,user0007,2026-09-14,7.29,Type exiger résistance respirer oreille employer lumière.
WL-05030,SEC-874,user0020,2026-09-14,3.13,Falloir chacun ou appuyer fermer maître plutôt ramener.
WL-05031,CRM-2786,user0002,2026-09-14,1.17,Notre désert herbe passion fatiguer briller conduire.
WL-05032,DATA-805,user0048,2026-09-14,6.57,Pourtant propos part prix seconde muet.
WL-05033,BI-4447,user0019,2026-09-14,7.49,Haut vision soutenir humide curiosité.
WL-05034,BI-3987,user0050,2026-09-14,2.09,Surveiller membre ordre.
WL-05035,ERP-205,user0019,2026-09-14,2.06,Terrible habitude témoin doute.
WL-05036,BI-2781,user0042,2026-09-14,5.12,Large ni fermer roche seigneur dessiner cou.
WL-05037,MOB-2475,user0018,2026-09-14,4.33,Ici affaire aujourd'hui folie accorder déchirer parole vif.
WL-05038,BI-3980,user0045,2026-09-14,7.01,Petit entourer succès examiner noir.
WL-05039,CRM-1263,user0048,2026-09-14,4.19,Trop toujours du compter souvent frais.
WL-05040,MOB-3343,user0023,2026-09-14,5.94,Tombe énorme idée riche.
WL-05041,SEC-607,user0023,2026-09-14,5.63,Passé rouge franc essuyer souvenir pur.
WL-05042,BI-891,user0017,2026-09-14,5.78,Curiosité choisir projet plus bois caractère.
WL-05043,ECOM-1796,user0027,2026-09-14,1.89,Confiance souhaiter abandonner papier il ignorer mon.
WL-05044,CRM-1918,user0041,2026-09-14,1.05,Or peau accord moins.
WL-05045,MOB-1529,user0050,2026-09-14,4.5,Devant objet premier dessus.
WL-05046,BANK-4900,user0048,2026-09-14,5.05,Tenter noire mariage muet quarante sentiment.
WL-05047,BANK-351,user0001,2026-09-14,0.6,Montagne mariage assez ignorer profond droite.
WL-05048,CLOUD-1638,user0033,2026-09-14,6.66,Alors content résoudre morceau accent.
WL-05049,BI-3456,user0031,2026-09-14,3.88,Doucement phrase voyager certes souffrir femme.
WL-05050,DATA-3890,user0023,2026-09-14,2.39,Vingt remettre casser classe écarter relever barbe.
WL-05051,SEC-911,user0041,2026-09-14,6.12,Cours autour premier éviter occuper montrer bientôt ciel.
WL-05052,MOB-1994,user0007,2026-09-14,4.84,Fleur mesure perdu et réel éclairer.
WL-05053,CRM-569,user0048,2026-09-14,2.8,Attaquer adresser rang lisser exister aide relation.
WL-05054,CLOUD-4285,user0026,2026-09-14,5.42,Vide source partager jamais maison curiosité terme.
WL-05055,SEC-4131,user0027,2026-09-14,6.38,Un rencontrer victime nombre blanc trésor quel.
WL-05056,BI-2509,user0005,2026-09-14,6.13,Bleu tomber chemise nu pas.
WL-05057,BANK-4063,user0005,2026-09-14,2.29,Auprès doux école hôtel autrement reprendre.
WL-05058,PORTAL-2437,user0029,2026-09-14,1.27,Rien noir mine accuser oiseau peur décrire.
WL-05059,CRM-4860,user0020,2026-09-14,4.99,Prévenir vêtir former appeler souffler.
WL-05060,BI-370,user0005,2026-09-14,6.84,Coup fin commun fermer officier caractère apparence.
WL-05061,DATA-2431,user0012,2026-09-14,1.57,Particulier rêver ministre absence étonner plante signe appeler.
WL-05062,DATA-2279,user0027,2026-09-14,4.85,Menacer fenêtre confiance autour.
WL-05063,MOB-4463,user0019,2026-09-14,4.89,Regard crise lit herbe nécessaire casser.
WL-05064,ECOM-230,user0005,2026-09-14,3.54,Particulier diriger franc part défendre agiter.
WL-05065,BI-478,user0042,2026-09-14,7.73,Consulter goût art trop examiner oeuvre.
WL-05066,CLOUD-248,user0011,2026-09-14,6.24,Ouvert loup vaincre clef aide vérité.
WL-05067,PORTAL-4848,user0005,2026-09-14,5.8,Âgé présenter course devant jardin lune distinguer.
WL-05068,DATA-571,user0045,2026-09-14,3.58,Événement oiseau y conseil reconnaître sac devoir.
WL-05069,DATA-734,user0037,2026-09-14,7.26,Secrétaire gouvernement jouer.
WL-05070,BANK-1863,user0007,2026-09-14,0.83,Repousser après seul vieillard étaler empêcher sorte.
WL-05071,PORTAL-2247,user0033,2026-09-14,3.01,Aussi beaux certes cesse.
WL-05072,ECOM-2441,user0045,2026-09-14,1.12,Classe mort dimanche secrétaire.
WL-05073,BANK-530,user0027,2026-09-14,7.85,Aussi discuter bord histoire.
WL-05074,DATA-3904,user0026,2026-09-14,5.37,Complètement couper se lendemain précis envelopper détruire cause.
WL-05075,DATA-408,user0048,2026-09-14,7.83,Entrer entrer du.
WL-05076,BANK-1817,user0041,2026-09-14,3.52,Endormir ciel réussir éclairer droit traverser.
WL-05077,CRM-3568,user0007,2026-09-14,7.02,Énorme jamais remplacer signe.
WL-05078,CLOUD-2830,user0005,2026-09-14,4.81,Bien fille mon l'une tôt disposer.
WL-05079,MOB-4366,user0005,2026-09-14,2.71,Douze affirmer consulter papa surprendre.
WL-05080,ERP-4875,user0048,2026-09-14,0.87,Retourner ressembler faire dessus public impossible entendre.
WL-05081,BI-710,user0019,2026-09-14,7.09,Faim cependant aucun peau printemps.
WL-05082,ERP-723,user0031,2026-09-14,6.43,Roman vendre avancer course.
WL-05083,BANK-2859,user0019,2026-09-14,3.81,Circonstance page changement retenir.
WL-05084,DATA-2649,user0018,2026-09-14,6.15,Couche environ remplacer espoir parti seigneur toute.
WL-05085,CRM-2724,user0042,2026-09-14,3.46,Trois défaut moyen tout.
WL-05086,ERP-1180,user0049,2026-09-14,5.43,Rue chacun souhaiter impression vif île poids.
WL-05087,ERP-883,user0019,2026-09-14,1.52,Fête prendre résister frapper.
WL-05088,CRM-4338,user0049,2026-09-14,2.04,Parfois couvrir libre.
WL-05089,PORTAL-763,user0010,2026-09-14,3.69,Ombre pouvoir personne rouge détacher composer.
WL-05090,CLOUD-3988,user0048,2026-09-14,1.68,Endormir poids entrer extraordinaire.
WL-05091,CRM-3095,user0050,2026-09-14,5.1,Loi remercier puissance naître cent terme gloire.
WL-05092,CLOUD-4902,user0011,2026-09-14,3.37,Papier poète nommer jardin chaque de mensonge.
WL-05093,BI-776,user0026,2026-09-14,2.74,Complet amener anglais bruit.
WL-05094,ECOM-1338,user0002,2026-09-14,4.96,Et mari payer bataille.
WL-05095,PORTAL-314,user0017,2026-09-14,7.44,Rentrer jusque soumettre après.
WL-05096,ECOM-4725,user0007,2026-09-14,4.09,Classe y auprès habitant chance malgré joue.
WL-05097,ERP-1875,user0011,2026-09-14,3.11,Lors objet contenter sentir.
WL-05098,CLOUD-1085,user0048,2026-09-14,7.85,Défaut sous lien on part.
WL-05099,CLOUD-16,user0010,2026-09-14,0.52,Casser fidèle fermer étoile cesse clef.
WL-05100,BANK-4305,user0037,2026-09-14,0.63,Double rire rejeter fatiguer vide.
WL-05101,BI-1585,user0037,2026-09-14,0.84,Preuve écrire crise éclairer grâce intelligence.
WL-05102,BANK-2698,user0042,2026-09-14,7.97,Apprendre pluie presque parent juste presser.
WL-05103,MOB-3863,user0019,2026-09-14,7.14,Monsieur accent pleurer village fine combien chaîne.
WL-05104,PORTAL-2772,user0023,2026-09-14,4.17,Naître politique mine retirer non un.
WL-05105,ERP-2337,user0020,2026-09-14,4.87,Chambre attention convenir refuser.
WL-05106,DATA-3274,user0041,2026-09-14,6.44,Esprit suffire moyen pas.
WL-05107,DATA-1206,user0023,2026-09-14,4.23,Chant sérieux répandre soldat paysage véritable sauter.
WL-05108,PORTAL-4911,user0017,2026-09-14,7.88,Roman haïr depuis sembler direction expliquer tout.
WL-05109,SEC-1850,user0041,2026-09-14,6.02,Français saint souffler rêve révéler exposer également.
WL-05110,CRM-2846,user0012,2026-09-14,5.05,Indiquer que ventre banc.
WL-05111,MOB-3981,user0026,2026-09-14,4.35,Chair besoin vide gloire tuer.
WL-05112,MOB-2484,user0018,2026-09-14,2.98,Court parfois cinq lorsque.
WL-05113,CRM-82,user0018,2026-09-14,6.38,Mari accrocher blond.
WL-05114,ECOM-4855,user0017,2026-09-14,7.88,Roman retour jouer mettre âgé juste.
WL-05115,PORTAL-2920,user0010,2026-09-14,5.75,Bout lourd réfléchir coup cent pas.
WL-05116,ECOM-2957,user0007,2026-09-14,5.51,Former dangereux champ établir.
WL-05117,BANK-3374,user0015,2026-09-14,0.57,Peu guerre situation sens.
WL-05118,SEC-80,user0029,2026-09-14,5.52,Interroger public haut froid confondre.
WL-05119,DATA-3517,user0029,2026-09-14,4.7,Beau claire poitrine.
WL-05120,ERP-573,user0049,2026-09-14,6.75,Humain vers durant encore.
WL-05121,MOB-483,user0015,2026-09-14,3.13,Rire trait lutter public perte.
WL-05122,SEC-4737,user0042,2026-09-14,3.43,Chemise produire conclure cours plan dessus.
WL-05123,CRM-3929,user0012,2026-09-14,0.59,Campagne découvrir chasser défaut rentrer sec surprendre.
WL-05124,BI-898,user0031,2026-09-14,5.8,Faveur parler allumer assurer religion.
WL-05125,CLOUD-1976,user0042,2026-09-14,0.79,Animal siège immense partout livrer haute.
WL-05126,CLOUD-234,user0011,2026-09-14,6.25,Servir homme autour réflexion souffrance frapper sens.
WL-05127,BANK-3452,user0023,2026-09-14,6.12,Ni envie disposer matière.
WL-05128,DATA-1941,user0020,2026-09-14,7.2,Vide bon détail paix.
WL-05129,CLOUD-2999,user0005,2026-09-14,4.61,Le signe appartenir trou garçon nombre dos.
WL-05130,MOB-4074,user0041,2026-09-14,6.9,Personnage grandir reste toujours françois maintenir capable.
WL-05131,PORTAL-2516,user0037,2026-09-14,0.92,Odeur avant ruine ceci fonder.
WL-05132,ECOM-905,user0045,2026-09-14,2.87,Diriger train rang calme humide plonger naître.
WL-05133,ERP-2895,user0045,2026-09-14,7.54,Forcer depuis secret parvenir entretenir élever âme.
WL-05134,DATA-4635,user0050,2026-09-14,7.32,Plaine mois indiquer demain étranger pas arrêter.
WL-05135,PORTAL-4809,user0019,2026-09-14,5.18,Révolution jaune pluie vaincre malgré marche.
WL-05136,BANK-4642,user0026,2026-09-14,7.64,Naturel de deviner ton dormir arracher.
WL-05137,DATA-3972,user0042,2026-09-14,3.19,Président grand partie joli lettre épaule.
WL-05138,CLOUD-2979,user0020,2026-09-14,6.51,Science créer auquel présenter extraordinaire considérer.
WL-05139,CLOUD-1305,user0031,2026-09-14,3.9,Troisième lier sombre écarter est vendre épaule goût.
WL-05140,SEC-630,user0011,2026-09-14,1.21,Point oiseau avis demande.
WL-05141,PORTAL-1380,user0027,2026-09-14,3.88,Bois intérieur voiture faible pluie race poser.
WL-05142,CRM-2378,user0001,2026-09-14,0.73,Action celui promettre depuis.
WL-05143,MOB-2272,user0050,2026-09-14,6.93,Pointe souffrance de curiosité bande peu avenir.
WL-05144,BANK-4587,user0031,2026-09-14,1.51,Papa moment rouge avec connaître vide très.
WL-05145,BI-4569,user0049,2026-09-14,3.56,Frère pierre puis part.
WL-05146,MOB-4215,user0012,2026-09-14,4.87,Demeurer parler état drôle compte action faim.
WL-05147,BI-1786,user0001,2026-09-14,0.52,Choix rue branche ville violent aide.
WL-05148,CRM-2200,user0012,2026-09-14,3.58,Entendre adresser trait lever palais neuf autre.
WL-05149,BI-3220,user0045,2026-09-14,6.44,Cheveu âge épais chasser respect certain animal.
WL-05150,MOB-483,user0017,2026-09-14,3.97,Gagner seulement d'autres conscience partager derrière.
WL-05151,BANK-4335,user0026,2026-09-14,4.31,Inventer comment vue jusque respirer.
WL-05152,MOB-4712,user0005,2026-09-14,1.54,Huit remarquer temps fou obtenir accent.
WL-05153,BI-4117,user0010,2026-09-14,4.16,Parcourir effort poids jour début moment combien.
WL-05154,DATA-150,user0042,2026-09-14,4.92,Voile reprendre rendre oeuvre profondément terre répondre roman.
WL-05155,SEC-1840,user0027,2026-09-14,3.68,Acte étranger surprendre comme.
WL-05156,MOB-4652,user0019,2026-09-14,6.29,Partir recherche porter matière acte annoncer valoir.
WL-05157,ECOM-104,user0012,2026-09-14,0.79,On mourir roman étendre.
WL-05158,CRM-4338,user0029,2026-09-14,4.05,Grâce trésor casser asseoir oiseau théâtre courage palais.
WL-05159,ECOM-3263,user0002,2026-09-14,7.5,Doucement bientôt sauver double.
WL-05160,BI-2430,user0041,2026-09-14,6.22,Petit conclure fine marquer affirmer trente.
WL-05161,CLOUD-119,user0015,2026-09-14,2.5,Début pendant tombe davantage doux porter.
WL-05162,PORTAL-2589,user0049,2026-09-14,4.04,Terme voie ceci vrai supporter pauvre.
WL-05163,ECOM-3161,user0026,2026-09-14,2.88,Quinze frais entretenir pur mémoire abandonner.
WL-05164,BANK-866,user0048,2026-09-14,2.32,Assez pareil apparence ville composer.
WL-05165,ERP-4081,user0011,2026-09-14,0.76,Animer ferme chemin ordre.
WL-05166,CRM-3380,user0050,2026-09-14,0.76,Saison sur fuir droite silence.
WL-05167,ERP-4548,user0045,2026-09-14,3.11,Demeurer public passé pourtant second.
WL-05168,ERP-2419,user0007,2026-09-14,2.2,Passer droite toujours lever lequel depuis etc.
WL-05169,CLOUD-1406,user0012,2026-09-14,2.28,Lier vous au prix exposer taire.
WL-05170,ERP-4748,user0023,2026-09-14,3.27,Tomber soir rêve.
WL-05171,DATA-2912,user0029,2026-09-14,3.76,Pitié confier courir drame vide.
WL-05172,BI-3680,user0002,2026-09-14,2.56,Suivre minute changer toi couvrir demeurer savoir.
WL-05173,DATA-2926,user0001,2026-09-14,7.38,Préparer éclairer élever chat joindre mourir yeux lumière.
WL-05174,CRM-4234,user0049,2026-09-14,3.07,Approcher obliger habiller objet offrir.
WL-05175,ERP-2460,user0029,2026-09-14,1.28,Très fait docteur révéler prononcer politique.
WL-05176,ERP-4121,user0019,2026-09-14,5.42,Trou vent plus.
WL-05177,SEC-1958,user0050,2026-09-14,2.16,Prier ci rouge car boire envoyer ce.
WL-05178,CLOUD-2385,user0048,2026-09-14,1.52,Dans pencher retenir argent lutter.
WL-05179,MOB-4985,user0018,2026-09-14,1.09,Voisin trouver mon endormir trop mémoire souhaiter impossible.
WL-05180,ERP-2142,user0026,2026-09-14,4.56,Moins puisque figurer.
WL-05181,ECOM-3974,user0049,2026-09-14,7.25,Père moment pied appartement oublier.
WL-05182,BANK-299,user0017,2026-09-14,6.86,Appuyer amuser barbe travers.
WL-05183,BI-3842,user0011,2026-09-14,2.42,An pourquoi manier tache curiosité son ici.
WL-05184,SEC-626,user0037,2026-09-14,6.56,Prêter occuper vieux tard prochain certes.
WL-05185,BANK-3374,user0019,2026-09-14,3.47,Énorme désert lequel confiance complètement éclat.
WL-05186,PORTAL-1051,user0042,2026-09-14,2.7,Printemps public mince clef vent noire peu.
WL-05187,SEC-1622,user0026,2026-09-14,6.26,Nombreux risquer secret réduire rêve.
WL-05188,ECOM-3360,user0019,2026-09-14,0.91,Hors falloir acheter paysage papa vieux.
WL-05189,CLOUD-470,user0027,2026-09-14,0.99,Dire histoire ferme quart foi voici sien.
WL-05190,CLOUD-2637,user0018,2026-09-14,2.17,Après livre servir digne d'autres.
WL-05191,ERP-4748,user0029,2026-09-14,2.45,Pourquoi intérêt réflexion.
WL-05192,ECOM-4133,user0050,2026-09-14,1.93,Temps souhaiter passé pouvoir grand.
WL-05193,SEC-3441,user0010,2026-09-14,5.24,Officier comment accrocher lisser peu voyager.
WL-05194,CRM-3841,user0019,2026-09-14,2.56,Certain surveiller selon.
WL-05195,ERP-2996,user0019,2026-09-14,2.2,Douleur conseil jour.
WL-05196,PORTAL-890,user0042,2026-09-14,0.51,Recherche bête argent tache peuple arme.
WL-05197,ECOM-2270,user0023,2026-09-14,5.13,Hasard passion courage gris.
WL-05198,ERP-438,user0026,2026-09-14,3.35,Trace éteindre habitude cheveu attaquer pouvoir bête.
WL-05199,BI-2068,user0029,2026-09-14,5.52,Enfance user consulter nous dame décrire perdu étendre.
WL-05200,CRM-4485,user0018,2026-09-14,0.6,Semblable cacher figure dehors président sueur poète.
WL-05201,MOB-3041,user0019,2026-09-14,6.44,Retour pierre service recommencer bout.
WL-05202,PORTAL-598,user0027,2026-09-14,1.14,Tapis craindre maladie ton affaire.
WL-05203,BI-3840,user0033,2026-09-14,4.45,Semblable attaquer inventer enfant pauvre.
WL-05204,BI-3667,user0023,2026-09-14,4.39,Assurer oeil peau.
WL-05205,MOB-26,user0010,2026-09-14,5.23,Menacer âgé élément dormir.
WL-05206,MOB-4821,user0020,2026-09-14,7.5,Détail empêcher envie léger pareil.
WL-05207,CRM-3552,user0041,2026-09-14,7.24,Rang voisin rouge demander souffrir rapport.
WL-05208,PORTAL-4347,user0005,2026-09-14,4.18,Possible fleur charger entrer lors.
WL-05209,MOB-3410,user0011,2026-09-14,6.43,Veiller siècle appel l'une puis triste neuf intéresser.
WL-05210,MOB-357,user0050,2026-09-14,6.97,Puissant mensonge appuyer.
WL-05211,BANK-3014,user0010,2026-09-14,5.62,Lendemain regarder courir jusque expliquer dernier.
WL-05212,ERP-1176,user0011,2026-09-14,1.94,Bas savoir dangereux.
WL-05213,SEC-3361,user0026,2026-09-14,1.26,Manger fuir foi voyager grâce séparer.
WL-05214,PORTAL-4399,user0007,2026-09-14,5.6,À instinct visite apparence nous prier préférer.
WL-05215,CLOUD-3483,user0010,2026-09-14,6.86,Saint suivant d'autres complètement.
WL-05216,CLOUD-604,user0042,2026-09-14,3.77,Oreille mince sauter davantage certain.
WL-05217,PORTAL-748,user0026,2026-09-14,4.98,Grâce tout mal fatigue voisin selon causer.
WL-05218,PORTAL-1172,user0031,2026-09-14,4.53,Sourd abri pauvre espèce semaine sou sujet front.
WL-05219,CRM-599,user0026,2026-09-14,2.45,Chemin école suite avouer français placer.
WL-05220,BI-2123,user0049,2026-09-14,7.49,Immobile politique aventure.
WL-05221,ECOM-4458,user0045,2026-09-14,0.87,Habitude découvrir cacher.
WL-05222,PORTAL-575,user0011,2026-09-14,7.12,Coûter lier derrière fatigue rideau note vingt.
WL-05223,PORTAL-3292,user0029,2026-09-14,7.46,Exister fruit éternel hiver.
WL-05224,BANK-3803,user0005,2026-09-14,4.04,Muet désert vérité travailler femme.
WL-05225,CRM-3377,user0045,2026-09-14,6.0,Prêter désert rentrer regarder feu.
WL-05226,ECOM-1507,user0005,2026-09-14,1.8,Chercher cou durant pointe.
WL-05227,BANK-3265,user0015,2026-09-14,2.0,Avoir en causer gagner hôtel combat rapport impossible.
WL-05228,ECOM-500,user0017,2026-09-14,3.99,Réflexion retirer tirer monsieur pierre roche.
WL-05229,BI-4643,user0011,2026-09-14,1.63,Ressembler nord quand noir mal.
WL-05230,ECOM-2314,user0019,2026-09-14,1.98,Vide trace en derrière.
WL-05231,BI-1547,user0015,2026-09-14,6.11,Politique pareil intéresser franc.
WL-05232,SEC-4005,user0041,2026-09-14,1.69,Entre quatre poitrine départ agent.
WL-05233,CLOUD-2523,user0045,2026-09-14,4.56,Naturellement quart route route rond sentiment pièce.
WL-05234,BANK-4609,user0010,2026-09-14,4.43,Article entier il sauter droite pendre.
WL-05235,ECOM-4824,user0033,2026-09-14,2.03,François adresser paraître bonheur soin abri arbre.
WL-05236,CRM-2450,user0037,2026-09-14,2.91,Agent révolution drôle quoi emmener acheter éteindre.
WL-05237,PORTAL-4218,user0012,2026-09-14,4.59,Violence exécuter pousser rompre riche pouvoir.
WL-05238,SEC-985,user0023,2026-09-14,7.78,Folie répondre résistance spectacle peuple vaste.
WL-05239,ERP-205,user0015,2026-09-14,1.55,Brusquement sentier me même fumer.
WL-05240,PORTAL-4579,user0041,2026-09-14,4.87,Amour chiffre nouveau parvenir user détail portier.
WL-05241,CLOUD-3509,user0017,2026-09-14,4.29,Pain attention page humain problème.
WL-05242,PORTAL-51,user0002,2026-09-14,1.6,Relever poche confondre science comment.
WL-05243,DATA-2285,user0048,2026-09-14,7.82,Cercle erreur donner poussière mariage résister.
WL-05244,CLOUD-1748,user0010,2026-09-14,6.06,Espèce chat car puis abri.
WL-05245,ECOM-1090,user0012,2026-09-14,7.77,Société créer reprendre poste malgré même.
WL-05246,BI-1383,user0041,2026-09-14,6.82,Certain courage demi frais presser rue personne flamme.
WL-05247,MOB-66,user0011,2026-09-14,4.26,Emmener enfant avenir seuil contenir nourrir.
WL-05248,MOB-99,user0023,2026-09-14,3.39,Autant comme traîner.
WL-05249,PORTAL-3532,user0037,2026-09-14,5.11,Prouver froid surveiller mentir cheval apercevoir regard.
WL-05250,ERP-406,user0019,2026-09-14,6.01,Chanter billet beaucoup.
WL-05251,SEC-464,user0031,2026-09-14,7.61,Prière étendre demi déposer tuer espace oser.
WL-05252,ERP-4492,user0007,2026-09-14,2.03,Secours plaindre sous besoin.
WL-05253,PORTAL-4290,user0017,2026-09-14,6.6,Pensée miser particulier ciel oeuvre ouvert.
WL-05254,CLOUD-4638,user0015,2026-09-14,2.21,Résistance respirer accepter plutôt.
WL-05255,BANK-136,user0048,2026-09-14,3.43,Donner fin transformer mari ouvrir pouvoir vie.
WL-05256,DATA-3312,user0019,2026-09-14,4.19,Sourd phrase dernier.
WL-05257,ECOM-1854,user0023,2026-09-14,5.74,Fête accrocher exposer parfois vêtir course.
WL-05258,BI-710,user0012,2026-09-14,0.78,Colon ressembler autrement fait présenter exiger porter rassurer.
WL-05259,CLOUD-1528,user0015,2026-09-14,1.78,Accrocher partager six veiller mériter.
WL-05260,BANK-110,user0015,2026-09-14,2.35,Fonder pourquoi ruine prendre envelopper.
WL-05261,BANK-2888,user0027,2026-09-14,7.55,Neuf politique mal éternel.
WL-05262,BI-823,user0048,2026-09-14,2.61,Creuser tôt frère ceci oublier avenir.
WL-05263,MOB-501,user0045,2026-09-14,1.11,Rêve jouer enfoncer maintenant extraordinaire.
WL-05264,ERP-4833,user0049,2026-09-14,4.56,Plein cuisine couper croire vision simplement.
WL-05265,BANK-3418,user0011,2026-09-14,3.47,Accrocher rassurer désert.
WL-05266,ERP-4685,user0018,2026-09-14,5.37,Situation peuple figure.
WL-05267,BI-2077,user0019,2026-09-14,6.18,Verre rassurer bas passage.
WL-05268,DATA-506,user0048,2026-09-14,1.28,Lorsque attaquer cerveau quatre.
WL-05269,SEC-2444,user0015,2026-09-14,1.22,Grandir sens énorme semblable entendre.
WL-05270,PORTAL-171,user0002,2026-09-14,2.1,Dessiner vivre papier sens.
WL-05271,PORTAL-3871,user0033,2026-09-14,6.96,Effort main si passer jouer place.
WL-05272,PORTAL-4629,user0041,2026-09-14,5.0,Tour ramasser exprimer.
WL-05273,CLOUD-336,user0019,2026-09-14,3.1,Autre oeuvre apprendre désir vivre françois condamner.
WL-05274,DATA-3459,user0037,2026-09-14,3.9,Témoin eaux glace apprendre visage saint en mal.
WL-05275,CRM-1488,user0050,2026-09-14,3.83,Poésie voiture voyage double bout expression grand.
WL-05276,BANK-1086,user0041,2026-09-14,1.43,Briller interrompre joie prêt.
WL-05277,PORTAL-2321,user0023,2026-09-14,7.38,Effet prière salle là immobile race.
WL-05278,CLOUD-1825,user0011,2026-09-14,6.52,Salle gauche enlever devant relever.
WL-05279,SEC-3643,user0015,2026-09-14,6.99,Pourtant toucher simplement animal devoir fauteuil bon.
WL-05280,BI-1064,user0018,2026-09-14,3.5,Sien glisser chambre pour droite trouver.
WL-05281,ECOM-312,user0002,2026-09-14,0.78,Pont énorme respecter.
WL-05282,ECOM-2514,user0050,2026-09-14,4.81,Ville sac résultat pencher sérieux.
WL-05283,CRM-3843,user0033,2026-09-14,3.97,Sonner violence soi objet.
WL-05284,MOB-1456,user0027,2026-09-14,7.18,D'Abord naissance profiter corps abri aventure.
WL-05285,SEC-652,user0045,2026-09-14,7.81,Songer presser garçon.
WL-05286,ECOM-14,user0026,2026-09-14,6.31,Changement faible calmer.
WL-05287,CRM-4487,user0017,2026-09-14,4.7,Véritable asseoir valeur.
WL-05288,CLOUD-3261,user0042,2026-09-14,4.66,Tout lune jour pendre.
WL-05289,BANK-2170,user0048,2026-09-14,5.24,Simplement dur somme bord année voie.
WL-05290,ECOM-4578,user0041,2026-09-14,4.85,Plaine envie rayon y événement fond cerveau.
WL-05291,BANK-2366,user0020,2026-09-14,4.26,Comprendre roman si situation sou animal bas livrer.
WL-05292,SEC-4473,user0031,2026-09-14,3.63,Fatigue mourir phrase briser désormais importer voiture.
WL-05293,CLOUD-3762,user0015,2026-09-14,4.8,Cependant supporter cela beaux donc montagne préférer.
WL-05294,CRM-4357,user0042,2026-09-14,3.83,Journal demain impression engager changer huit mal.
WL-05295,PORTAL-3508,user0041,2026-09-14,0.85,Médecin immense rôle nous séparer leur interrompre.
WL-05296,CRM-2108,user0048,2026-09-14,6.3,Conversation désert mensonge danser.
WL-05297,SEC-4488,user0045,2026-09-14,3.27,Plan vouloir jouer simple.
WL-05298,BI-3610,user0049,2026-09-14,2.45,Compter vague employer preuve saluer tombe davantage.
WL-05299,CLOUD-412,user0023,2026-09-14,3.48,Boire somme révéler roche oser grave.
WL-05300,CLOUD-485,user0001,2026-09-14,6.48,Approcher mer falloir penser matin demi livre dernier.
WL-05301,ERP-2902,user0026,2026-09-14,7.5,Voiture seconde mentir voler été éprouver.
WL-05302,ECOM-3071,user0031,2026-09-14,7.0,Inviter justice nécessaire nombreux.
WL-05303,BANK-2017,user0029,2026-09-14,7.79,Consulter fatigue oiseau également aimer.
WL-05304,BI-2778,user0050,2026-09-14,2.87,Entrer un lit ici.
WL-05305,CRM-4572,user0007,2026-09-14,3.31,Mal dur pencher charger terme demi achever.
WL-05306,BANK-3585,user0026,2026-09-14,5.95,Durant auteur naître compagnie craindre écraser vieux.
WL-05307,MOB-4851,user0050,2026-09-14,6.46,Voyage ouvrir former tendre joindre dur.
WL-05308,PORTAL-1272,user0002,2026-09-14,5.87,Allumer chef enfin raison pencher fois.
WL-05309,PORTAL-519,user0002,2026-09-14,4.93,Muet commander aspect sommet métier voisin grave yeux.
WL-05310,BANK-498,user0048,2026-09-14,6.63,Saint intérêt train circonstance fortune reconnaître auteur.
WL-05311,CRM-295,user0029,2026-09-14,2.87,Jamais reste aimer lorsque grave.
WL-05312,CRM-3711,user0012,2026-09-14,3.95,Derrière intéresser entrée inviter vers marier.
WL-05313,MOB-26,user0015,2026-09-14,4.5,Terrain traîner toile maintenir plusieurs lisser.
WL-05314,BANK-4900,user0012,2026-09-14,3.16,Cerveau parmi compagnon installer soit.
WL-05315,ERP-4783,user0002,2026-09-14,5.73,Naître conduire remercier ouvrir cent bête noir.
WL-05316,MOB-4676,user0019,2026-09-14,6.4,Animer chaque crise compagnon franc vivant jambe céder.
WL-05317,ECOM-4828,user0033,2026-09-14,3.32,Ouvrage d'autres moment conscience.
WL-05318,BI-3409,user0017,2026-09-14,4.54,Suivre hauteur écouter projet en.
WL-05319,BANK-2849,user0001,2026-09-14,4.11,Aspect hauteur tourner cependant cela tenir.
WL-05320,BANK-1779,user0050,2026-09-14,4.23,Loup tant par colon rideau.
WL-05321,CLOUD-3140,user0033,2026-09-14,3.56,Immense paysage miser vague autrefois siège.
WL-05322,BANK-1749,user0015,2026-09-14,5.96,Fort apparaître genre.
WL-05323,ECOM-3688,user0023,2026-09-14,7.09,Désirer mal mettre cependant.
WL-05324,CLOUD-1677,user0005,2026-09-14,0.64,Tempête toi affaire course tant parce que beau centre.
WL-05325,BANK-1000,user0019,2026-09-14,7.05,Fruit commander visage présent toucher défaut.
WL-05326,CLOUD-515,user0041,2026-09-14,3.77,Soit nord monter habitude traiter.
WL-05327,PORTAL-1033,user0018,2026-09-14,4.59,Forcer frapper repas paraître blanc gros.
WL-05328,BANK-1884,user0017,2026-09-14,6.07,Comme principe votre certain cheval entrer maison.
WL-05329,BANK-1779,user0005,2026-09-14,1.37,Caresser famille folie fait animal apprendre fonction fixe.
WL-05330,BI-4537,user0017,2026-09-14,7.13,Trembler lutter eh te couleur peser présent.
WL-05331,PORTAL-3156,user0015,2026-09-14,2.26,Soirée jambe précieux feu accomplir intéresser bord rapporter.
WL-05332,CLOUD-4636,user0026,2026-09-14,3.61,Cinq comment surprendre prochain faux somme honneur.
WL-05333,ERP-2210,user0050,2026-09-14,4.74,Oublier action fortune croiser nord.
WL-05334,ERP-1549,user0048,2026-09-14,4.89,Parvenir dès joue être inutile.
WL-05335,CLOUD-1509,user0026,2026-09-14,7.92,Faire place français monsieur.
WL-05336,CLOUD-3756,user0027,2026-09-14,1.5,Cinquante public plus songer angoisse.
WL-05337,ERP-496,user0010,2026-09-14,2.58,Endormir cela reposer chat cinquante extraordinaire fusil.
WL-05338,DATA-853,user0041,2026-09-14,4.12,Construire un apporter.
WL-05339,BANK-3583,user0011,2026-09-14,6.57,Après que tirer calme.
WL-05340,SEC-3522,user0015,2026-09-14,4.99,Personnage étendue vendre offrir perte poussière violence fils.
WL-05341,BANK-2988,user0033,2026-09-14,2.34,Mari armée faible.
WL-05342,BANK-218,user0005,2026-09-14,7.25,Encore général recherche retrouver dépasser visite carte.
WL-05343,ECOM-3686,user0005,2026-09-14,6.71,Tandis Que fer pont sang faute en sable.
WL-05344,BI-1862,user0019,2026-09-14,7.62,Dix devenir maître voilà couler son.
WL-05345,CLOUD-1502,user0010,2026-09-14,2.32,Fils manier ensemble nom bois ce.
WL-05346,ERP-2337,user0005,2026-09-14,4.35,Père drôle lueur oeuvre guère étranger veille disparaître.
WL-05347,DATA-4331,user0018,2026-09-14,5.75,Nu père voici emmener lumière certain.
WL-05348,CRM-4616,user0023,2026-09-14,3.88,Peser chanter papier devenir.
WL-05349,CRM-4007,user0020,2026-09-14,2.3,Remarquer placer soir devant quelque vieillard même.
WL-05350,DATA-60,user0017,2026-09-14,6.46,Quartier ouvert partie aide accompagner.
WL-05351,BI-4608,user0018,2026-09-14,2.58,Avoir moins nouveau discuter.
WL-05352,ERP-2618,user0007,2026-09-14,6.92,Dix semblable étudier haut rapidement exposer visage.
WL-05353,BANK-3845,user0011,2026-09-14,5.54,Autorité soit hasard glisser.
WL-05354,ECOM-1959,user0019,2026-09-14,0.84,Charger chambre discours couvrir masse.
WL-05355,BANK-1224,user0050,2026-09-14,4.72,Lueur île après école enlever surtout répandre.
WL-05356,MOB-4930,user0042,2026-09-14,3.54,Moment mauvais surtout reculer garçon durer propre.
WL-05357,SEC-76,user0005,2026-09-14,2.52,Fin regarder frais annoncer.
WL-05358,ECOM-2237,user0026,2026-09-14,0.68,Tout essayer regard.
WL-05359,MOB-4601,user0042,2026-09-14,2.65,Fois quarante vingt visage âge nul siège.
WL-05360,BANK-2748,user0045,2026-09-14,4.73,Pourquoi calme mode gloire te.
WL-05361,ECOM-3664,user0045,2026-09-14,4.57,Marchand payer un produire.
WL-05362,CRM-4846,user0018,2026-09-14,3.33,Leur succès haïr livrer enfermer oncle etc.
WL-05363,BANK-18,user0029,2026-09-14,4.52,Milieu bon trente dernier parole emporter eh.
WL-05364,BI-1273,user0033,2026-09-14,6.28,Vêtir passage mine terme.
WL-05365,BI-909,user0018,2026-09-14,7.84,Cher calmer vin ministre poussière source le.
WL-05366,ERP-4781,user0015,2026-09-14,7.33,Éclairer plante vêtir passé.
WL-05367,BI-1865,user0012,2026-09-14,4.05,Vraiment appel où animal.
WL-05368,BI-1898,user0048,2026-09-14,7.98,Sourire voler pied cuisine ouvrir métier reposer.
WL-05369,CLOUD-2505,user0033,2026-09-14,0.88,Fumer glisser roman vue joie.
WL-05370,CRM-2115,user0017,2026-09-14,1.93,Détail accorder robe témoin but animer.
WL-05371,BI-831,user0020,2026-09-14,2.98,Miser discours ami pleurer.
WL-05372,DATA-4971,user0002,2026-09-14,4.91,Poussière désigner bien ferme.
WL-05373,DATA-2040,user0019,2026-09-14,2.52,Davantage façon blanc cabinet simple amuser tel.
WL-05374,CRM-1010,user0019,2026-09-14,2.76,Lieu hauteur remplacer mensonge lentement.
WL-05375,BANK-3864,user0037,2026-09-14,3.01,Au instant surveiller mal repousser absolument.
WL-05376,PORTAL-3532,user0042,2026-09-14,7.88,Abandonner scène couvrir obliger projet.
WL-05377,ERP-2519,user0037,2026-09-14,4.5,Lien depuis autrefois ordre prendre dehors prévenir.
WL-05378,BI-4252,user0018,2026-09-14,5.9,Attirer faute précipiter plan étage pouvoir.
WL-05379,PORTAL-1108,user0037,2026-09-14,5.75,Mariage sac résoudre noire.
WL-05380,CRM-335,user0010,2026-09-14,2.59,Enfermer plante air fatigue barbe.
WL-05381,CRM-2417,user0041,2026-09-14,4.67,Noir aucun étoile celui planche anglais.
WL-05382,DATA-2805,user0045,2026-09-14,5.06,Dominer soit disparaître avancer unique barbe.
WL-05383,MOB-2055,user0048,2026-09-14,7.78,Conclure peur bientôt toi presque mort en.
WL-05384,BI-3982,user0050,2026-09-14,6.8,Plante matin refuser.
WL-05385,CRM-4869,user0012,2026-09-14,7.33,Delà loup chanter compte.
WL-05386,PORTAL-1033,user0029,2026-09-14,2.48,Geste pendant bas représenter.
WL-05387,BI-3401,user0023,2026-09-14,6.93,Tempête surprendre imposer militaire.
WL-05388,SEC-4751,user0017,2026-09-14,4.63,Rond folie mon affirmer poser spectacle extraordinaire blanc.
WL-05389,SEC-322,user0048,2026-09-14,3.83,Tenter public profiter vent impression.
WL-05390,BI-1951,user0048,2026-09-14,6.17,Environ est nature ajouter répondre.
WL-05391,PORTAL-391,user0012,2026-09-14,5.85,Ce environ emporter violent pleurer.
WL-05392,ECOM-1730,user0020,2026-09-14,4.78,Blanc compte espèce prêter décrire sembler.
WL-05393,CRM-1315,user0007,2026-09-14,6.67,Tempête habiter ferme connaissance divers.
WL-05394,CLOUD-621,user0002,2026-09-14,6.51,Palais chaise avenir différent envie tempête.
WL-05395,CRM-2062,user0029,2026-09-14,3.12,Chanter impression dominer classe.
WL-05396,SEC-3086,user0050,2026-09-14,7.55,Rapidement précéder divers paix contre.
WL-05397,BANK-4498,user0020,2026-09-14,5.82,Peu avouer deviner remarquer visage ci.
WL-05398,BI-3259,user0019,2026-09-14,4.96,Choix voile décrire endormir.
WL-05399,BI-2691,user0020,2026-09-14,1.3,Doigt exemple semaine parole soit.
WL-05400,SEC-2420,user0007,2026-09-14,1.79,Commun ferme justice depuis sous.
WL-05401,ERP-4224,user0031,2026-09-14,0.76,Saint étage expliquer révolution saint indiquer considérer.
WL-05402,MOB-1607,user0007,2026-09-14,7.48,Pouvoir conscience penser profiter.
WL-05403,BI-849,user0020,2026-09-14,5.93,Tête rocher clef sommet doute puissance.
WL-05404,SEC-80,user0007,2026-09-14,2.87,Folie d'autres bon.
WL-05405,BI-3696,user0031,2026-09-14,3.23,Dos fortune rencontre bois théâtre compagnie tomber visible.
WL-05406,ECOM-511,user0012,2026-09-14,3.46,Essayer toujours perte ministre.
WL-05407,ERP-4923,user0012,2026-09-14,4.57,Six rayon fonction assurer tendre.
WL-05408,ERP-3503,user0026,2026-09-14,6.44,Chemise tâche prochain mer tuer.
WL-05409,DATA-2851,user0029,2026-09-14,3.26,Lui enfermer continuer sueur soit.
WL-05410,ERP-4471,user0027,2026-09-14,2.57,Tout sentir million autant.
WL-05411,PORTAL-2802,user0042,2026-09-14,1.41,Envie rien fort militaire passé animal.
WL-05412,CLOUD-336,user0011,2026-09-14,2.47,Étouffer même présenter.
WL-05413,CRM-2101,user0020,2026-09-14,5.09,Solitude dont meilleur neuf fruit visible confier qui.
WL-05414,ECOM-4071,user0005,2026-09-14,2.94,Jeu ressembler savoir front.
WL-05415,MOB-2055,user0031,2026-09-14,1.08,Chez ensemble coucher valoir d'autres.
WL-05416,ERP-4410,user0010,2026-09-14,1.57,Grand obliger sein dame été.
WL-05417,MOB-1156,user0049,2026-09-14,1.79,Nuit ramener maladie port.
WL-05418,BI-2156,user0048,2026-09-14,4.79,Agir haut prévenir pas présence.
WL-05419,ERP-2606,user0041,2026-09-14,3.07,Manger ça voisin calme herbe je parfois.
WL-05420,MOB-4552,user0020,2026-09-14,0.95,Objet hôtel anglais inquiéter loi traîner promettre.
WL-05421,CRM-2724,user0011,2026-09-14,7.72,Terrible réfléchir comment nature moitié malade installer paix.
WL-05422,CLOUD-1798,user0050,2026-09-14,6.54,Fils véritable vin triste petit mettre donc.
WL-05423,SEC-4866,user0041,2026-09-14,6.32,Hauteur mari comment.
WL-05424,ECOM-1152,user0050,2026-09-14,2.96,Apporter lutter militaire nord arrivée poursuivre défaut.
WL-05425,CRM-1533,user0026,2026-09-14,5.33,Officier âge affaire route.
WL-05426,MOB-357,user0001,2026-09-14,5.16,Lisser vaste roman important exister joli affirmer.
WL-05427,PORTAL-4579,user0012,2026-09-14,3.9,Armer histoire science route précis.
WL-05428,CRM-4889,user0015,2026-09-14,7.53,Ruine grave goût quelqu'un saisir paysan.
WL-05429,ERP-2207,user0031,2026-09-14,3.57,Détacher exposer prévenir faire juger épaule.
WL-05430,MOB-1795,user0027,2026-09-14,4.42,Premier palais allumer comme vrai vers.
WL-05431,SEC-4501,user0023,2026-09-14,1.8,Absolument figurer attacher début.
WL-05432,MOB-1795,user0037,2026-09-14,6.02,Révolution éloigner direction gros.
WL-05433,BI-2507,user0027,2026-09-14,6.15,Campagne raconter nom.
WL-05434,ECOM-473,user0011,2026-09-14,4.28,Vaincre rond campagne mer vert imposer envie exécuter.
WL-05435,MOB-374,user0001,2026-09-14,2.96,Personnage page autrement seuil trace.
WL-05436,SEC-4336,user0020,2026-09-14,3.07,Action quatre entretenir grâce.
WL-05437,PORTAL-790,user0010,2026-09-14,2.29,Assez éprouver demi cours théâtre plutôt monsieur.
WL-05438,BI-2763,user0049,2026-09-14,6.06,Fin sous jamais rapporter.
WL-05439,CLOUD-1129,user0011,2026-09-14,7.41,Robe âme chasser lutter.
WL-05440,SEC-514,user0029,2026-09-14,0.58,Visage fixe veiller campagne.
WL-05441,ERP-1736,user0029,2026-09-14,4.49,Vaincre loup seigneur fou.
WL-05442,ECOM-4423,user0023,2026-09-14,2.53,Chaise fils être escalier quatre.
WL-05443,ECOM-123,user0007,2026-09-14,2.22,Certainement répéter étendre pénétrer silence intérêt.
WL-05444,DATA-2279,user0015,2026-09-14,7.44,Aussi ça habitude révolution remplacer.
WL-05445,MOB-1432,user0050,2026-09-14,5.92,Remonter vous encore époque politique propre goût.
WL-05446,DATA-2525,user0005,2026-09-14,6.12,Particulier un ailleurs absolument tracer fenêtre.
WL-05447,ECOM-3480,user0018,2026-09-14,3.19,Lui premier bon prononcer cas malgré rôle.
WL-05448,BANK-3079,user0012,2026-09-14,5.89,Malgré connaissance asseoir retour.
WL-05449,SEC-2716,user0033,2026-09-14,7.31,Sommet succès certes chacun prévenir sept.
WL-05450,ECOM-2165,user0027,2026-09-14,2.46,Creuser muet réfléchir froid mer prêt.
WL-05451,DATA-1651,user0007,2026-09-14,2.9,Réclamer traiter épaule président après barbe endormir.
WL-05452,ECOM-4823,user0031,2026-09-14,5.11,Fête rassurer établir cuisine taire près.
WL-05453,CRM-1874,user0037,2026-09-14,6.13,Demander transformer fixer riche masse.
WL-05454,CLOUD-1886,user0020,2026-09-14,2.56,Arriver couler rendre tuer étroit trace pendre demande.
WL-05455,DATA-722,user0002,2026-09-14,1.9,Renverser dernier croix sauver lire glisser vêtir tempête.
WL-05456,BANK-3523,user0018,2026-09-14,6.05,Bas moyen compter.
WL-05457,PORTAL-2206,user0027,2026-09-14,6.62,Valeur situation combien monde.
WL-05458,CLOUD-3988,user0005,2026-09-14,6.76,Traiter chez profiter.
WL-05459,MOB-4785,user0026,2026-09-14,2.48,Regard saison sable indiquer jaune croire.
WL-05460,PORTAL-3436,user0007,2026-09-14,2.62,Soirée comprendre combat transformer un.
WL-05461,CRM-250,user0020,2026-09-14,2.36,Flamme devoir chacun.
WL-05462,BI-2974,user0029,2026-09-14,7.24,Pourquoi ouvrir rendre tenter.
WL-05463,BI-4438,user0015,2026-09-14,3.78,Après année pénétrer tromper simplement rapidement.
WL-05464,MOB-859,user0023,2026-09-14,0.87,Particulier environ posséder accuser second chose.
WL-05465,BANK-4221,user0002,2026-09-14,5.67,Or voilà goutte droit donc.
WL-05466,DATA-3196,user0017,2026-09-14,0.5,Appeler prendre jambe.
WL-05467,CLOUD-1052,user0010,2026-09-14,3.13,Salle semaine flamme hôtel jeune voyager.
WL-05468,BANK-829,user0015,2026-09-14,2.52,Membre animal devoir sauver aimer tête expliquer.
WL-05469,MOB-1431,user0020,2026-09-14,3.99,Fait promettre système charge sable sous ailleurs.
WL-05470,BANK-1310,user0037,2026-09-14,6.57,Se écrire grand droit dessus magnifique.
WL-05471,PORTAL-4606,user0017,2026-09-14,4.58,Chaîne derrière action vous face folie étaler.
WL-05472,CLOUD-684,user0031,2026-09-14,4.0,Guère saint bord étouffer sol.
WL-05473,ECOM-1993,user0041,2026-09-14,5.06,Personne tout fils chaleur.
WL-05474,BANK-682,user0041,2026-09-14,6.53,Emmener également pénétrer supporter.
WL-05475,SEC-2542,user0007,2026-09-14,7.71,Que certes autrefois posséder creuser allumer.
WL-05476,CRM-1804,user0001,2026-09-14,7.73,Pont contenter route réel sommet désespoir faire.
WL-05477,BI-849,user0005,2026-09-14,6.14,Disparaître jouer fort maintenir système avant.
WL-05478,DATA-3596,user0019,2026-09-14,0.61,Accuser bord double dépasser calmer recherche.
WL-05479,BANK-3177,user0005,2026-09-14,3.51,Neuf sombre soit poussière pauvre allumer compagnon.
WL-05480,BI-133,user0048,2026-09-14,5.4,Obéir endroit recevoir dormir étonner bleu jusque.
WL-05481,BANK-3803,user0019,2026-09-14,0.83,Lentement employer rester promettre banc.
WL-05482,SEC-783,user0011,2026-09-14,7.63,Tandis Que accord pitié ce partie rencontre.
WL-05483,BANK-3141,user0037,2026-09-14,1.28,Employer naturellement cause prétendre.
WL-05484,BANK-2196,user0041,2026-09-14,3.65,Déjà lumière rideau ferme passion corde mettre.
WL-05485,MOB-1597,user0042,2026-09-14,7.73,Demande condition mériter appartenir fixe espèce examiner.
WL-05486,DATA-3274,user0007,2026-09-14,2.52,Tête mesure rassurer.
WL-05487,ERP-2419,user0018,2026-09-14,5.05,Bataille chasser souffrir ni vaincre armer.
WL-05488,ECOM-4159,user0048,2026-09-14,4.36,Conseil bouche moindre adresser côté.
WL-05489,CLOUD-4469,user0010,2026-09-14,0.6,Abri servir près jeter obliger.
WL-05490,DATA-847,user0029,2026-09-14,3.95,Veiller froid quel hasard bien obliger cas.
WL-05491,CLOUD-4800,user0017,2026-09-14,2.5,Chose sol élever début surtout long.
WL-05492,DATA-4077,user0007,2026-09-14,6.63,Genou ça français.
WL-05493,CRM-4572,user0037,2026-09-14,4.83,Scène couche roche élever volonté.
WL-05494,PORTAL-3254,user0019,2026-09-14,4.43,Chemise surveiller retirer pas seconde.
WL-05495,PORTAL-4813,user0010,2026-09-14,1.49,Au voile venir présence conscience envie.
WL-05496,CLOUD-2085,user0017,2026-09-14,7.03,Demain ressembler printemps aller.
WL-05497,CLOUD-3165,user0007,2026-09-14,6.81,Madame un chance découvrir décrire quoi.
WL-05498,ECOM-423,user0017,2026-09-14,6.94,Présence arracher quelque après avis fine.
WL-05499,PORTAL-4265,user0005,2026-09-14,7.62,Mon matin échapper pour.
WL-05500,MOB-1792,user0049,2026-09-14,7.67,Franchir page voie plaisir dur même salle.
WL-05501,CLOUD-2190,user0041,2026-09-14,1.82,Auquel libre acheter serrer.
WL-05502,DATA-2075,user0010,2026-09-14,5.86,Mesure précieux court blanc banc.
WL-05503,ERP-576,user0005,2026-09-14,5.24,Que guère cent route vaste quelqu'un.
WL-05504,BI-3475,user0031,2026-09-14,5.56,Là surprendre planche temps beau lien.
WL-05505,SEC-3167,user0019,2026-09-14,4.25,Espace après attaquer besoin éteindre.
WL-05506,BANK-454,user0005,2026-09-14,3.39,Nord enfermer colline inventer fête soir occuper en.
WL-05507,ERP-258,user0015,2026-09-14,6.85,Vaincre bête cela rire acte mieux verser.
WL-05508,BANK-4462,user0002,2026-09-14,2.17,Rire si groupe souffler monde humain trace.
WL-05509,CRM-2491,user0007,2026-09-14,0.81,Au chant haine très sembler premier.
WL-05510,MOB-121,user0050,2026-09-14,2.09,Ramener sourire ne.
WL-05511,SEC-649,user0042,2026-09-14,4.72,Bas simple voilà terrain.
WL-05512,CLOUD-3230,user0042,2026-09-14,6.27,Sonner joie magnifique preuve peine militaire rapport.
WL-05513,MOB-2074,user0029,2026-09-14,0.51,Ajouter surtout couche réflexion revoir.
WL-05514,CRM-4798,user0019,2026-09-14,6.21,Commencer respect fidèle roman masse ensemble complet.
WL-05515,ERP-1228,user0020,2026-09-14,3.24,Supposer danser chacun mieux verre ignorer simplement.
WL-05516,CRM-625,user0041,2026-09-14,6.46,Claire depuis plutôt siècle.
WL-05517,MOB-794,user0015,2026-09-14,5.67,Femme phrase gauche simple.
WL-05518,PORTAL-702,user0023,2026-09-14,2.47,Décrire imposer terme lutter révolution.
WL-05519,CRM-1426,user0010,2026-09-14,6.98,Payer étroit observer apparaître.
WL-05520,CRM-4019,user0049,2026-09-14,2.06,Prince certain plein tache retomber calme ou fait.
WL-05521,DATA-244,user0029,2026-09-14,5.13,Heure si avis bouche position époque pas promettre.
WL-05522,CRM-4039,user0007,2026-09-14,5.96,Fine environ yeux à.
WL-05523,DATA-2581,user0019,2026-09-14,3.42,Vers là occasion feuille.
WL-05524,PORTAL-2847,user0037,2026-09-14,5.04,Peau distance verser pourtant ah fixer métier risquer.
WL-05525,ECOM-4099,user0027,2026-09-14,7.45,Suivant avenir proposer dans présenter tu expression.
WL-05526,MOB-966,user0020,2026-09-14,7.51,Calme comme respecter encore anglais extraordinaire voici.
WL-05527,PORTAL-1316,user0002,2026-09-14,7.05,Depuis seulement façon lourd bois.
WL-05528,SEC-2186,user0050,2026-09-14,2.44,Indiquer regarder séparer arrivée demain.
WL-05529,MOB-4601,user0027,2026-09-14,3.55,Résistance parcourir supposer.
WL-05530,ERP-4439,user0041,2026-09-14,4.0,Place agir objet bleu monsieur oeil seul.
WL-05531,ECOM-4458,user0048,2026-09-14,6.51,Calme près nez quitter quatre brusquement membre.
WL-05532,MOB-2725,user0029,2026-09-14,4.48,Vous livre bonheur remettre paupière dehors.
WL-05533,ERP-4478,user0027,2026-09-14,2.8,Appartement longtemps argent visite.
WL-05534,BI-1143,user0045,2026-09-14,6.44,Hésiter marché voiture étudier étudier politique loup.
WL-05535,CRM-2776,user0015,2026-09-14,4.27,Renverser train bien homme roche.
WL-05536,ECOM-4631,user0049,2026-09-14,6.62,Garder doux suite beaux présenter petit.
WL-05537,BI-1873,user0001,2026-09-14,2.12,Dégager bleu marcher loup apparaître bataille couleur emporter.
WL-05538,MOB-4769,user0026,2026-09-14,7.96,Quelqu'Un curieux engager poste léger drôle.
WL-05539,ECOM-698,user0027,2026-09-14,5.33,Traiter lutte déjà danger magnifique.
WL-05540,MOB-956,user0012,2026-09-14,0.96,Toucher mer question maintenir secrétaire.
WL-05541,BANK-4680,user0027,2026-09-14,5.1,Adresser solitude visible céder résistance compter passage rare.
WL-05542,CLOUD-3261,user0019,2026-09-14,7.13,Maintenir blanc eaux.
WL-05543,DATA-722,user0023,2026-09-14,7.4,Miser parce que donner cent objet de.
WL-05544,BI-3928,user0001,2026-09-14,3.58,Répéter pierre droite nuit page fermer.
WL-05545,BANK-318,user0001,2026-09-14,1.22,Seigneur cou intéresser.
WL-05546,SEC-1572,user0018,2026-09-14,7.68,Détail tracer repousser seuil rose race seconde.
WL-05547,ECOM-533,user0031,2026-09-14,6.38,Dont tenter terrible.
WL-05548,DATA-47,user0027,2026-09-14,7.57,Saint chance aide frais usage désormais paupière conduire.
WL-05549,BI-2430,user0011,2026-09-14,1.87,Forcer réunir lendemain fortune mouvement.
WL-05550,BI-352,user0001,2026-09-14,3.72,Partie camarade seigneur.
WL-05551,CRM-1444,user0041,2026-09-14,4.01,Réel terminer bête plan songer parvenir petit.
WL-05552,BI-4841,user0031,2026-09-14,6.3,Difficile bien voix matin.
WL-05553,ERP-146,user0031,2026-09-14,2.61,Importer de soulever désormais acte moyen arbre.
WL-05554,ERP-2511,user0037,2026-09-14,5.26,Aile distance tapis bête ni oncle voile.
WL-05555,BI-3202,user0048,2026-09-14,4.99,Derrière notre fait causer.
WL-05556,ECOM-4198,user0050,2026-09-14,0.93,Monde il envie transformer.
WL-05557,ERP-883,user0045,2026-09-14,4.49,Attitude trembler avouer choix enfance vieil.
WL-05558,CLOUD-238,user0049,2026-09-14,3.51,Loup vif religion attitude article tracer retrouver.
WL-05559,SEC-801,user0017,2026-09-14,3.72,Traîner éviter dépasser déclarer entier chute.
WL-05560,CRM-3964,user0020,2026-09-14,1.86,Promener visite mari retour gagner devant plaisir.
WL-05561,PORTAL-4942,user0002,2026-09-14,3.94,Pont brusquement souffler lettre marchand nourrir attirer.
WL-05562,CLOUD-2280,user0018,2026-09-14,1.85,Quarante cher obliger moi portier appuyer.
WL-05563,PORTAL-348,user0001,2026-09-14,7.75,Vêtement serrer épaule inspirer.
WL-05564,DATA-1409,user0007,2026-09-14,5.78,Importance soulever instinct d'autres remplir imaginer dominer.
WL-05565,MOB-2796,user0011,2026-09-14,6.4,Servir drôle diriger attention.
WL-05566,MOB-3682,user0050,2026-09-14,3.58,Inconnu devoir pensée.
WL-05567,DATA-3286,user0037,2026-09-14,4.47,Devenir pied oeil sentiment.
WL-05568,SEC-3543,user0019,2026-09-14,3.96,Appartenir principe famille réalité.
WL-05569,BANK-218,user0037,2026-09-14,7.84,Obtenir emporter réveiller lire debout.
WL-05570,SEC-2863,user0012,2026-09-14,4.55,Tandis Que courage bout paquet.
WL-05571,BANK-2389,user0015,2026-09-14,2.52,Rester séparer raison un cheval mari joue soir.
WL-05572,PORTAL-2206,user0015,2026-09-14,4.69,Chute nature ajouter réduire exprimer docteur.
WL-05573,CRM-1471,user0015,2026-09-14,7.83,Remonter humide tapis coeur jeter pouvoir ordre lequel.
WL-05574,ERP-2490,user0007,2026-09-14,2.65,Tenir poste midi.
WL-05575,SEC-1682,user0020,2026-09-14,7.95,Regretter écrire depuis rejeter ici près vide.
WL-05576,BI-2816,user0017,2026-09-14,3.15,Horizon général comprendre entier déclarer manger.
WL-05577,BANK-2371,user0033,2026-09-14,1.2,Parvenir répéter inventer adresser sembler hors complètement.
WL-05578,CRM-1617,user0049,2026-09-14,6.42,Étage désigner décider dur terrible courir.
WL-05579,DATA-722,user0041,2026-09-14,5.29,Toujours long simplement oh coin but précéder.
WL-05580,BANK-1650,user0002,2026-09-14,1.42,Leur soit preuve interrompre.
WL-05581,ECOM-936,user0033,2026-09-14,5.06,Durant espérer poche acte question.
WL-05582,CLOUD-3281,user0045,2026-09-14,5.79,Dehors lien politique voyage.
WL-05583,PORTAL-1016,user0031,2026-09-14,0.66,Ouvert choisir désormais lutter arrivée fixe.
WL-05584,ERP-1700,user0020,2026-09-14,2.08,Matin figurer approcher reprendre véritable après animal.
WL-05585,MOB-2192,user0045,2026-09-14,5.95,Sentier fauteuil étude.
WL-05586,DATA-3536,user0010,2026-09-14,7.04,Poste bras sauver deviner mari crier tache avant.
WL-05587,MOB-4712,user0029,2026-09-14,1.51,Tenter égal valoir je aussitôt agir prochain.
WL-05588,ERP-2555,user0026,2026-09-14,1.11,Mariage angoisse fille fois relation garçon.
WL-05589,BANK-3053,user0033,2026-09-14,7.96,Vingt embrasser courant mur emporter soit.
WL-05590,SEC-3010,user0027,2026-09-14,6.78,Chaîne droite remplir homme construire.
WL-05591,ERP-524,user0029,2026-09-14,6.42,Salut naître partir fixe tourner secret.
WL-05592,BI-85,user0037,2026-09-14,7.2,Sombre hors malheur accepter fine.
WL-05593,CRM-3380,user0007,2026-09-14,1.68,Chasse île saison victime.
WL-05594,BANK-380,user0045,2026-09-14,2.72,Recevoir lorsque inspirer nul.
WL-05595,CLOUD-4040,user0005,2026-09-14,4.13,Fin science demande rapporter refuser ailleurs règle.
WL-05596,PORTAL-1196,user0045,2026-09-14,7.85,Rapporter société avis surprendre rassurer.
WL-05597,BANK-2286,user0045,2026-09-14,7.06,Rencontre rapport drôle personne.
WL-05598,SEC-4142,user0017,2026-09-14,2.13,Ciel forcer toile danser prononcer apparaître.
WL-05599,CRM-2732,user0012,2026-09-14,5.44,Exprimer savoir loin pauvre supposer vrai champ.
WL-05600,BANK-176,user0037,2026-09-14,4.71,Joli connaître mine chaque plaisir noir abandonner.
WL-05601,SEC-3565,user0007,2026-09-14,5.36,Égal danser public craindre aimer.
WL-05602,BANK-2146,user0002,2026-09-14,2.76,Recevoir impossible cours bouche étage répondre gloire.
WL-05603,SEC-4990,user0007,2026-09-14,4.81,Humide vague papa titre.
WL-05604,BANK-4694,user0011,2026-09-14,2.61,Effort comme creuser profondément.
WL-05605,ECOM-4211,user0020,2026-09-14,0.59,Planche battre quand affirmer anglais face important.
WL-05606,BI-2218,user0045,2026-09-14,7.56,Seulement mieux davantage cher plutôt vide.
WL-05607,ERP-3000,user0049,2026-09-14,6.86,Beaucoup charge carte marquer coup.
WL-05608,ECOM-2503,user0017,2026-09-14,2.52,Plusieurs attendre subir reculer surveiller entier.
WL-05609,SEC-4626,user0015,2026-09-14,6.46,Claire fixer certain.
WL-05610,BANK-3160,user0018,2026-09-14,1.42,Sortir souffrir vêtir ce avec.
WL-05611,PORTAL-4892,user0033,2026-09-14,3.9,Perdre siècle avec centre agiter armée entre ramener.
WL-05612,ERP-2135,user0002,2026-09-14,1.77,Existence choisir justice apparaître.
WL-05613,ERP-542,user0007,2026-09-14,1.05,Fort nature présenter calme soit faux.
WL-05614,BI-435,user0029,2026-09-14,3.01,Passé foule pénétrer pont an magnifique jeter.
WL-05615,PORTAL-2752,user0042,2026-09-14,5.56,Premier tourner sourd.
WL-05616,MOB-557,user0049,2026-09-14,0.77,Garçon hésiter entier lune prévenir plein.
WL-05617,MOB-3672,user0010,2026-09-14,1.6,Leur fortune public vers.
WL-05618,SEC-2683,user0050,2026-09-14,4.97,Réalité émotion d'autres aventure vivre quinze rapporter.
WL-05619,CLOUD-89,user0049,2026-09-14,5.15,Épaule souvent plusieurs parce que.
WL-05620,SEC-2863,user0017,2026-09-14,7.92,Long dur police mot.
WL-05621,CLOUD-4600,user0002,2026-09-14,3.97,Dernier quelque larme.
WL-05622,BANK-4978,user0026,2026-09-14,1.86,Empêcher peu souvenir être fait nord.
WL-05623,DATA-2600,user0026,2026-09-14,2.04,Jeune raconter différent valeur dame genre profondément droite.
WL-05624,ERP-728,user0010,2026-09-14,3.87,Apparence propre oui tranquille cependant.
WL-05625,MOB-2980,user0037,2026-09-14,7.38,Jusque hôtel élever étouffer barbe neuf.
WL-05626,PORTAL-2421,user0049,2026-09-14,3.09,Annoncer fusil confiance secrétaire prêt oui camarade sérieux.
WL-05627,ECOM-2942,user0007,2026-09-14,1.76,Arrivée apparence conseil peuple absolument secrétaire point.
WL-05628,CRM-3417,user0019,2026-09-14,2.26,Siècle mériter rapporter bord.
WL-05629,SEC-1454,user0015,2026-09-14,2.04,Souvenir gens exprimer que devoir affirmer afin de.
WL-05630,ECOM-1685,user0007,2026-09-14,2.32,Entendre courir conscience.
WL-05631,CLOUD-2179,user0002,2026-09-14,0.8,Entier surveiller raison répandre naturellement parce que tout.
WL-05632,ECOM-2165,user0010,2026-09-14,0.81,Confiance deux complètement membre forme action.
WL-05633,DATA-1999,user0049,2026-09-14,5.87,Apprendre chance fermer tel manquer.
WL-05634,SEC-2538,user0020,2026-09-14,4.6,Peine rester même semblable.
WL-05635,DATA-3557,user0001,2026-09-14,5.56,Résultat prêt détacher fait.
WL-05636,SEC-844,user0045,2026-09-14,3.83,Muet moitié haut parti espèce gens.
WL-05637,BI-2883,user0041,2026-09-14,2.26,Quelqu'Un voisin tout promener passé.
WL-05638,MOB-3147,user0005,2026-09-14,5.61,Preuve ceci relever différent nouveau nuit ouvrir somme.
WL-05639,CLOUD-2986,user0023,2026-09-14,0.94,Intelligence chat semblable fonction désormais.
WL-05640,ERP-3507,user0010,2026-09-14,5.02,Faute léger embrasser forme.
WL-05641,SEC-3303,user0041,2026-09-14,3.67,Maintenant goutte mille coucher confondre.
WL-05642,SEC-3543,user0026,2026-09-14,1.25,Davantage sable exemple regarder soulever visage poursuivre vivant.
WL-05643,MOB-4124,user0019,2026-09-14,4.01,Science oeuvre éprouver haine habiter.
WL-05644,ECOM-401,user0010,2026-09-14,2.77,Livrer larme complètement obtenir.
WL-05645,CLOUD-2968,user0010,2026-09-14,5.78,Dernier créer souffrir combien centre bien feuille.
WL-05646,ERP-265,user0029,2026-09-14,5.7,Devoir peser titre tourner bientôt comment.
WL-05647,CLOUD-2830,user0045,2026-09-14,7.75,Sentiment vide même saisir petit chant anglais.
WL-05648,MOB-1619,user0048,2026-09-14,1.11,Retirer apparence feuille souffrir menacer foi.
WL-05649,BI-2078,user0041,2026-09-14,6.38,Personne descendre donner offrir.
WL-05650,CRM-569,user0031,2026-09-14,5.69,Étendre bouche contenir trace épais réponse raconter.
WL-05651,ECOM-2067,user0019,2026-09-14,6.32,Mer avouer doigt pensée ne dessiner argent.
WL-05652,ERP-2106,user0031,2026-09-14,3.06,Demander question exemple lier goutte.
WL-05653,BI-2496,user0002,2026-09-14,5.34,Prétendre que bas courir repousser.
WL-05654,BANK-4207,user0001,2026-09-14,7.82,Lisser couler différent ouvert ne pendre.
WL-05655,ERP-1672,user0005,2026-09-14,0.88,Cas quelque souhaiter énorme coûter avec.
WL-05656,CRM-2674,user0011,2026-09-14,3.79,Tracer intéresser village.
WL-05657,CRM-316,user0027,2026-09-14,2.34,Sommeil quartier manier même.
WL-05658,BI-4420,user0023,2026-09-14,2.65,Large consentir paysage charge.
WL-05659,BI-1208,user0001,2026-09-14,4.87,Bleu art peuple chasse jardin problème.
WL-05660,ECOM-3189,user0029,2026-09-14,2.96,Avouer franc bleu deux cinq crise derrière.
WL-05661,PORTAL-4969,user0023,2026-09-14,2.1,Voilà chanter paraître.
WL-05662,SEC-874,user0001,2026-09-14,0.63,Or savoir parole événement besoin.
WL-05663,BANK-1304,user0001,2026-09-14,1.99,Ministre pièce diriger santé désormais abattre.
WL-05664,DATA-1981,user0001,2026-09-14,7.28,Acheter compagnon valoir terre danser jusque franc.
WL-05665,MOB-2159,user0017,2026-09-14,4.32,Maison intérieur arbre maison vivre mettre.
WL-05666,BI-2318,user0031,2026-09-14,2.76,Toi nature vol que aile foi.
WL-05667,BANK-3102,user0049,2026-09-14,4.5,Cent quartier égal ou ensuite anglais.
WL-05668,PORTAL-3020,user0042,2026-09-14,6.19,Réalité permettre voilà vague nation.
WL-05669,BI-2743,user0042,2026-09-14,3.8,Échapper remplir société esprit autour eh précipiter.
WL-05670,BI-2740,user0005,2026-09-14,4.76,Officier davantage page supposer relever retirer.
WL-05671,BI-3210,user0031,2026-09-14,4.32,Sembler mal nerveux garde verser.
WL-05672,PORTAL-564,user0027,2026-09-14,4.65,Fleur accompagner bête curiosité feu.
WL-05673,BANK-2859,user0019,2026-09-14,2.07,Bien mur question prince succès.
WL-05674,MOB-2774,user0037,2026-09-14,3.08,Dépasser pouvoir dur ministre casser.
WL-05675,SEC-626,user0031,2026-09-14,1.88,Présent religion demi mémoire éteindre chant.
WL-05676,CLOUD-1683,user0027,2026-09-14,1.06,Sens défendre muet reposer ça.
WL-05677,BI-307,user0045,2026-09-14,6.43,Manquer éprouver nourrir possible lit accomplir goutte.
WL-05678,CLOUD-4686,user0029,2026-09-14,3.3,Mal accompagner rose troisième.
WL-05679,ERP-1068,user0048,2026-09-14,4.08,Vue fait âge tendre lire comme entourer.
WL-05680,MOB-1660,user0015,2026-09-14,5.36,Pouvoir craindre roi perdre.
WL-05681,BANK-2822,user0020,2026-09-14,2.08,Poche venir hiver fer résistance social arme.
WL-05682,ECOM-3075,user0010,2026-09-14,6.0,Tombe doux père instinct sorte abattre.
WL-05683,MOB-768,user0007,2026-09-14,2.85,L'Un devant colon oncle lieu pitié.
WL-05684,BANK-3755,user0042,2026-09-14,5.9,Désert si plaire parmi vers second.
WL-05685,BANK-4015,user0012,2026-09-14,0.76,Mensonge environ morceau cas.
WL-05686,DATA-3274,user0010,2026-09-14,6.8,Sept époque place découvrir veille fort note.
WL-05687,ERP-2405,user0018,2026-09-14,6.0,Contre écraser chaque somme intention long odeur.
WL-05688,BI-2458,user0023,2026-09-14,2.77,Pénétrer devenir capable seulement vers.
WL-05689,CRM-797,user0037,2026-09-14,4.66,Propos asseoir appuyer appuyer subir tranquille pourquoi.
WL-05690,CRM-3595,user0019,2026-09-14,5.1,Puissance éteindre placer étranger non causer.
WL-05691,SEC-4995,user0019,2026-09-14,3.64,Colline françois depuis fatigue garde puis tombe.
WL-05692,MOB-4653,user0031,2026-09-14,3.92,Inquiétude naissance semaine journée somme officier avoir.
WL-05693,BANK-4536,user0005,2026-09-14,2.47,Permettre derrière oiseau vieil.
WL-05694,SEC-2978,user0017,2026-09-14,1.62,Demi somme pierre vivre cependant émotion vieillard.
WL-05695,MOB-3304,user0049,2026-09-14,3.74,Passage violent membre.
WL-05696,MOB-1278,user0026,2026-09-14,6.74,Digne rose mesure surprendre.
WL-05697,ECOM-4329,user0041,2026-09-14,1.66,Campagne propos impossible réussir livre beauté visible.
WL-05698,CLOUD-1909,user0050,2026-09-14,6.31,Paraître ailleurs rayon écarter.
WL-05699,BI-2598,user0007,2026-09-14,0.58,Jaune amuser chat réduire.
WL-05700,ERP-3404,user0011,2026-09-14,6.54,Gauche enfermer pont prière gauche.
WL-05701,CLOUD-375,user0049,2026-09-14,4.88,Précéder sable jardin dimanche reculer tombe semblable.
WL-05702,PORTAL-424,user0019,2026-09-14,4.19,Mer décider écraser événement enfance rencontrer action.
WL-05703,CLOUD-4395,user0010,2026-09-14,5.1,Pourquoi certainement changer casser.
WL-05704,MOB-2862,user0019,2026-09-14,2.98,Professeur changer mieux point lier pointe.
WL-05705,ECOM-2922,user0012,2026-09-14,5.79,Attirer examiner propos imposer croiser offrir.
WL-05706,PORTAL-4539,user0045,2026-09-14,0.61,Rentrer parmi mot ensuite empire installer rond.
WL-05707,CLOUD-2302,user0045,2026-09-14,3.01,Sorte affaire protéger chaîne.
WL-05708,SEC-4553,user0023,2026-09-14,5.19,Lutte ennemi bruit minute.
WL-05709,SEC-3887,user0041,2026-09-14,7.34,Monter dire troisième condition beau mari falloir.
WL-05710,CRM-798,user0031,2026-09-14,7.92,Montagne hors question petit.
WL-05711,BI-2395,user0029,2026-09-14,6.64,Peur dernier vivant arracher quel parti condamner.
WL-05712,BI-3264,user0018,2026-09-14,2.33,Agir planche goût sembler complètement prêt mariage ville.
WL-05713,DATA-2877,user0042,2026-09-14,1.51,Amour réussir lire malgré.
WL-05714,CRM-3519,user0042,2026-09-14,6.15,Dès peur ensuite contenir.
WL-05715,PORTAL-3292,user0033,2026-09-14,3.19,Voile cinq jeune cher jour.
WL-05716,ECOM-494,user0018,2026-09-14,2.89,Port rue frapper lueur encore place saint oser.
WL-05717,ERP-2714,user0018,2026-09-14,4.4,Rôle pour eaux promener.
WL-05718,MOB-4699,user0033,2026-09-14,6.65,Poser changer demeurer gros aussitôt.
WL-05719,SEC-1248,user0007,2026-09-14,2.67,Colon ton aucun or sur ancien.
WL-05720,ECOM-1446,user0049,2026-09-14,4.76,Principe obliger lueur plaire.
WL-05721,PORTAL-4475,user0045,2026-09-14,7.55,Porter écouter répondre barbe accrocher digne.
WL-05722,MOB-4545,user0007,2026-09-14,3.67,Nerveux soutenir rond geste contenir.
WL-05723,PORTAL-997,user0001,2026-09-14,7.48,Au ressembler nul forêt bouche.
WL-05724,ECOM-928,user0050,2026-09-14,0.74,Sonner compter faux monde nombreux vif sembler.
WL-05725,CLOUD-206,user0002,2026-09-14,5.86,Vif long esprit pouvoir tout seconde chaud trésor.
WL-05726,ECOM-3722,user0002,2026-09-14,0.92,Petit vingt enfant claire petit adresser ciel propos.
WL-05727,MOB-1892,user0049,2026-09-14,2.1,Manger souvent tracer bout vérité souvent créer.
WL-05728,PORTAL-255,user0029,2026-09-14,2.36,Front déposer volonté amener.
WL-05729,BANK-3265,user0001,2026-09-14,4.62,Âge mien vie autour semaine fort.
WL-05730,ERP-3507,user0005,2026-09-14,1.1,Ensemble crainte toile.
WL-05731,CLOUD-1055,user0005,2026-09-14,7.24,Erreur tantôt briser droite fauteuil seuil.
WL-05732,MOB-4920,user0020,2026-09-14,5.4,Ainsi ville cacher elle gens bataille.
WL-05733,BI-1122,user0050,2026-09-14,4.52,Attitude vin soumettre type sein finir.
WL-05734,DATA-3166,user0037,2026-09-14,5.55,Jaune chaîne accuser importance côte.
WL-05735,CRM-3759,user0017,2026-09-14,3.7,Bruit sonner placer embrasser te commencer.
WL-05736,ERP-3856,user0037,2026-09-14,3.24,Lettre verser facile salut bête salut installer.
WL-05737,BI-3397,user0026,2026-09-14,1.45,Enfance qui coucher souvenir quartier.
WL-05738,ECOM-273,user0029,2026-09-14,7.77,Installer respecter hier falloir hésiter demi exister.
WL-05739,BI-2430,user0020,2026-09-14,4.47,Revoir militaire large cesse règle.
WL-05740,ECOM-590,user0010,2026-09-14,1.73,Jamais savoir autorité étendue signe franc.
WL-05741,MOB-3960,user0017,2026-09-14,1.92,Haine frapper refuser vingt perte franc souvenir.
WL-05742,DATA-3251,user0015,2026-09-14,3.31,Livrer coucher jeu courir.
WL-05743,BI-1844,user0033,2026-09-14,2.17,Gauche presque croiser rester beau.
WL-05744,PORTAL-4209,user0045,2026-09-14,1.64,Goût calme fixe couleur moment ordre signe.
WL-05745,MOB-3863,user0015,2026-09-14,5.07,Trace relation ventre public besoin robe soit quart.
WL-05746,BANK-1205,user0037,2026-09-14,5.49,Décider dormir école.
WL-05747,CRM-2064,user0001,2026-09-14,3.27,Chanter genre parce que.
WL-05748,MOB-1185,user0042,2026-09-14,7.42,Paysan terrible victime revoir pluie combat.
WL-05749,PORTAL-1374,user0048,2026-09-14,3.81,Près angoisse allumer.
WL-05750,MOB-1456,user0015,2026-09-14,2.49,Puissance fois homme faire.
WL-05751,BI-3029,user0041,2026-09-14,6.5,Profiter silencieux projet réflexion marcher nu.
WL-05752,BANK-1647,user0031,2026-09-14,4.79,Oiseau violence vêtir défendre inquiéter.
WL-05753,BANK-2028,user0011,2026-09-14,1.47,Branche beau maintenir deux race groupe satisfaire.
WL-05754,CRM-3833,user0049,2026-09-14,7.32,Chaque entourer plaire conclure jouer douleur souvenir.
WL-05755,BANK-2323,user0033,2026-09-14,2.68,Pas importance voir intéresser secret.
WL-05756,MOB-2404,user0015,2026-09-14,4.15,Troisième désert respect.
WL-05757,BI-1846,user0001,2026-09-14,3.94,Avis souffrir nation perdu oreille liberté rire.
WL-05758,ERP-605,user0048,2026-09-14,6.48,Émotion divers politique sept remercier croire.
WL-05759,MOB-78,user0029,2026-09-14,2.58,Amener franchir garde calme son.
WL-05760,CRM-2092,user0010,2026-09-14,5.5,Jeter long commun bas partager honte toit.
WL-05761,BI-686,user0001,2026-09-14,4.6,Pièce pensée vieux hors impossible.
WL-05762,SEC-4737,user0017,2026-09-14,2.67,Rang avoir nourrir malade imposer mari professeur.
WL-05763,MOB-1755,user0002,2026-09-14,5.45,Poursuivre car jouer camarade trente agir pauvre.
WL-05764,CRM-1621,user0027,2026-09-14,1.14,Retour mensonge rester portier rendre couler.
WL-05765,BI-160,user0048,2026-09-14,6.15,Chez chute herbe chaleur hésiter lit frais.
WL-05766,MOB-1416,user0050,2026-09-14,4.23,Argent médecin préférer demander bout expérience.
WL-05767,BANK-380,user0042,2026-09-14,3.05,Déchirer scène chercher confondre devant force.
WL-05768,PORTAL-3355,user0027,2026-09-14,6.73,Conclure machine permettre banc journée sûr.
WL-05769,BI-2225,user0045,2026-09-14,6.27,Perdre attacher prendre beau malade chacun marquer dehors.
WL-05770,MOB-956,user0033,2026-09-14,1.65,Guerre hiver trois classe.
WL-05771,ERP-140,user0029,2026-09-14,6.97,Presser joue inquiétude pensée place froid.
WL-05772,PORTAL-902,user0050,2026-09-14,3.21,Vous chambre petit or recueillir montagne.
WL-05773,BI-3259,user0017,2026-09-14,6.98,Présence battre qualité dégager commencer recueillir gloire.
WL-05774,SEC-3382,user0020,2026-09-14,6.7,Vingt réserver figurer parole indiquer avouer.
WL-05775,MOB-3343,user0031,2026-09-14,6.86,Tracer échapper traîner.
WL-05776,DATA-3451,user0005,2026-09-14,6.62,Amour chasse grand dehors précieux mille.
WL-05777,PORTAL-1674,user0026,2026-09-14,6.14,Reculer et voisin société.
WL-05778,MOB-1175,user0019,2026-09-14,6.59,Seul retourner mauvais.
WL-05779,ECOM-3640,user0027,2026-09-14,5.14,Avant famille eaux passé haut herbe.
WL-05780,BI-678,user0011,2026-09-14,4.14,Vivre pourtant demander douceur résultat place.
WL-05781,BI-3671,user0033,2026-09-14,1.39,Mêler envoyer robe asseoir.
WL-05782,PORTAL-3630,user0023,2026-09-14,2.77,Pencher maître oeuvre donner.
WL-05783,CLOUD-2676,user0015,2026-09-14,4.76,Silence banc loin ignorer annoncer.
WL-05784,CRM-3759,user0041,2026-09-14,6.95,Me agir honneur or présent aimer content.
WL-05785,ECOM-2762,user0007,2026-09-14,1.49,Contre finir état vol.
WL-05786,PORTAL-4028,user0015,2026-09-14,3.58,Rayon action intérêt champ étouffer garde.
WL-05787,MOB-2074,user0048,2026-09-14,1.74,Auprès refuser ventre remonter rôle raconter promener.
WL-05788,CRM-1833,user0029,2026-09-14,2.53,Bande planche prévenir tache grain premier.
WL-05789,CLOUD-107,user0017,2026-09-14,0.75,Centre dent propos chasse ainsi haute.
WL-05790,CLOUD-130,user0023,2026-09-14,4.78,Réussir vivre prier éclairer comme.
WL-05791,BANK-1232,user0018,2026-09-14,2.93,Intérieur différent amener nécessaire.
WL-05792,SEC-472,user0019,2026-09-14,5.27,Alors rouge table résoudre indiquer.
WL-05793,BANK-431,user0005,2026-09-14,6.98,Discours vieil rapidement tâche.
WL-05794,CRM-3377,user0020,2026-09-14,5.35,Six course million choisir traverser mot.
WL-05795,MOB-3209,user0042,2026-09-14,3.96,Perdre reculer trembler société membre événement.
WL-05796,MOB-4943,user0050,2026-09-14,3.99,Sourd roman éloigner campagne.
WL-05797,CRM-3851,user0050,2026-09-14,5.28,Travailler sourire conclure soudain cesser immobile chair.
WL-05798,MOB-2731,user0002,2026-09-14,6.72,Manger enfermer saint devoir médecin.
WL-05799,CRM-2770,user0037,2026-09-14,2.03,Supposer plaire part rencontrer pareil.
WL-05800,PORTAL-2861,user0007,2026-09-14,3.95,Oeil oeil odeur se mal école fer.
WL-05801,BANK-3089,user0049,2026-09-14,1.25,Quant À rapide façon or.
WL-05802,ECOM-4593,user0023,2026-09-14,7.78,Droite complet parfois calme.
WL-05803,CRM-1161,user0015,2026-09-14,1.0,Ensemble peau dangereux fidèle poésie.
WL-05804,MOB-3918,user0042,2026-09-14,7.82,Campagne ville assez seul.
WL-05805,BANK-2688,user0010,2026-09-14,2.29,Paysan charger inviter risquer.
WL-05806,ECOM-3580,user0041,2026-09-14,4.72,Serrer promener franc.
WL-05807,BI-638,user0007,2026-09-14,6.44,Social tirer ignorer.
WL-05808,CRM-529,user0048,2026-09-14,4.48,Résister appel davantage attitude satisfaire de.
WL-05809,CRM-1427,user0012,2026-09-14,6.29,Remplacer entourer trésor.
WL-05810,CRM-2797,user0050,2026-09-14,2.03,Pousser silencieux solitude patron marcher main.
WL-05811,PORTAL-1531,user0033,2026-09-14,2.85,Tout oeuvre examiner rouge rose rôle terminer.
WL-05812,PORTAL-1667,user0029,2026-09-14,3.78,Ancien tard marchand long attaquer famille.
WL-05813,BANK-1647,user0020,2026-09-14,1.04,Affirmer en appeler tard.
WL-05814,CRM-1371,user0049,2026-09-14,6.89,Livre français relation président autorité.
WL-05815,DATA-3819,user0018,2026-09-14,3.85,Prêt drôle remplir chez peau doucement.
WL-05816,DATA-3894,user0031,2026-09-14,6.49,Facile sentir frapper éviter.
WL-05817,MOB-4819,user0045,2026-09-14,1.44,Arriver auquel entourer fort cinq quelque.
WL-05818,MOB-3139,user0050,2026-09-14,7.23,Chance règle pauvre prendre.
WL-05819,ECOM-2248,user0017,2026-09-14,2.08,Au vous suite venir grave goutte répéter rejeter.
WL-05820,ECOM-845,user0031,2026-09-14,5.49,Terrain roche là soudain fort reste réflexion bataille.
WL-05821,PORTAL-2438,user0029,2026-09-14,1.58,Mariage frère humide étroit monter.
WL-05822,PORTAL-1679,user0015,2026-09-14,6.36,Ton ailleurs entrer.
WL-05823,ERP-205,user0050,2026-09-14,1.09,Ton ou loi réalité fumée tromper âge mais.
WL-05824,BANK-942,user0029,2026-09-14,3.1,Ruine sonner rapide dernier.
WL-05825,PORTAL-3322,user0017,2026-09-14,7.53,Arme couleur tandis que étouffer somme mémoire.
WL-05826,MOB-2475,user0045,2026-09-14,1.31,Riche cacher grain temps françois ignorer.
WL-05827,MOB-4620,user0045,2026-09-14,6.97,Couche sien mois figurer nouveau tomber vague vif.
WL-05828,ECOM-4424,user0010,2026-09-14,4.38,Ombre troubler sonner interrompre son moi fois.
WL-05829,ECOM-4036,user0041,2026-09-14,2.75,Passé ce ceci bien naissance respirer agir enfin.
WL-05830,SEC-4553,user0037,2026-09-14,7.44,Fauteuil rôle paraître but adresser dangereux.
WL-05831,BANK-4341,user0015,2026-09-14,5.6,Occasion sorte eh.
WL-05832,BI-851,user0042,2026-09-14,2.43,Endroit partie chien endroit pouvoir claire.
WL-05833,PORTAL-2220,user0010,2026-09-14,6.33,Chemise embrasser bande droite comment.
WL-05834,ECOM-3357,user0020,2026-09-14,0.99,Perdu amuser enfance fermer bleu extraordinaire siège.
WL-05835,CRM-4261,user0029,2026-09-14,3.89,Tête gouvernement rose effort caractère goutte fortune manger.
WL-05836,CLOUD-3884,user0019,2026-09-14,7.0,Présent user roi juge.
WL-05837,ECOM-2608,user0023,2026-09-14,2.01,Trouver suite hors alors rose beauté droite.
WL-05838,ECOM-3563,user0015,2026-09-14,0.96,Entrée taille ignorer figure bientôt.
WL-05839,ERP-4833,user0015,2026-09-14,2.99,Lendemain mince inutile paysage immense.
WL-05840,PORTAL-2333,user0012,2026-09-14,1.92,Moins pièce vivre riche intelligence lettre aide.
WL-05841,PORTAL-1627,user0010,2026-09-14,1.96,Poser plusieurs visage faveur témoin soin.
WL-05842,CRM-3943,user0019,2026-09-14,4.25,Voler glisser d'abord précipiter tête couler.
WL-05843,BANK-385,user0002,2026-09-14,1.88,Avant certain docteur apprendre satisfaire.
WL-05844,ERP-1905,user0031,2026-09-14,2.43,Plaire surtout prétendre plus rocher or.
WL-05845,DATA-4190,user0019,2026-09-14,6.29,Maintenir feuille fonction dominer attirer.
WL-05846,SEC-4026,user0037,2026-09-14,1.25,Éteindre écouter rond.
WL-05847,BANK-2335,user0010,2026-09-14,3.57,Voisin depuis lien dent semblable avancer.
WL-05848,CLOUD-1452,user0007,2026-09-14,6.68,Race consulter midi spectacle franc regretter marche.
WL-05849,BANK-2958,user0012,2026-09-14,4.17,Bête parce que droite même.
WL-05850,DATA-4795,user0037,2026-09-14,5.09,Présent tenter préparer animal moyen.
WL-05851,BANK-4107,user0001,2026-09-14,1.28,Risquer tâche avance eau.
WL-05852,CLOUD-4286,user0001,2026-09-14,1.29,Réduire lier plein paysan mot.
WL-05853,CLOUD-3499,user0050,2026-09-14,0.66,Angoisse appartenir supporter.
WL-05854,ERP-728,user0015,2026-09-14,0.9,Complet tout erreur souhaiter reculer glace inviter vieillard.
WL-05855,CLOUD-4612,user0017,2026-09-14,3.12,Poussière coup moins hier ligne large.
WL-05856,ECOM-3369,user0045,2026-09-14,7.32,Faveur annoncer mais type digne.
WL-05857,BANK-4448,user0023,2026-09-14,5.52,Essuyer pensée respecter pourquoi assurer écrire.
WL-05858,CRM-1972,user0010,2026-09-14,2.03,Ville défendre ruine robe surprendre mentir apparence.
WL-05859,MOB-1664,user0048,2026-09-14,1.47,Pas à tête rire sens joindre banc.
WL-05860,ECOM-4655,user0011,2026-09-14,3.41,Travail représenter éclater asseoir médecin vingt.
WL-05861,MOB-1612,user0049,2026-09-14,0.73,Fil blanc fer curiosité marcher.
WL-05862,DATA-194,user0005,2026-09-14,3.82,Offrir chaleur grâce vieux enfin.
WL-05863,CLOUD-2695,user0007,2026-09-14,6.41,Certes peine camarade pour.
WL-05864,CRM-862,user0002,2026-09-14,7.88,Montagne marche en unique traîner autorité tout.
WL-05865,DATA-465,user0031,2026-09-14,0.85,Prix juste passé rapide direction.
WL-05866,CRM-1524,user0018,2026-09-14,7.99,Battre autant magnifique anglais céder.
WL-05867,SEC-4257,user0002,2026-09-14,1.48,Race pas glace lire convenir vin.
WL-05868,MOB-360,user0017,2026-09-14,7.98,Visage saison frapper traiter paupière.
WL-05869,CLOUD-3399,user0011,2026-09-14,6.44,Chose combat son remettre souvent.
WL-05870,MOB-3193,user0037,2026-09-14,6.93,Bouche preuve doute service.
WL-05871,BI-3131,user0029,2026-09-14,5.35,Danger étranger commander protéger.
WL-05872,SEC-4339,user0026,2026-09-14,5.22,Sans honneur rien tu abandonner éloigner.
WL-05873,CRM-745,user0020,2026-09-14,2.9,Lutter amour lisser.
WL-05874,CLOUD-3280,user0042,2026-09-14,5.72,Suivre chef hauteur vert absolu préférer.
WL-05875,DATA-4604,user0027,2026-09-14,2.84,Usage sourire effet joie véritable courage cause.
WL-05876,BI-1132,user0007,2026-09-14,0.95,Joue commun fois signer feuille claire.
WL-05877,DATA-1764,user0001,2026-09-14,1.4,Clair être réponse charger bleu côté roman plaire.
WL-05878,MOB-1144,user0042,2026-09-14,5.46,Respirer résoudre calmer fil joie auquel espèce dire.
WL-05879,BANK-1564,user0048,2026-09-14,1.22,Coeur cou soumettre apercevoir.
WL-05880,MOB-1432,user0012,2026-09-14,2.88,Le dessus vraiment objet croire.
WL-05881,DATA-3031,user0037,2026-09-14,5.03,Instant bon fille forcer.
WL-05882,BANK-914,user0010,2026-09-14,6.4,Soudain tellement visite fête.
WL-05883,CLOUD-2965,user0027,2026-09-14,5.25,Étendue événement rendre attirer dimanche pièce lui en.
WL-05884,MOB-3614,user0020,2026-09-14,5.05,Refuser fond leur aimer entier train nature.
WL-05885,PORTAL-2242,user0029,2026-09-14,5.8,Attendre pierre envelopper.
WL-05886,ECOM-1073,user0041,2026-09-14,3.63,Siècle brûler aile craindre entrée.
WL-05887,PORTAL-1571,user0012,2026-09-14,6.21,Bas taille politique voilà monde machine chant.
WL-05888,MOB-1322,user0019,2026-09-14,2.63,Chasser assister déjà forme sauver entourer pluie.
WL-05889,BI-4187,user0045,2026-09-14,0.56,Queue centre drame rester.
WL-05890,DATA-805,user0023,2026-09-14,1.9,Note absolu lit poète respirer chambre justice.
WL-05891,BI-3029,user0002,2026-09-14,4.52,Posséder armée établir brusquement notre signifier creuser.
WL-05892,SEC-1729,user0026,2026-09-14,7.25,Position carte recueillir as.
WL-05893,ERP-4346,user0050,2026-09-14,1.69,Eaux présent imaginer sou de.
WL-05894,CRM-2976,user0001,2026-09-14,1.9,Fin sauter santé scène assister distinguer hors.
WL-05895,CLOUD-4686,user0027,2026-09-14,7.97,Chat ventre contenter abattre.
WL-05896,MOB-458,user0005,2026-09-14,7.99,Dominer sac siège mêler.
WL-05897,PORTAL-3152,user0048,2026-09-14,2.56,Cas soumettre victime second fortune d'autres.
WL-05898,BI-2298,user0015,2026-09-14,1.3,Trop mal haut sac vouloir mari empêcher devant.
WL-05899,CLOUD-2125,user0002,2026-09-14,4.31,Puisque interroger avis main bon île.
WL-05900,BI-851,user0010,2026-09-14,2.57,Fidèle fatigue en personnage présent moins.
WL-05901,BANK-4560,user0001,2026-09-14,1.79,Est poste sable commun argent tomber.
WL-05902,CRM-2602,user0019,2026-09-14,6.97,Doigt par mensonge rue.
WL-05903,MOB-31,user0041,2026-09-14,1.2,Or personne impression combat soin.
WL-05904,CRM-294,user0037,2026-09-14,4.39,Trembler double vieux mensonge parler distinguer prêter.
WL-05905,SEC-3108,user0048,2026-09-14,7.62,Sommet fatiguer petit demain gauche loi.
WL-05906,BANK-4059,user0031,2026-09-14,2.55,Lendemain cours soumettre vaincre fonction.
WL-05907,ERP-1520,user0019,2026-09-14,1.1,Révolution peuple cas sommeil reculer jusque poursuivre.
WL-05908,ERP-4838,user0041,2026-09-14,6.16,Assister autre tout horizon troisième.
WL-05909,ERP-4050,user0015,2026-09-14,7.91,Contenter usage que cerveau.
WL-05910,DATA-361,user0033,2026-09-14,4.3,Déchirer décrire entraîner an seulement.
WL-05911,PORTAL-4753,user0019,2026-09-14,7.89,Aussi bon sombre art que.
WL-05912,MOB-602,user0005,2026-09-14,3.39,Inquiétude frais appartement nombreux raison étranger droit.
WL-05913,CLOUD-4967,user0050,2026-09-14,7.48,Glace ouvrir décider.
WL-05914,MOB-4653,user0041,2026-09-14,7.96,Cesser ami rapidement officier étonner aujourd'hui.
WL-05915,SEC-2327,user0029,2026-09-14,6.21,Fonder nouveau si changer santé auprès rester.
WL-05916,ERP-3022,user0045,2026-09-14,6.42,L'Une étaler genre bonheur rester vert neuf.
WL-05917,SEC-1568,user0011,2026-09-14,2.81,Assurer journée bras.
WL-05918,CLOUD-3665,user0018,2026-09-14,2.25,Empire chacun jeunesse cabinet.
WL-05919,SEC-4755,user0033,2026-09-14,1.5,Divers confiance barbe.
WL-05920,BANK-2873,user0019,2026-09-14,2.61,Leur acte environ curieux vous.
WL-05921,BANK-2389,user0033,2026-09-14,1.79,Printemps fils inquiétude cas.
WL-05922,PORTAL-4683,user0023,2026-09-14,1.88,Somme douze remplacer appel paysan apparence.
WL-05923,BANK-2601,user0005,2026-09-14,3.02,Asseoir danger fuir brusquement fond.
WL-05924,ERP-1978,user0033,2026-09-14,1.66,Promener professeur accompagner mensonge céder.
WL-05925,CRM-1098,user0045,2026-09-14,5.04,Corps creuser chant entendre moi taire fidèle perdu.
WL-05926,BI-1771,user0026,2026-09-14,1.36,Étranger arriver parler éloigner.
WL-05927,ECOM-1006,user0005,2026-09-14,4.41,Désir société nuage maladie.
WL-05928,SEC-1248,user0001,2026-09-14,1.9,Peine fier traîner endormir commencer masse.
WL-05929,ERP-2232,user0027,2026-09-14,6.96,Discours douleur vaincre entraîner couler journée.
WL-05930,CRM-2329,user0002,2026-09-14,5.75,Juste hors conclure public pousser.
WL-05931,ECOM-3971,user0050,2026-09-14,2.2,Déjà trait remarquer côte sans.
WL-05932,SEC-1729,user0020,2026-09-14,7.65,Complet construire court affirmer aucun.
WL-05933,MOB-620,user0017,2026-09-14,6.35,Accorder guerre saisir fils autre problème.
WL-05934,ECOM-820,user0042,2026-09-14,4.73,Retirer d'autres émotion pays beau.
WL-05935,BANK-1232,user0001,2026-09-14,3.49,Vouloir interroger discours égal remplir accent.
WL-05936,CRM-3782,user0020,2026-09-14,1.42,Épaule foi marier monsieur.
WL-05937,CRM-4390,user0019,2026-09-14,4.65,Vêtement accuser six.
WL-05938,BANK-974,user0042,2026-09-14,2.75,Rôle silence plein pluie éternel vraiment.
WL-05939,SEC-3800,user0019,2026-09-14,2.44,Intelligence poursuivre poste matin malgré.
WL-05940,CLOUD-3306,user0011,2026-09-14,0.87,Terreur ordre événement moindre commander.
WL-05941,MOB-436,user0015,2026-09-14,2.64,Auteur maison comprendre journée jeunesse.
WL-05942,DATA-1074,user0001,2026-09-14,6.74,Examiner ancien dehors du.
WL-05943,CRM-2392,user0049,2026-09-14,2.78,Manquer par air pluie.
WL-05944,BANK-2756,user0007,2026-09-14,0.99,Partir oeuvre rose savoir aucun.
WL-05945,CLOUD-3121,user0012,2026-09-14,6.21,Voile ensemble officier rêve quitter tromper supérieur.
WL-05946,BANK-2702,user0018,2026-09-14,5.03,Dangereux immobile rouler appartenir unique loi.
WL-05947,ERP-4850,user0029,2026-09-14,3.45,Détruire droit précéder.
WL-05948,ECOM-1783,user0010,2026-09-14,2.43,Coeur appeler vraiment attirer joue exiger.
WL-05949,BI-1998,user0048,2026-09-14,3.37,Comment commencer supposer.
WL-05950,ECOM-2497,user0049,2026-09-14,4.18,Loup seconde traîner trou impossible trop suite.
WL-05951,BI-359,user0049,2026-09-14,6.96,Grain coucher loup comme mener somme.
WL-05952,DATA-3186,user0048,2026-09-14,6.89,Accepter déchirer réunir contenir obtenir tracer accrocher.
WL-05953,ERP-2452,user0045,2026-09-14,6.85,Inspirer oui croiser histoire arrivée bruit.
WL-05954,CRM-1382,user0001,2026-09-14,2.89,Attacher interroger tout instinct.
WL-05955,CLOUD-2356,user0001,2026-09-14,7.85,Personne sien fumée rapide qualité pauvre religion.
WL-05956,MOB-3041,user0018,2026-09-14,3.8,Respect rire faute troisième.
WL-05957,CRM-531,user0037,2026-09-14,2.8,Fil goutte disposer heureux.
WL-05958,PORTAL-4090,user0012,2026-09-14,4.88,Embrasser goutte pointe ensemble prière valoir victime.
WL-05959,SEC-4618,user0031,2026-09-14,1.91,Raconter seigneur souvenir aussi.
WL-05960,ERP-2181,user0041,2026-09-14,1.49,Premier haut marche étendue quartier réduire.
WL-05961,CRM-4603,user0019,2026-09-14,6.75,Vêtir est chez former rencontre membre.
WL-05962,SEC-3512,user0042,2026-09-14,7.47,Dur raconter spectacle soirée traîner partie.
WL-05963,MOB-1045,user0031,2026-09-14,4.05,Beaucoup fruit eh attitude conseil.
WL-05964,BI-1806,user0001,2026-09-14,2.13,Saisir fort puisque exemple.
WL-05965,CRM-250,user0019,2026-09-14,0.6,Ajouter parce que marchand début double ramener ombre.
WL-05966,SEC-4896,user0045,2026-09-14,6.95,Certes banc bande appartenir mal huit installer.
WL-05967,MOB-2016,user0029,2026-09-14,5.32,Pleurer nez manger ciel souvenir cher docteur regard.
WL-05968,MOB-3477,user0029,2026-09-14,7.37,Ramener oreille scène.
WL-05969,SEC-4506,user0037,2026-09-14,0.59,Ton reste neuf musique après.
WL-05970,CLOUD-4356,user0033,2026-09-14,4.26,Répéter tuer hauteur arme ailleurs terminer absence.
WL-05971,DATA-3963,user0007,2026-09-14,0.61,Danger classe toile saluer casser ville.
WL-05972,SEC-1729,user0007,2026-09-14,1.37,Décider malgré oiseau premier si tempête cuisine.
WL-05973,BI-2077,user0027,2026-09-14,6.88,Chasser travailler puissance manquer.
WL-05974,PORTAL-373,user0010,2026-09-14,5.64,Sourire rose gens choisir guère.
WL-05975,PORTAL-4903,user0042,2026-09-14,2.3,Peine précéder plus pied saluer trou ce.
WL-05976,DATA-2636,user0029,2026-09-14,7.36,Marcher instant garder mince sec maison.
WL-05977,CLOUD-1085,user0041,2026-09-14,1.88,Manier blanc mince lendemain.
WL-05978,BI-851,user0001,2026-09-14,0.8,Ruine source facile accord annoncer entourer demeurer vêtement.
WL-05979,SEC-4703,user0045,2026-09-14,0.61,Peur ville présent palais traverser détruire.
WL-05980,SEC-269,user0041,2026-09-14,1.19,Adresser compter père doux.
WL-05981,BI-4810,user0037,2026-09-14,2.81,Sombre rouge histoire attitude tromper sentier ainsi.
WL-05982,CLOUD-2569,user0037,2026-09-14,6.33,Terrain somme seigneur retrouver poche gloire.
WL-05983,ERP-769,user0050,2026-09-14,7.09,Travailler comme mentir frais salle.
WL-05984,ERP-1634,user0049,2026-09-14,3.6,Musique professeur intérêt.
WL-05985,PORTAL-504,user0031,2026-09-14,2.95,Froid visible phrase oui enfin.
WL-05986,CRM-2817,user0015,2026-09-14,2.61,Pièce plante mal village valoir fusil événement.
WL-05987,CRM-425,user0033,2026-09-14,1.72,Pendant crier fier se.
WL-05988,MOB-3685,user0012,2026-09-14,2.54,Aussi jardin décrire regard.
WL-05989,CLOUD-2590,user0010,2026-09-14,5.22,Joli moyen fille endroit.
WL-05990,CLOUD-1889,user0045,2026-09-14,2.82,Fatigue appuyer alors fixe.
WL-05991,ERP-4876,user0026,2026-09-14,6.5,Nature paraître face trouver jamais mettre.
WL-05992,BANK-593,user0017,2026-09-14,5.64,Vif dire franc recommencer rire vin.
WL-05993,CLOUD-3004,user0049,2026-09-14,4.94,Pitié pluie mauvais mot centre.
WL-05994,ERP-4478,user0017,2026-09-14,2.62,Un juger eaux effort noir habitant.
WL-05995,ECOM-2357,user0041,2026-09-14,5.89,Droit général mois.
WL-05996,ECOM-4364,user0041,2026-09-14,6.7,Siècle demander aucun prière rire face raison.
WL-05997,BI-298,user0029,2026-09-14,7.34,Tuer habitant distinguer sauter été.
WL-05998,ECOM-3914,user0002,2026-09-14,6.61,Parvenir mari montagne douceur profond avoir.
WL-05999,MOB-784,user0033,2026-09-14,7.14,Essayer mode rompre creuser.
WL-06000,PORTAL-519,user0001,2026-09-14,5.02,Pouvoir abri chez rose décrire asseoir glace.
WL-06001,ERP-4322,user0002,2026-09-14,7.44,Conduire sien lit fusil.
WL-06002,ECOM-216,user0026,2026-09-14,3.08,Pas durant lisser.
WL-06003,ECOM-3971,user0023,2026-09-14,2.24,Saint employer sonner.
WL-06004,MOB-3232,user0017,2026-09-14,1.14,Étudier salut monter haut.
WL-06005,ERP-664,user0041,2026-09-14,5.14,Société verre départ coin riche ça.
WL-06006,PORTAL-3104,user0026,2026-09-14,3.57,Franchir précieux choix air avant.
WL-06007,ECOM-4089,user0018,2026-09-14,7.25,Attacher en regarder un.
WL-06008,BI-416,user0020,2026-09-14,5.32,Accuser gauche inspirer problème permettre souhaiter accomplir.
WL-06009,BANK-4402,user0049,2026-09-14,2.18,Folie perte croiser ni apercevoir discussion.
WL-06010,MOB-4124,user0042,2026-09-14,6.88,Silencieux dernier réussir table.
WL-06011,BANK-4784,user0029,2026-09-14,1.33,Paupière soin lettre usage bord déjà.
WL-06012,CRM-1444,user0029,2026-09-14,4.1,Peau prendre attendre arme jeu même prière.
WL-06013,MOB-2731,user0007,2026-09-14,4.08,Accent coeur marche armée.
WL-06014,BANK-1027,user0002,2026-09-14,1.09,Neuf boire subir vers dresser pleurer environ meilleur.
WL-06015,PORTAL-199,user0007,2026-09-14,5.96,Ouvert soulever falloir suivant dur.
WL-06016,ERP-3854,user0015,2026-09-14,2.5,Courant lors passé soldat vers cuisine parti ferme.
WL-06017,PORTAL-384,user0018,2026-09-14,5.55,Décider exprimer lier camarade.
WL-06018,BI-2897,user0023,2026-09-14,3.0,Recommencer revenir naturel anglais répéter.
WL-06019,PORTAL-23,user0037,2026-09-14,1.0,Penser conclure carte haine debout phrase.
WL-06020,ECOM-4885,user0012,2026-09-14,5.34,Épais éclat entraîner.
WL-06021,BANK-2819,user0029,2026-09-14,7.86,Près accrocher fier table quartier chance changer épais.
WL-06022,SEC-4558,user0037,2026-09-14,3.91,Perte résistance précéder secret aider hasard.
WL-06023,PORTAL-1770,user0027,2026-09-14,3.48,Recherche impression occasion discuter désormais.
WL-06024,PORTAL-2927,user0041,2026-09-14,3.99,Mal courir voisin inviter.
WL-06025,BANK-957,user0029,2026-09-14,6.22,Calme île rôle famille terrain vent campagne état.
WL-06026,MOB-1370,user0050,2026-09-14,2.61,Afin De fois matin éclat.
WL-06027,SEC-1819,user0007,2026-09-14,5.48,Veille lit pluie.
WL-06028,CRM-2846,user0015,2026-09-14,1.34,Poésie instant femme traverser lisser neuf comme.
WL-06029,MOB-2769,user0019,2026-09-14,3.31,Quoi secret deux forme troisième parler mettre.
WL-06030,ERP-592,user0005,2026-09-14,5.1,Doucement entrée marchand nez principe événement.
WL-06031,BI-2443,user0048,2026-09-14,2.19,Goût dessiner tant discours.
WL-06032,BI-4202,user0017,2026-09-14,7.75,Terrible vêtir disposer.
WL-06033,ECOM-2611,user0018,2026-09-14,3.49,Passé où fonction fil membre.
WL-06034,SEC-746,user0050,2026-09-14,3.87,Recherche quelque ancien.
WL-06035,CRM-3605,user0045,2026-09-14,0.81,Gloire part endroit plein souhaiter surtout.
WL-06036,CRM-3070,user0048,2026-09-14,2.46,Long supposer l'une emporter forme poursuivre tu.
WL-06037,SEC-4866,user0026,2026-09-14,2.54,Nerveux vieillard haut aussi.
WL-06038,MOB-733,user0050,2026-09-14,6.76,Sable éprouver réserver animer nous que.
WL-06039,MOB-3150,user0007,2026-09-14,6.55,Raconter aucun professeur bruit animer couper chemin.
WL-06040,CRM-2798,user0033,2026-09-14,6.94,Signe membre reculer celui flamme ferme révéler expliquer.
WL-06041,CRM-1287,user0045,2026-09-14,7.96,Répéter consulter professeur attitude vêtement même occasion projet.
WL-06042,MOB-3660,user0001,2026-09-14,4.47,Habiter lieu siècle prononcer homme.
WL-06043,BI-2275,user0005,2026-09-14,7.08,Rayon été accompagner fonder agir.
WL-06044,DATA-200,user0023,2026-09-14,6.94,Raconter beaucoup cesser religion naturel.
WL-06045,CRM-4708,user0015,2026-09-14,6.68,Pouvoir saluer idée groupe commencement faveur.
WL-06046,CLOUD-320,user0048,2026-09-14,1.76,Rapide sommeil reste pénétrer résultat fatiguer prier.
WL-06047,MOB-1994,user0007,2026-09-14,4.9,Campagne combien roche malade salut lequel.
WL-06048,ECOM-3573,user0007,2026-09-14,2.05,Observer figurer jaune pauvre salle.
WL-06049,ECOM-1826,user0002,2026-09-14,5.13,Anglais déposer réussir maître prétendre.
WL-06050,DATA-729,user0050,2026-09-14,5.07,Vérité passer choix croiser.
WL-06051,BANK-2899,user0002,2026-09-14,3.4,Comment lutter toujours professeur à lisser.
WL-06052,MOB-4588,user0027,2026-09-14,2.42,Vol accrocher suite envelopper sortir fond.
WL-06053,BANK-2335,user0031,2026-09-14,5.85,Gauche gagner partager refuser.
WL-06054,DATA-3582,user0002,2026-09-14,2.02,Pas tout bon étranger yeux promener.
WL-06055,ECOM-1685,user0041,2026-09-14,0.51,Sous surveiller un fonction.
WL-06056,BI-1391,user0042,2026-09-14,7.32,Couper erreur travail reprendre.
WL-06057,ECOM-3126,user0026,2026-09-14,7.32,Brûler étranger aussi pensée grand blanc.
WL-06058,PORTAL-90,user0007,2026-09-14,1.19,Oublier suffire voilà chasse affaire.
WL-06059,DATA-4702,user0031,2026-09-14,5.44,Aimer apparence fort simplement car pour.
WL-06060,CLOUD-182,user0048,2026-09-14,5.21,Revoir relation bas homme mesure avancer soldat.
WL-06061,BANK-3515,user0002,2026-09-14,5.5,Étage exposer droite encore étrange sentier toute parti.
WL-06062,MOB-948,user0045,2026-09-14,2.79,Abattre queue chose discuter guerre mêler respecter.
WL-06063,BI-2517,user0002,2026-09-14,3.57,Masse étouffer sommeil paix joli accompagner malade.
WL-06064,PORTAL-575,user0026,2026-09-14,7.62,Ramener intéresser qualité car occasion vide dessiner.
WL-06065,DATA-1966,user0018,2026-09-14,6.23,Fumer couper un sueur.
WL-06066,DATA-4575,user0005,2026-09-14,3.82,Indiquer vérité bord.
WL-06067,SEC-2828,user0048,2026-09-14,6.74,Impossible subir écarter.
WL-06068,ERP-3376,user0019,2026-09-14,2.66,Bien son mien gloire événement juge.
WL-06069,ECOM-3576,user0031,2026-09-14,1.1,Haut chef neuf surtout surtout.
WL-06070,MOB-4450,user0019,2026-09-14,4.99,Réveiller fatigue métier.
WL-06071,ECOM-1482,user0019,2026-09-14,7.89,Placer bande contre voir.
WL-06072,BI-2080,user0023,2026-09-14,5.15,Conclure mauvais surtout ville peuple.
WL-06073,BI-3696,user0011,2026-09-14,3.15,Propre preuve jeter extraordinaire crise finir quelque.
WL-06074,PORTAL-2586,user0023,2026-09-14,3.65,Bon lors étoile remplir environ tapis.
WL-06075,CLOUD-2977,user0023,2026-09-14,1.95,Travailler membre fine larme droit anglais.
WL-06076,BANK-3276,user0002,2026-09-14,2.39,Résistance choisir pareil éteindre.
WL-06077,BANK-1982,user0037,2026-09-14,3.74,Paysan chaise beau.
WL-06078,CLOUD-1743,user0045,2026-09-14,7.52,Oser sens le tache.
WL-06079,SEC-2635,user0049,2026-09-14,1.23,Chance nouveau usage habiller.
WL-06080,SEC-3706,user0042,2026-09-14,7.36,Début ciel eau.
WL-06081,MOB-4949,user0002,2026-09-14,2.21,Montagne un argent choix engager rapport impossible.
WL-06082,BANK-4306,user0010,2026-09-14,7.43,Groupe point charge paysan veille français militaire pendant.
WL-06083,BANK-2756,user0020,2026-09-14,2.11,Entraîner ceci travail.
WL-06084,DATA-1964,user0002,2026-09-14,3.38,Simplement donner vide distance.
WL-06085,ECOM-4279,user0018,2026-09-14,4.74,Fixer branche race année comment aile simple.
WL-06086,ECOM-423,user0031,2026-09-14,3.07,Passion point parvenir paquet choix tomber affaire.
WL-06087,BI-1241,user0048,2026-09-14,6.01,Tout respect médecin époque pour quelque satisfaire.
WL-06088,MOB-4943,user0037,2026-09-14,2.44,Séparer après il geste.
WL-06089,CRM-378,user0005,2026-09-14,6.14,Accomplir rejeter oublier établir gauche faire.
WL-06090,ERP-4135,user0031,2026-09-14,0.81,Serrer parce que jour.
WL-06091,BI-333,user0031,2026-09-14,2.12,Sept suivant sonner.
WL-06092,CRM-640,user0010,2026-09-14,5.94,Malade âme leur quartier monde.
WL-06093,BANK-1463,user0017,2026-09-14,7.5,Que alors grain chacun après.
WL-06094,ERP-4042,user0048,2026-09-14,7.43,Voix puissant porter conseil enfance note prier abandonner.
WL-06095,ECOM-905,user0050,2026-09-14,7.04,Presque soit compte pays ci abattre puisque.
WL-06096,CLOUD-944,user0027,2026-09-14,3.65,En président qualité figurer raconter passé.
WL-06097,ERP-4749,user0023,2026-09-14,1.2,D'Autres devenir construire public couper décrire.
WL-06098,ECOM-3974,user0015,2026-09-14,1.73,Table souffler yeux tout voici enfin venir.
WL-06099,SEC-989,user0037,2026-09-14,4.38,Pierre bataille puissant beau français pareil personne.
WL-06100,BANK-3429,user0012,2026-09-14,2.03,Affirmer sujet rassurer ennemi apporter.
WL-06101,ECOM-1711,user0026,2026-09-14,7.12,Vous proposer leur claire ah douceur moindre.
WL-06102,BANK-4495,user0026,2026-09-14,3.81,Science but chemin près enfermer.
WL-06103,CRM-654,user0037,2026-09-14,0.94,Posséder embrasser proposer étendue ouvrir.
WL-06104,MOB-499,user0029,2026-09-14,7.61,Profiter offrir patron renverser preuve étrange.
WL-06105,CLOUD-1049,user0042,2026-09-14,6.09,Forêt femme raconter rire meilleur connaissance parent.
WL-06106,BANK-2958,user0005,2026-09-14,6.04,Grandir toujours libre saison.
WL-06107,BANK-3079,user0029,2026-09-14,3.82,Réflexion imposer appel impossible.
WL-06108,SEC-925,user0019,2026-09-14,6.7,Après sens courage mais témoin.
WL-06109,BI-898,user0001,2026-09-14,6.98,Devoir renverser long rouge raconter.
WL-06110,CLOUD-2764,user0049,2026-09-14,1.28,Prévoir pur main visible répondre chant parcourir.
WL-06111,MOB-4934,user0031,2026-09-14,6.25,Durant science service bas voyage.
WL-06112,DATA-3447,user0017,2026-09-14,1.82,Étude ventre sentir croiser fille raison nommer lutter.
WL-06113,PORTAL-4905,user0037,2026-09-14,0.75,Direction où présent pourtant cinquante dernier.
WL-06114,BANK-4797,user0012,2026-09-14,4.49,Dame maître réunir aussitôt pendant trou.
WL-06115,MOB-1787,user0026,2026-09-14,4.85,Celui figurer inquiétude remplacer.
WL-06116,MOB-3960,user0020,2026-09-14,6.47,Pointe esprit sans gauche tombe.
WL-06117,DATA-1727,user0012,2026-09-14,1.18,Envoyer garçon oh avenir permettre prévoir.
WL-06118,MOB-1422,user0041,2026-09-14,5.67,Courage dernier envie offrir plaine signe.
WL-06119,ECOM-3338,user0005,2026-09-14,4.18,Parce Que soirée pas nombreux étendue jeune genre.
WL-06120,DATA-3554,user0023,2026-09-14,5.01,Recevoir plutôt importer violence poitrine déchirer.
WL-06121,CRM-2137,user0015,2026-09-14,1.3,Ceci taille métier nu entendre cacher sous exposer.
WL-06122,BI-3072,user0007,2026-09-14,0.75,Tel temps préférer eh.
WL-06123,BANK-894,user0007,2026-09-14,7.17,Préparer mine sérieux qui premier durant.
WL-06124,MOB-4965,user0001,2026-09-14,0.64,Nuit importance rouge odeur tard réveiller mine.
WL-06125,PORTAL-4662,user0023,2026-09-14,4.06,Côté trembler complètement rejeter.
WL-06126,SEC-4996,user0037,2026-09-14,2.01,Moitié bonheur abattre mur.
WL-06127,CRM-1624,user0048,2026-09-14,3.97,Puis ombre discuter plante.
WL-06128,ECOM-1537,user0007,2026-09-14,5.52,Sourire tirer conscience arracher ouvrage.
WL-06129,BANK-385,user0027,2026-09-14,3.75,Part faim marché renverser trente installer reste déposer.
WL-06130,ERP-4174,user0048,2026-09-14,2.06,Réclamer somme peu créer quelque rassurer le chambre.
WL-06131,SEC-2325,user0045,2026-09-14,4.87,Prétendre cerveau intelligence combat bas.
WL-06132,ECOM-665,user0026,2026-09-14,1.04,Lendemain intelligence étude autre.
WL-06133,ERP-1565,user0031,2026-09-14,3.45,Porter baisser habiter inventer.
WL-06134,CRM-2577,user0045,2026-09-14,4.78,Deux autre détacher geste groupe abandonner taire celui.
WL-06135,BI-1669,user0002,2026-09-14,7.83,Éternel histoire voile paysage fait.
WL-06136,ERP-695,user0049,2026-09-14,3.34,Étage vêtir beaucoup enfin désirer mieux.
WL-06137,BANK-3059,user0007,2026-09-14,4.24,Ciel rire rencontrer compagnon.
WL-06138,SEC-3873,user0050,2026-09-14,2.78,Dimanche de donc après coeur caractère nature.
WL-06139,BI-3738,user0041,2026-09-14,0.8,Maître ouvert ah en.
WL-06140,BANK-1888,user0049,2026-09-14,6.75,Maladie dieu puisque savoir fou.
WL-06141,CRM-1177,user0010,2026-09-14,4.88,Appuyer ce tantôt moitié devoir.
WL-06142,BI-2811,user0005,2026-09-14,2.4,Chat en charge armer rapide.
WL-06143,SEC-4134,user0019,2026-09-14,1.2,Dos plein propos phrase madame demain cher.
WL-06144,ECOM-1291,user0019,2026-09-14,4.89,Politique même robe possible circonstance chercher odeur souvent.
WL-06145,ERP-1035,user0010,2026-09-14,3.1,Prononcer écarter vue ensuite attitude.
WL-06146,CLOUD-2924,user0045,2026-09-14,2.76,Devant craindre habitant écrire voyage.
WL-06147,DATA-2579,user0037,2026-09-14,0.72,Cinq écarter rencontre bas en.
WL-06148,CLOUD-278,user0042,2026-09-14,4.12,Retour quart écraser yeux.
WL-06149,ERP-4944,user0002,2026-09-14,1.03,Disparaître sentiment marché étudier étage position problème.
WL-06150,MOB-27,user0031,2026-09-14,4.33,En tombe discussion beau tandis que rond or.
WL-06151,DATA-4788,user0033,2026-09-14,0.67,Réserver larme carte mieux afin de longtemps inconnu aventure.
WL-06152,SEC-4325,user0007,2026-09-14,2.4,Prendre arrêter obéir reculer objet dos.
WL-06153,DATA-3066,user0031,2026-09-14,0.69,Avance charger nouveau.
WL-06154,CLOUD-621,user0037,2026-09-14,6.28,Vers circonstance soit permettre occasion.
WL-06155,CLOUD-3710,user0005,2026-09-14,1.53,Habitude répandre élever nouveau.
WL-06156,ECOM-2479,user0019,2026-09-14,0.59,Riche aller cas faveur.
WL-06157,SEC-2635,user0027,2026-09-14,2.99,Sec oh mien ramener six rond.
WL-06158,DATA-4003,user0019,2026-09-14,0.92,Effet foi classe certainement dur dehors en.
WL-06159,PORTAL-4140,user0033,2026-09-14,0.83,Odeur partager cesser.
WL-06160,MOB-1352,user0033,2026-09-14,0.93,Ruine petit plein frère cesse lit.
WL-06161,CRM-2717,user0019,2026-09-14,3.27,Entrer chanter prétendre papa noir.
WL-06162,DATA-3133,user0019,2026-09-14,3.07,Recommencer amour rejoindre.
WL-06163,BANK-2316,user0005,2026-09-14,2.38,Malade droit entendre classe sommeil impression.
WL-06164,DATA-3090,user0002,2026-09-14,5.27,Cent flamme respect page pointe.
WL-06165,DATA-310,user0017,2026-09-14,4.18,Fuir obtenir aucun.
WL-06166,BANK-3487,user0037,2026-09-14,6.7,Même sentir étoile regretter.
WL-06167,BANK-1544,user0018,2026-09-14,4.06,Famille déclarer mesure devant ça pourquoi cri.
WL-06168,BI-2225,user0023,2026-09-14,2.58,Frère réel effet vide veiller énorme.
WL-06169,CLOUD-4904,user0023,2026-09-14,2.16,Fin animer voir froid résister tête mille.
WL-06170,BANK-1141,user0029,2026-09-14,7.09,Choisir jamais jouer fer fête repousser complètement.
WL-06171,BANK-4511,user0010,2026-09-14,1.52,Fer cela menacer forêt essayer.
WL-06172,DATA-2244,user0018,2026-09-14,2.89,Frais sauver rejoindre.
WL-06173,CRM-335,user0050,2026-09-14,6.42,Caresser répandre quelque soudain nu absolu dégager.
WL-06174,PORTAL-2806,user0042,2026-09-14,6.5,Signer bon casser ventre cabinet casser.
WL-06175,BANK-869,user0027,2026-09-14,3.44,Chef derrière nul science goutte.
WL-06176,DATA-3282,user0002,2026-09-14,7.77,Se voix prêter créer dès.
WL-06177,BI-3072,user0041,2026-09-14,2.28,Particulier intention maintenir rapide.
WL-06178,DATA-3779,user0019,2026-09-14,1.96,Plante repas tranquille difficile poids où île.
WL-06179,MOB-4650,user0005,2026-09-14,2.4,Mer tellement saint puis.
WL-06180,SEC-639,user0010,2026-09-14,5.36,Chat essayer barbe.
WL-06181,DATA-2122,user0015,2026-09-14,1.32,Signifier espoir promener jeu propre prévenir.
WL-06182,ECOM-4880,user0045,2026-09-14,2.1,Amener vision guère tempête odeur.
WL-06183,BI-1203,user0042,2026-09-14,2.13,Chaîne effacer dresser montagne pauvre.
WL-06184,ERP-2087,user0042,2026-09-14,2.71,Dominer réflexion pur droite discours inconnu pleurer.
WL-06185,BANK-385,user0010,2026-09-14,5.22,Malgré autre armer savoir.
WL-06186,CRM-4249,user0031,2026-09-14,7.93,Où blanc fatigue long étage.
WL-06187,CLOUD-4808,user0019,2026-09-14,7.81,Un avance cent planche social recherche meilleur.
WL-06188,CRM-1481,user0019,2026-09-14,6.39,Inquiéter toujours sûr étrange.
WL-06189,PORTAL-384,user0019,2026-09-14,2.18,Entrée plaisir permettre sang.
WL-06190,CRM-3595,user0049,2026-09-14,0.92,Éclat classe exiger.
WL-06191,CRM-537,user0026,2026-09-14,1.94,Or époque libre pourtant.
WL-06192,CLOUD-1889,user0049,2026-09-14,4.07,Sous puisque mériter puissant dangereux beau.
WL-06193,BANK-2692,user0015,2026-09-14,6.96,Cher digne lit lune.
WL-06194,MOB-436,user0033,2026-09-14,0.57,Droite dos envie rien vision quoi fenêtre arrêter.
WL-06195,CLOUD-3762,user0037,2026-09-14,1.98,Révéler voir passé.
WL-06196,BI-416,user0012,2026-09-14,7.65,Mal larme cheval parti.
WL-06197,CRM-3247,user0010,2026-09-14,4.52,Sens noire vers témoin public élever.
WL-06198,CRM-2250,user0042,2026-09-14,2.18,Douleur rapporter chemise appartenir transformer partout professeur.
WL-06199,CLOUD-346,user0045,2026-09-14,7.31,Tenter mal coeur frapper empire surtout.
WL-06200,CRM-4674,user0018,2026-09-14,7.96,De papier amour étonner contraire toute.
WL-06201,SEC-1262,user0012,2026-09-14,4.71,Vêtement terme l'un fonction reconnaître bas.
WL-06202,BI-3109,user0050,2026-09-14,3.69,Dieu réduire au vraiment amour expérience herbe.
WL-06203,BANK-145,user0011,2026-09-14,3.16,Science vers coin couche.
WL-06204,ERP-4721,user0005,2026-09-14,1.17,Long lisser françois deviner dieu habitant.
WL-06205,MOB-3594,user0042,2026-09-14,6.8,Rire désigner ce long réveiller nommer.
WL-06206,CRM-3681,user0041,2026-09-14,0.59,Dire médecin gagner fort.
WL-06207,MOB-620,user0049,2026-09-14,4.44,Lien cheveu abandonner.
WL-06208,BANK-2387,user0045,2026-09-14,6.48,Hier fixer papier soumettre regretter larme papier.
WL-06209,BANK-3515,user0019,2026-09-14,7.61,Bon bas armée.
WL-06210,DATA-3559,user0029,2026-09-14,3.96,Glisser port visible enfin plein enlever profond.
WL-06211,BI-2707,user0029,2026-09-14,5.29,Vision lentement haut bras bientôt joie.
WL-06212,BANK-1463,user0018,2026-09-14,2.81,Livrer cesser après simple image pourquoi troisième tourner.
WL-06213,ECOM-1530,user0011,2026-09-14,5.37,Observer poussière envie joindre.
WL-06214,PORTAL-4289,user0023,2026-09-14,0.53,Bon ah pour coeur cri.
WL-06215,BANK-2865,user0037,2026-09-14,0.84,Tenter avant chance service source colon.
WL-06216,CRM-3005,user0005,2026-09-14,0.53,Empire as barbe comme près.
WL-06217,SEC-934,user0002,2026-09-14,6.63,Ajouter bête appel battre.
WL-06218,ERP-462,user0041,2026-09-14,4.93,Avant rompre moi.
WL-06219,MOB-254,user0020,2026-09-14,4.57,Vue trembler second instant couche douleur.
WL-06220,CRM-3833,user0020,2026-09-14,0.54,Lutte art plaire mot anglais.
WL-06221,PORTAL-1738,user0005,2026-09-14,5.81,Cacher long eaux quel ancien étendue.
WL-06222,BANK-4147,user0019,2026-09-14,7.01,Main remarquer chasser permettre passage.
WL-06223,BI-2530,user0012,2026-09-14,1.63,Goutte envoyer mort.
WL-06224,BANK-2436,user0010,2026-09-14,4.1,Figure interrompre pourtant juger vol étonner car.
WL-06225,PORTAL-4683,user0042,2026-09-14,5.48,Sauver cours fonction conseil lieu visite discussion.
WL-06226,PORTAL-2563,user0002,2026-09-14,2.06,Tomber admettre empire discours déchirer.
WL-06227,ERP-1776,user0033,2026-09-14,2.52,Nord vers air bien devoir possible.
WL-06228,MOB-956,user0049,2026-09-14,4.48,Fin habiller miser hauteur froid.
WL-06229,MOB-4699,user0049,2026-09-14,4.3,Train travail gros considérer joie rapide transformer.
WL-06230,SEC-4659,user0001,2026-09-14,2.46,Semaine goutte vieil volonté rue cuisine tapis.
WL-06231,PORTAL-3990,user0011,2026-09-14,5.53,Gris chasse dont de soi.
WL-06232,CLOUD-130,user0017,2026-09-14,7.43,Spectacle ce seul.
WL-06233,CLOUD-750,user0020,2026-09-14,4.1,Lieu sommeil étouffer mouvement gros plutôt nouveau.
WL-06234,BI-3928,user0011,2026-09-14,5.24,Grâce imaginer réel briser ouvrir lui haut.
WL-06235,ECOM-1439,user0029,2026-09-14,4.0,Je boire été dormir.
WL-06236,ECOM-3285,user0031,2026-09-14,0.55,L'Une briller prévoir noir cerveau.
WL-06237,CLOUD-3762,user0049,2026-09-14,7.32,Asseoir fond conseil perdre refuser.
WL-06238,PORTAL-4028,user0011,2026-09-14,0.89,Pareil soi interroger haut expression demain assez.
WL-06239,MOB-117,user0041,2026-09-14,0.9,Plaire troisième peine toucher.
WL-06240,MOB-4215,user0020,2026-09-14,7.85,Troisième grand pleurer.
WL-06241,SEC-95,user0026,2026-09-14,3.34,À entier perte véritable frapper voler même profond.
WL-06242,BI-4438,user0033,2026-09-14,0.77,Comme pas écraser lui vingt chacun attitude.
WL-06243,MOB-1984,user0050,2026-09-14,5.0,Ensemble chute flamme penser où.
WL-06244,BANK-1647,user0033,2026-09-14,2.46,Retirer représenter prononcer dormir.
WL-06245,BANK-691,user0042,2026-09-14,3.21,Éloigner siège mois possible abandonner examiner.
WL-06246,BI-2812,user0012,2026-09-14,6.6,Partie importance trace poète ailleurs billet image marcher.
WL-06247,DATA-4520,user0048,2026-09-14,3.48,Public brusquement construire soin peuple regretter dangereux poésie.
WL-06248,ERP-4564,user0005,2026-09-14,3.52,Gros approcher préférer présent.
WL-06249,BANK-3803,user0033,2026-09-14,6.54,Pain roman ferme rose.
WL-06250,CRM-3650,user0018,2026-09-14,6.81,Entraîner sérieux village tandis que car digne.
WL-06251,DATA-4533,user0027,2026-09-14,7.4,Alors conscience désert inspirer bas.
WL-06252,ERP-52,user0031,2026-09-14,0.82,Honneur page autant diriger tu.
WL-06253,DATA-1603,user0001,2026-09-14,3.16,Parole jouer demain tranquille sourd accepter.
WL-06254,CRM-294,user0011,2026-09-14,7.11,Profondément tu pénétrer paysan même baisser terminer.
WL-06255,PORTAL-1349,user0050,2026-09-14,6.32,Erreur humain difficile.
WL-06256,ERP-2712,user0019,2026-09-14,4.42,Battre renverser inquiéter devoir salut.
WL-06257,ECOM-584,user0029,2026-09-14,2.76,Fort commencement simplement position décrire corps cher.
WL-06258,SEC-132,user0007,2026-09-14,4.98,Humain prix depuis ancien chasse patron dégager.
WL-06259,ERP-4146,user0042,2026-09-14,2.5,Tache fin croiser éclater.
WL-06260,DATA-924,user0012,2026-09-14,4.04,Ordre guerre prévoir ventre reste six.
WL-06261,MOB-4237,user0029,2026-09-14,2.01,Même lever robe conclure d'autres.
WL-06262,DATA-3544,user0017,2026-09-14,1.52,Couche accomplir chemise tandis que rouler fuir.
WL-06263,ECOM-2457,user0023,2026-09-14,3.34,Vide soir air obéir sou événement prison mentir.
WL-06264,PORTAL-4754,user0002,2026-09-14,7.75,Portier saint espoir appuyer.
WL-06265,MOB-3751,user0041,2026-09-14,7.13,Saint paysan recevoir depuis l'une voyager circonstance.
WL-06266,CLOUD-2821,user0033,2026-09-14,6.43,Premier couche de celui cabinet.
WL-06267,ERP-2210,user0045,2026-09-14,2.29,Fidèle social souffrir lendemain afin de étrange indiquer monde.
WL-06268,BI-1970,user0020,2026-09-14,5.59,Unique malgré pensée peu véritable preuve.
WL-06269,MOB-3193,user0037,2026-09-14,4.61,Juste danger chambre confier prix.
WL-06270,BANK-1495,user0045,2026-09-14,5.75,Pendant courage énergie cheval répandre attacher.
WL-06271,BI-3980,user0012,2026-09-14,3.88,Gros discuter service membre voie existence casser.
WL-06272,BANK-431,user0007,2026-09-14,4.09,Pont papier danger recherche aucun faute bien.
WL-06273,BANK-3962,user0041,2026-09-14,5.88,Marchand non promettre que.
WL-06274,DATA-952,user0049,2026-09-14,7.71,Banc accomplir effacer noir long satisfaire violence.
WL-06275,SEC-2034,user0045,2026-09-14,4.17,Attirer fuir envelopper feuille échapper demain.
WL-06276,PORTAL-2903,user0005,2026-09-14,5.95,Mouvement beauté réveiller peuple devoir.
WL-06277,BANK-694,user0018,2026-09-14,3.87,Mieux vers attendre livre mode cependant perte.
WL-06278,CLOUD-4490,user0050,2026-09-14,4.92,Point depuis premier large remettre.
WL-06279,ECOM-1439,user0018,2026-09-14,2.79,Étonner aspect pendre gens.
WL-06280,ERP-4838,user0048,2026-09-14,7.86,Exposer transformer traiter malade dessus coeur espoir.
WL-06281,MOB-1946,user0023,2026-09-14,6.04,Tout devenir sans.
WL-06282,CLOUD-608,user0020,2026-09-14,5.83,Secours voyager attitude après retourner.
WL-06283,SEC-101,user0045,2026-09-14,4.88,Lentement vent pour éviter ressembler conversation.
WL-06284,ECOM-1552,user0011,2026-09-14,2.16,Tandis Que droite tout patron inconnu changer.
WL-06285,ECOM-1436,user0010,2026-09-14,2.31,Foule vol imaginer.
WL-06286,BANK-2937,user0005,2026-09-14,5.38,Demander aide queue connaissance.
WL-06287,PORTAL-753,user0027,2026-09-14,6.66,Ce social tel ramasser idée type selon.
WL-06288,BI-2507,user0031,2026-09-14,5.14,Ignorer ceci yeux beauté marchand.
WL-06289,MOB-213,user0023,2026-09-14,6.87,Religion sombre paysage volonté lendemain indiquer.
WL-06290,ECOM-4025,user0042,2026-09-14,1.17,Semaine partager événement sommet ennemi.
WL-06291,ECOM-1491,user0005,2026-09-14,4.95,Jouer marcher passé taille morceau seuil.
WL-06292,DATA-2259,user0017,2026-09-14,2.63,Donc ouvrage vif hauteur intention relation.
WL-06293,CRM-3247,user0026,2026-09-14,2.66,Être beauté très long.
WL-06294,MOB-152,user0019,2026-09-14,7.88,Vraiment même problème auprès science poitrine chair.
WL-06295,MOB-3660,user0042,2026-09-14,3.93,Éteindre briller cour fusil aussitôt.
WL-06296,MOB-3611,user0042,2026-09-14,4.14,Puissant compagnie propos état science huit.
WL-06297,SEC-4703,user0011,2026-09-14,1.52,Haïr comme escalier idée presque passé planche.
WL-06298,PORTAL-4901,user0033,2026-09-14,3.13,Voile banc chez chemin croire prouver.
WL-06299,CLOUD-248,user0037,2026-09-14,2.17,Discussion sorte juste profiter.
WL-06300,CRM-141,user0011,2026-09-14,0.65,Achever contre tout.
WL-06301,CLOUD-3936,user0023,2026-09-14,3.0,Accorder enfermer davantage besoin mort système travailler fatiguer.
WL-06302,BI-3521,user0027,2026-09-14,0.7,Condamner rêve arrivée soi naître prévoir vraiment.
WL-06303,CRM-617,user0011,2026-09-14,4.23,Gouvernement désert delà observer.
WL-06304,ECOM-275,user0029,2026-09-14,6.59,An emporter bas début travailler coin découvrir.
WL-06305,CLOUD-2190,user0005,2026-09-14,2.45,Haïr soi étudier fait.
WL-06306,BI-1240,user0041,2026-09-14,7.82,Victime voisin dire espoir.
WL-06307,BANK-3602,user0042,2026-09-14,1.18,Aujourd'Hui événement entrer pitié chaîne.
WL-06308,PORTAL-284,user0037,2026-09-14,1.17,Compagnie malgré pas déjà bas larme.
WL-06309,PORTAL-4905,user0041,2026-09-14,7.83,Soldat matin vers remarquer champ trente côté.
WL-06310,BI-3542,user0037,2026-09-14,4.84,Prince exposer voie rassurer.
WL-06311,BI-1067,user0037,2026-09-14,0.83,Robe accompagner quand.
WL-06312,MOB-26,user0045,2026-09-14,4.29,Roman ramasser lourd dernier fort.
WL-06313,BI-133,user0015,2026-09-14,5.48,Moyen risquer préférer ensemble mieux.
WL-06314,PORTAL-926,user0041,2026-09-14,0.92,Pluie printemps sueur image embrasser même.
WL-06315,ECOM-3702,user0026,2026-09-14,5.66,Vingt monsieur centre.
WL-06316,ECOM-4987,user0048,2026-09-14,7.01,Habitant debout autrefois.
WL-06317,PORTAL-1751,user0026,2026-09-14,6.32,Chemin quelqu'un surprendre curiosité espérer.
WL-06318,SEC-1877,user0011,2026-09-14,4.21,But dont feuille principe pied.
WL-06319,BI-2363,user0026,2026-09-14,7.64,Empêcher égal saluer bientôt deux.
WL-06320,SEC-226,user0005,2026-09-14,4.89,Traîner tendre selon sentiment lequel.
WL-06321,BANK-637,user0027,2026-09-14,5.6,Recevoir ceci mémoire manier empêcher queue.
WL-06322,MOB-27,user0005,2026-09-14,3.42,Sein doute trembler oeil sauter.
WL-06323,CRM-3843,user0005,2026-09-14,0.83,Ouvrage nuage réfléchir point empire type.
WL-06324,CLOUD-2268,user0002,2026-09-14,0.99,Occuper rire fermer compter.
WL-06325,DATA-2525,user0048,2026-09-14,2.9,Porter parcourir société argent défendre présenter.
WL-06326,BI-2429,user0045,2026-09-14,0.59,Rencontre docteur intéresser détail.
WL-06327,CRM-3711,user0005,2026-09-14,6.15,Glisser delà petit rouge.
WL-06328,ERP-137,user0017,2026-09-14,6.85,Soutenir bas doux ici.
WL-06329,BI-840,user0041,2026-09-14,7.48,Couvrir chat ensuite ami parmi espoir vol.
WL-06330,CRM-3975,user0010,2026-09-14,5.67,Digne puisque avenir vert.
WL-06331,ERP-4611,user0037,2026-09-14,7.84,Aussi attaquer toucher métier.
WL-06332,ECOM-2184,user0010,2026-09-14,1.09,Exister tracer chair façon.
WL-06333,BI-2289,user0005,2026-09-14,3.25,Admettre fonction grâce soirée ni froid entier.
WL-06334,CRM-4831,user0031,2026-09-14,2.76,Étaler sauter membre pouvoir son contenir.
WL-06335,PORTAL-2593,user0045,2026-09-14,1.36,Voler étouffer ruine fort un.
WL-06336,ERP-4150,user0020,2026-09-14,1.99,Rapporter rire considérer chute.
WL-06337,SEC-1478,user0045,2026-09-14,3.93,Terreur chez il foi mon.
WL-06338,ECOM-2824,user0029,2026-09-14,7.11,Marcher point flamme surprendre dernier colon.
WL-06339,CRM-4494,user0045,2026-09-14,3.18,Discussion nature employer quelque guère cabinet source.
WL-06340,BANK-3290,user0037,2026-09-14,5.42,Condition trois hasard sur faible.
WL-06341,BI-166,user0001,2026-09-14,4.35,Voir jaune qualité mari penser conseil.
WL-06342,ECOM-756,user0020,2026-09-14,6.99,Dix durer discours terrible vers.
WL-06343,ECOM-3454,user0018,2026-09-14,1.07,Moyen arrière hauteur cesser qui tellement abattre.
WL-06344,CRM-1611,user0020,2026-09-14,7.45,Place paysage étaler disposer magnifique monsieur.
WL-06345,BI-3729,user0018,2026-09-14,6.46,Vérité guerre casser as poussière cheval.
WL-06346,MOB-3169,user0020,2026-09-14,6.97,Guère déposer emmener supposer poursuivre cuisine par ligne.
WL-06347,MOB-3930,user0017,2026-09-14,3.95,Choisir cuisine bon.
WL-06348,SEC-1774,user0005,2026-09-14,2.79,Public rouge peine vite.
WL-06349,CLOUD-4469,user0010,2026-09-14,1.48,Coin nuit passé.
WL-06350,SEC-3852,user0010,2026-09-14,1.25,Agent delà endormir moyen absolu besoin ministre.
WL-06351,BI-4775,user0011,2026-09-14,5.43,Détruire jeter principe d'abord.
WL-06352,CLOUD-1242,user0037,2026-09-14,5.59,Père port dominer.
WL-06353,BANK-3718,user0029,2026-09-14,5.78,Réflexion sûr le gros parce que.
WL-06354,PORTAL-4078,user0050,2026-09-14,3.65,Note composer absolu cent image obtenir docteur.
WL-06355,PORTAL-2013,user0026,2026-09-14,1.79,Empire à cruel corde en.
WL-06356,CLOUD-2827,user0020,2026-09-14,5.75,Parce Que poussière saint exprimer jaune oublier croix chasser.
WL-06357,ECOM-3802,user0029,2026-09-14,1.03,Durer chaîne fonder.
WL-06358,ECOM-826,user0011,2026-09-14,5.0,Camarade groupe gris propos.
WL-06359,PORTAL-2772,user0002,2026-09-14,6.9,Te voilà dehors serrer.
WL-06360,SEC-3621,user0049,2026-09-14,4.02,Déposer assez expliquer devoir.
WL-06361,PORTAL-1531,user0042,2026-09-14,0.71,Flot vif lorsque tempête troubler quarante.
WL-06362,DATA-2808,user0011,2026-09-14,6.61,Hiver lors année marché poche précis religion blanc.
WL-06363,DATA-3890,user0031,2026-09-14,7.12,Énorme souffrance tache prix qui place.
WL-06364,SEC-2683,user0019,2026-09-14,5.28,Avec couche rideau dur contre vide atteindre recommencer.
WL-06365,PORTAL-4399,user0010,2026-09-14,6.68,Oeil calmer juste d'abord cours dernier salle.
WL-06366,BANK-4978,user0011,2026-09-14,2.21,Déjà défaut si magnifique.
WL-06367,ERP-433,user0019,2026-09-14,7.49,Seuil toile acheter céder.
WL-06368,SEC-2000,user0023,2026-09-14,0.92,Dire garçon donner garde.
WL-06369,ERP-695,user0007,2026-09-14,4.83,Exposer agent tout posséder il d'abord moitié.
WL-06370,CLOUD-232,user0001,2026-09-14,2.35,Très voisin tapis pénétrer mensonge.
WL-06371,CLOUD-144,user0015,2026-09-14,1.52,Nouveau profond papier devant beaux haïr.
WL-06372,CRM-2082,user0029,2026-09-14,1.18,Pourquoi cuisine soumettre beaucoup livre achever inutile étranger.
WL-06373,CRM-1266,user0049,2026-09-14,3.84,Pont semblable obliger même.
WL-06374,BANK-2316,user0023,2026-09-14,6.38,Accord commun résoudre cerveau semblable que faire.
WL-06375,BI-2544,user0026,2026-09-14,3.36,Général un chaleur.
WL-06376,PORTAL-2076,user0005,2026-09-14,7.65,Retenir arrêter profondément réussir.
WL-06377,BI-3456,user0012,2026-09-14,2.75,Mensonge face village grâce mort intérieur chute.
WL-06378,PORTAL-1960,user0012,2026-09-14,0.74,Vue action course passion.
WL-06379,MOB-4552,user0041,2026-09-14,3.87,Lieu amour comment dernier bois rêver.
WL-06380,BANK-2416,user0007,2026-09-14,7.66,Attirer plus puis rejeter voile.
WL-06381,SEC-3565,user0037,2026-09-14,6.08,Passé prouver trouver liberté soit lueur sonner.
WL-06382,PORTAL-2124,user0017,2026-09-14,3.18,Affirmer présenter tenir lettre français je ignorer.
WL-06383,MOB-1175,user0048,2026-09-14,2.54,Vert avoir mener chair toujours agir immobile.
WL-06384,MOB-4074,user0033,2026-09-14,0.81,Silence semaine sauter maison huit début.
WL-06385,ECOM-1730,user0045,2026-09-14,4.1,Décrire subir femme.
WL-06386,BANK-3765,user0049,2026-09-14,3.4,Ajouter rencontre retourner faveur vaste.
WL-06387,CLOUD-4839,user0011,2026-09-14,7.59,Honte lune également sac élever.
WL-06388,BI-2001,user0026,2026-09-14,6.86,Désirer semaine envelopper reposer importance maladie.
WL-06389,BI-586,user0011,2026-09-14,5.92,Second dont rose famille somme petit dangereux.
WL-06390,BI-2530,user0012,2026-09-14,4.81,Beau joie défendre cacher.
WL-06391,ERP-3976,user0012,2026-09-14,1.98,Second cesse habitant manquer céder accorder pensée.
WL-06392,PORTAL-4613,user0002,2026-09-14,2.45,Capable recevoir pied accent vieux.
WL-06393,PORTAL-4713,user0048,2026-09-14,5.02,Charge sourd remplir liberté causer poète franc.
WL-06394,ERP-2091,user0023,2026-09-14,4.05,Lutter intention long moitié siècle.
WL-06395,ERP-2510,user0027,2026-09-14,3.71,Pendre empêcher enfin couche.
WL-06396,SEC-2868,user0049,2026-09-14,7.13,Gagner honneur forme causer oui sol rapide tôt.
WL-06397,SEC-2444,user0033,2026-09-14,3.0,Garde sans rocher entre angoisse ni.
WL-06398,ERP-4986,user0010,2026-09-14,3.77,Sein mince reculer quarante fumée signifier.
WL-06399,BI-4936,user0026,2026-09-14,0.85,Acte courage soulever.
WL-06400,BI-1054,user0026,2026-09-14,1.02,Ouvert rue installer douleur.
WL-06401,BI-645,user0007,2026-09-14,4.67,Ligne mois bord livre.
WL-06402,ERP-496,user0010,2026-09-14,2.16,Danger briser sourire aussitôt retirer étroit puisque.
WL-06403,BI-3100,user0005,2026-09-14,5.23,Changer compter parent montagne grave.
WL-06404,ECOM-246,user0005,2026-09-14,1.16,Visible croire résister creuser.
WL-06405,BANK-2973,user0050,2026-09-14,5.26,Pain songer soldat imaginer.
WL-06406,MOB-3919,user0048,2026-09-14,7.09,Intérêt user intelligence visible dormir journée écrire.
WL-06407,SEC-1454,user0037,2026-09-14,5.67,Ton sueur horizon aider vieillard.
WL-06408,CRM-4184,user0037,2026-09-14,1.75,Précis un chute vivant moyen.
WL-06409,CLOUD-488,user0045,2026-09-14,7.98,Argent bien beaux pousser.
WL-06410,SEC-3813,user0010,2026-09-14,3.0,Lire morceau ramener risquer mais car.
WL-06411,SEC-3173,user0031,2026-09-14,6.44,Vie occasion hiver commencement jouer montrer tirer.
WL-06412,CRM-2137,user0026,2026-09-14,2.25,Poursuivre cercle cause auprès milieu aller.
WL-06413,BANK-802,user0027,2026-09-14,6.54,Général revenir noir mort ferme alors forcer.
WL-06414,CLOUD-2302,user0042,2026-09-14,1.21,Bientôt hors nul.
WL-06415,DATA-3097,user0048,2026-09-14,7.89,Désir direction secours chemise.
WL-06416,BI-1961,user0007,2026-09-14,0.75,Réunir écrire avec sauver chiffre ventre instinct.
WL-06417,PORTAL-3355,user0015,2026-09-14,4.26,Ruine souffrance tant trouver surprendre frapper inventer impossible.
WL-06418,DATA-332,user0011,2026-09-14,4.54,Puis suite cerveau seulement facile oeil enfoncer besoin.
WL-06419,SEC-2959,user0001,2026-09-14,4.24,Bas quinze relation.
WL-06420,SEC-1882,user0031,2026-09-14,2.59,Tout au terreur joie public quelque soit.
WL-06421,BI-2410,user0007,2026-09-14,5.18,Aimer il étaler pointe présent taire cas importer.
WL-06422,DATA-251,user0005,2026-09-14,0.68,Aventure français personne chaque.
WL-06423,CLOUD-677,user0010,2026-09-14,6.91,Six journal jeune cuisine surtout troisième apparence trois.
WL-06424,ERP-105,user0018,2026-09-14,6.94,Attendre banc détacher curieux inspirer naturel peau.
WL-06425,SEC-2882,user0048,2026-09-14,3.0,Besoin mer état ramasser moitié boire.
WL-06426,PORTAL-1928,user0005,2026-09-14,4.84,Lutter envelopper fauteuil falloir quartier ville.
WL-06427,CRM-4274,user0037,2026-09-14,1.32,Noir puis étage double tour toit désormais.
WL-06428,CRM-550,user0015,2026-09-14,7.53,Visible comme usage.
WL-06429,BANK-4893,user0015,2026-09-14,1.02,Vérité mais visite jusque.
WL-06430,SEC-2079,user0037,2026-09-14,3.94,Chanter précis compte français.
WL-06431,BANK-879,user0048,2026-09-14,5.86,Caresser de qualité âgé vers prendre.
WL-06432,CLOUD-1518,user0045,2026-09-14,3.62,Race aider officier couche cerveau tard question.
WL-06433,CRM-1621,user0048,2026-09-14,1.78,Trou voilà tache beau promener.
WL-06434,BI-3386,user0049,2026-09-14,4.78,Danser fait étonner étage défendre sang.
WL-06435,ERP-4135,user0033,2026-09-14,3.86,Grain doucement rêve imaginer accord le.
WL-06436,SEC-844,user0045,2026-09-14,5.1,Mort chiffre cas.
WL-06437,DATA-4021,user0037,2026-09-14,6.19,Ordre rejoindre métier cas race étendre afin de fois.
WL-06438,SEC-1774,user0005,2026-09-14,5.79,Imposer essuyer poitrine pleurer.
WL-06439,CLOUD-2999,user0049,2026-09-14,1.77,Bout regretter du tâche eaux debout puissant exemple.
WL-06440,CLOUD-1049,user0050,2026-09-14,6.51,Nombre vision rapporter écrire chambre puissance yeux.
WL-06441,CRM-3708,user0045,2026-09-14,4.83,Encore corde réfléchir avenir.
WL-06442,CLOUD-2251,user0002,2026-09-14,3.39,Soit tenir moi ramasser quartier parent voisin.
WL-06443,CLOUD-1773,user0023,2026-09-14,5.82,Bouche lorsque vouloir garçon larme étaler aucun.
WL-06444,BI-1931,user0012,2026-09-14,2.28,Oeil succès voici amener.
WL-06445,CRM-3171,user0023,2026-09-14,2.18,Brusquement en long devoir.
WL-06446,BI-662,user0015,2026-09-14,6.96,Noir continuer odeur placer eau paupière sous.
WL-06447,BI-3659,user0005,2026-09-14,4.78,Colon abri changer entre troubler révolution oncle remonter.
WL-06448,PORTAL-689,user0041,2026-09-14,3.7,Nature ni commun.
WL-06449,MOB-3631,user0027,2026-09-14,1.85,Branche parce que sueur reculer espoir reposer ombre.
WL-06450,PORTAL-2989,user0050,2026-09-14,3.65,Suivre chasse fonder mine.
WL-06451,ECOM-1365,user0027,2026-09-14,2.6,Dame affaire plonger élever situation assez auteur.
WL-06452,BANK-1312,user0050,2026-09-14,3.34,Nu terrible soudain amuser papier poussière.
WL-06453,CLOUD-3695,user0031,2026-09-14,3.24,Fatiguer contraire haïr quinze saint côte étouffer.
WL-06454,SEC-2923,user0049,2026-09-14,1.24,Vent problème considérer discuter circonstance attention.
WL-06455,CLOUD-1457,user0026,2026-09-14,1.84,Content abri douze durer.
WL-06456,BI-2098,user0026,2026-09-14,1.0,Attention curieux fruit rester air devenir soutenir.
WL-06457,CRM-4801,user0017,2026-09-14,6.46,Aucun feuille trembler toile digne oiseau.
WL-06458,MOB-3150,user0031,2026-09-14,1.35,Main accepter ainsi sur.
WL-06459,CLOUD-182,user0010,2026-09-14,5.8,Pour courir changement cependant escalier.
WL-06460,BANK-2284,user0015,2026-09-14,6.89,Garçon dépasser tard supérieur.
WL-06461,PORTAL-44,user0002,2026-09-14,1.81,Mort oser militaire aimer allumer.
WL-06462,MOB-253,user0019,2026-09-14,7.01,Genre important mensonge bon visite.
WL-06463,CRM-4385,user0005,2026-09-14,4.13,Réalité avance ouvert vaste courir.
WL-06464,PORTAL-1627,user0050,2026-09-14,0.87,Accord connaître gros élever un devoir annoncer.
WL-06465,CLOUD-1626,user0017,2026-09-14,1.84,Visible afin de certain brûler éternel supérieur fauteuil grand.
WL-06466,CRM-2113,user0005,2026-09-14,3.01,Chiffre maître visible ou voyager inquiétude.
WL-06467,MOB-1225,user0001,2026-09-14,3.03,Pénétrer souffrir auquel ajouter.
WL-06468,ECOM-1973,user0049,2026-09-14,4.23,Pleurer entourer peine usage million devant est lors.
WL-06469,ERP-1845,user0017,2026-09-14,7.78,Discussion puisque résultat finir.
WL-06470,BANK-3962,user0019,2026-09-14,0.62,Autour goût envie mort vers tirer côte écraser.
WL-06471,PORTAL-2129,user0002,2026-09-14,5.15,Minute fine remercier.
WL-06472,CRM-2271,user0023,2026-09-14,1.24,Côté déjà rapport égal tomber rassurer.
WL-06473,DATA-4077,user0050,2026-09-14,4.98,Esprit blanc côte dès type calmer.
WL-06474,MOB-4699,user0005,2026-09-14,7.83,Roche arriver contre apercevoir parce que déposer.
WL-06475,MOB-3493,user0033,2026-09-14,0.79,Note salle courage soirée chambre.
WL-06476,MOB-3477,user0049,2026-09-14,7.45,Obtenir traverser situation.
WL-06477,CRM-3570,user0019,2026-09-14,6.3,Inviter animer croire vie faire colère fête.
WL-06478,ERP-4793,user0017,2026-09-14,7.32,Agent parvenir prévenir attirer.
WL-06479,ERP-4564,user0019,2026-09-14,3.94,Voyage bonheur rang pouvoir large un.
WL-06480,CLOUD-4259,user0029,2026-09-14,7.33,Nombreux mille secours hésiter tirer témoin dernier.
WL-06481,PORTAL-4597,user0041,2026-09-14,0.5,Et palais selon regard tour être.
WL-06482,SEC-1494,user0019,2026-09-14,2.93,Devant découvrir époque clair cependant.
WL-06483,CLOUD-446,user0041,2026-09-14,3.49,Anglais sourire oui.
WL-06484,SEC-3634,user0007,2026-09-14,2.88,Inquiéter naissance encore.
WL-06485,DATA-3837,user0037,2026-09-14,6.58,Haut sou préférer l'une.
WL-06486,ERP-2452,user0037,2026-09-14,5.44,Attacher personne traîner descendre réel.
WL-06487,CRM-2976,user0011,2026-09-14,4.21,Essuyer vif demander mettre.
WL-06488,CLOUD-3190,user0002,2026-09-14,3.17,Saint aventure tenir répondre.
WL-06489,MOB-4717,user0033,2026-09-14,4.68,Règle fixe temps oreille passé commencer apparaître.
WL-06490,PORTAL-3322,user0029,2026-09-14,2.47,Claire honte emmener blanc rose appartenir imposer.
WL-06491,DATA-3234,user0015,2026-09-14,2.22,Principe bas apercevoir.
WL-06492,ERP-3745,user0012,2026-09-14,3.23,Briller dormir mariage.
WL-06493,SEC-4626,user0026,2026-09-14,2.89,Arracher vision selon.
WL-06494,BI-831,user0020,2026-09-14,4.81,Davantage puis réponse.
WL-06495,CLOUD-4908,user0042,2026-09-14,4.35,Droite décider représenter poche école assurer.
WL-06496,CLOUD-2640,user0017,2026-09-14,4.14,Abattre campagne là campagne monde envoyer.
WL-06497,MOB-1872,user0019,2026-09-14,3.26,Tâche violence endroit soudain.
WL-06498,BANK-2668,user0017,2026-09-14,1.23,Anglais campagne passé faveur.
WL-06499,SEC-2204,user0049,2026-09-14,5.6,Pur conclure étoile agent parti neuf muet.
WL-06500,PORTAL-4454,user0023,2026-09-14,6.64,Problème campagne étonner y étendue briser.
WL-06501,ERP-1252,user0018,2026-09-14,6.68,Vendre confier bleu papier reculer.
WL-06502,CRM-2674,user0018,2026-09-14,2.21,Intérêt flamme voiture.
WL-06503,CRM-816,user0050,2026-09-14,2.86,Tantôt rejeter passion dame espoir complet vie.
WL-06504,ERP-2221,user0041,2026-09-14,1.61,Avenir chaleur tuer toucher.
WL-06505,CLOUD-1305,user0002,2026-09-14,5.37,Découvrir goutte jambe lier appuyer.
WL-06506,DATA-440,user0023,2026-09-14,0.99,Faible journée gris chemise révolution garder réserver.
WL-06507,PORTAL-660,user0042,2026-09-14,7.77,Fait posséder accord crainte.
WL-06508,MOB-2372,user0007,2026-09-14,7.25,Falloir remonter âge regretter soin.
WL-06509,CRM-4494,user0011,2026-09-14,4.16,Tendre avant bande violence courage escalier terrible.
WL-06510,BI-2544,user0029,2026-09-14,7.42,Prêter mentir prendre prétendre donc respecter contre.
WL-06511,DATA-1708,user0027,2026-09-14,2.08,Article fine ressembler fumer extraordinaire.
WL-06512,SEC-2928,user0011,2026-09-14,7.13,Existence avance discuter son.
WL-06513,ERP-766,user0010,2026-09-14,5.79,Soi également temps.
WL-06514,SEC-1454,user0023,2026-09-14,6.85,Médecin milieu sur intéresser curiosité.
WL-06515,CRM-294,user0001,2026-09-14,4.0,Seul mal nerveux papa voiture rapidement barbe.
WL-06516,BANK-2668,user0026,2026-09-14,6.89,Du vent appartenir écraser même.
WL-06517,MOB-34,user0049,2026-09-14,3.08,Cou remplir pendre chance chat achever.
WL-06518,MOB-810,user0033,2026-09-14,6.24,Bord découvrir corps supposer tromper.
WL-06519,CLOUD-2728,user0015,2026-09-14,5.18,Caresser calmer souffrance impossible fine.
WL-06520,SEC-128,user0031,2026-09-14,2.97,Jeune retenir coucher terreur choix groupe soirée.
WL-06521,SEC-2005,user0031,2026-09-14,5.7,Apparaître serrer cruel train.
WL-06522,ECOM-2463,user0027,2026-09-14,1.75,Moitié simplement masse quarante.
WL-06523,BANK-4379,user0001,2026-09-14,7.26,Naître vieux désirer huit bas cou.
WL-06524,BANK-1767,user0001,2026-09-14,0.55,Dernier annoncer maintenant lit.
WL-06525,CRM-3841,user0011,2026-09-14,2.03,Beaux patron montagne toit.
WL-06526,CRM-991,user0049,2026-09-14,2.65,Relever face nerveux étudier auquel suffire.
WL-06527,PORTAL-753,user0018,2026-09-14,2.04,Vision source ami.
WL-06528,CLOUD-1106,user0012,2026-09-14,3.09,Plutôt davantage vague dangereux race dormir jaune histoire.
WL-06529,PORTAL-4460,user0020,2026-09-14,3.14,Décrire rouge joindre flamme imaginer savoir autorité.
WL-06530,PORTAL-1938,user0027,2026-09-14,3.22,Hier lorsque papa espace réclamer parcourir fer.
WL-06531,MOB-3859,user0007,2026-09-14,7.21,Ouvrage acheter vêtir écarter.
WL-06532,CRM-2329,user0049,2026-09-14,1.55,Avant vieux forcer facile voisin changement endroit école.
WL-06533,CLOUD-2676,user0001,2026-09-14,6.37,Défaut delà travail pur découvrir douter.
WL-06534,BI-3202,user0015,2026-09-14,4.58,Effort visible le renverser.
WL-06535,SEC-4143,user0015,2026-09-14,2.2,Digne emmener relever comment mériter dominer moyen.
WL-06536,PORTAL-56,user0041,2026-09-14,0.6,Ruine année quelqu'un avoir boire même vieux.
WL-06537,ECOM-3027,user0017,2026-09-14,3.34,Ci situation police corde mériter ignorer.
WL-06538,CRM-1092,user0037,2026-09-14,5.77,Lèvre beaucoup transformer somme pas.
WL-06539,PORTAL-2030,user0015,2026-09-14,5.96,Vaste sombre carte consentir mot côté consentir.
WL-06540,CRM-1896,user0049,2026-09-14,5.79,Contraire roi promettre rôle sauver.
WL-06541,ERP-4174,user0019,2026-09-14,7.19,Écarter paupière race on détail.
WL-06542,BI-1388,user0049,2026-09-14,4.33,Année quelque libre vieux éteindre presque accent.
WL-06543,ECOM-4649,user0018,2026-09-14,7.84,Réserver révolution précipiter école.
WL-06544,MOB-2212,user0050,2026-09-14,7.85,Public prière tout debout.
WL-06545,PORTAL-2586,user0029,2026-09-14,6.95,On habiter raison exposer lever rouler.
WL-06546,DATA-4476,user0026,2026-09-14,4.85,Palais clef fidèle tant.
WL-06547,BANK-755,user0005,2026-09-14,6.81,Détacher remercier terminer pour retenir divers regard tirer.
WL-06548,CRM-4592,user0019,2026-09-14,4.61,Journée falloir bande chair figurer auteur.
WL-06549,PORTAL-1257,user0027,2026-09-14,5.42,Tellement intérêt soirée branche si coûter.
WL-06550,BANK-2028,user0020,2026-09-14,1.31,Séparer habiller abri prévenir.
WL-06551,PORTAL-2124,user0042,2026-09-14,1.13,Chez exister naître roche vêtir scène terminer.
WL-06552,PORTAL-1929,user0029,2026-09-14,1.07,Lumière jouer affaire réserver voler voyager court.
WL-06553,SEC-1631,user0033,2026-09-14,6.3,Inconnu hasard minute.
WL-06554,ERP-4157,user0011,2026-09-14,6.32,Angoisse fou corde vingt.
WL-06555,PORTAL-284,user0031,2026-09-14,7.64,Toit premier tranquille poursuivre pain.
WL-06556,ECOM-4915,user0005,2026-09-14,3.36,Somme rang tout attention champ.
WL-06557,CLOUD-4239,user0017,2026-09-14,3.2,Tromper poids quant à prince.
WL-06558,PORTAL-2339,user0019,2026-09-14,3.2,Vingt drame tête sombre jeune.
WL-06559,CLOUD-701,user0045,2026-09-14,2.58,Éteindre mien saint ouvrir si printemps déchirer.
WL-06560,CRM-3851,user0007,2026-09-14,7.25,Espèce ailleurs partir répandre depuis nord lequel résultat.
WL-06561,PORTAL-33,user0010,2026-09-14,5.72,Depuis dur sérieux vite obliger.
WL-06562,CLOUD-4395,user0018,2026-09-14,2.33,Suivre santé puisque.
WL-06563,CRM-2976,user0011,2026-09-14,1.74,Voir abattre éclat clair.
WL-06564,DATA-2075,user0048,2026-09-14,5.49,Désormais côte car bois.
WL-06565,SEC-3050,user0048,2026-09-14,0.66,Caresser besoin justice voie.
WL-06566,DATA-4710,user0042,2026-09-14,5.38,Poète perdu général.
WL-06567,CRM-2724,user0029,2026-09-14,3.89,Étude plonger français réclamer ordre rang.
WL-06568,ECOM-4929,user0020,2026-09-14,2.69,Eaux falloir genre passé puissance printemps.
WL-06569,ERP-1403,user0045,2026-09-14,5.72,Jardin de chef ressembler général.
WL-06570,PORTAL-347,user0037,2026-09-14,3.31,Mêler ensuite abandonner oeil prochain.
WL-06571,ECOM-2576,user0012,2026-09-14,6.64,Joie minute réduire marchand devoir science nouveau.
WL-06572,BANK-394,user0027,2026-09-14,1.8,Frapper humain celui vivant delà selon dehors.
WL-06573,CLOUD-1974,user0019,2026-09-14,6.4,Personne chambre gens dimanche.
WL-06574,MOB-4693,user0031,2026-09-14,2.52,Éprouver mariage promettre examiner.
WL-06575,ERP-1127,user0007,2026-09-14,2.4,Franchir rose instinct vaste lit agiter.
WL-06576,BI-4861,user0005,2026-09-14,7.75,Nerveux obliger chose montagne bas.
WL-06577,CLOUD-405,user0050,2026-09-14,0.77,Immense tout discuter mouvement trait.
WL-06578,SEC-2578,user0029,2026-09-14,5.95,Hors distance éloigner longtemps pas précis endroit.
WL-06579,CLOUD-1404,user0012,2026-09-14,2.94,Traverser histoire sauter espace événement intérieur.
WL-06580,ERP-272,user0001,2026-09-14,0.78,Retirer eaux six au tourner.
WL-06581,BANK-387,user0023,2026-09-14,1.95,Sur nerveux bon problème gros plein.
WL-06582,BANK-3177,user0012,2026-09-14,2.32,Bientôt votre de regard.
WL-06583,ERP-1680,user0045,2026-09-14,7.8,Français métier prince minute cours trésor intelligence.
WL-06584,DATA-4003,user0029,2026-09-14,6.92,Étude rouge interroger.
WL-06585,PORTAL-727,user0002,2026-09-14,6.68,Dépasser durer retourner journal haut existence.
WL-06586,BANK-2146,user0002,2026-09-14,7.72,Chant en blanc enfant désert ombre crise chef.
WL-06587,ECOM-1390,user0037,2026-09-14,6.15,Essuyer siège cabinet découvrir réclamer.
WL-06588,BANK-1224,user0005,2026-09-14,6.13,Rester ensemble mille pied condamner.
WL-06589,MOB-2970,user0012,2026-09-14,7.69,Ah saisir exister durant bientôt.
WL-06590,BI-364,user0041,2026-09-14,6.91,Plaire tapis enfoncer si.
WL-06591,SEC-100,user0020,2026-09-14,6.62,Chasse cependant mauvais plaisir.
WL-06592,MOB-3814,user0002,2026-09-14,2.6,Sombre tendre manger terrible.
WL-06593,ERP-769,user0010,2026-09-14,6.51,Être éteindre amener.
WL-06594,CRM-2101,user0020,2026-09-14,5.66,Gouvernement reste air vêtir.
WL-06595,BANK-2344,user0026,2026-09-14,1.24,Regretter peu connaître liberté mon croix.
WL-06596,CRM-4711,user0027,2026-09-14,5.23,Briller tourner crier avenir pencher grâce saluer causer.
WL-06597,CRM-2594,user0018,2026-09-14,7.5,Chute alors patron mériter accent d'autres.
WL-06598,CRM-2577,user0005,2026-09-14,4.58,Partie naître ou.
WL-06599,MOB-1668,user0050,2026-09-14,1.41,Construire part achever tôt.
WL-06600,ECOM-1482,user0048,2026-09-14,3.16,Résultat grand derrière remarquer naturellement pur espoir.
WL-06601,DATA-734,user0029,2026-09-14,2.81,Enfin hasard chaque gris loi enfermer saluer.
WL-06602,BI-2001,user0031,2026-09-14,2.49,Raconter rêve mensonge présent bas charge auteur.
WL-06603,SEC-2780,user0015,2026-09-14,6.59,Arbre ajouter intelligence palais.
WL-06604,BANK-2371,user0050,2026-09-14,2.36,Montagne avancer saint court prison atteindre éprouver brusquement.
WL-06605,DATA-4710,user0020,2026-09-14,0.71,Franc métier couleur voir.
WL-06606,ERP-1403,user0041,2026-09-14,6.79,Droite dur lumière toit battre étranger double.
WL-06607,ECOM-1900,user0029,2026-09-14,6.55,Doute on cher monsieur vol.
WL-06608,CLOUD-621,user0045,2026-09-14,5.34,Inconnu durant quatre éclairer.
WL-06609,PORTAL-2563,user0002,2026-09-14,2.83,Chaise avouer aile plaindre fin.
WL-06610,MOB-1637,user0031,2026-09-14,5.46,Foule jeune tapis soldat.
WL-06611,MOB-420,user0012,2026-09-14,1.47,Revenir transformer mur naturellement science chaîne profondément long.
WL-06612,PORTAL-900,user0011,2026-09-14,6.04,Article saint écraser respirer françois rapporter suivre.
WL-06613,DATA-363,user0018,2026-09-14,3.95,Effort visible espace phrase.
WL-06614,DATA-1687,user0042,2026-09-14,6.07,Eh haïr bleu action envie naturellement moins.
WL-06615,PORTAL-2535,user0048,2026-09-14,1.63,Revoir cuisine couper.
WL-06616,ERP-4224,user0049,2026-09-14,2.22,Visite rapidement relever pied campagne lettre contenir patron.
WL-06617,ERP-524,user0018,2026-09-14,4.26,Confondre compagnie inquiéter hôtel consulter.
WL-06618,SEC-760,user0011,2026-09-14,4.4,Vent course abri présence comme prévoir nul payer.
WL-06619,MOB-4417,user0041,2026-09-14,5.16,Tirer comme lui quelque pur davantage bras.
WL-06620,ERP-3502,user0007,2026-09-14,5.68,Espèce pas jeunesse pénétrer bouche plante rare peser.
WL-06621,ECOM-3075,user0045,2026-09-14,4.51,Cri image essuyer espoir.
WL-06622,BANK-247,user0011,2026-09-14,4.14,Mémoire loi chat passé grave.
WL-06623,MOB-1949,user0041,2026-09-14,7.93,Engager travail derrière interroger faux content amour douleur.
WL-06624,ERP-3502,user0011,2026-09-14,1.74,Honneur commencer demi honte yeux inconnu.
WL-06625,ERP-4879,user0017,2026-09-14,5.87,Fin pourtant âgé ruine drame angoisse abandonner rejoindre.
WL-06626,SEC-369,user0001,2026-09-14,6.78,Diriger étroit cri son.
WL-06627,ERP-396,user0007,2026-09-14,5.43,Rapporter résultat raison hésiter.
WL-06628,PORTAL-2421,user0037,2026-09-14,2.37,Bruit verre maladie autrefois.
WL-06629,BI-1858,user0001,2026-09-14,4.7,Créer éclater but madame paraître réfléchir pendant mille.
WL-06630,SEC-2401,user0017,2026-09-14,5.56,Où lui résultat public essuyer déchirer.
WL-06631,BANK-4389,user0048,2026-09-14,0.57,Demain rencontre mariage comme île risquer prévoir.
WL-06632,ECOM-3670,user0018,2026-09-14,3.29,Foi habiter causer comme.
WL-06633,MOB-3997,user0050,2026-09-14,1.62,Regard je tour moi rapide fumée.
WL-06634,DATA-2759,user0019,2026-09-14,2.25,Prix morceau mien du terrible.
WL-06635,ECOM-2793,user0026,2026-09-14,6.63,Courant arracher occasion selon.
WL-06636,CRM-2992,user0045,2026-09-14,5.83,Habiter quelque face éteindre que foule.
WL-06637,CRM-743,user0017,2026-09-14,4.21,Tuer taire entier aider franchir.
WL-06638,PORTAL-2847,user0033,2026-09-14,2.66,Tenir autrement président attirer que parce que.
WL-06639,ECOM-2514,user0033,2026-09-14,2.11,Exécuter consentir maître fait poursuivre autorité prévenir.
WL-06640,MOB-3981,user0033,2026-09-14,4.64,Commander rayon ni déclarer.
WL-06641,DATA-1987,user0012,2026-09-14,0.66,Tant cri foi feuille.
WL-06642,BI-2781,user0005,2026-09-14,7.92,Curiosité cependant parole remettre époque quinze.
WL-06643,CLOUD-57,user0018,2026-09-14,2.3,Sombre violence tout deux.
WL-06644,PORTAL-2438,user0018,2026-09-14,3.98,Joindre tirer paix lourd.
WL-06645,DATA-4962,user0019,2026-09-14,1.51,Il fou commencer jeune avenir.
WL-06646,BI-4628,user0015,2026-09-14,2.39,Pouvoir adresser lien social porte silence.
WL-06647,ERP-2025,user0045,2026-09-14,1.76,Neuf vide simplement tête paix.
WL-06648,CRM-1719,user0048,2026-09-14,4.88,Cinquante amour système considérer.
WL-06649,DATA-1013,user0029,2026-09-14,4.71,Avant rayon rien parcourir choix surtout.
WL-06650,MOB-3477,user0015,2026-09-14,1.64,Rouler emmener manger seigneur.
WL-06651,BANK-4680,user0005,2026-09-14,6.7,Battre l'une crise.
WL-06652,MOB-2869,user0031,2026-09-14,7.55,À forme rang éclairer plusieurs temps après non.
WL-06653,ECOM-3480,user0005,2026-09-14,6.4,Composer entendre serrer.
WL-06654,CLOUD-2502,user0045,2026-09-14,2.26,Sourd son prétendre cela compte attacher remercier précéder.
WL-06655,BANK-3429,user0015,2026-09-14,5.36,Aile table joie diriger supposer rose trace.
WL-06656,BANK-1707,user0049,2026-09-14,7.7,École veiller surprendre arbre poussière.
WL-06657,SEC-1819,user0012,2026-09-14,4.76,Je promener découvrir élément.
WL-06658,PORTAL-3694,user0012,2026-09-14,2.45,Éclater mille vêtir descendre sérieux émotion.
WL-06659,DATA-1687,user0050,2026-09-14,2.0,Songer jeune souvenir certes robe.
WL-06660,CLOUD-4591,user0029,2026-09-14,4.37,Perdu parcourir affaire jaune.
WL-06661,ERP-220,user0048,2026-09-14,2.49,Midi interrompre rang histoire jeunesse éclairer.
WL-06662,SEC-2682,user0019,2026-09-14,2.36,Depuis comment blond ramener maison.
WL-06663,ERP-935,user0018,2026-09-14,7.49,Rapidement sommet soumettre rapidement.
WL-06664,SEC-3813,user0031,2026-09-14,2.12,Noir dent quinze queue fête vers.
WL-06665,DATA-2794,user0018,2026-09-14,6.36,Aide autour votre haut joli.
WL-06666,ECOM-3362,user0031,2026-09-14,2.01,Saison pauvre employer grâce billet papa.
WL-06667,ERP-4471,user0019,2026-09-14,7.9,Grandir palais six lui guerre lever.
WL-06668,BI-3279,user0041,2026-09-14,4.9,Revoir ombre peuple tuer forcer conduire courant.
WL-06669,BI-2353,user0026,2026-09-14,1.22,Matière rapporter intelligence beaux nu si.
WL-06670,CLOUD-2117,user0018,2026-09-14,5.93,Rose écrire casser midi nuit.
WL-06671,PORTAL-2149,user0001,2026-09-14,2.33,Ouvert chef guerre promettre.
WL-06672,CLOUD-1967,user0027,2026-09-14,6.06,Précéder personne voiture lit.
WL-06673,MOB-4310,user0015,2026-09-14,0.94,Guerre résoudre servir vaste terme.
WL-06674,ECOM-2024,user0027,2026-09-14,7.74,Trembler calme savoir.
WL-06675,DATA-792,user0010,2026-09-14,1.27,Vers silence milieu former réalité.
WL-06676,DATA-1651,user0011,2026-09-14,3.69,Habitude deux sac cruel que attention créer ni.
WL-06677,SEC-3063,user0050,2026-09-14,4.47,Servir déjà corde toile plaire.
WL-06678,ECOM-1973,user0017,2026-09-14,6.49,Mille cinquante vous résistance.
WL-06679,CRM-4889,user0001,2026-09-14,6.98,Retour occasion grain chance exposer.
WL-06680,PORTAL-4303,user0029,2026-09-14,3.28,Vide passage gauche éloigner docteur.
WL-06681,BI-1240,user0019,2026-09-14,5.77,Je puisque coucher soudain.
WL-06682,PORTAL-4263,user0019,2026-09-14,7.24,Pousser sang droite.
WL-06683,CRM-2732,user0026,2026-09-14,4.56,Appeler curieux plaindre quartier peuple.
WL-06684,CRM-2038,user0019,2026-09-14,2.33,Remplacer lueur chambre observer raison.
WL-06685,ECOM-4011,user0017,2026-09-14,2.72,Inutile air mariage importer six haut ci.
WL-06686,CLOUD-4791,user0018,2026-09-14,3.42,Terreur choix tellement gagner début.
WL-06687,BANK-4645,user0017,2026-09-14,4.63,Règle nommer espèce entraîner eh question accord.
WL-06688,CLOUD-3483,user0042,2026-09-14,0.84,Doigt vieux tout pauvre dès sentiment.
WL-06689,CRM-945,user0011,2026-09-14,1.65,Bruit installer espèce marcher voici beau.
WL-06690,BANK-818,user0041,2026-09-14,6.92,Apercevoir arrière chaîne parti saluer soin adresser secours.
WL-06691,DATA-2122,user0042,2026-09-14,1.72,Ci papier public doute content éclat.
WL-06692,PORTAL-2362,user0023,2026-09-14,1.2,Acte votre portier jouer puis.
WL-06693,DATA-1084,user0029,2026-09-14,3.45,Sentier jeu parent esprit riche.
WL-06694,SEC-1214,user0049,2026-09-14,4.36,Fil corde premier bureau rue mien quartier.
WL-06695,CRM-1315,user0045,2026-09-14,1.56,Contraire résoudre nécessaire renverser soulever regretter diriger adresser.
WL-06696,PORTAL-3905,user0037,2026-09-14,6.14,Moyen briser repas certain certain.
WL-06697,ECOM-4649,user0033,2026-09-14,1.89,Descendre position pièce avouer jusque voici.
WL-06698,BANK-1038,user0029,2026-09-14,4.13,Offrir sommet drôle plusieurs troisième point.
WL-06699,SEC-101,user0012,2026-09-14,4.87,Entrer palais source trace tenter durant.
WL-06700,ECOM-4669,user0037,2026-09-14,1.98,Bas fleur rapport chaise signe descendre achever.
WL-06701,BI-3840,user0049,2026-09-14,0.6,Face assez mine ton.
WL-06702,CLOUD-2385,user0045,2026-09-14,2.78,Appuyer réserver rien histoire françois abandonner épais.
WL-06703,SEC-2665,user0017,2026-09-14,3.43,Gouvernement théâtre rejeter relation appuyer moyen.
WL-06704,BANK-1767,user0029,2026-09-14,6.42,Voisin garder rouge perte amuser causer.
WL-06705,PORTAL-1793,user0041,2026-09-14,1.36,Instant traîner frère réserver pour.
WL-06706,CRM-1618,user0007,2026-09-14,5.23,Un secrétaire recevoir hasard endroit.
WL-06707,CLOUD-601,user0010,2026-09-14,2.59,Certain embrasser avoir règle endroit tache.
WL-06708,PORTAL-3654,user0026,2026-09-14,2.39,Fortune pauvre fier frais sentier.
WL-06709,ERP-4098,user0042,2026-09-14,2.41,Visible train soit sol morceau.
WL-06710,ECOM-1805,user0002,2026-09-14,5.85,Devoir importance folie propre.
WL-06711,CRM-531,user0001,2026-09-14,3.25,Doute interrompre appartement.
WL-06712,CLOUD-1889,user0007,2026-09-14,3.54,Droit année joli compte fin dehors.
WL-06713,DATA-2134,user0031,2026-09-14,2.65,Fin forcer repas image ouvrir.
WL-06714,ECOM-4669,user0018,2026-09-14,6.73,Anglais important petit haute lier société.
WL-06715,BI-3659,user0027,2026-09-14,0.58,Absolument animal accorder.
WL-06716,CRM-4846,user0045,2026-09-14,3.79,Peur douleur rencontre reconnaître.
WL-06717,CLOUD-4714,user0002,2026-09-14,3.97,Sourd subir annoncer.
WL-06718,CLOUD-1909,user0031,2026-09-14,4.79,Minute planche égal troisième phrase comment noir.
WL-06719,PORTAL-1753,user0002,2026-09-14,4.47,Leur herbe histoire dieu tromper bleu.
WL-06720,CRM-379,user0011,2026-09-14,1.66,Honte importer échapper premier soit cent île.
WL-06721,ERP-1048,user0010,2026-09-14,5.09,Recueillir vision creuser morceau jusque baisser semblable aujourd'hui.
WL-06722,SEC-369,user0026,2026-09-14,5.39,Instant plonger mien trou loi droit français bientôt.
WL-06723,MOB-3300,user0042,2026-09-14,2.16,Entraîner magnifique blanc genre aussitôt rentrer ombre pièce.
WL-06724,PORTAL-4270,user0042,2026-09-14,7.71,Rapporter doucement personnage ruine.
WL-06725,PORTAL-2129,user0002,2026-09-14,5.62,Expliquer douleur sans côté vivant apercevoir demain bleu.
WL-06726,BI-2346,user0007,2026-09-14,0.59,Alors brusquement cinq rapide taire.
WL-06727,MOB-3712,user0023,2026-09-14,1.75,Entretenir bout roman réunir machine ciel porter.
WL-06728,CLOUD-1435,user0012,2026-09-14,4.53,Titre esprit angoisse situation chercher davantage.
WL-06729,CLOUD-644,user0031,2026-09-14,3.25,Village problème crier écouter tache cerveau.
WL-06730,ECOM-1491,user0001,2026-09-14,3.38,Refuser terminer empire fenêtre craindre arbre étendue.
WL-06731,BI-2592,user0002,2026-09-14,5.03,Animal sous rire coeur seul celui toujours.
WL-06732,ECOM-1942,user0015,2026-09-14,0.99,Longtemps couper autour exister.
WL-06733,SEC-1428,user0023,2026-09-14,6.61,Beaucoup doux grand.
WL-06734,CLOUD-2739,user0050,2026-09-14,7.93,Raison distinguer déposer écouter intérêt.
WL-06735,BI-1208,user0002,2026-09-14,2.56,Résister prétendre éviter.
WL-06736,BANK-2028,user0023,2026-09-14,4.73,Au instant plaisir second village surtout.
WL-06737,PORTAL-616,user0020,2026-09-14,4.13,Trop interrompre accepter appuyer mentir être.
WL-06738,PORTAL-4683,user0015,2026-09-14,6.3,Rose son enfoncer côte nuage bas.
WL-06739,ECOM-2141,user0027,2026-09-14,4.8,Sou soirée signifier trembler.
WL-06740,SEC-3491,user0023,2026-09-14,2.67,Victime courant soumettre train geste.
WL-06741,ERP-4838,user0023,2026-09-14,7.45,Quelque petit lutter avec surprendre.
WL-06742,BANK-2290,user0049,2026-09-14,0.59,Plus passer fixer auquel poche âme pour.
WL-06743,MOB-2126,user0001,2026-09-14,6.44,Regretter rôle souffrir accomplir sérieux.
WL-06744,BANK-4389,user0017,2026-09-14,4.25,Charge terre prêt chiffre.
WL-06745,ECOM-4883,user0019,2026-09-14,7.76,Gagner toile rouler montrer lit effort compte.
WL-06746,DATA-1236,user0037,2026-09-14,1.35,Où bas déchirer sentiment soir effet fumée.
WL-06747,PORTAL-1411,user0012,2026-09-14,7.05,Imposer aventure demande.
WL-06748,MOB-4527,user0037,2026-09-14,3.67,Pareil jeune là rappeler ventre vide.
WL-06749,MOB-1286,user0010,2026-09-14,3.57,Attacher supérieur soudain succès quel enfance.
WL-06750,PORTAL-2193,user0001,2026-09-14,4.95,Jour représenter nourrir terme tuer grâce public.
WL-06751,MOB-3477,user0042,2026-09-14,1.91,Cinq être carte voler mériter.
WL-06752,PORTAL-1105,user0007,2026-09-14,3.8,Gouvernement visage claire.
WL-06753,ECOM-3199,user0023,2026-09-14,1.42,Observer habiter attirer magnifique un.
WL-06754,CLOUD-2550,user0050,2026-09-14,1.89,Principe grâce certainement entier.
WL-06755,CRM-2382,user0029,2026-09-14,3.84,Repas pencher engager chair.
WL-06756,BANK-351,user0029,2026-09-14,2.47,Cheval lumière interroger air devoir surprendre.
WL-06757,ECOM-3688,user0026,2026-09-14,5.94,Paix apparence oser voie.
WL-06758,CLOUD-1904,user0042,2026-09-14,6.48,Fer présenter abri désormais intéresser accent.
WL-06759,BANK-280,user0050,2026-09-14,4.22,Trace rose cinquante peuple debout soit peau barbe.
WL-06760,PORTAL-1268,user0050,2026-09-14,7.56,Meilleur vague précipiter plaine général vieux étage ligne.
WL-06761,BI-741,user0042,2026-09-14,2.46,Terminer par herbe hôtel déchirer enfance fille horizon.
WL-06762,BI-1391,user0037,2026-09-14,5.99,Descendre rouge beau bien recommencer.
WL-06763,DATA-1687,user0037,2026-09-14,3.04,Prétendre fatigue ce gris voisin.
WL-06764,CLOUD-558,user0033,2026-09-14,7.18,Large rejoindre lumière déclarer toi.
WL-06765,BANK-2541,user0011,2026-09-14,5.88,Raconter émotion signer attaquer entourer proposer.
WL-06766,ECOM-2572,user0015,2026-09-14,4.42,Manier prévoir également cri importance cause l'un.
WL-06767,PORTAL-4753,user0011,2026-09-14,2.01,Afin De avec d'autres nom.
WL-06768,CRM-2065,user0019,2026-09-14,3.54,Phrase armer circonstance faute terrain fumée.
WL-06769,BI-2543,user0045,2026-09-14,5.36,Terrain caresser éteindre côté espérer escalier doucement sembler.
WL-06770,BANK-299,user0018,2026-09-14,2.26,Trente falloir école.
WL-06771,CLOUD-2634,user0001,2026-09-14,2.87,Main saint dresser entier posséder semaine arbre chat.
WL-06772,BANK-4563,user0012,2026-09-14,3.37,Dessus sourire personnage y gauche réclamer.
WL-06773,PORTAL-4585,user0020,2026-09-14,6.3,Ordre tout ouvrage étonner fuir.
WL-06774,ECOM-2520,user0017,2026-09-14,3.24,Circonstance appartement peine oeuvre.
WL-06775,SEC-4393,user0007,2026-09-14,1.88,Offrir parti menacer aide masse force terrain appartenir.
WL-06776,ERP-3310,user0045,2026-09-14,4.89,Homme jeune garder bande métier.
WL-06777,SEC-3653,user0029,2026-09-14,3.87,Diriger précipiter reconnaître.
WL-06778,CLOUD-594,user0018,2026-09-14,4.27,Leur état heureux garder matin.
WL-06779,BI-1026,user0002,2026-09-14,2.05,Rue inconnu bois me note cri.
WL-06780,CRM-3070,user0029,2026-09-14,3.03,Brûler transformer imposer un doucement.
WL-06781,ECOM-4807,user0037,2026-09-14,4.12,Carte vérité pourtant son ou.
WL-06782,BANK-155,user0020,2026-09-14,2.1,Discussion énergie comment taire justice.
WL-06783,SEC-1729,user0017,2026-09-14,1.14,Deviner sûr prétendre vouloir retour.
WL-06784,BANK-1544,user0005,2026-09-14,1.95,Difficile dimanche fou parfaitement environ.
WL-06785,DATA-4788,user0048,2026-09-14,7.66,Recevoir terre tuer soudain sommeil suite beau.
WL-06786,PORTAL-3302,user0005,2026-09-14,2.45,Conclure reposer exemple choix rideau.
WL-06787,MOB-4463,user0002,2026-09-14,2.09,Nom devenir monter membre rose serrer.
WL-06788,ERP-350,user0011,2026-09-14,1.8,Couche lourd branche inventer aspect arbre occasion.
WL-06789,PORTAL-753,user0005,2026-09-14,5.75,Cause milieu vent résistance existence.
WL-06790,ERP-4445,user0023,2026-09-14,4.0,Espoir politique tirer portier circonstance.
WL-06791,BANK-1779,user0019,2026-09-14,3.72,Trace aider avec six enfance.
WL-06792,SEC-885,user0031,2026-09-14,3.42,Curieux fête commencement nerveux.
WL-06793,CRM-3989,user0020,2026-09-14,5.22,Barbe soumettre sourire oeuvre père.
WL-06794,DATA-1191,user0015,2026-09-14,2.6,Ignorer queue mort vers île plaine.
WL-06795,ECOM-1397,user0041,2026-09-14,7.19,Désir vieux réclamer parcourir fonder vous parmi.
WL-06796,BANK-2646,user0042,2026-09-14,1.6,Rayon respecter tout jeune.
WL-06797,ERP-2091,user0041,2026-09-14,7.44,Bras dent écouter expression anglais offrir déjà.
WL-06798,PORTAL-2584,user0011,2026-09-14,4.59,Défendre maître par premier titre rire sein as.
WL-06799,CLOUD-1726,user0015,2026-09-14,3.41,Où pencher fatigue étude.
WL-06800,DATA-3031,user0015,2026-09-14,2.21,Tantôt bas madame rapidement coin sentiment.
WL-06801,MOB-1322,user0023,2026-09-14,6.75,Si me bout enfant force lutter.
WL-06802,SEC-4419,user0010,2026-09-14,7.15,Bon pénétrer droite cri public.
WL-06803,CRM-3103,user0001,2026-09-14,4.39,Figure clair interrompre ouvrage.
WL-06804,PORTAL-2359,user0029,2026-09-14,7.21,Aide juste y près donc cependant.
WL-06805,SEC-3737,user0020,2026-09-14,2.69,Trait content rang sauter sentier essayer.
WL-06806,BANK-498,user0042,2026-09-14,0.68,Réserver trou de comme art nombreux agiter.
WL-06807,BI-4507,user0029,2026-09-14,1.85,Imaginer dent combat détacher.
WL-06808,DATA-4120,user0012,2026-09-14,3.89,Engager en coup commun il chaise réussir.
WL-06809,SEC-2882,user0048,2026-09-14,1.79,Étage voie rencontre accorder madame.
WL-06810,ERP-126,user0027,2026-09-14,5.97,Garçon prononcer joli vers pendant.
WL-06811,DATA-2684,user0015,2026-09-14,7.04,Haut moi vision certes système.
WL-06812,ERP-4372,user0005,2026-09-14,6.9,Autour passé juge chute lever.
WL-06813,ERP-4346,user0048,2026-09-14,1.33,Heureux signer résistance.
WL-06814,BANK-2488,user0027,2026-09-14,2.8,Impression creuser saisir remplir armer sourd.
WL-06815,BANK-4797,user0019,2026-09-14,5.16,Simplement souvenir vers rire ensemble françois attacher.
WL-06816,CRM-2515,user0023,2026-09-14,5.6,Magnifique apparence et qualité flot travailler victime simplement.
WL-06817,DATA-4476,user0018,2026-09-14,2.2,Éternel frais raconter sortir.
WL-06818,DATA-1070,user0049,2026-09-14,5.99,Maintenir santé tôt tomber accomplir pied cours.
WL-06819,SEC-3501,user0017,2026-09-14,2.79,Triste pendre profond appartement feuille établir.
WL-06820,ECOM-4159,user0041,2026-09-14,4.77,Fête sous article pencher souhaiter docteur jambe.
WL-06821,DATA-841,user0037,2026-09-14,3.48,Or plaisir près dur soi.
WL-06822,ERP-1226,user0029,2026-09-14,3.84,Yeux prix entre sommeil.
WL-06823,MOB-3821,user0042,2026-09-14,3.7,Prétendre douceur instinct signer lutter.
WL-06824,PORTAL-3538,user0045,2026-09-14,6.7,Jeu pourtant votre direction.
WL-06825,PORTAL-174,user0026,2026-09-14,6.72,Bruit nouveau tandis que valeur cou fatiguer frais.
WL-06826,CRM-1346,user0005,2026-09-14,7.7,Son se aujourd'hui beaux supposer prière ah.
WL-06827,CLOUD-4380,user0002,2026-09-14,2.08,Forêt bord paquet.
WL-06828,CRM-1972,user0007,2026-09-14,5.44,Fortune lui oser fin afin de vraiment.
WL-06829,CLOUD-4617,user0020,2026-09-14,5.82,Craindre appartenir frère vert.
WL-06830,BANK-1178,user0049,2026-09-14,1.27,Mauvais mieux chute de.
WL-06831,CRM-4481,user0037,2026-09-14,4.19,Leur triste secret million page.
WL-06832,ECOM-1152,user0017,2026-09-14,7.65,Banc contre lourd hasard semaine me.
WL-06833,MOB-1267,user0020,2026-09-14,7.35,Premier séparer action libre avec.
WL-06834,PORTAL-1945,user0027,2026-09-14,5.3,Morceau souffrir souvent question placer.
WL-06835,DATA-421,user0050,2026-09-14,0.61,Envelopper fonction voie étendue possible.
WL-06836,CLOUD-2925,user0045,2026-09-14,4.7,Bas époque souvent faute éviter pouvoir prouver.
WL-06837,ERP-438,user0020,2026-09-14,0.93,Mois charge ci mentir réduire tandis que.
WL-06838,ERP-2839,user0031,2026-09-14,7.6,Matin si maintenir.
WL-06839,DATA-3661,user0010,2026-09-14,5.8,Colère miser masse réalité un.
WL-06840,CLOUD-611,user0027,2026-09-14,4.36,Trois un général maintenant montrer affirmer.
WL-06841,DATA-361,user0041,2026-09-14,0.63,Qui madame noir inquiéter nommer dominer réveiller.
WL-06842,DATA-3332,user0002,2026-09-14,5.32,Discussion étaler souhaiter nom grâce appartement mille.
WL-06843,MOB-34,user0037,2026-09-14,5.68,Sien auquel le brusquement.
WL-06844,ERP-140,user0007,2026-09-14,3.38,D'Autres certain mois manier tendre seconde.
WL-06845,CRM-4127,user0017,2026-09-14,5.69,Résultat juger endroit armer.
WL-06846,CRM-2614,user0017,2026-09-14,7.25,Vrai lune bonheur espoir vivre couche autrefois.
WL-06847,BI-1908,user0018,2026-09-14,4.15,Conscience ça dès importer livrer.
WL-06848,SEC-4886,user0026,2026-09-14,1.18,Surprendre dégager gens rester.
WL-06849,CRM-3207,user0001,2026-09-14,4.64,Poche changer très passer beaux.
WL-06850,SEC-858,user0031,2026-09-14,7.94,Inutile naissance jamais violent politique frapper.
WL-06851,BANK-4980,user0001,2026-09-14,4.42,Fortune désigner étage mer jeu toucher.
WL-06852,CLOUD-2968,user0005,2026-09-14,0.71,Printemps unique fil réalité souhaiter.
WL-06853,SEC-3739,user0026,2026-09-14,4.98,Terreur quarante signifier briller pluie souffrir.
WL-06854,ECOM-312,user0045,2026-09-14,3.33,Appartement obliger bon roi si importance coup.
WL-06855,MOB-3269,user0026,2026-09-14,5.1,Secret propre violent.
WL-06856,PORTAL-2254,user0010,2026-09-14,5.01,Très port vous phrase répandre tout.
WL-06857,ECOM-4403,user0001,2026-09-14,6.1,Préférer savoir dent roman pitié rapide lit.
WL-06858,DATA-4331,user0015,2026-09-14,4.78,Beaucoup vision abattre recevoir.
WL-06859,PORTAL-1134,user0033,2026-09-14,6.25,Fruit demain différent que roche convenir branche.
WL-06860,PORTAL-314,user0001,2026-09-14,6.26,Impression odeur sueur tôt enfoncer après absolument.
WL-06861,CRM-250,user0001,2026-09-14,1.87,Disposer blanc prix déjà voix de après.
WL-06862,PORTAL-4225,user0018,2026-09-14,2.71,Chacun promettre billet réussir.
WL-06863,BI-4456,user0005,2026-09-14,6.42,Inspirer te chair réel.
WL-06864,SEC-666,user0015,2026-09-14,6.08,Cheval user rapporter fils glisser.
WL-06865,ECOM-3408,user0002,2026-09-14,2.73,Patron camarade état race.
WL-06866,PORTAL-1051,user0027,2026-09-14,5.36,Sauvage vie enfance.
WL-06867,ECOM-3369,user0012,2026-09-14,6.15,Réflexion permettre pas tu.
WL-06868,BI-3259,user0049,2026-09-14,1.82,Risquer fauteuil jaune centre.
WL-06869,SEC-1216,user0015,2026-09-14,5.01,Jaune important obtenir route vieux.
WL-06870,PORTAL-504,user0049,2026-09-14,3.48,Vin voler profiter forêt créer militaire observer.
WL-06871,ECOM-1314,user0026,2026-09-14,2.77,Pauvre commencement mois.
WL-06872,CRM-335,user0026,2026-09-14,6.37,Musique où rapporter chemin égal convenir.
WL-06873,BI-2222,user0037,2026-09-14,1.57,Étranger fête triste eau.
WL-06874,DATA-4273,user0001,2026-09-14,7.81,Mentir droit déclarer.
WL-06875,ECOM-2219,user0023,2026-09-14,0.88,Connaissance oiseau mort somme absolu demain oser de.
WL-06876,MOB-4310,user0017,2026-09-14,6.06,Honte eau douleur parcourir.
WL-06877,BI-364,user0042,2026-09-14,3.11,Y élever paupière.
WL-06878,MOB-1994,user0005,2026-09-14,1.74,Parmi reculer chasser distinguer fatiguer recueillir peur.
WL-06879,BI-2547,user0017,2026-09-14,7.34,Femme accord herbe danger crier décider moyen.
WL-06880,MOB-3062,user0005,2026-09-14,3.94,Servir société recevoir étudier fond faveur tout.
WL-06881,ECOM-1897,user0037,2026-09-14,3.8,Lequel ordre pencher.
WL-06882,PORTAL-4399,user0001,2026-09-14,2.02,Rejeter partie environ peau construire inquiéter tirer.
WL-06883,ECOM-4211,user0050,2026-09-14,6.14,Pendant bête voisin examiner ne ainsi front avec.
WL-06884,BANK-1561,user0018,2026-09-14,7.48,Obéir précipiter énorme auprès surveiller forcer devant.
WL-06885,BANK-4656,user0019,2026-09-14,2.75,Larme chose situation âge.
WL-06886,CRM-625,user0011,2026-09-14,7.08,Trou votre mentir justice.
WL-06887,PORTAL-1746,user0029,2026-09-14,1.67,Traiter officier mémoire.
WL-06888,MOB-4653,user0012,2026-09-14,6.43,Embrasser fois intention chat froid dernier honte.
WL-06889,CRM-343,user0027,2026-09-14,1.66,Vol puisque côté étranger étroit difficile.
WL-06890,DATA-1941,user0048,2026-09-14,4.52,Briser circonstance envie midi avenir jambe habiter mince.
WL-06891,CLOUD-72,user0005,2026-09-14,5.44,Former corps me décrire remercier endroit mon.
WL-06892,CLOUD-4161,user0001,2026-09-14,1.24,Toujours sou apprendre beaucoup.
WL-06893,MOB-1024,user0017,2026-09-14,1.66,Rose derrière contenir convenir départ nez.
WL-06894,BI-435,user0041,2026-09-14,7.85,Recherche battre armer ennemi visite.
WL-06895,ECOM-3027,user0027,2026-09-14,6.7,Habiller plante attitude billet profond somme quartier.
WL-06896,ECOM-665,user0011,2026-09-14,3.73,Simplement bientôt garde produire.
WL-06897,ERP-1251,user0015,2026-09-14,4.67,Porter exemple reculer savoir vieux petit.
WL-06898,CLOUD-3499,user0049,2026-09-14,3.29,Malheur après docteur printemps tantôt soldat saint.
WL-06899,CRM-3759,user0010,2026-09-14,1.53,Rose tendre abattre sonner voie passer premier.
WL-06900,MOB-1144,user0048,2026-09-14,4.37,Encore contenter pitié passion hauteur représenter.
WL-06901,BI-2151,user0033,2026-09-14,1.7,Casser distance tellement compagnon.
WL-06902,ERP-2120,user0001,2026-09-14,2.58,Blanc mur vers comprendre robe dès.
WL-06903,BANK-1647,user0041,2026-09-14,4.02,Gens approcher voile faible.
WL-06904,MOB-4934,user0023,2026-09-14,2.03,Race embrasser mine non.
WL-06905,ECOM-1854,user0002,2026-09-14,1.42,Ordre regard ne combat haine parce que.
WL-06906,DATA-1824,user0023,2026-09-14,6.31,Règle roman étaler.
WL-06907,ECOM-3083,user0031,2026-09-14,2.43,On droit mur espérer lutter.
WL-06908,CRM-4481,user0050,2026-09-14,3.64,Doigt docteur valoir supporter dimanche couper.
WL-06909,SEC-746,user0045,2026-09-14,5.49,Lettre santé choix manier mort article.
WL-06910,BI-2056,user0031,2026-09-14,6.41,Public soulever couche conversation résister.
WL-06911,ECOM-4423,user0048,2026-09-14,2.59,Exposer sang tard soumettre fois étage.
WL-06912,ECOM-2522,user0002,2026-09-14,3.47,Songer croix entourer quel habitude défaut.
WL-06913,BANK-1183,user0010,2026-09-14,7.75,Feu enlever bras siècle pas.
WL-06914,PORTAL-4953,user0027,2026-09-14,3.37,Reprendre autant sourd voir général même peser.
WL-06915,BANK-3348,user0017,2026-09-14,1.16,Flot eau nord époque fusil ressembler corps.
WL-06916,BI-1862,user0049,2026-09-14,4.73,Soit rire foule autre entourer étranger demeurer guère.
WL-06917,BI-2966,user0007,2026-09-14,4.77,Roche dos d'abord force léger.
WL-06918,SEC-4093,user0002,2026-09-14,4.55,Réel personne long titre risquer prince coup.
WL-06919,MOB-923,user0031,2026-09-14,1.37,Noire étudier intéresser as tête.
WL-06920,MOB-1994,user0015,2026-09-14,3.8,Sorte histoire écarter véritable connaître atteindre.
WL-06921,ERP-3327,user0045,2026-09-14,1.31,Meilleur travailler fait courant important moins.
WL-06922,SEC-2814,user0001,2026-09-14,4.79,Point tenter lutter.
WL-06923,SEC-2439,user0049,2026-09-14,2.22,Cependant vêtement prouver peuple éteindre jeune.
WL-06924,ERP-842,user0002,2026-09-14,3.27,Surprendre frais observer recommencer céder alors.
WL-06925,DATA-4130,user0005,2026-09-14,2.82,Aucun ci voilà est silence rapide auquel puis.
WL-06926,ECOM-3435,user0023,2026-09-14,7.33,Terrain inutile plaire sonner attention marche.
WL-06927,CLOUD-1695,user0027,2026-09-14,4.34,Dépasser user arrière attirer admettre.
WL-06928,CLOUD-3848,user0026,2026-09-14,5.45,Depuis port parmi quelqu'un durer.
WL-06929,DATA-3612,user0033,2026-09-14,2.87,Calme appeler flamme d'autres examiner deux ennemi menacer.
WL-06930,DATA-150,user0019,2026-09-14,4.74,Rare taire ce noir discuter poursuivre échapper.
WL-06931,SEC-212,user0027,2026-09-14,5.86,Répéter fait acte durant.
WL-06932,BANK-3163,user0031,2026-09-14,6.21,Voie comment tandis que fauteuil phrase payer silencieux.
WL-06933,CLOUD-2676,user0007,2026-09-14,2.42,Léger soin échapper avouer également fumée.
WL-06934,ECOM-3189,user0007,2026-09-14,1.61,Fatigue qui rompre.
WL-06935,BANK-3290,user0018,2026-09-14,5.01,Beaucoup mourir poitrine nation adresser vide chat me.
WL-06936,BI-3122,user0020,2026-09-14,5.81,Sombre loi passé.
WL-06937,BI-3510,user0027,2026-09-14,1.41,Fonder bas vrai impression souffrir.
WL-06938,MOB-3078,user0033,2026-09-14,6.37,Faim règle changer habitant oh marcher.
WL-06939,CRM-1346,user0015,2026-09-14,7.1,Comme marche propre scène étonner chant jaune.
WL-06940,CLOUD-4239,user0019,2026-09-14,7.7,Front blanc glace attitude état intéresser.
WL-06941,CLOUD-834,user0049,2026-09-14,7.53,Ceci oublier drame votre chaud.
WL-06942,BI-4066,user0002,2026-09-14,6.99,Guerre ce observer nul.
WL-06943,BANK-280,user0017,2026-09-14,6.87,Davantage courir avancer discuter complètement mensonge chute.
WL-06944,ECOM-1854,user0017,2026-09-14,3.09,Douceur cause animer demande crier prétendre.
WL-06945,CRM-762,user0048,2026-09-14,3.59,Importer vous calme tu habitant enfant haïr.
WL-06946,SEC-1475,user0029,2026-09-14,7.48,Moins hiver loin gauche propos commander.
WL-06947,CLOUD-1528,user0015,2026-09-14,5.08,Trace voile endroit passé.
WL-06948,MOB-690,user0042,2026-09-14,1.14,Soi gouvernement lutte douceur cent refuser départ.
WL-06949,CLOUD-3665,user0049,2026-09-14,5.07,Moyen quel aide clair foule crainte.
WL-06950,BANK-4306,user0029,2026-09-14,0.6,Distinguer jambe monter contre maison.
WL-06951,BI-4718,user0005,2026-09-14,1.48,Oiseau taire neuf forme demi.
WL-06952,BI-943,user0010,2026-09-14,4.05,Conseil cinq parole rouge grandir chose.
WL-06953,BI-561,user0002,2026-09-14,6.81,Garçon but sans expliquer.
WL-06954,PORTAL-4512,user0029,2026-09-14,4.98,Secret toute franchir six casser.
WL-06955,BANK-2435,user0020,2026-09-14,1.24,Voisin si décrire devoir.
WL-06956,BI-4371,user0029,2026-09-14,4.65,Accomplir monter nature.
WL-06957,BANK-3324,user0007,2026-09-14,7.88,Chute bout folie dix presque midi grand.
WL-06958,ERP-462,user0010,2026-09-14,7.4,Quartier cher camarade.
WL-06959,BI-2816,user0031,2026-09-14,7.33,Gloire permettre devoir prince oiseau au.
WL-06960,CRM-2791,user0005,2026-09-14,0.76,Beau chien reste couleur grain pouvoir.
WL-06961,DATA-907,user0027,2026-09-14,4.78,Partager annoncer vide lourd.
WL-06962,PORTAL-1751,user0018,2026-09-14,7.58,Cause content marquer coucher grave marché côté.
WL-06963,CLOUD-4591,user0023,2026-09-14,3.36,Santé apercevoir rejoindre époque troisième être étaler.
WL-06964,BANK-2002,user0023,2026-09-14,4.32,Rencontrer direction animal religion pourtant indiquer.
WL-06965,CLOUD-1082,user0050,2026-09-14,6.51,Commencement quel sauter.
WL-06966,MOB-2257,user0050,2026-09-14,7.27,Premier amour lueur système droit théâtre.
WL-06967,MOB-2459,user0033,2026-09-14,1.26,Commun corde tout descendre descendre assurer apporter.
WL-06968,CLOUD-1028,user0020,2026-09-14,4.85,Écraser pauvre sur savoir comme oh forcer prier.
WL-06969,CLOUD-1558,user0045,2026-09-14,3.86,Qui employer enlever plutôt poésie abandonner verre.
WL-06970,CLOUD-232,user0026,2026-09-14,7.66,Joindre commencer parce que théâtre moment.
WL-06971,SEC-4201,user0027,2026-09-14,1.67,Debout silence inquiétude remplacer son lumière.
WL-06972,BANK-2524,user0002,2026-09-14,1.29,Rendre paysage content grâce.
WL-06973,MOB-3134,user0037,2026-09-14,3.71,À passion choisir ministre service rôle.
WL-06974,ECOM-3435,user0001,2026-09-14,5.62,Sol franchir père ordre distance oui drame.
WL-06975,CLOUD-1743,user0026,2026-09-14,3.29,Beau trente as blanc voisin.
WL-06976,DATA-4604,user0041,2026-09-14,4.52,Souvenir deviner réel.
WL-06977,BANK-3223,user0029,2026-09-14,6.98,Naturellement avenir chef demain de cruel.
WL-06978,ERP-901,user0007,2026-09-14,6.59,Sembler époque facile avance rêver ville noire.
WL-06979,BI-1339,user0045,2026-09-14,6.7,Troubler choix compagnie tantôt assurer recevoir nombre.
WL-06980,PORTAL-1770,user0031,2026-09-14,4.26,Rose parcourir boire étroit.
WL-06981,BI-61,user0049,2026-09-14,2.47,Vaincre couche mer soumettre intérieur relever machine.
WL-06982,MOB-192,user0023,2026-09-14,2.44,Nu malheur attacher terrain éclat car tantôt.
WL-06983,MOB-4985,user0019,2026-09-14,2.48,Qui fête minute guère problème agiter ne.
WL-06984,PORTAL-373,user0007,2026-09-14,3.14,Souffler aventure tombe.
WL-06985,CLOUD-405,user0001,2026-09-14,3.41,Frapper propos allumer.
WL-06986,PORTAL-2586,user0041,2026-09-14,2.71,Rentrer robe pitié.
WL-06987,ECOM-3726,user0026,2026-09-14,2.72,Puis chair instant caresser haut obéir cas.
WL-06988,PORTAL-3092,user0050,2026-09-14,4.9,École étonner bouche davantage dur tombe commun voisin.
WL-06989,MOB-4920,user0029,2026-09-14,4.2,Rose social fleur triste de groupe principe.
WL-06990,CRM-843,user0007,2026-09-14,5.52,Lettre oeil fonder gens refuser atteindre vague bon.
WL-06991,ERP-2757,user0026,2026-09-14,2.33,Existence moitié figure menacer l'un départ yeux.
WL-06992,BANK-3597,user0026,2026-09-14,1.52,Inviter prochain empêcher oeil obliger art.
WL-06993,BI-3231,user0027,2026-09-14,2.78,Sentiment répondre recueillir verser par bas remplir.
WL-06994,BI-1944,user0015,2026-09-14,1.61,Refuser front relation source avoir autre.
WL-06995,ECOM-2239,user0041,2026-09-14,1.6,Doute armer poser contenir fin neuf.
WL-06996,ECOM-2503,user0010,2026-09-14,0.62,Secours visible répandre père phrase sur.
WL-06997,SEC-189,user0049,2026-09-14,5.72,Fine masse minute.
WL-06998,BI-4643,user0017,2026-09-14,3.14,Déjà partager nouveau avouer extraordinaire trou.
WL-06999,CRM-4210,user0012,2026-09-14,3.68,Amour fait dire personne.
WL-07000,MOB-3789,user0017,2026-09-14,3.03,Conscience renoncer mourir supposer mort simple.
